"Time (s)","Linear Acceleration x (m/s^2)","Linear Acceleration y (m/s^2)","Linear Acceleration z (m/s^2)","Absolute acceleration (m/s^2)"
4.071736600E-2,0.000000000E0,0.000000000E0,0.000000000E0,0.000000000E0
4.574387600E-2,-3.519332409E-2,6.607532501E-3,5.418300629E-3,3.621584636E-2
5.077038600E-2,-2.570265532E-2,6.903171539E-3,4.371643066E-3,2.697019708E-2
5.579694900E-2,-9.735271335E-2,1.532602310E-2,-1.758766174E-2,1.001087590E-1
6.068502200E-2,-1.384723634E-1,2.651214600E-4,1.330232620E-2,1.391100916E-1
6.570075100E-2,-1.347820908E-1,-1.211452484E-2,4.340982437E-2,1.421175097E-1
7.107304300E-2,-9.864671528E-2,-1.062202454E-2,4.567575455E-2,1.092258046E-1
7.571387600E-2,-8.193053305E-2,-2.195882797E-2,3.588008881E-2,9.209876842E-2
8.077439700E-2,-8.561585844E-2,1.783370972E-3,2.335691452E-2,8.876261084E-2
8.578825100E-2,-1.703655720E-2,-3.709363937E-2,-4.371166229E-2,5.980712151E-2
9.079028200E-2,1.414924860E-3,-4.224634171E-2,-9.651899338E-2,1.053692151E-1
9.581705300E-2,4.448121786E-2,-1.205158234E-2,-1.502952576E-1,1.572020478E-1
1.008742930E-1,8.448106050E-2,-2.388954163E-2,-1.216068268E-1,1.499865997E-1
1.059028340E-1,9.099495411E-2,-1.712417603E-2,-6.470298767E-2,1.129592656E-1
1.109280430E-1,1.064313948E-1,2.044391632E-2,1.929378510E-2,1.100810868E-1
1.159237720E-1,5.863937736E-2,-2.957582474E-2,7.572126389E-2,1.002348033E-1
1.209778860E-1,6.362158060E-2,-1.817703247E-2,3.897953033E-2,7.679527207E-2
1.260074700E-1,6.907331944E-2,-7.546901703E-3,-2.718448639E-2,7.461283726E-2
1.310329390E-1,4.772654176E-2,-2.043724060E-3,-8.543300629E-2,9.788155168E-2
1.360727820E-1,4.132804275E-2,2.586030960E-2,-6.360483170E-2,8.013948680E-2
1.410855950E-1,9.918639064E-2,-1.584768295E-2,2.559185028E-3,1.004770549E-1
1.460835640E-1,1.819755137E-1,-6.017684937E-2,1.021842957E-1,2.172049057E-1
1.511017930E-1,2.203024924E-1,-7.974004745E-2,1.930370331E-1,3.035703534E-1
1.561304910E-1,2.388038635E-1,-1.079392433E-1,2.301568985E-1,3.487841215E-1
1.611859590E-1,2.610086799E-1,-8.013010025E-2,1.835980415E-1,3.290206753E-1
1.661877820E-1,2.729782462E-1,-8.561897278E-2,1.482191086E-1,3.222058900E-1
1.712416890E-1,2.707807124E-1,-5.397796631E-2,1.141972542E-1,2.987922822E-1
1.764758030E-1,2.088320851E-1,-6.497144699E-2,8.141279221E-2,2.333670316E-1
1.812860640E-1,1.077290177E-1,1.219272614E-2,7.295703888E-2,1.306787410E-1
1.863159590E-1,4.251149297E-2,5.913877487E-2,4.159593582E-2,8.387397454E-2
1.913411680E-1,-3.430703282E-2,6.747245789E-2,3.919601440E-2,8.523985347E-2
1.963663760E-1,-3.423669934E-2,8.947515488E-2,-9.429931641E-3,9.626462763E-2
2.013915840E-1,-4.322203994E-2,9.691333771E-2,3.817558289E-3,1.061833957E-1
2.064000740E-1,-5.591511726E-4,1.088438034E-1,2.133560181E-2,1.109166087E-1
2.114218970E-1,1.322582364E-2,1.019582748E-1,4.761266708E-2,1.133021548E-1
2.164401780E-1,2.193343639E-2,5.823993683E-2,5.907583237E-2,8.580745797E-2
2.214616360E-1,1.049810648E-1,4.830455780E-2,3.306961060E-2,1.201996398E-1
2.264813760E-1,1.252765954E-1,1.528882980E-2,1.717567444E-2,1.273694526E-1
2.315026780E-1,1.450854242E-1,-4.016876221E-2,-3.565311432E-2,1.547076415E-1
2.365239800E-1,1.269445717E-1,-2.893447876E-2,-3.577852249E-2,1.350267789E-1
2.415452820E-1,1.092282534E-1,-7.408380508E-2,-7.325077057E-2,1.509466691E-1
2.465665840E-1,7.812327147E-2,-8.545637131E-2,-1.005659103E-1,1.533608140E-1
2.516576780E-1,4.316854477E-2,-9.660053253E-2,-1.179671288E-1,1.584658626E-1
2.566817930E-1,2.310833335E-2,-1.123328209E-1,-1.723465919E-1,2.070169207E-1
2.617061680E-1,-1.511278749E-2,-9.965419769E-2,-2.022371292E-1,2.259628551E-1
2.667303340E-1,1.317921281E-2,-1.200313568E-1,-1.567077637E-1,1.978346316E-1
2.717604910E-1,3.415733576E-3,-8.372783661E-2,-6.074905396E-2,1.035010406E-1
2.767852300E-1,-2.011090517E-2,-3.415346146E-2,2.848863602E-2,4.881096002E-2
2.818111680E-1,3.729104996E-3,-9.053230286E-3,1.299843788E-1,1.303526215E-1
2.868360110E-1,-1.171201468E-3,3.894424438E-2,2.342767715E-1,2.374944875E-1
2.918608550E-1,1.251819730E-2,5.766344070E-2,1.913280487E-1,2.002203783E-1
2.968702820E-1,2.118325233E-2,9.000444412E-2,9.308099747E-2,1.312006183E-1
3.018941360E-1,6.108552217E-3,1.029429436E-1,2.965497971E-2,1.073032239E-1
3.069179910E-1,-2.762040496E-2,1.674437523E-1,-8.905172348E-2,1.916520451E-1
3.119397610E-1,-4.671832919E-2,1.040616035E-1,-1.588096619E-1,1.955298655E-1
3.169634590E-1,-4.672372341E-2,1.266331673E-1,-2.134227753E-1,2.525239521E-1
3.219871570E-1,-5.155810714E-2,9.726905823E-2,-2.438144684E-1,2.675163604E-1
3.270108550E-1,-5.173474550E-2,6.390619278E-2,-2.033624649E-1,2.193553681E-1
3.320721570E-1,-3.324624896E-2,2.650022507E-2,-2.061047554E-1,2.104441617E-1
3.370977300E-1,-1.974254847E-2,3.841400146E-3,-1.900181770E-1,1.910796488E-1
3.421215840E-1,1.704588532E-2,-5.618810654E-2,-1.035218239E-1,1.190144258E-1
3.471470010E-1,6.089359522E-3,-8.244466782E-2,-9.363651276E-2,1.249079664E-1
3.521724180E-1,1.887065172E-2,-9.897899628E-2,-9.324073792E-2,1.372835693E-1
3.571978340E-1,1.727810502E-2,-1.107273102E-1,-4.554605484E-2,1.209690590E-1
3.622266890E-1,3.921023011E-2,-9.890604019E-2,-1.068420410E-1,1.507815263E-1
3.672522610E-1,5.135041475E-2,-7.307147980E-2,-1.956062317E-1,2.150304726E-1
3.722778340E-1,5.869701505E-2,-4.757118225E-2,-2.690267563E-1,2.794347018E-1
3.772837200E-1,5.190381408E-2,-3.427982330E-3,-2.802872658E-1,2.850731631E-1
3.823079910E-1,6.879940629E-2,4.499912262E-2,-2.444953918E-1,2.579462657E-1
3.873274700E-1,9.949445724E-3,1.071314812E-1,-1.953744888E-1,2.230411097E-1
3.923512720E-1,6.044590473E-2,1.401839256E-1,-1.187715530E-1,1.934216178E-1
3.973769490E-1,4.397061467E-2,1.821246147E-1,-6.670427322E-2,1.988774756E-1
4.024009070E-1,6.085482240E-2,1.713786125E-1,-1.001467705E-1,2.076133760E-1
4.074248660E-1,2.088555694E-2,2.174038887E-1,-2.605934143E-1,3.400140951E-1
4.124539280E-1,6.195938587E-2,1.965847015E-1,-3.668432236E-1,4.207831521E-1
4.174782510E-1,2.242243290E-2,1.808032990E-1,-5.521178246E-1,5.814006283E-1
4.225025740E-1,7.341074944E-2,7.550096512E-2,-7.020635605E-1,7.099174437E-1
4.275338760E-1,7.187724113E-2,7.102966309E-2,-6.991906166E-1,7.064552846E-1
4.325586680E-1,8.937126398E-2,4.318666458E-2,-6.967129707E-1,7.037480191E-1
4.375851260E-1,1.018474102E-1,2.526044846E-2,-5.904688835E-1,5.997203412E-1
4.426100740E-1,1.141785979E-1,-2.551078796E-2,-4.762110710E-1,4.903718351E-1
4.476350220E-1,1.168450713E-1,-1.903486252E-2,-3.679919243E-1,3.865658456E-1
4.526754390E-1,1.053737998E-1,-8.266448975E-3,-2.749052048E-1,2.945247757E-1
4.577014280E-1,9.408837557E-2,3.999280930E-2,-2.725915909E-1,2.911326547E-1
4.627274180E-1,9.241271019E-2,1.110906601E-1,-3.173556328E-1,3.487059527E-1
4.677649180E-1,8.600175381E-2,1.908116341E-1,-4.325947762E-1,4.805659390E-1
4.727916890E-1,3.235471249E-2,2.887315750E-1,-5.278220177E-1,6.025021429E-1
4.778184590E-1,1.712673903E-2,3.622965813E-1,-6.887712479E-1,7.784330221E-1
4.828497610E-1,-2.636429667E-2,4.973430634E-1,-8.583197594E-1,9.923497408E-1
4.878767930E-1,-1.074785590E-1,6.033263206E-1,-1.031751633E0,1.200027384E0
4.929041890E-1,-1.641611457E-1,7.092967033E-1,-1.147860527E0,1.359277192E0
4.979312720E-1,-2.206574380E-1,7.112460136E-1,-1.136432171E0,1.358690059E0
5.029537720E-1,-1.585379243E-1,6.621708870E-1,-9.890899658E-1,1.200792870E0
5.079803860E-1,-1.637865901E-1,6.335353851E-1,-8.207855225E-1,1.049705676E0
5.130070010E-1,-1.645968556E-1,6.721410751E-1,-6.596994400E-1,9.560696109E-1
5.180350740E-1,-2.321445644E-1,6.348791122E-1,-6.096463203E-1,9.102918333E-1
5.230617930E-1,-1.668052077E-1,5.602488518E-1,-6.123681068E-1,8.465798554E-1
5.280885110E-1,-1.069921851E-1,5.100755692E-1,-5.439429283E-1,7.533248457E-1
5.331091890E-1,-3.352925181E-2,4.414772987E-1,-4.904503822E-1,6.607329214E-1
5.381354910E-1,4.389613867E-2,3.783688545E-1,-4.470300674E-1,5.873037904E-1
5.431640320E-1,5.894094706E-2,3.777880669E-1,-4.233140945E-1,5.704320129E-1
5.481905430E-1,7.390040159E-2,3.538975716E-1,-4.334750175E-1,5.644513720E-1
5.532173140E-1,1.124413013E-1,3.638629913E-1,-3.586812019E-1,5.231553568E-1
5.582438760E-1,1.082304120E-1,3.980965614E-1,-3.802270889E-1,5.610412939E-1
5.632675740E-1,1.043812037E-1,4.231433868E-1,-4.260196686E-1,6.094575617E-1
5.682938240E-1,1.198538542E-1,5.102252960E-1,-4.863262177E-1,7.149881041E-1
5.733200740E-1,1.117202640E-1,5.593166351E-1,-5.754294395E-1,8.102071066E-1
5.783463240E-1,9.923964739E-2,6.325182915E-1,-6.741828918E-1,9.297582849E-1
5.833725740E-1,6.790441275E-2,6.158294678E-1,-7.968049049E-1,1.009333938E0
5.883988240E-1,6.522595882E-2,6.335988045E-1,-7.866992950E-1,1.012224111E0
5.934238240E-1,4.799306393E-2,6.048269272E-1,-7.066879272E-1,9.314111727E-1
5.984499700E-1,2.107292414E-2,5.296459198E-1,-5.238204002E-1,7.452225709E-1
6.034761160E-1,1.312947273E-2,3.843955994E-1,-3.809700012E-1,5.413598634E-1
6.085022610E-1,5.148649216E-3,2.357220650E-1,-2.630681992E-1,3.532651666E-1
6.135283030E-1,-4.077637196E-2,1.403298378E-1,-2.217907906E-1,2.656055923E-1
6.185544490E-1,-3.409075737E-2,2.653455734E-2,-2.232403755E-1,2.273818984E-1
6.235805950E-1,-5.115818977E-2,-5.307722092E-2,-1.723656654E-1,1.874680623E-1
6.286025740E-1,-7.275164127E-2,-1.036009789E-1,-6.480360031E-2,1.422162816E-1
6.336284590E-1,-9.418311715E-2,-1.156706810E-1,-5.599975586E-3,1.492699760E-1
6.386573660E-1,-1.298661828E-1,-1.038594246E-1,-4.655408859E-2,1.726826241E-1
6.436835110E-1,-1.511529088E-1,-4.921102524E-2,-1.537671089E-1,2.211634026E-1
6.487093450E-1,-1.296000183E-1,-4.210042953E-2,-3.316683769E-1,3.585701091E-1
6.537354910E-1,-1.557090282E-1,-2.973699570E-2,-4.184041023E-1,4.474277408E-1
6.587614280E-1,-1.958482862E-1,4.492235184E-2,-4.908189774E-1,5.303563306E-1
6.637875220E-1,-1.834715605E-1,6.262922287E-2,-5.584993362E-1,5.911901062E-1
6.688135110E-1,-1.616103649E-1,8.558464050E-2,-5.597543716E-1,5.888697626E-1
6.738396050E-1,-1.922799349E-1,8.515644073E-2,-4.902548790E-1,5.334538772E-1
6.788684070E-1,-1.325881183E-1,5.202054977E-2,-5.404958725E-1,5.589468087E-1
6.838947610E-1,-9.743481874E-2,3.857851028E-2,-5.146536827E-1,5.252144881E-1
6.889211160E-1,-9.586203098E-2,1.755237579E-3,-4.654240608E-1,4.751969762E-1
6.939474700E-1,-7.539939880E-2,-6.309461594E-2,-3.026733398E-1,3.182407117E-1
6.989698660E-1,-6.468486786E-2,-1.038756371E-1,-2.168884277E-1,2.490278502E-1
7.039960110E-1,-6.861215830E-2,-1.445188522E-1,-2.644033432E-1,3.090347146E-1
7.090243970E-1,-8.213245869E-2,-1.610918045E-1,-4.680695534E-1,5.017822407E-1
7.140507510E-1,-8.599460125E-2,-1.963467598E-1,-6.890954971E-1,7.216645521E-1
7.190737200E-1,-1.179863214E-1,-2.119388580E-1,-7.803692818E-1,8.171995274E-1
7.240997090E-1,-8.783030510E-2,-2.362227440E-1,-7.717504501E-1,8.118584264E-1
7.291256990E-1,-3.424072266E-2,-2.880992889E-1,-7.780241966E-1,8.303585237E-1
7.341617410E-1,-2.868741751E-2,-3.197283745E-1,-6.282281876E-1,7.054926343E-1
7.391884070E-1,6.121397018E-4,-2.888016701E-1,-6.083068848E-1,6.733825402E-1
7.442150740E-1,2.460306883E-2,-2.480230331E-1,-6.079678535E-1,6.570735476E-1
7.492417410E-1,4.339629412E-2,-1.972155571E-1,-5.703172684E-1,6.050115709E-1
7.542560640E-1,5.240142345E-2,-2.028555870E-1,-5.384831429E-1,5.778065364E-1
7.592821050E-1,2.814525366E-2,-9.350061417E-2,-5.314354897E-1,5.403315647E-1
7.643081470E-1,2.325773239E-2,-3.641843796E-2,-5.203623772E-1,5.221534528E-1
7.693341890E-1,-1.931786537E-4,4.934501648E-2,-3.863940239E-1,3.895321677E-1
7.743781990E-1,1.020765305E-2,8.276748657E-2,-2.871861458E-1,2.990493861E-1
7.794051260E-1,1.972973347E-3,1.399178505E-1,-2.933411598E-1,3.250075900E-1
7.844320530E-1,1.316964626E-2,1.827578545E-1,-3.518776894E-1,3.967263304E-1
7.894411160E-1,3.407734632E-2,2.446823120E-1,-4.576339722E-1,5.200572582E-1
7.944668450E-1,3.121614456E-2,2.594499588E-1,-5.915708542E-1,6.467184892E-1
7.994872610E-1,5.691885948E-2,2.703490257E-1,-6.491093636E-1,7.054582327E-1
8.045124700E-1,5.367296934E-2,2.205452919E-1,-5.834589005E-1,6.260553505E-1
8.095376780E-1,5.488467216E-2,1.388292313E-1,-5.046396255E-1,5.262575742E-1
8.145349180E-1,8.888226748E-2,7.726049423E-2,-4.170789719E-1,4.333867905E-1
8.195582510E-1,7.962638140E-2,-1.159095764E-2,-4.682555199E-1,4.751188723E-1
8.245815840E-1,6.066888571E-2,-7.536029816E-2,-5.524415970E-1,5.608490049E-1
8.296151780E-1,1.329475641E-2,-1.141967773E-1,-6.456799507E-1,6.558355383E-1
8.346391890E-1,2.328926325E-2,-1.854081154E-1,-6.670670509E-1,6.927459920E-1
8.396631990E-1,-9.516537189E-3,-2.413554192E-1,-6.978158951E-1,7.384375575E-1
8.447211680E-1,8.185505867E-4,-3.056211472E-1,-7.096033096E-1,7.726200959E-1
8.497474700E-1,-4.576623440E-2,-3.453850746E-1,-7.923860550E-1,8.655986704E-1
8.547737720E-1,-2.525413036E-2,-3.842840195E-1,-8.413681984E-1,9.253174720E-1
8.598012720E-1,-2.363479137E-2,-4.221949577E-1,-7.619624138E-1,8.714321005E-1
8.648276780E-1,-6.438475847E-2,-4.640808105E-1,-7.639980316E-1,8.962194978E-1
8.698540840E-1,-3.315806389E-2,-5.003466606E-1,-6.284108162E-1,8.039567102E-1
8.748490840E-1,-4.932200909E-2,-4.992990494E-1,-4.806799889E-1,6.948276426E-1
8.798734070E-1,-5.528330803E-2,-4.834060669E-1,-2.911520004E-1,5.670160112E-1
8.848977300E-1,-4.175537825E-2,-4.957842827E-1,-1.455621719E-1,5.183955174E-1
8.899443450E-1,-5.667430162E-2,-4.837422371E-1,8.629322052E-3,4.871272869E-1
8.949701780E-1,-9.408056736E-3,-4.810566902E-1,-2.830743790E-2,4.819806654E-1
9.000102820E-1,3.322446346E-2,-4.920988083E-1,-1.555566788E-1,5.171682341E-1
9.050375220E-1,5.219370127E-2,-5.457177162E-1,-2.009434700E-1,5.838752319E-1
9.100647610E-1,1.187989116E-1,-5.033817291E-1,-2.555332184E-1,5.768913003E-1
9.150920010E-1,1.470092535E-1,-4.323782921E-1,-2.953977585E-1,5.438957104E-1
9.201106990E-1,1.748305559E-1,-3.901090622E-1,-3.062310219E-1,5.258595273E-1
9.251375220E-1,1.592405438E-1,-3.813247681E-1,-1.690402031E-1,4.464758894E-1
9.301629910E-1,1.718752980E-1,-3.586678505E-1,-6.051301956E-2,4.023003487E-1
9.351896570E-1,1.606661677E-1,-3.797674179E-1,5.306911469E-2,4.157562268E-1
9.402157510E-1,8.806169033E-2,-3.017158508E-1,8.127641678E-2,3.246431454E-1
9.452423660E-1,3.094786406E-2,-2.724361420E-1,-4.213333130E-3,2.742206665E-1
9.502689800E-1,-1.531434059E-2,-1.342773438E-1,-1.553540230E-1,2.059121330E-1
9.552980950E-1,-9.383183718E-2,-7.319545746E-2,-2.815465927E-1,3.056639863E-1
9.603248660E-1,-1.093224287E-1,6.763458252E-3,-4.164471626E-1,4.306104702E-1
9.653516360E-1,-1.335332990E-1,4.372596741E-2,-5.791583061E-1,5.959592651E-1
9.703986680E-1,-1.906529665E-1,3.831768036E-2,-7.506918907E-1,7.754708976E-1
9.754267930E-1,-2.142306566E-1,2.399539948E-2,-8.594541550E-1,8.860767449E-1
9.804549180E-1,-1.858592629E-1,-2.746868134E-2,-8.344736099E-1,8.553621454E-1
9.854830430E-1,-1.252250075E-1,-9.201478958E-2,-7.526445389E-1,7.685192424E-1
9.905111680E-1,-5.631637573E-2,-1.552062035E-1,-6.905007362E-1,7.099660319E-1
9.954690320E-1,-2.948164940E-3,-2.368049622E-1,-5.998744965E-1,6.449299910E-1
1.000494345E0,4.477310181E-2,-2.638564110E-1,-4.293479919E-1,5.059293769E-1
1.005519657E0,7.750868797E-2,-3.470554352E-1,-1.549959183E-1,3.879159786E-1
1.010569345E0,1.047909856E-1,-4.911837578E-1,9.900665283E-2,5.119032642E-1
1.015596272E0,6.945055723E-2,-6.018567085E-1,1.810197830E-1,6.323156169E-1
1.020630386E0,2.448123693E-2,-6.220169067E-1,9.184837341E-2,6.292380209E-1
1.025658095E0,-3.946721554E-2,-6.044988632E-1,-1.867465973E-1,6.339170516E-1
1.030683199E0,-6.966370344E-2,-5.824165344E-1,-2.634248734E-1,6.430044440E-1
1.035710647E0,-9.960782528E-2,-5.172448158E-1,-2.251958847E-1,5.728674409E-1
1.040733772E0,-9.138041735E-2,-4.997429848E-1,-1.631259918E-1,5.335761621E-1
1.045760751E0,-9.734374285E-2,-5.105743408E-1,3.629684448E-3,5.197837400E-1
1.050787730E0,-1.224551797E-1,-4.972648621E-1,5.545520782E-2,5.151144476E-1
1.055812053E0,-1.429731250E-1,-4.217782021E-1,6.915664673E-2,4.506892588E-1
1.060838876E0,-1.351623535E-1,-3.841929436E-1,1.908302307E-3,4.072796598E-1
1.065865699E0,-1.466311216E-1,-2.984521389E-1,3.988361359E-2,3.349105368E-1
1.070892522E0,-1.150007248E-1,-2.505946159E-1,1.110916138E-1,2.972611224E-1
1.075920751E0,-1.404785514E-1,-1.357178688E-1,8.200740814E-2,2.118461194E-1
1.080947626E0,-1.223491430E-1,-4.002547264E-2,-1.827335358E-2,1.300202550E-1
1.085974501E0,-9.871160984E-2,-3.947734833E-2,5.828475952E-2,1.212417261E-1
1.091001376E0,-1.756107807E-2,-6.684517860E-2,1.297760010E-1,1.470322407E-1
1.095991636E0,9.200465679E-2,-1.318984032E-1,1.201677322E-1,2.007544010E-1
1.101016689E0,1.771549582E-1,-2.238936424E-1,1.676445007E-1,3.310844620E-1
1.106041741E0,2.235230207E-1,-3.429481983E-1,3.292779922E-1,5.253570250E-1
1.111102939E0,2.599759102E-1,-5.176405907E-1,4.663896561E-1,7.436790748E-1
1.116130386E0,2.531289458E-1,-6.251859665E-1,5.034255981E-1,8.416466532E-1
1.121153355E0,2.367031574E-1,-7.183434963E-1,5.218601227E-1,9.189035592E-1
1.126180334E0,2.348184586E-1,-8.116741180E-1,5.313529968E-1,9.981435716E-1
1.131207314E0,1.381207705E-1,-8.004701138E-1,4.890584946E-1,9.481603036E-1
1.136269553E0,8.539271355E-2,-7.944159508E-1,3.664255142E-1,8.790086893E-1
1.141298876E0,8.114892244E-2,-7.749867439E-1,3.070087433E-1,8.375225187E-1
1.146328199E0,6.309556961E-2,-7.224965096E-1,3.865365982E-1,8.218228513E-1
1.151357522E0,5.978655815E-2,-6.513438225E-1,4.136972427E-1,7.739306276E-1
1.156386845E0,8.548855782E-2,-6.094186306E-1,3.744621277E-1,7.203618854E-1
1.161359605E0,1.021577120E-1,-6.018106937E-1,3.645896912E-1,7.110119212E-1
1.166386636E0,1.433945298E-1,-6.508555412E-1,3.787097931E-1,7.665481290E-1
1.171429032E0,1.710661650E-1,-6.469843388E-1,5.598430634E-1,8.725116750E-1
1.176457522E0,1.563094258E-1,-7.005703449E-1,6.023349762E-1,9.370372823E-1
1.181486011E0,1.371404529E-1,-7.590376139E-1,4.591808319E-1,8.976595343E-1
1.186514501E0,1.182405353E-1,-7.695969343E-1,1.835298538E-1,7.999646697E-1
1.191516011E0,1.138211489E-1,-7.229009867E-1,-3.334999084E-2,7.325662512E-1
1.196543095E0,9.543150663E-2,-7.996166945E-1,5.565700531E-1,9.789097275E-1
1.201570178E0,4.781258106E-2,-9.429261684E-1,4.340400696E-1,1.039127800E0
1.206567001E0,1.396685839E-2,-9.814217091E-1,2.411432266E-1,1.010709503E0
1.211592105E0,3.255569935E-2,-1.019419193E0,1.923980713E-1,1.037926964E0
1.216613147E0,1.608298421E-1,-9.331190586E-1,-4.375209808E-1,1.043073355E0
1.221637834E0,1.416322589E-1,-8.699576855E-1,2.846212387E-1,9.262263874E-1
1.226667991E0,1.321514845E-1,-8.679618835E-1,3.601217270E-1,9.489517924E-1
1.231693251E0,1.841012836E-1,-8.226561546E-1,1.495552063E-1,8.561677354E-1
1.236718511E0,2.882298231E-1,-7.575016022E-1,1.157474518E-2,8.105671366E-1
1.241743772E0,4.211269617E-1,-7.771059275E-1,1.078824997E-1,8.904381922E-1
1.246780907E0,5.305100679E-1,-7.671685219E-1,4.042434692E-1,1.016563454E0
1.251806741E0,5.401802063E-1,-8.912848830E-1,7.046165466E-1,1.258041285E0
1.256821220E0,5.168442130E-1,-9.495494366E-1,6.277141571E-1,1.250118849E0
1.261845907E0,4.797040224E-1,-1.013128996E0,4.992065430E-1,1.227091473E0
1.266870595E0,4.480116963E-1,-1.067335367E0,3.907432556E-1,1.221719918E0
1.271895282E0,4.126104712E-1,-1.073711872E0,3.879814148E-1,1.213933344E0
1.276959970E0,3.883482814E-1,-1.031399488E0,5.236625671E-1,1.220172847E0
1.281986636E0,3.462616801E-1,-9.749822021E-1,7.783622742E-1,1.294733670E0
1.287013303E0,5.534661412E-1,-8.037756085E-1,5.363006592E-1,1.113552152E0
1.292033876E0,7.901739478E-1,-5.032252073E-1,7.817888260E-1,1.220165663E0
1.297060126E0,3.833503127E-1,-3.691649437E-1,2.209213257E0,2.272413570E0
1.302085230E0,4.160935283E-1,-2.171959877E-1,2.558484077E0,2.601182173E0
1.307111376E0,4.677625895E-1,-1.537241936E-1,2.806953430E0,2.849810612E0
1.312141793E0,5.294923186E-1,-1.217509508E-1,2.969317436E0,3.018614160E0
1.317168355E0,6.011623144E-1,-1.306140423E-1,2.859850883E0,2.925269771E0
1.322194918E0,8.637607098E-1,-1.650320292E-1,2.217159271E0,2.385186233E0
1.327201741E0,6.444849372E-1,-2.142711282E-1,2.765010834E0,2.847201760E0
1.332226949E0,3.308652639E-1,-2.681068182E-1,3.039206505E0,3.068897077E0
1.337252157E0,3.224459291E-1,-4.130240977E-1,2.769067764E0,2.818208042E0
1.342292991E0,3.469161689E-1,-6.243896484E-1,2.662545204E0,2.756693713E0
1.347319241E0,3.042720258E-1,-8.017095923E-1,2.709443092E0,2.841901055E0
1.352345491E0,2.429157197E-1,-9.592888355E-1,2.804201126E0,2.973682409E0
1.357373564E0,2.579661310E-1,-1.035424113E0,2.641384125E0,2.848782146E0
1.362399918E0,8.142745495E-2,-1.135008335E0,2.574958801E0,2.815188658E0
1.367426272E0,1.571901143E-1,-1.252959967E0,2.251562119E0,2.581501382E0
1.372457470E0,2.029563189E-1,-1.308274269E0,1.877283096E0,2.297164481E0
1.377484136E0,1.569509506E-1,-1.363158584E0,1.571553230E0,2.086292041E0
1.382510803E0,2.438834608E-1,-1.384131193E0,1.157589912E0,1.820800019E0
1.387537470E0,2.252270579E-1,-1.462318659E0,1.117609024E0,1.854225719E0
1.392564136E0,2.731235623E-1,-1.541138887E0,9.874954224E-1,1.850635772E0
1.397581741E0,3.394976556E-1,-1.568867326E0,8.152914047E-1,1.800362024E0
1.402608043E0,3.765535653E-1,-1.679369807E0,8.348894119E-1,1.912881561E0
1.407634345E0,3.939633965E-1,-1.835021496E0,9.835481644E-1,2.118933232E0
1.412657157E0,4.967479110E-1,-2.059758663E0,1.026989937E0,2.354585434E0
1.417683199E0,6.225779057E-1,-2.243462086E0,1.075291634E0,2.564561849E0
1.422708511E0,4.380373955E-1,-2.404956818E0,1.252427101E0,2.746683036E0
1.427734501E0,2.404438555E-1,-2.481673002E0,1.381372452E0,2.850386638E0
1.432763043E0,-6.579492986E-2,-2.559061050E0,1.381190300E0,2.908746994E0
1.437789293E0,-3.756434917E-1,-2.598191500E0,1.481374741E0,3.014328818E0
1.442813355E0,-6.035661697E-1,-2.536499500E0,1.237861633E0,2.886247262E0
1.447839345E0,-6.594868898E-1,-2.512361288E0,8.999996185E-1,2.748978267E0
1.452867886E0,-8.014104962E-1,-2.405896425E0,6.494445801E-1,2.617704081E0
1.457894136E0,-8.570041656E-1,-2.265091896E0,3.856887817E-1,2.452315900E0
1.462916480E0,-7.980884910E-1,-2.138002396E0,3.720951080E-2,2.282407508E0
1.467942314E0,-7.203197479E-1,-1.943513274E0,-8.077239990E-2,2.074277842E0
1.472968147E0,-7.095010281E-1,-1.767932892E0,-1.677989960E-2,1.905061675E0
1.477997939E0,-6.702638865E-1,-1.578476191E0,1.380348206E-2,1.714943526E0
1.483024032E0,-5.503197312E-1,-1.476219416E0,1.303443909E-1,1.580843202E0
1.488050126E0,-4.692479372E-1,-1.346820474E0,3.706789017E-1,1.473608450E0
1.493076220E0,-3.603275120E-1,-1.324545622E0,5.291442871E-1,1.471139251E0
1.498100178E0,-2.521966994E-1,-1.246948719E0,8.923063278E-1,1.553928848E0
1.503126168E0,-1.401889920E-1,-1.271662712E0,1.344923019E0,1.856231918E0
1.508152157E0,-6.735372543E-2,-1.274230599E0,1.729202271E0,2.149032489E0
1.513144866E0,-1.244315654E-1,-1.264212489E0,2.078779221E0,2.436193646E0
1.518168668E0,-1.339890212E-1,-1.312439442E0,2.279290199E0,2.633555422E0
1.523192470E0,-9.110175073E-2,-1.342238426E0,2.364645004E0,2.720560515E0
1.528216272E0,-1.678687334E-1,-1.320267677E0,2.149107933E0,2.527835351E0
1.533281272E0,-1.924262345E-1,-1.303653240E0,1.724385262E0,2.170263615E0
1.538307157E0,-3.271110058E-1,-1.235531688E0,1.267696381E0,1.800165069E0
1.543332574E0,-4.283291101E-1,-1.187457085E0,7.027902603E-1,1.444795593E0
1.548358407E0,-4.576899409E-1,-1.178857803E0,4.547128677E-1,1.343856240E0
1.553384241E0,-4.635840356E-1,-1.166808248E0,1.310396194E-1,1.262348219E0
1.558413251E0,-5.509797335E-1,-1.188926697E0,-4.362583160E-2,1.311117298E0
1.563439293E0,-6.571968794E-1,-1.191862822E0,-1.412916183E-1,1.368359618E0
1.568466584E0,-8.391200304E-1,-1.246586919E0,-4.634857178E-3,1.502705179E0
1.573492730E0,-8.439814448E-1,-1.338721871E0,1.126203537E-1,1.586557365E0
1.578519970E0,-7.778439522E-1,-1.435083270E0,2.105083466E-1,1.645849012E0
1.583546220E0,-6.457912922E-1,-1.569384217E0,2.938299179E-1,1.722309274E0
1.588568876E0,-5.723938942E-1,-1.751165986E0,4.151258469E-1,1.888530262E0
1.593594761E0,-4.618159235E-1,-1.865952253E0,5.074214935E-1,1.988096660E0
1.598623564E0,-3.614760041E-1,-1.880499840E0,6.185426712E-1,2.012346785E0
1.603649761E0,-2.712473869E-1,-1.923620105E0,6.673393250E-1,2.054076733E0
1.608675959E0,-1.480056047E-1,-1.885227084E0,5.538053513E-1,1.970453548E0
1.613701949E0,-1.494754851E-1,-1.756494164E0,3.929481506E-1,1.806107117E0
1.618728095E0,-1.032360643E-1,-1.633933425E0,1.895732880E-1,1.648130503E0
1.623754241E0,-9.494023770E-2,-1.503509402E0,1.490030289E-1,1.513854707E0
1.628779136E0,-1.390182376E-1,-1.331884503E0,1.131868362E-1,1.343894959E0
1.633805230E0,-1.589826643E-1,-1.166094780E0,1.347332001E-1,1.184569778E0
1.638830491E0,-1.740014404E-1,-9.909405708E-1,9.425640106E-2,1.010506796E0
1.643856480E0,-1.269025505E-1,-8.773826361E-1,7.320499420E-2,8.895299425E-1
1.648882470E0,-1.987273991E-1,-6.389130354E-1,2.380847931E-2,6.695291552E-1
1.653908459E0,-2.886442542E-1,-4.575636387E-1,1.294803619E-2,5.411539897E-1
1.658935022E0,-2.583086789E-1,-2.955214977E-1,2.609634399E-2,3.933666844E-1
1.663961011E0,-1.947517544E-1,-1.580604315E-1,1.058387756E-2,2.510445465E-1
1.668998668E0,-2.752729356E-1,5.905508995E-2,-4.796981812E-2,2.855937608E-1
1.674025855E0,-3.177149594E-1,2.357444763E-1,-1.686220169E-1,4.300600401E-1
1.679053043E0,-3.268647492E-1,3.057018518E-1,-2.795228958E-1,5.276620469E-1
1.684080230E0,-3.078047633E-1,2.982537746E-1,-3.997402191E-1,5.860813333E-1
1.689059709E0,-2.937490046E-1,2.759367228E-1,-3.478078842E-1,5.323531506E-1
1.694084501E0,-2.938137054E-1,2.106173038E-1,-1.480369568E-1,3.906418856E-1
1.699109293E0,-2.696434855E-1,6.433510780E-2,1.132164001E-1,2.994404259E-1
1.704134084E0,-1.836207807E-1,-1.337219477E-1,3.880910873E-1,4.496808229E-1
1.709193407E0,-1.030046642E-1,-2.830799818E-1,7.147607803E-1,7.756463176E-1
1.714219918E0,-3.758437932E-2,-4.560320377E-1,9.258880615E-1,1.032785799E0
1.719242314E0,-1.582256705E-2,-5.814580917E-1,1.074231148E0,1.221604038E0
1.724268407E0,2.898157388E-2,-6.837010384E-1,1.045335770E0,1.249405424E0
1.729298824E0,6.843551993E-2,-8.198679686E-1,8.731880188E-1,1.199718393E0
1.734325334E0,9.799813479E-2,-8.844981194E-1,7.492380142E-1,1.163313440E0
1.739351845E0,1.130211502E-1,-8.534133434E-1,5.540828705E-1,1.023765570E0
1.744378355E0,1.470886767E-1,-8.123770952E-1,4.360208511E-1,9.336518657E-1
1.749380491E0,1.429923624E-1,-7.324448824E-1,3.137283325E-1,8.095355385E-1
1.754405751E0,1.438484639E-1,-6.466997862E-1,3.162183762E-1,7.341028916E-1
1.759431011E0,2.164707482E-1,-5.264811516E-1,3.046808243E-1,6.456565592E-1
1.764449553E0,2.366797328E-1,-4.010683298E-1,2.504043579E-1,5.287489419E-1
1.769474397E0,2.236664891E-1,-2.708809376E-1,3.407001495E-2,3.529361792E-1
1.774497261E0,2.304763049E-1,-1.179243326E-1,-4.806900024E-2,2.633174968E-1
1.779521897E0,2.002575099E-1,-3.905391693E-2,-7.308387756E-2,2.167245530E-1
1.784546532E0,9.006531537E-2,5.153262615E-2,-1.701402664E-1,1.992864342E-1
1.789575595E0,4.772154242E-2,9.758245945E-2,-1.239480972E-1,1.648114462E-1
1.794600491E0,1.548551023E-2,1.052922010E-1,-1.483917236E-3,1.064351945E-1
1.799625386E0,2.240300179E-3,5.171298981E-2,1.590280533E-1,1.672398696E-1
1.804650282E0,-3.536149114E-2,-6.556510925E-4,3.288917542E-1,3.307879243E-1
1.809712001E0,-1.121925563E-2,-6.633138657E-2,4.459762573E-1,4.510216698E-1
1.814738772E0,-7.356884331E-2,-8.865118027E-2,6.010093689E-1,6.119507071E-1
1.819765230E0,-4.095879942E-2,-1.396577358E-1,7.317495346E-1,7.460826280E-1
1.824791949E0,-3.780709952E-2,-1.765439510E-1,7.618112564E-1,7.829134906E-1
1.829818668E0,7.674001157E-3,-1.946272850E-1,7.057876587E-1,7.321713526E-1
1.834845491E0,4.294873774E-2,-2.180898190E-1,5.304336548E-1,5.751240087E-1
1.839872209E0,4.916061461E-2,-2.228400707E-1,3.793706894E-1,4.427150134E-1
1.844898928E0,1.030839533E-1,-2.277798653E-1,3.242092133E-1,4.094161482E-1
1.849917834E0,1.044045538E-1,-2.519299984E-1,2.309942245E-1,3.573896567E-1
1.854944032E0,1.440111995E-1,-2.423667908E-1,1.381120682E-1,3.139360289E-1
1.859969189E0,1.648191512E-1,-2.321822643E-1,1.700592041E-2,2.852422791E-1
1.864995282E0,1.145030260E-1,-2.355983257E-1,-7.491779327E-2,2.724521789E-1
1.870021376E0,1.222770363E-1,-2.383038998E-1,-1.138753891E-1,2.910464336E-1
1.875047470E0,1.496423930E-1,-2.214000225E-1,-1.334819794E-1,2.987109884E-1
1.880076168E0,1.388164163E-1,-1.804599762E-1,-6.222438812E-2,2.360247337E-1
1.885102366E0,1.902127564E-1,-1.826198101E-1,3.752040863E-2,2.663431411E-1
1.890128564E0,2.174815238E-1,-2.132279873E-1,1.275291443E-1,3.301939890E-1
1.895151949E0,2.633435726E-1,-2.099881172E-1,2.317438126E-1,4.088398724E-1
1.900177991E0,3.469136357E-1,-2.638597488E-1,4.026288986E-1,5.933641948E-1
1.905204032E0,3.007107675E-1,-2.508881092E-1,5.826120377E-1,7.020032731E-1
1.910199709E0,3.396016359E-1,-2.720382214E-1,5.518760681E-1,7.027810894E-1
1.915223720E0,3.806149960E-1,-2.684369087E-1,5.418663025E-1,7.145244845E-1
1.920247730E0,3.645268083E-1,-2.942569256E-1,5.459785461E-1,7.194160862E-1
1.925271741E0,3.491423428E-1,-3.298604488E-1,7.683734894E-1,9.061490553E-1
1.930335595E0,2.582831681E-1,-3.226237297E-1,7.894477844E-1,8.910802827E-1
1.935361584E0,2.061439306E-1,-3.255496025E-1,6.297683716E-1,7.382994417E-1
1.940367939E0,1.880975664E-1,-2.487683296E-1,4.711542130E-1,5.650244850E-1
1.945392001E0,2.418923229E-1,-2.927424908E-1,1.662921906E-1,4.145638122E-1
1.950407834E0,1.390971541E-1,-1.720650196E-1,-1.080513000E-1,2.462305276E-1
1.955431064E0,7.104344666E-2,-1.347012520E-1,-4.042835236E-1,4.320147752E-1
1.960454293E0,8.476929367E-2,-1.268877983E-1,-5.605468750E-1,5.809467666E-1
1.965477522E0,1.318592131E-1,-1.661784649E-1,-6.251621246E-1,6.601740803E-1
1.970500751E0,1.550395340E-1,-2.372913361E-1,-4.942483902E-1,5.697595164E-1
1.975557314E0,1.921937615E-1,-2.685196400E-1,-2.928266525E-1,4.413487141E-1
1.980581845E0,1.861053854E-1,-3.028578758E-1,-6.894016266E-2,3.620923273E-1
1.985620230E0,1.372243464E-1,-3.027956486E-1,1.913328171E-1,3.835674294E-1
1.990646168E0,1.361840963E-1,-3.263509274E-1,3.877601624E-1,5.247942258E-1
1.995672105E0,1.116297692E-1,-3.310577869E-1,6.014623642E-1,6.955698665E-1
2.000733980E0,8.746197820E-2,-3.172440529E-1,7.847604752E-1,8.509655634E-1
2.005762366E0,5.866684020E-2,-3.188481331E-1,8.570318222E-1,9.163020650E-1
2.010790751E0,4.430191219E-2,-2.742378712E-1,7.621488571E-1,8.111966160E-1
2.015819136E0,-3.458470106E-3,-2.693779469E-1,5.964450836E-1,6.544640380E-1
2.020801949E0,1.529917121E-2,-2.326169014E-1,4.080219269E-1,4.699218874E-1
2.025827991E0,3.181844950E-4,-2.017059326E-1,1.259822845E-1,2.378169895E-1
2.030854032E0,-1.951333880E-2,-1.524088383E-1,-1.158132553E-1,1.924108481E-1
2.035851949E0,-2.490125597E-2,-7.506537437E-2,-2.273902893E-1,2.407513793E-1
2.040876168E0,-4.921446741E-2,-3.119087219E-2,-3.664035797E-1,3.710074360E-1
2.045900386E0,-6.866887212E-2,1.780533791E-2,-3.710803986E-1,3.778003524E-1
2.050925334E0,-9.779882431E-2,5.778384209E-2,-4.039373398E-1,4.196057160E-1
2.055949605E0,-7.929924130E-2,2.674245834E-2,-4.078617096E-1,4.163588631E-1
2.060973876E0,-6.074871123E-2,2.924108505E-2,-4.212350845E-1,4.265963472E-1
2.066002261E0,-9.894724190E-2,-1.622676849E-3,-2.920751572E-1,3.083846416E-1
2.071026793E0,-9.375269711E-2,-4.658770561E-2,-1.355352402E-1,1.712594052E-1
2.076051324E0,-8.848252892E-2,-1.623606682E-1,7.195186615E-2,1.984117324E-1
2.081113251E0,-1.405694485E-1,-2.295331955E-1,2.967634201E-1,4.006417167E-1
2.086140386E0,-1.020121947E-1,-3.486793041E-1,5.291166306E-1,6.418318734E-1
2.091170491E0,-9.708623588E-2,-4.153342247E-1,6.596031189E-1,7.854963589E-1
2.096197939E0,-8.262540400E-2,-4.778237343E-1,7.031917572E-1,8.541786264E-1
2.101216480E0,-9.650309384E-2,-5.084347725E-1,6.318836212E-1,8.167592520E-1
2.106242991E0,-7.201969624E-2,-5.361628532E-1,4.750518799E-1,7.199525890E-1
2.111268668E0,-6.220385432E-2,-5.603473186E-1,2.431230545E-1,6.139765929E-1
2.116295074E0,-4.782517254E-2,-5.329866409E-1,2.710437775E-2,5.358140105E-1
2.121322105E0,-2.383019030E-2,-5.583293438E-1,-1.017198563E-1,5.680197737E-1
2.126348564E0,4.266698658E-2,-5.214312077E-1,-1.676492691E-1,5.493789707E-1
2.131375334E0,8.738577366E-3,-4.654462337E-1,-1.854190826E-1,5.010955951E-1
2.136401845E0,3.197170794E-2,-4.807546139E-1,-1.364383698E-1,5.007620369E-1
2.141425022E0,7.868981361E-2,-4.340078831E-1,-4.981613159E-2,4.438880223E-1
2.146451168E0,6.815524399E-2,-4.303891659E-1,6.457233429E-2,4.405105649E-1
2.151477314E0,1.005636752E-1,-4.174544811E-1,1.779594421E-1,4.648127146E-1
2.156503511E0,8.062165976E-2,-3.338005543E-1,2.617835999E-1,4.318024030E-1
2.161529657E0,8.451245725E-2,-3.088240623E-1,2.591333389E-1,4.119038046E-1
2.166555803E0,5.060473084E-2,-2.666563988E-1,1.895341873E-1,3.310433234E-1
2.171578564E0,5.525006354E-2,-2.596673965E-1,6.778907776E-2,2.739983310E-1
2.176604501E0,1.249070466E-2,-2.396397591E-1,-3.904628754E-2,2.431210489E-1
2.181633303E0,3.262698650E-3,-2.487227917E-1,-8.814334869E-2,2.638994548E-1
2.186659553E0,-3.439889848E-2,-2.766697407E-1,-1.225652695E-1,3.045515965E-1
2.191685803E0,-7.168623805E-2,-2.755408287E-1,-9.961032867E-2,3.016353470E-1
2.196714866E0,-7.080264390E-2,-3.166553974E-1,-1.495838165E-2,3.248190393E-1
2.201741272E0,-6.028960645E-2,-2.619516850E-1,2.640247345E-2,2.700937106E-1
2.206767678E0,-5.907227099E-2,-2.737298012E-1,1.150360107E-1,3.027388661E-1
2.211794084E0,-5.300687253E-2,-2.614650726E-1,1.697530746E-1,3.162116682E-1
2.216787261E0,-2.779574692E-2,-2.683148384E-1,2.240047455E-1,3.506331160E-1
2.221812001E0,-2.636660635E-2,-2.324483395E-1,2.350425720E-1,3.316209268E-1
2.226836532E0,8.324638009E-3,-2.589623928E-1,2.316379547E-1,3.475441879E-1
2.231861272E0,-1.428525150E-2,-2.193782330E-1,1.853475571E-1,2.875492904E-1
2.236885831E0,-3.527373075E-3,-2.333595753E-1,7.741451263E-2,2.458905051E-1
2.241910571E0,-3.085742891E-2,-2.485256195E-1,-5.374526978E-2,2.561361327E-1
2.246975779E0,-4.386612773E-2,-2.697372437E-1,-2.127208710E-1,3.463128452E-1
2.252002603E0,-6.159721315E-2,-3.390917778E-1,-3.278751373E-1,4.756885074E-1
2.257027187E0,-9.825479239E-2,-3.889725208E-1,-3.566160202E-1,5.367761284E-1
2.262053749E0,-1.252095997E-1,-4.760806561E-1,-2.805395126E-1,5.665974348E-1
2.267080312E0,-1.092294678E-1,-5.048284531E-1,-1.336688995E-1,5.335262115E-1
2.272117551E0,-1.169556975E-1,-5.420465469E-1,3.120517731E-2,5.553979270E-1
2.277144791E0,-3.420998156E-2,-5.167052746E-1,2.043561935E-1,5.567011024E-1
2.282172030E0,1.009008288E-2,-5.246095657E-1,4.283561707E-1,6.773522091E-1
2.287179530E0,1.151628792E-2,-4.189014435E-1,5.838880539E-1,7.187046012E-1
2.292205468E0,1.782809198E-2,-3.673892021E-1,4.956369400E-1,6.172103717E-1
2.297234739E0,7.136631012E-2,-2.982726097E-1,3.508701324E-1,4.660145381E-1
2.302260989E0,1.102541387E-1,-2.779150009E-1,1.548814774E-1,3.367209451E-1
2.307287239E0,8.235792816E-2,-1.870074272E-1,-2.536487579E-2,2.059077053E-1
2.312309270E0,4.045172036E-2,-1.442396641E-1,-1.565818787E-1,2.167009624E-1
2.317335259E0,5.601139367E-2,-8.229517937E-2,-1.915712357E-1,2.158918968E-1
2.322360103E0,1.462833583E-2,7.772445679E-3,-2.119722366E-1,2.126185040E-1
2.327385937E0,-1.224505901E-2,8.733654022E-2,-2.180175781E-1,2.351792446E-1
2.332412812E0,-3.904691339E-2,1.186482906E-1,-2.430200577E-1,2.732413343E-1
2.337438749E0,-2.302034199E-2,1.402506828E-1,-2.392921448E-1,2.783180209E-1
2.342465207E0,-5.446426570E-2,1.523737907E-1,-2.022895813E-1,2.590467198E-1
2.347491197E0,-6.665470451E-2,1.691937447E-1,-1.798124313E-1,2.557379192E-1
2.352517187E0,-3.139735758E-2,7.615566254E-2,-8.166980743E-2,1.159975709E-1
2.357545259E0,-2.518567443E-2,3.516817093E-2,-7.006549835E-2,8.234253155E-2
2.362571405E0,4.404067993E-3,-1.059949398E-1,-8.724689484E-2,1.373548097E-1
2.367601249E0,5.021870136E-3,-2.272479534E-1,-5.210208893E-2,2.331983687E-1
2.372627759E0,5.649551749E-3,-3.713748455E-1,-2.676963806E-2,3.723812654E-1
2.377654270E0,1.944914460E-3,-4.764609337E-1,1.027870178E-1,4.874258662E-1
2.382672551E0,3.588616848E-3,-5.475089550E-1,1.837625504E-1,5.775358075E-1
2.387698489E0,-8.613064885E-3,-5.754477978E-1,2.782573700E-1,6.392507464E-1
2.392724426E0,3.198121488E-2,-5.417244434E-1,2.864179611E-1,6.136150415E-1
2.397752343E0,4.933491349E-2,-4.850976467E-1,2.231369019E-1,5.362310486E-1
2.402778437E0,1.199526936E-1,-3.965549469E-1,1.221694946E-1,4.319373334E-1
2.407804530E0,2.245070487E-1,-2.769243717E-1,7.427215576E-3,3.565749376E-1
2.412830624E0,2.670610845E-1,-1.551101208E-1,-7.826042175E-2,3.185992248E-1
2.417854582E0,3.710427880E-1,-6.871008873E-2,-1.397571564E-1,4.024001610E-1
2.422880520E0,5.116851926E-1,-9.730935097E-2,-2.435092926E-1,5.749674962E-1
2.427906457E0,6.450953484E-1,-1.486091614E-1,-2.938957214E-1,7.242978575E-1
2.432902291E0,7.382211685E-1,-2.315096855E-1,-2.247886658E-1,8.056656704E-1
2.437926249E0,7.730007768E-1,-3.517670631E-1,-1.040019989E-1,8.556206422E-1
2.442950207E0,7.169271708E-1,-4.579062462E-1,-4.620170593E-2,8.519373780E-1
2.447977499E0,6.751398444E-1,-6.071488857E-1,1.559257507E-2,9.081226279E-1
2.453001666E0,5.576151609E-1,-6.897935867E-1,2.000885010E-1,9.092773330E-1
2.458025832E0,4.600223303E-1,-8.631141186E-1,3.828039169E-1,1.050297751E0
2.463049999E0,3.158968389E-1,-9.601123333E-1,5.922584534E-1,1.171484776E0
2.468134530E0,1.728585958E-1,-1.086239815E0,7.426834106E-1,1.327168293E0
2.473161770E0,3.559994698E-2,-1.159906864E0,8.632183075E-1,1.446304648E0
2.478189009E0,-3.405107558E-2,-1.219715595E0,8.638515472E-1,1.495026791E0
2.483193020E0,-1.219907105E-1,-1.261564016E0,7.881965637E-1,1.492541230E0
2.488218697E0,-1.851250082E-1,-1.315520525E0,6.650571823E-1,1.485653585E0
2.493244374E0,-2.331922948E-1,-1.376316071E0,4.901981354E-1,1.479499505E0
2.498271926E0,-2.945105433E-1,-1.413837194E0,3.119068146E-1,1.477483649E0
2.503297707E0,-4.062545896E-1,-1.417116404E0,3.917512894E-1,1.525362503E0
2.508322187E0,-4.443466663E-1,-1.462567806E0,5.850868225E-1,1.636726959E0
2.513347864E0,-4.573649466E-1,-1.527198315E0,8.764848709E-1,1.819269940E0
2.518376666E0,-4.554320276E-1,-1.601737261E0,1.117852211E0,2.005635598E0
2.523402655E0,-4.388567805E-1,-1.624136448E0,1.509104729E0,2.260046804E0
2.528428645E0,-4.129378498E-1,-1.732728243E0,1.968242645E0,2.654589223E0
2.533454322E0,-3.165385723E-1,-1.837209702E0,2.394858360E0,3.034943611E0
2.538480259E0,-3.121450543E-1,-1.885566711E0,2.703727722E0,3.311033064E0
2.543506197E0,-2.755240500E-1,-1.897540450E0,2.910035133E0,3.484950177E0
2.548533072E0,-2.177525014E-1,-1.986308694E0,3.038578033E0,3.636728591E0
2.553559062E0,-2.566078603E-1,-1.934240937E0,3.195232391E0,3.743881092E0
2.558583905E0,-2.483258396E-1,-1.932778358E0,3.279623985E0,3.814869774E0
2.563609791E0,-3.459587395E-1,-1.895620704E0,3.368430138E0,3.880642588E0
2.568635676E0,-3.961689174E-1,-1.798836827E0,3.418691635E0,3.883325410E0
2.573655676E0,-5.520768762E-1,-1.680187106E0,3.435406685E0,3.863914683E0
2.578681145E0,-6.991867423E-1,-1.558803916E0,3.390003204E0,3.796162994E0
2.583706614E0,-7.951368093E-1,-1.525326967E0,3.469042778E0,3.872095389E0
2.588742655E0,-9.121075869E-1,-1.532089829E0,3.452433586E0,3.885683616E0
2.593768853E0,-9.593632817E-1,-1.526303649E0,3.345198631E0,3.800044028E0
2.598792655E0,-1.056242943E0,-1.551258445E0,3.114062309E0,3.635854230E0
2.603818593E0,-1.069287300E0,-1.606954813E0,3.041260719E0,3.602075216E0
2.608846145E0,-1.013034701E0,-1.660466552E0,3.026100159E0,3.597314366E0
2.613872239E0,-9.347673059E-1,-1.783979893E0,2.872523308E0,3.508242342E0
2.618896249E0,-8.959131241E-1,-1.968115330E0,2.738539696E0,3.489375007E0
2.623922134E0,-9.143996239E-1,-2.112516642E0,2.695853233E0,3.544922833E0
2.628948020E0,-8.893284202E-1,-2.303154230E0,2.567549706E0,3.561984831E0
2.633973905E0,-7.537387013E-1,-2.487157822E0,2.416016579E0,3.548409808E0
2.638998541E0,-5.364360213E-1,-2.640410662E0,2.145809174E0,3.444419991E0
2.644024322E0,-3.380302787E-1,-2.757860422E0,1.699901581E0,3.257257122E0
2.649050103E0,-1.201769486E-1,-2.805507898E0,1.312910080E0,3.099846761E0
2.654045051E0,4.083532095E-2,-2.892215490E0,8.510150909E-1,3.015096126E0
2.659068801E0,6.872731447E-2,-2.860754490E0,4.816217422E-1,2.901826872E0
2.664097499E0,1.025535315E-1,-2.720221758E0,4.689121246E-2,2.722558066E0
2.669121770E0,1.666398644E-1,-2.575389147E0,-2.761955261E-1,2.595511909E0
2.674146041E0,2.328369766E-1,-2.425947428E0,-4.305057526E-1,2.474827102E0
2.679170312E0,4.106096625E-1,-2.319785357E0,-5.358381271E-1,2.416014672E0
2.684194582E0,5.360208750E-1,-2.156444073E0,-5.540294647E-1,2.290091279E0
2.689226770E0,4.080188274E-1,-2.046538115E0,-5.616931915E-1,2.161086962E0
2.694251353E0,2.611188889E-1,-1.837396979E0,-5.540428162E-1,1.936794820E0
2.699275937E0,1.615347266E-1,-1.634146571E0,-6.648883820E-1,1.771610861E0
2.704321353E0,1.815873384E-2,-1.378952503E0,-9.035539627E-1,1.648711469E0
2.709347343E0,-1.534676552E-2,-1.117947102E0,-1.231656075E0,1.663435581E0
2.714392916E0,-8.238710463E-2,-8.749750257E-1,-1.577383995E0,1.805688012E0
2.719420832E0,-9.606418014E-2,-6.678351164E-1,-1.902618408E0,2.018709706E0
2.724448749E0,-1.790893078E-2,-4.291291237E-1,-2.111927986E0,2.155159473E0
2.729468853E0,9.496591985E-2,-2.301451564E-1,-2.176988602E0,2.191178836E0
2.734496249E0,1.949924231E-1,5.338889360E-2,-2.279785156E0,2.288731696E0
2.739526874E0,3.012249470E-1,2.973290682E-1,-2.076236725E0,2.118938409E0
2.744554582E0,3.991177082E-1,4.680509567E-1,-1.705575943E0,1.813106710E0
2.749582291E0,4.451287389E-1,6.264641285E-1,-1.239708900E0,1.458586664E0
2.754598645E0,4.858867526E-1,7.335941792E-1,-9.463844299E-1,1.292242177E0
2.759625572E0,4.586336017E-1,8.414043188E-1,-7.965288162E-1,1.246099580E0
2.764652499E0,4.687035680E-1,9.550958872E-1,-7.373800278E-1,1.294457606E0
2.769679426E0,4.306415319E-1,9.508708715E-1,-5.394639969E-1,1.175001680E0
2.774669895E0,4.116589129E-1,9.247065783E-1,-2.556772232E-1,1.043990498E0
2.779694999E0,4.064719081E-1,8.605852127E-1,-3.887081146E-2,9.525425242E-1
2.784720103E0,3.666343093E-1,7.682275772E-1,2.025890350E-2,8.514721078E-1
2.789746509E0,3.156861365E-1,7.047599554E-1,-2.165546417E-1,8.020225959E-1
2.794771666E0,3.306269944E-1,6.803117990E-1,-3.713054657E-1,8.426185983E-1
2.799796822E0,1.971021742E-1,5.806636810E-1,-4.347238541E-1,7.516677503E-1
2.804821978E0,5.428272486E-2,5.683519840E-1,-3.830881119E-1,6.875515206E-1
2.809883384E0,-4.532586038E-2,5.416986942E-1,-3.024244308E-1,6.220550179E-1
2.814910364E0,-1.302534789E-1,5.585024357E-1,-2.980318069E-1,6.463078967E-1
2.819935676E0,-2.384302467E-1,6.274664402E-1,-5.321302414E-1,8.565779065E-1
2.824962499E0,-3.654538989E-1,7.061908245E-1,-8.419151306E-1,1.158051432E0
2.829989322E0,-4.258043766E-1,6.324434280E-1,-8.544893265E-1,1.145183857E0
2.835014999E0,-4.672205448E-1,4.051501751E-1,-8.281860352E-1,1.033602347E0
2.840041770E0,-4.756564498E-1,8.544731140E-2,-9.730482101E-1,1.086449778E0
2.845068541E0,-4.800959826E-1,-1.682102680E-1,-1.183709145E0,1.288392093E0
2.850095312E0,-5.186938047E-1,-4.261088371E-1,-1.455640793E0,1.602966663E0
2.855115624E0,-4.764327407E-1,-7.535027266E-1,-1.564539909E0,1.800705318E0
2.860142030E0,-3.717497289E-1,-1.097913384E0,-1.429439545E0,1.840355692E0
2.865167030E0,-2.993638515E-1,-1.293275833E0,-1.208215714E0,1.794983651E0
2.870193280E0,-2.449643910E-1,-1.445931196E0,-8.720798492E-1,1.706237920E0
2.875219530E0,-1.469565332E-1,-1.413003683E0,-6.170454025E-1,1.548844944E0
2.880245676E0,-7.294063270E-2,-1.285575509E0,-5.433216095E-1,1.397577582E0
2.885271926E0,5.329138041E-2,-1.063651681E0,-4.976425171E-1,1.175518160E0
2.890301041E0,1.505540311E-1,-8.138833046E-1,-5.422163010E-1,9.894802003E-1
2.895327551E0,2.573087811E-1,-5.068414211E-1,-6.245546341E-1,8.444906903E-1
2.900349791E0,3.305838704E-1,-1.035034657E-1,-7.735691071E-1,8.475894208E-1
2.905375884E0,3.416523635E-1,2.725427151E-1,-9.751157761E-1,1.068576926E0
2.910401978E0,3.909026086E-1,6.028840542E-1,-1.224587440E0,1.419819859E0
2.915431249E0,4.449101090E-1,8.636467457E-1,-1.297277451E0,1.620728074E0
2.920457551E0,4.989961088E-1,9.965310097E-1,-1.221842766E0,1.653774747E0
2.925483853E0,5.391567945E-1,1.085791111E0,-1.169919014E0,1.684738224E0
2.930510155E0,5.175919533E-1,1.073031902E0,-1.298774719E0,1.762417279E0
2.935550937E0,4.765471518E-1,1.006030798E0,-1.526690483E0,1.889438802E0
2.940577968E0,4.299226701E-1,9.864246845E-1,-1.748732567E0,2.053273667E0
2.945604999E0,3.730098307E-1,8.423466682E-1,-1.883754730E0,2.096954012E0
2.950632030E0,3.254691362E-1,7.080686092E-1,-1.951125145E0,2.100995156E0
2.955608437E0,2.450126708E-1,6.225800514E-1,-1.903506279E0,2.017665305E0
2.960632916E0,1.751615703E-1,5.700614452E-1,-1.778774261E0,1.876083554E0
2.965657395E0,1.577171683E-2,4.647598267E-1,-1.529403687E0,1.598538733E0
2.970717603E0,-1.806265116E-1,4.735441208E-1,-1.265299797E0,1.363031015E0
2.975744478E0,-2.996067107E-1,5.064048767E-1,-9.916839600E-1,1.153103272E0
2.980765103E0,-3.509681225E-1,5.395188332E-1,-7.851076126E-1,1.015210893E0
2.985791301E0,-3.970741928E-1,6.260118484E-1,-7.317523956E-1,1.041643085E0
2.990814114E0,-4.623358250E-1,6.805391312E-1,-6.357364655E-1,1.039734955E0
2.995839947E0,-4.088108838E-1,5.979042053E-1,-6.357269287E-1,9.637242891E-1
3.000869009E0,-3.615330458E-1,5.355019569E-1,-7.790880203E-1,1.012149511E0
3.005895207E0,-2.777208984E-1,4.447813034E-1,-9.648427963E-1,1.098126098E0
3.010921405E0,-2.048608065E-1,4.303474426E-1,-1.283452988E0,1.369094023E0
3.015947603E0,-1.137276590E-1,3.724689484E-1,-1.600802422E0,1.647493700E0
3.020972707E0,-3.754767776E-2,2.665939331E-1,-1.864384651E0,1.883722984E0
3.025998801E0,4.328155518E-2,2.228703499E-1,-2.064800262E0,2.077244475E0
3.031025207E0,8.141198754E-2,1.458706856E-1,-2.197540760E0,2.203881022E0
3.036051353E0,1.440670192E-1,1.121845245E-1,-2.234071255E0,2.241520699E0
3.041077343E0,1.597966254E-1,7.889604568E-2,-2.279837132E0,2.286791834E0
3.046103489E0,2.007562220E-1,7.026433945E-2,-2.282461643E0,2.292350604E0
3.051129634E0,2.482146621E-1,5.779170990E-2,-2.309106350E0,2.323127748E0
3.056156614E0,1.967850327E-1,8.035945892E-2,-2.384015560E0,2.393472829E0
3.061182812E0,1.420797110E-1,4.754924774E-2,-2.263608456E0,2.268561398E0
3.066209009E0,9.327611327E-2,-4.056501389E-2,-2.125103474E0,2.127536305E0
3.071249791E0,5.438175797E-2,-1.079635620E-1,-1.915614605E0,1.919425128E0
3.076276926E0,1.050862670E-2,-1.884317398E-1,-1.682892799E0,1.693441799E0
3.081304062E0,8.826166391E-3,-2.634940147E-1,-1.488702774E0,1.511867371E0
3.086331197E0,1.166492701E-3,-3.049292564E-1,-1.433079720E0,1.465162344E0
3.091342187E0,-3.591185808E-2,-3.079118729E-1,-1.420268059E0,1.453705865E0
3.096368541E0,-9.728017449E-2,-2.775282860E-1,-1.512199402E0,1.540529913E0
3.101388749E0,-1.634188592E-1,-2.085814476E-1,-1.656434536E0,1.677494356E0
3.106414426E0,-1.717389226E-1,-1.871075630E-1,-1.776471615E0,1.794534730E0
3.111440103E0,-2.080932558E-1,-9.302425385E-2,-1.824894428E0,1.839074764E0
3.116468228E0,-2.054094076E-1,1.664209366E-2,-1.878642559E0,1.889912127E0
3.121494062E0,-2.116840631E-1,1.183023453E-1,-1.794544697E0,1.810855117E0
3.126519895E0,-1.983287036E-1,2.120251656E-1,-1.654164791E0,1.679449345E0
3.131545884E0,-1.559949219E-1,3.121032715E-1,-1.538846493E0,1.577907284E0
3.136571718E0,-1.520119309E-1,4.088196754E-1,-1.424561977E0,1.489838240E0
3.141597030E0,-1.293925792E-1,4.971337318E-1,-1.201173782E0,1.306408375E0
3.146622812E0,-7.884627581E-2,5.000700951E-1,-9.880275726E-1,1.110173554E0
3.151651770E0,-2.933469415E-2,5.557808876E-1,-8.228998184E-1,9.934369786E-1
3.156677864E0,5.269512534E-2,4.775166512E-1,-6.720933914E-1,8.261406994E-1
3.161701145E0,1.151613295E-1,3.271641731E-1,-5.113477707E-1,6.178794952E-1
3.166726926E0,1.682659388E-1,1.999406815E-1,-4.311404228E-1,5.041545065E-1
3.171752707E0,1.884185970E-1,1.145353317E-1,-3.880066872E-1,4.462836533E-1
3.176768072E0,1.564265490E-1,4.728794098E-2,-3.916454315E-1,4.243719579E-1
3.181793176E0,1.344436705E-1,-4.948282242E-2,-4.850993156E-1,5.058112259E-1
3.186818280E0,1.318375766E-1,-8.932924271E-2,-5.154795647E-1,5.395183424E-1
3.191860207E0,1.484818161E-1,-1.533660889E-1,-6.599493027E-1,6.936145104E-1
3.196886457E0,1.172312200E-1,-1.741085052E-1,-7.418308258E-1,7.709538927E-1
3.201909999E0,1.192676127E-1,-1.561675072E-1,-7.853126526E-1,8.095239441E-1
3.206935989E0,1.116294265E-1,-1.761827469E-1,-7.330269814E-1,7.621220667E-1
3.211961978E0,1.132403314E-1,-1.670231819E-1,-6.139202118E-1,6.462338140E-1
3.216984166E0,9.050485492E-2,-1.336927414E-1,-4.662003517E-1,4.933636041E-1
3.222009895E0,2.910184860E-2,-1.387186050E-1,-3.756847382E-1,4.015330515E-1
3.227035624E0,1.020973921E-2,-1.248412132E-1,-4.042773247E-1,4.232371942E-1
3.232061353E0,-2.327844501E-2,-1.113786697E-1,-4.082250595E-1,4.237862590E-1
3.237105884E0,-2.354842424E-2,-2.136483192E-1,-4.970088005E-1,5.414959652E-1
3.242132551E0,-9.417802095E-3,-2.784123421E-1,-6.705374718E-1,7.261009766E-1
3.247145155E0,5.285850167E-2,-3.438286781E-1,-9.144501686E-1,9.783819765E-1
3.252170364E0,6.299728155E-2,-4.332542419E-1,-1.229108334E0,1.304754840E0
3.257195572E0,4.978853464E-2,-4.168267250E-1,-1.447730064E0,1.507363843E0
3.262220780E0,3.246125579E-2,-4.185113907E-1,-1.470541477E0,1.529280142E0
3.267243593E0,2.509123087E-2,-3.470444679E-1,-1.355602741E0,1.399545721E0
3.272268697E0,-4.945167899E-2,-2.883796692E-1,-1.179837227E0,1.215575660E0
3.277303593E0,-6.709404290E-2,-2.522463799E-1,-1.000562191E0,1.034047651E0
3.282329687E0,-3.782275319E-2,-2.674813271E-1,-8.319683075E-1,8.747274351E-1
3.287355728E0,-4.767000675E-3,-2.579703331E-1,-8.218345642E-1,8.613846226E-1
3.292381770E0,-1.076474786E-2,-3.098969460E-1,-9.029221535E-1,9.546834094E-1
3.297404843E0,-1.230391860E-2,-3.036379814E-1,-9.890704155E-1,1.034701743E0
3.302430624E0,-3.276321292E-2,-3.589682579E-1,-1.032340527E0,1.093461751E0
3.307456405E0,-3.871709108E-2,-4.278931618E-1,-1.004210472E0,1.092259238E0
3.312482187E0,-6.361523271E-2,-5.152530670E-1,-9.812240601E-1,1.110105075E0
3.317539426E0,-3.567978740E-2,-6.835513115E-1,-9.486570358E-1,1.169814350E0
3.322566770E0,-7.496923208E-3,-7.364253998E-1,-8.924107552E-1,1.157054679E0
3.327594114E0,-6.513074040E-2,-7.175202370E-1,-8.981323242E-1,1.151398704E0
3.332588905E0,-6.060901284E-2,-6.746239662E-1,-9.036898613E-1,1.129356593E0
3.337614062E0,-5.618393421E-2,-6.992783546E-1,-9.514079094E-1,1.182084541E0
3.342639218E0,-4.722294211E-2,-7.291755676E-1,-9.217219353E-1,1.176222063E0
3.347664374E0,-4.317733645E-2,-7.310876846E-1,-9.913702011E-1,1.232545480E0
3.352679947E0,4.140764475E-3,-8.293280602E-1,-1.107640266E0,1.383715700E0
3.357704634E0,2.772426605E-2,-8.611173630E-1,-1.251393318E0,1.519301479E0
3.362741614E0,-1.997745037E-2,-8.549714088E-1,-1.360717773E0,1.607149050E0
3.367767603E0,-1.344382763E-4,-7.772459984E-1,-1.440695286E0,1.636983282E0
3.372794687E0,1.040470600E-2,-7.902946472E-1,-1.467796326E0,1.667063268E0
3.377820780E0,2.129575610E-2,-6.977300644E-1,-1.404108047E0,1.568056173E0
3.382843593E0,-2.506083250E-2,-6.145138741E-1,-1.249701023E0,1.392841697E0
3.387869322E0,-2.845284343E-2,-5.118479729E-1,-1.090878963E0,1.205327683E0
3.392895051E0,-7.499821484E-2,-3.466148376E-1,-9.756054878E-1,1.038061966E0
3.397923593E0,-9.323586524E-2,-2.240462303E-1,-9.421205521E-1,9.728724349E-1
3.402949530E0,-1.265742779E-1,-1.008424759E-1,-9.188265800E-1,9.329697406E-1
3.407975468E0,-1.175286770E-1,1.357078552E-2,-9.776215553E-1,9.847543153E-1
3.413003645E0,-1.328196526E-1,6.163787842E-2,-1.046465397E0,1.056659886E0
3.418029739E0,-1.341645420E-1,5.058288574E-3,-1.129958153E0,1.137906471E0
3.423051197E0,-1.307542026E-1,-7.974100113E-2,-1.227826118E0,1.237340804E0
3.428076770E0,-1.176519096E-1,-1.880531311E-1,-1.330355644E0,1.348722393E0
3.433106666E0,-1.807550937E-1,-4.920082092E-1,-1.346659184E0,1.445072814E0
3.438132655E0,-2.054689974E-1,-4.367055893E-1,-1.544583797E0,1.618230017E0
3.443158645E0,-2.492974699E-1,-3.380298615E-1,-1.326468945E0,1.391378193E0
3.448184634E0,-1.691770554E-1,-3.396110535E-1,-1.190010548E0,1.249032284E0
3.453246353E0,-1.133677512E-1,-1.598443985E-1,-1.124683857E0,1.141628774E0
3.458274166E0,4.533708096E-3,-2.673959732E-1,-1.073238850E0,1.106057317E0
3.463301978E0,8.881047368E-2,-4.803891182E-1,-1.087916851E0,1.192570367E0
3.468329791E0,1.064191163E-1,-3.827862740E-1,-1.221084595E0,1.284094213E0
3.473329947E0,6.243231893E-2,-3.381314278E-1,-1.281704903E0,1.327026041E0
3.478356353E0,8.071357012E-2,-2.364640236E-1,-1.374900341E0,1.397419358E0
3.483363280E0,9.446847439E-2,-2.876238823E-1,-1.401087761E0,1.433422026E0
3.488387707E0,1.467812955E-1,-2.572102547E-1,-1.364996910E0,1.396752816E0
3.493412134E0,9.910798073E-2,-3.518867493E-2,-1.310019970E0,1.314234742E0
3.498443645E0,5.654865503E-2,-4.184722900E-3,-1.231646538E0,1.232951117E0
3.503468541E0,-9.889960289E-3,4.644393921E-2,-1.244633675E0,1.245539174E0
3.508496145E0,-1.052417606E-1,1.739482880E-1,-1.229162216E0,1.245862588E0
3.513521301E0,-1.293325722E-1,2.779817581E-1,-1.238127232E0,1.275523349E0
3.518547499E0,-1.780997813E-1,5.020256042E-1,-1.218909264E0,1.330221422E0
3.523572759E0,-1.126833111E-1,4.634780884E-1,-1.176494122E0,1.269506946E0
3.528598020E0,-7.637479901E-2,4.591226578E-1,-1.173044682E0,1.262006557E0
3.533612916E0,-1.167528480E-1,4.028978348E-1,-1.084305763E0,1.162616395E0
3.538637499E0,-1.097026616E-1,4.333658218E-1,-1.044007778E0,1.135690473E0
3.543662082E0,-6.505784392E-2,5.982303619E-1,-1.162081718E0,1.308642812E0
3.548686666E0,-3.513360023E-2,5.674409866E-1,-1.251966000E0,1.375006366E0
3.553707551E0,-4.825004935E-2,4.848337173E-1,-1.175257206E0,1.272250487E0
3.558731926E0,-7.573673129E-2,3.597879410E-1,-1.046550274E0,1.109256909E0
3.563756301E0,-3.160643578E-2,4.742326736E-1,-1.004191875E0,1.110989162E0
3.568780676E0,-1.144608855E-2,4.449939728E-1,-1.071474075E0,1.160261756E0
3.573818541E0,1.378637552E-2,3.964920044E-1,-1.080720901E0,1.151240045E0
3.578843593E0,-1.790419221E-2,3.192873001E-1,-1.022615910E0,1.071451463E0
3.583868645E0,-2.046692371E-2,2.036581039E-1,-1.002092838E0,1.022783249E0
3.588911509E0,3.475514054E-2,5.900192261E-2,-1.004362583E0,1.006694266E0
3.593937759E0,-4.509091377E-5,-1.876926422E-2,-9.580883980E-1,9.582722294E-1
3.598979843E0,-1.013209820E-1,-4.882812500E-2,-9.398775101E-1,9.465832563E-1
3.604007655E0,-1.114549637E-1,-1.202583313E-2,-9.306836128E-1,9.374106980E-1
3.609035468E0,-1.742186248E-1,-1.832485199E-2,-9.402251244E-1,9.564053607E-1
3.614063280E0,-1.653132886E-1,-3.405857086E-2,-1.049990177E0,1.063469718E0
3.619052551E0,-1.327662915E-1,-7.327079773E-2,-1.150373697E0,1.160325446E0
3.624078384E0,-1.386557370E-1,-6.433963776E-2,-1.241157770E0,1.250534931E0
3.629089218E0,-1.113283038E-1,-2.142238617E-2,-1.341957808E0,1.346738158E0
3.634113593E0,-7.931852341E-2,3.149986267E-2,-1.467091799E0,1.469572052E0
3.639137968E0,-2.345505357E-2,1.376123428E-1,-1.516446352E0,1.522858114E0
3.644162343E0,1.340663433E-2,2.299299240E-1,-1.566740274E0,1.583579046E0
3.649223853E0,3.616103530E-2,2.270669937E-1,-1.584317923E0,1.600915463E0
3.654250051E0,-1.237338781E-2,3.157949448E-1,-1.521744967E0,1.554215973E0
3.659276249E0,-5.578842759E-2,5.006208420E-1,-1.464926481E0,1.549110445E0
3.664313905E0,-4.153925180E-2,5.326271057E-1,-1.485336065E0,1.578493069E0
3.669340884E0,-3.651055694E-2,5.459747314E-1,-1.602143526E0,1.693010722E0
3.674391718E0,-4.073855281E-2,5.693693161E-1,-1.585685492E0,1.685301019E0
3.679420884E0,-2.543222904E-2,5.790462494E-1,-1.599080324E0,1.700881901E0
3.684450051E0,-3.484487534E-4,5.988683701E-1,-1.580003977E0,1.689691100E0
3.689495312E0,4.401692748E-2,6.431207657E-1,-1.537988424E0,1.667618122E0
3.694525624E0,-7.017016411E-3,6.592063904E-1,-1.578377247E0,1.710519523E0
3.699555937E0,-2.925142646E-2,6.471300125E-1,-1.624474525E0,1.748871174E0
3.704586249E0,1.533547044E-2,6.451854706E-1,-1.528040409E0,1.658736555E0
3.709616562E0,-2.643013000E-2,6.964044571E-1,-1.370598555E0,1.537601417E0
3.714562291E0,-3.970652819E-2,7.337455750E-1,-1.314782858E0,1.506191602E0
3.719589218E0,-5.335125327E-2,7.042179108E-1,-1.321317434E0,1.498215266E0
3.724616145E0,-5.792075396E-2,7.036466599E-1,-1.318590403E0,1.495711899E0
3.729640364E0,-9.621632099E-2,7.558565140E-1,-1.359145880E0,1.558157300E0
3.734667082E0,-7.729506493E-2,6.933555603E-1,-1.428466797E0,1.589727602E0
3.739693801E0,-2.991184592E-2,5.593852997E-1,-1.474025249E0,1.576882072E0
3.744691145E0,-1.594400406E-2,4.736480713E-1,-1.472115040E0,1.546518476E0
3.749715989E0,-2.086442709E-2,4.120445251E-1,-1.503828287E0,1.559395887E0
3.754740832E0,-4.943063855E-2,4.416599274E-1,-1.531260014E0,1.594447901E0
3.759762499E0,-6.349152327E-2,3.854427338E-1,-1.592676640E0,1.639882969E0
3.764787134E0,-4.398316145E-2,4.156684875E-1,-1.616327286E0,1.669499537E0
3.769811770E0,-4.356867075E-2,4.414243698E-1,-1.578504801E0,1.639643592E0
3.774839999E0,-6.707456708E-2,5.057468414E-1,-1.613174438E0,1.691925127E0
3.779864843E0,-9.562626481E-2,5.416107178E-1,-1.595830917E0,1.687946347E0
3.784889687E0,-5.733543634E-2,5.825119019E-1,-1.588696480E0,1.693093020E0
3.789916145E0,-2.871391177E-2,6.188316345E-1,-1.615570784E0,1.730273400E0
3.794941093E0,-8.141008019E-2,6.075372696E-1,-1.662074327E0,1.771502245E0
3.799966041E0,-7.657685876E-2,5.965909958E-1,-1.771416664E0,1.870749002E0
3.804990989E0,-5.245888233E-2,5.956096649E-1,-1.776295424E0,1.874227371E0
3.810020520E0,-5.211269855E-2,5.616750717E-1,-1.873241067E0,1.956329909E0
3.815045676E0,-6.580612063E-2,5.569953918E-1,-1.913913608E0,1.994402068E0
3.820071041E0,-7.447883487E-2,5.768289566E-1,-1.965529561E0,2.049776865E0
3.825096249E0,-9.248754382E-2,5.781145096E-1,-2.018551350E0,2.101742107E0
3.830126197E0,-7.215371728E-2,6.278295517E-1,-2.077760696E0,2.171742530E0
3.835151874E0,-7.102388144E-2,6.542196274E-1,-2.081083775E0,2.182649168E0
3.840177551E0,-8.435848355E-2,6.189975739E-1,-2.109738827E0,2.200289133E0
3.845216353E0,-7.865276933E-2,6.561183929E-1,-2.120598793E0,2.221174654E0
3.850242916E0,-7.779735327E-2,7.128629684E-1,-2.108861446E0,2.227447562E0
3.855269478E0,-1.010186076E-1,7.078933716E-1,-2.146241188E0,2.262226563E0
3.860296041E0,-9.099698067E-2,7.272939682E-1,-2.103361130E0,2.227412178E0
3.865369634E0,-1.050820351E-1,6.992712021E-1,-1.985046506E0,2.107233276E0
3.870398593E0,-1.049784124E-1,6.285610199E-1,-1.944151998E0,2.045931673E0
3.875427551E0,-1.194935292E-1,6.156024933E-1,-1.994810700E0,2.091055921E0
3.880456509E0,-1.197775453E-1,5.359401703E-1,-1.993345380E0,2.067608360E0
3.885485468E0,-1.250859648E-1,5.188226700E-1,-2.021211624E0,2.090483172E0
3.890473176E0,-1.113967001E-1,4.541311264E-1,-2.030441761E0,2.083587783E0
3.895500468E0,-1.216779798E-1,4.615688324E-1,-2.069099903E0,2.123446662E0
3.900522603E0,-8.429554105E-2,4.693078995E-1,-2.060611725E0,2.115059414E0
3.905549374E0,-8.050066233E-2,4.678096771E-1,-2.019455910E0,2.074494739E0
3.910576145E0,-7.676428556E-2,4.618043900E-1,-1.998120189E0,2.052228140E0
3.915575416E0,-9.211939573E-2,4.417295456E-1,-2.010918140E0,2.060922789E0
3.920600364E0,-9.306868911E-2,5.224227905E-1,-2.287460089E0,2.348203784E0
3.925617395E0,-5.101862550E-2,5.700082779E-1,-2.268244982E0,2.339326321E0
3.930641562E0,-7.588413358E-2,6.324129105E-1,-2.044667721E0,2.141581327E0
3.935665728E0,-4.309663177E-2,6.042737961E-1,-2.004030228E0,2.093595303E0
3.940689895E0,-1.514607668E-2,5.764160156E-1,-1.997447610E0,2.079009808E0
3.945720051E0,-4.444494843E-2,5.249118805E-1,-1.948333383E0,2.018294033E0
3.950744478E0,-5.451950431E-2,4.976043701E-1,-1.918871284E0,1.983090893E0
3.955768905E0,-6.462088227E-2,4.704828262E-1,-1.908859134E0,1.967046807E0
3.960832187E0,-4.594871402E-2,4.340162277E-1,-1.927921891E0,1.976705387E0
3.965859270E0,-3.211790323E-2,3.976984024E-1,-1.971033692E0,2.011012033E0
3.970891770E0,-3.747323155E-2,3.808450699E-1,-1.938164115E0,1.975582787E0
3.975919374E0,-1.406246424E-2,3.738899231E-1,-1.901199341E0,1.937666215E0
3.980946978E0,1.869162917E-2,3.720350266E-1,-1.979663253E0,2.014404635E0
3.985975468E0,-2.036839724E-2,3.896894455E-1,-1.963143826E0,2.001551002E0
3.991003124E0,-1.625746489E-2,3.741989136E-1,-1.961699963E0,1.997136920E0
3.996030780E0,-5.529338121E-2,3.877410889E-1,-1.979991674E0,2.018357635E0
4.001058437E0,-7.041564584E-2,3.873252869E-1,-1.999051094E0,2.037445586E0
4.006091457E0,-1.047602594E-1,4.208374023E-1,-2.023741245E0,2.069687768E0
4.011119374E0,-2.063419521E-1,4.786663055E-1,-1.982272148E0,2.049658826E0
4.016147291E0,-1.981544197E-1,4.077205658E-1,-1.889000893E0,1.942633678E0
4.021175207E0,-1.616735309E-1,3.851137161E-1,-1.873105049E0,1.919107457E0
4.026135520E0,-1.781542450E-1,3.771524429E-1,-1.814582348E0,1.861905475E0
4.031160103E0,-1.039390266E-1,2.931585312E-1,-1.780878067E0,1.807836258E0
4.036184687E0,-9.676212072E-2,3.769311905E-1,-1.819363117E0,1.860516644E0
4.041246978E0,-3.219410777E-2,3.031578064E-1,-1.906241417E0,1.930465606E0
4.046274166E0,1.350226998E-2,3.158111572E-1,-1.921640873E0,1.947465697E0
4.051268645E0,5.913278461E-2,2.761497498E-1,-1.832252026E0,1.853888577E0
4.056292603E0,1.335057020E-1,1.461248398E-1,-1.691111088E0,1.702654678E0
4.061316562E0,1.354336739E-1,1.349802017E-1,-1.467985868E0,1.480386586E0
4.066359947E0,1.563316286E-1,7.179164886E-2,-1.374980688E0,1.385700369E0
4.071385207E0,1.770369709E-1,5.651760101E-2,-1.410603285E0,1.422792309E0
4.076433332E0,9.786033630E-2,2.711963654E-2,-1.379288912E0,1.383022061E0
4.081460989E0,9.522479773E-2,2.650070190E-2,-1.409892797E0,1.413353370E0
4.086488645E0,1.019350588E-1,2.604198456E-2,-1.440387011E0,1.444224249E0
4.091531145E0,4.193130136E-2,6.861019135E-2,-1.532766104E0,1.534873780E0
4.096559739E0,3.458797932E-2,7.330131531E-2,-1.610896349E0,1.612934115E0
4.101588332E0,8.258342743E-3,1.449909210E-1,-1.675074816E0,1.681358441E0
4.106616926E0,-3.228861094E-2,1.930046082E-1,-1.706600904E0,1.717783450E0
4.111627812E0,-5.370733142E-2,2.509136200E-1,-1.762972593E0,1.781548340E0
4.116655520E0,-3.732344508E-2,2.381315231E-1,-1.792133570E0,1.808270553E0
4.121683228E0,7.131338120E-3,1.221065521E-1,-1.856200218E0,1.860225824E0
4.126688645E0,3.660887480E-2,8.308410645E-3,-1.822139502E0,1.822526160E0
4.131714739E0,-8.644199371E-2,-1.741781235E-1,-1.800552130E0,1.811021317E0
4.136740832E0,-2.424117327E-1,3.571605682E-2,-1.634309530E0,1.652575785E0
4.141777239E0,-2.080852538E-1,-6.395339966E-3,-1.566556692E0,1.580329156E0
4.146804009E0,-3.240436316E-2,1.619338989E-1,-1.434477091E0,1.443951923E0
4.151830780E0,8.946156502E-2,2.679309845E-1,-1.375668287E0,1.404369474E0
4.156857551E0,1.112616658E-1,1.124000549E-1,-1.232358694E0,1.242465646E0
4.161871197E0,1.523450315E-1,1.911087036E-1,-1.213672876E0,1.238036104E0
4.166897239E0,1.130311191E-1,9.363269806E-2,-1.299422979E0,1.307686199E0
4.171923280E0,1.320371628E-1,1.206102371E-1,-1.265624285E0,1.278196179E0
4.176998020E0,1.514992714E-1,1.242647171E-1,-1.275479794E0,1.290442735E0
4.182027291E0,9.059062600E-2,9.962081909E-2,-1.280391216E0,1.287451994E0
4.187056562E0,-2.689868212E-3,8.529376984E-2,-1.247805595E0,1.250720219E0
4.192085832E0,-6.193482876E-2,6.703758240E-2,-1.197104931E0,1.200579100E0
4.197029114E0,-5.884951353E-2,2.060127258E-2,-1.103786469E0,1.105546130E0
4.202054114E0,-9.837979078E-2,-2.918720245E-2,-1.021819115E0,1.026958996E0
4.207079114E0,-1.231419444E-1,-1.019124985E-1,-9.073281288E-1,9.213004011E-1
4.212131666E0,-1.054853201E-1,-1.700782776E-1,-7.660326958E-1,7.917448227E-1
4.217158541E0,-1.447620392E-1,-2.142539024E-1,-6.720819473E-1,7.201075799E-1
4.222183541E0,-8.298748732E-2,-2.584071159E-1,-5.823607445E-1,6.424991808E-1
4.227210207E0,-7.806342840E-2,-3.694748878E-1,-5.734305382E-1,6.866062727E-1
4.232235416E0,-4.371529818E-2,-4.374766350E-1,-5.972456932E-1,7.416193441E-1
4.237261926E0,1.503914595E-2,-4.863095284E-1,-7.064790726E-1,8.578087277E-1
4.242288437E0,2.646112442E-2,-5.541615486E-1,-8.485727310E-1,1.013839678E0
4.247306145E0,5.750000477E-2,-5.500025749E-1,-9.758734703E-1,1.121667559E0
4.252332082E0,3.629606962E-2,-5.356335640E-1,-1.103399754E0,1.227074462E0
4.257358020E0,-3.815621138E-3,-5.061407089E-1,-1.159580708E0,1.265235312E0
4.262383957E0,1.354163885E-2,-4.947929382E-1,-1.125648499E0,1.229669862E0
4.267412239E0,-2.657055855E-3,-4.775252342E-1,-1.111844540E0,1.210056069E0
4.272438280E0,-1.410642266E-2,-4.352598190E-1,-1.074994087E0,1.159854469E0
4.277464322E0,-4.966628551E-2,-3.680462837E-1,-9.337444305E-1,1.004889779E0
4.282541145E0,-3.302890062E-2,-3.712000847E-1,-8.368978500E-1,9.161214016E-1
4.287570416E0,-3.123271465E-2,-3.354225159E-1,-7.402749062E-1,8.133207752E-1
4.292599687E0,-2.976325154E-2,-3.370895386E-1,-7.206349373E-1,7.961343611E-1
4.297628957E0,-2.369365096E-2,-3.667039871E-1,-6.916379929E-1,7.831962183E-1
4.302658228E0,-2.727553248E-2,-4.197010994E-1,-7.438325882E-1,8.545056388E-1
4.307663020E0,-1.642334461E-2,-5.154576302E-1,-7.954850197E-1,9.480309654E-1
4.312691301E0,9.212374687E-3,-6.394405365E-1,-9.233098030E-1,1.123151842E0
4.317719582E0,-1.242494583E-2,-6.722955704E-1,-1.040849209E0,1.239154062E0
4.322727864E0,-1.904231310E-2,-7.291975021E-1,-1.080845356E0,1.303962534E0
4.327754739E0,-3.957006335E-2,-7.716360092E-1,-1.091483593E0,1.337282451E0
4.332781614E0,-4.505607486E-2,-8.381681442E-1,-1.120334148E0,1.399894457E0
4.337791197E0,-9.319698811E-2,-8.523030281E-1,-1.167313099E0,1.448352858E0
4.342816874E0,-1.220653057E-1,-8.566293716E-1,-1.204286575E0,1.482909294E0
4.347837134E0,-1.843590438E-1,-7.699027061E-1,-1.255130291E0,1.483944231E0
4.352862239E0,-1.655046940E-1,-7.257070541E-1,-1.277250767E0,1.478313922E0
4.357887343E0,-1.852209866E-1,-6.758060455E-1,-1.323659420E0,1.497696526E0
4.362935155E0,-1.812795401E-1,-6.053533554E-1,-1.294404030E0,1.440415478E0
4.367961770E0,-1.487798393E-1,-5.193262100E-1,-1.151103497E0,1.271563767E0
4.372988384E0,-1.358970404E-1,-4.317183495E-1,-9.946508408E-1,1.092784990E0
4.377981718E0,-1.043636799E-1,-3.813161850E-1,-8.053412437E-1,8.971445421E-1
4.383006093E0,-3.982126713E-2,-3.148765564E-1,-6.268124580E-1,7.025858215E-1
4.388040572E0,-5.724859238E-2,-2.998752594E-1,-5.636987686E-1,6.410607415E-1
4.393065989E0,-4.155191779E-2,-2.984046936E-1,-5.245618820E-1,6.049273437E-1
4.398088645E0,-3.095245361E-2,-3.390674591E-1,-6.194252968E-1,7.068327203E-1
4.403113801E0,-3.018438816E-2,-3.548302650E-1,-7.955203056E-1,8.715894509E-1
4.408138957E0,-4.865100980E-2,-3.552017212E-1,-1.009772301E0,1.071529413E0
4.413157447E0,-1.054512560E-1,-3.688859940E-1,-1.223857403E0,1.282584807E0
4.418182134E0,-1.812553853E-1,-3.957524300E-1,-1.346994877E0,1.415580693E0
4.423206822E0,-2.330229580E-1,-5.221195221E-1,-1.402957439E0,1.514991113E0
4.428250728E0,-2.701883316E-1,-6.667165756E-1,-1.406029224E0,1.579376746E0
4.433276718E0,-2.737440467E-1,-7.538380623E-1,-1.417717457E0,1.628843275E0
4.438303280E0,-2.916959524E-1,-8.695068359E-1,-1.380745888E0,1.657584952E0
4.443329322E0,-2.665775418E-1,-9.227747917E-1,-1.328708649E0,1.639525412E0
4.448355364E0,-2.512844503E-1,-9.804773331E-1,-1.242651939E0,1.602705063E0
4.453381874E0,-2.552634180E-1,-1.018418789E0,-1.208932400E0,1.601203856E0
4.458407916E0,-2.640447021E-1,-9.741358757E-1,-1.041215420E0,1.450099948E0
4.463433957E0,-2.390611768E-1,-8.954277039E-1,-9.262766838E-1,1.310316570E0
4.468455884E0,-1.991539001E-1,-7.822580338E-1,-7.875847816E-1,1.127776439E0
4.473481666E0,-2.159330845E-1,-6.298141479E-1,-6.778101921E-1,9.501155795E-1
4.478508332E0,-1.650156826E-1,-5.145249367E-1,-6.639389992E-1,8.560263317E-1
4.483534218E0,-1.520045251E-1,-4.266686440E-1,-6.597971916E-1,8.003023438E-1
4.488560103E0,-7.688260078E-2,-4.427838326E-1,-6.796197891E-1,8.147708355E-1
4.493564374E0,5.533996224E-2,-5.249452591E-1,-6.656236649E-1,8.495203939E-1
4.498588801E0,1.393204033E-1,-6.155195236E-1,-5.605511665E-1,8.440924529E-1
4.503613228E0,2.182866633E-1,-7.726526260E-1,-5.648488998E-1,9.816799008E-1
4.508633072E0,2.490304708E-1,-8.485155106E-1,-5.058774948E-1,1.018777104E0
4.513657187E0,2.700412273E-1,-9.534935951E-1,-5.318212509E-1,1.124680463E0
4.518681301E0,1.953840852E-1,-1.040160179E0,-6.471242905E-1,1.240515210E0
4.523705416E0,8.236002922E-2,-1.051337242E0,-8.181209564E-1,1.334696621E0
4.528764999E0,-5.417633057E-2,-1.014830112E0,-9.545421600E-1,1.394261800E0
4.533790884E0,-2.043239772E-1,-9.742984772E-1,-1.027441025E0,1.430608566E0
4.538816770E0,-2.962500751E-1,-9.239320755E-1,-1.071007729E0,1.445154712E0
4.543842655E0,-4.018420279E-1,-7.869062424E-1,-1.080675125E0,1.395907295E0
4.548853749E0,-4.349954724E-1,-6.585035324E-1,-1.056738853E0,1.318918105E0
4.553878905E0,-4.389214814E-1,-5.139331818E-1,-9.614257812E-1,1.175210158E0
4.558904062E0,-3.900154829E-1,-4.966835976E-1,-7.660665512E-1,9.928064433E-1
4.563929218E0,-2.844708860E-1,-5.442752838E-1,-5.616359711E-1,8.322224664E-1
4.568954374E0,-1.517516375E-1,-6.089715958E-1,-2.571058273E-1,6.782170525E-1
4.573996562E0,3.197669983E-2,-7.484471798E-1,8.921623230E-3,7.491830788E-1
4.579022395E0,1.658322811E-1,-8.393013477E-1,9.837150574E-2,8.611643577E-1
4.584043853E0,2.882188559E-1,-9.820306301E-1,1.884222031E-1,1.040652293E0
4.589069218E0,2.851577699E-1,-1.086000681E0,2.313652039E-1,1.146404069E0
4.594094582E0,1.670904756E-1,-1.147213697E0,1.319189072E-1,1.166799508E0
4.599111718E0,3.500711918E-2,-1.218710661E0,-3.787708282E-2,1.219801560E0
4.604136562E0,-1.392586380E-1,-1.238160849E0,-1.489324570E-1,1.254837094E0
4.609189843E0,-2.402440012E-1,-1.234117985E0,-2.158098221E-1,1.275671690E0
4.614217655E0,-3.111141622E-1,-1.226923227E0,-3.528804779E-1,1.314023310E0
4.619245468E0,-3.949541748E-1,-1.139444590E0,-4.981908798E-1,1.304805321E0
4.624233072E0,-3.816894591E-1,-1.143992662E0,-5.991487503E-1,1.346619946E0
4.629258384E0,-3.337092996E-1,-1.124078274E0,-6.325378418E-1,1.332298009E0
4.634283697E0,-2.849740982E-1,-1.160889626E0,-5.697717667E-1,1.324203468E0
4.639295884E0,-2.461482286E-1,-1.196728468E0,-5.114345551E-1,1.324504919E0
4.644320207E0,-1.653001904E-1,-1.235841155E0,-5.628757477E-1,1.368011923E0
4.649358541E0,-3.352835774E-2,-1.297023892E0,-6.857538223E-1,1.467533111E0
4.654384270E0,8.690640330E-2,-1.385166049E0,-5.164260864E-1,1.480855702E0
4.659409999E0,1.957639456E-1,-1.448058844E0,-3.372287750E-1,1.499640351E0
4.664435728E0,2.260276377E-1,-1.490966797E0,-1.623497009E-1,1.516716159E0
4.669519166E0,2.494432628E-1,-1.580339909E0,-1.927795410E-1,1.611477620E0
4.674547812E0,2.236219049E-1,-1.632243752E0,-1.597976685E-1,1.655222559E0
4.679576457E0,2.259052694E-1,-1.698818326E0,-1.354217529E-1,1.719114873E0
4.684560155E0,2.139256299E-1,-1.704643607E0,-1.050367355E-1,1.721222449E0
4.689585937E0,1.926421821E-1,-1.725121021E0,-1.598806381E-1,1.743191145E0
4.694611718E0,2.536261678E-1,-1.679448366E0,-2.710666656E-1,1.719985519E0
4.699637499E0,3.164119124E-1,-1.667605639E0,-1.996002197E-1,1.709053923E0
4.704669062E0,2.999781370E-1,-1.621960640E0,-1.132659912E-1,1.653351864E0
4.709695155E0,2.712465227E-1,-1.499345064E0,2.136516571E-2,1.523832920E0
4.714721249E0,3.308188021E-1,-1.375477791E0,1.370944977E-1,1.421328651E0
4.719747343E0,5.552861094E-1,-1.283619404E0,4.730510712E-1,1.476414154E0
4.724808228E0,1.183359981E0,-1.199176311E0,1.105407715E0,2.015016349E0
4.729836041E0,1.047785759E0,-8.847173452E-1,1.651571274E0,2.146687553E0
4.734863853E0,7.043864131E-1,-4.456629753E-1,2.336421013E0,2.480652909E0
4.739917187E0,5.113117099E-1,-5.429112911E-2,3.178952217E0,3.220267751E0
4.744946718E0,3.614755869E-1,2.784843445E-1,3.763188362E0,3.790752535E0
4.749953124E0,2.154256999E-1,5.381543636E-1,4.108621597E0,4.149311965E0
4.754980468E0,1.489957869E-1,7.347910404E-1,4.368515015E0,4.432385481E0
4.760007812E0,1.236925721E-1,7.667952776E-1,4.361374855E0,4.429996103E0
4.765035155E0,1.344543099E-1,7.486578226E-1,4.015804291E0,4.087205720E0
4.770025676E0,1.054795086E-1,6.945736408E-1,3.537801743E0,3.606882260E0
4.775051093E0,-3.337562084E-4,5.439645052E-1,3.161621094E0,3.208075036E0
4.780069218E0,-6.730440259E-2,3.589345813E-1,3.073616982E0,3.095235898E0
4.785093853E0,-1.476441324E-1,1.974255443E-1,3.168135643E0,3.177712871E0
4.790123124E0,-2.367498428E-1,3.072553873E-2,3.349290848E0,3.357788518E0
4.795148228E0,-3.404414058E-1,-1.319870651E-1,3.468758583E0,3.487923027E0
4.800172343E0,-3.540112674E-1,-3.050656021E-1,3.507474899E0,3.538469891E0
4.805197343E0,-3.254885972E-1,-4.837453961E-1,3.422474861E0,3.471784355E0
4.810222343E0,-3.072649837E-1,-6.346166134E-1,3.271277428E0,3.346401952E0
4.815246041E0,-2.944822311E-1,-7.622679472E-1,2.862631798E0,2.976983879E0
4.820270937E0,-2.919044793E-1,-8.855761290E-1,2.321174622E0,2.501460559E0
4.825295832E0,-2.563678324E-1,-1.018715620E0,1.833564758E0,2.113164855E0
4.830320728E0,-1.968505979E-1,-1.085633993E0,1.241897583E0,1.661222722E0
4.835325832E0,-6.474132836E-2,-1.307152271E0,7.184362411E-1,1.492979950E0
4.840349739E0,6.409640610E-2,-1.553698063E0,5.834674835E-1,1.660879383E0
4.845373645E0,1.660980135E-1,-1.840380669E0,7.073411942E-1,1.978615961E0
4.850401718E0,2.410810292E-1,-2.086012363E0,9.988298416E-1,2.325344855E0
4.855425884E0,3.604156077E-1,-2.295691729E0,1.433772087E0,2.730531509E0
4.860464426E0,3.990374804E-1,-2.536258936E0,2.045438766E0,3.282630050E0
4.865490051E0,3.847370148E-1,-2.841456890E0,2.675753593E0,3.921932830E0
4.870515676E0,2.023445517E-1,-3.048396587E0,3.123801231E0,4.369416346E0
4.875541301E0,3.805229068E-2,-3.199978352E0,3.490217209E0,4.735285165E0
4.880554634E0,-3.200870752E-2,-3.300798416E0,3.660302162E0,4.928905219E0
4.885579687E0,-1.797182858E-1,-3.259402275E0,3.830378532E0,5.032673400E0
4.890604739E0,-2.655524015E-1,-3.205301285E0,3.813884735E0,4.989007033E0
4.895649114E0,-2.702760696E-1,-3.172131777E0,3.357548714E0,4.626943108E0
4.900675416E0,-2.943461239E-1,-3.059814453E0,2.490562439E0,3.956261542E0
4.905700780E0,-3.236687779E-1,-2.815540791E0,1.419080734E0,3.169514403E0
4.910726978E0,-2.054580450E-1,-2.625776052E0,4.207334518E-1,2.667195067E0
4.915753176E0,-1.982278228E-1,-2.423720598E0,-4.854822159E-1,2.479800151E0
4.920779374E0,-2.490342259E-1,-2.233203411E0,-1.275782585E0,2.583957570E0
4.925805572E0,-2.812296748E-1,-2.044026375E0,-1.897671700E0,2.803264495E0
4.930821093E0,-2.751684785E-1,-1.984555721E0,-2.064360619E0,2.876762741E0
4.935846874E0,-3.269230127E-1,-1.929222822E0,-2.178034782E0,2.927902810E0
4.940872655E0,-3.840846419E-1,-1.886420131E0,-2.052113533E0,2.813764716E0
4.945894374E0,-4.131529331E-1,-1.859916210E0,-1.638941765E0,2.513187968E0
4.950919895E0,-4.474860728E-1,-1.825104237E0,-1.043982506E0,2.149685729E0
4.955945416E0,-4.195622802E-1,-1.819824815E0,-2.338905334E-1,1.882152928E0
4.960970937E0,-3.527939022E-1,-1.763462186E0,7.288560867E-1,1.940487983E0
4.966009478E0,-2.751575708E-1,-1.714726090E0,1.633520126E0,2.384194887E0
4.971035624E0,-2.198154032E-1,-1.670368671E0,2.341306686E0,2.884470022E0
4.976083645E0,-2.110319734E-1,-1.555111170E0,2.794910431E0,3.205375105E0
4.981112134E0,-2.348917127E-1,-1.442477226E0,2.994393349E0,3.332012334E0
4.986140624E0,-2.634985447E-1,-1.281040788E0,2.925519943E0,3.204553623E0
4.991131874E0,-1.540166587E-1,-1.277722478E0,2.684035301E0,2.976632554E0
4.996157864E0,-1.513853818E-1,-1.192724824E0,2.212786674E0,2.518319858E0
5.001183853E0,-1.988064647E-1,-1.116883874E0,1.468995094E0,1.856044230E0
5.006241562E0,-1.809431612E-1,-1.106371403E0,7.735748291E-1,1.362063187E0
5.011269687E0,-2.117622197E-1,-1.059992433E0,-3.605842590E-2,1.081539368E0
5.016297812E0,-3.430805206E-1,-1.004833817E0,-6.725606918E-1,1.256874349E0
5.021314947E0,-3.972283602E-1,-1.025512218E0,-1.174160957E0,1.608763387E0
5.026342291E0,-2.930335104E-1,-1.120391965E0,-1.392494202E0,1.811128625E0
5.031369634E0,-2.126200348E-1,-1.159599185E0,-1.614715576E0,1.999295861E0
5.036397447E0,-1.513722837E-1,-1.243132830E0,-1.668526649E0,2.086210435E0
5.041424843E0,-1.047720388E-1,-1.313412547E0,-1.654500008E0,2.115041365E0
5.046452239E0,1.362397522E-2,-1.471148610E0,-1.381431580E0,2.018122161E0
5.051479634E0,1.233151555E-2,-1.544639230E0,-1.122308731E0,1.909355730E0
5.056525312E0,2.610619366E-2,-1.639959693E0,-7.146320343E-1,1.789091466E0
5.061553593E0,-2.551724762E-2,-1.710860372E0,-2.115058899E-1,1.724073398E0
5.066581874E0,-6.644178927E-2,-1.758784533E0,4.201345444E-1,1.809489038E0
5.071633853E0,-8.783297241E-2,-1.904631376E0,9.454936981E-1,2.128213721E0
5.076663749E0,-1.335625648E-1,-2.001571655E0,1.349985123E0,2.417971853E0
5.081693645E0,-1.853279024E-1,-2.078059912E0,1.624219894E0,2.644006372E0
5.086723541E0,-2.771230340E-1,-2.138689518E0,1.797067642E0,2.807176899E0
5.091693437E0,-3.611161411E-1,-2.150390625E0,1.686793327E0,2.756783712E0
5.096720364E0,-4.131158888E-1,-2.174813986E0,1.408629417E0,2.623874510E0
5.101730051E0,-3.988048136E-1,-2.149969339E0,1.029657364E0,2.416941813E0
5.106755155E0,-3.751133084E-1,-2.090064526E0,6.504487991E-1,2.220847441E0
5.111786093E0,-3.508304358E-1,-2.018848419E0,2.710256577E-1,2.066950856E0
5.116811770E0,-4.592040181E-1,-1.926148415E0,-7.500839233E-2,1.981550480E0
5.121835103E0,-6.184784174E-1,-1.763090611E0,-2.870111465E-1,1.890338449E0
5.126860572E0,-5.130132437E-1,-1.476537228E0,-4.080438614E-1,1.615501336E0
5.131886041E0,-3.637958765E-1,-1.228693724E0,-5.145940781E-1,1.380884779E0
5.136915051E0,-2.668673694E-1,-1.028616905E0,-5.635175705E-1,1.202839550E0
5.141940728E0,-7.409748435E-2,-7.995483875E-1,-5.357065201E-1,9.652717425E-1
5.146966405E0,8.347377181E-3,-5.895452499E-1,-4.360837936E-1,7.333500907E-1
5.151991718E0,1.380583942E-1,-4.038739204E-1,-2.935590744E-1,5.180262484E-1
5.157017395E0,3.813619018E-1,-1.904518604E-1,-2.231016159E-1,4.811269503E-1
5.162043072E0,4.845692217E-1,-7.406330109E-2,-1.864709854E-1,5.244655676E-1
5.167073176E0,6.202928424E-1,-7.059812546E-3,-1.645812988E-1,6.417944026E-1
5.172099114E0,6.975259781E-1,-5.610013008E-2,-9.518337250E-2,7.062220537E-1
5.177125572E0,6.538619399E-1,-1.635942459E-1,-9.787940979E-2,6.810865530E-1
5.182151562E0,5.808336139E-1,-3.200075626E-1,-1.056613922E-1,6.715183221E-1
5.187177551E0,5.172212124E-1,-4.724636078E-1,-8.021736145E-2,7.051059979E-1
5.192203124E0,4.251086712E-1,-7.066965103E-1,3.588867188E-2,8.254849101E-1
5.197229062E0,3.906438351E-1,-8.642768860E-1,1.996355057E-1,9.692427336E-1
5.202254999E0,3.088096976E-1,-1.055291653E0,3.679161072E-1,1.159468052E0
5.207293124E0,2.852572501E-1,-1.141151428E0,6.171989441E-1,1.328357187E0
5.212319895E0,2.390375435E-1,-1.151197433E0,8.659353256E-1,1.460218636E0
5.217346666E0,1.746688187E-1,-1.095426798E0,1.004040718E0,1.496184089E0
5.222354270E0,1.491037607E-1,-1.007701397E0,9.120187759E-1,1.367286468E0
5.227379739E0,1.141761541E-1,-8.933391571E-1,7.191543579E-1,1.152507716E0
5.232409895E0,1.224728972E-1,-7.768428326E-1,3.728189468E-1,8.703323297E-1
5.237435832E0,1.403617263E-1,-6.102375984E-1,3.106689453E-2,6.269421765E-1
5.242461770E0,1.679676026E-1,-4.888372421E-1,-3.155593872E-1,6.056010995E-1
5.247489009E0,1.811011732E-1,-4.837219715E-1,-5.712385178E-1,7.701285768E-1
5.252515051E0,2.136126757E-1,-4.934017658E-1,-7.214956284E-1,8.997953209E-1
5.257541093E0,2.750413418E-1,-5.550627708E-1,-7.135782242E-1,9.449530683E-1
5.262564426E0,3.031015992E-1,-6.728153229E-1,-4.901351929E-1,8.858800965E-1
5.267590259E0,3.647742867E-1,-7.848803997E-1,-1.806840897E-1,8.841630293E-1
5.272616093E0,4.025379121E-1,-8.442447186E-1,1.522855759E-1,9.476163845E-1
5.277641926E0,3.777335584E-1,-8.949248791E-1,3.746051788E-1,1.041106248E0
5.282698749E0,3.048343360E-1,-8.899245262E-1,5.483760834E-1,1.088855346E0
5.287726145E0,2.557950020E-1,-9.252426624E-1,5.875072479E-1,1.125464275E0
5.292762499E0,1.879296601E-1,-9.100489616E-1,5.112733841E-1,1.060616398E0
5.297790780E0,1.302477866E-1,-9.209768772E-1,3.485059738E-1,9.932871227E-1
5.302819062E0,6.847515702E-2,-9.964787960E-1,2.140426636E-1,1.021505311E0
5.307847343E0,5.992722511E-2,-1.040469170E0,4.578304291E-2,1.043198664E0
5.312875624E0,7.553456724E-2,-1.123817682E0,-6.033897400E-2,1.127968282E0
5.317854114E0,1.629447490E-1,-1.182866335E0,-1.948986053E-1,1.209838511E0
5.322880364E0,2.839323282E-1,-1.217422962E0,-1.808643341E-1,1.263110503E0
5.327928541E0,4.054653645E-1,-1.246530294E0,-1.044902802E-1,1.314974584E0
5.332956926E0,5.324448943E-1,-1.275669575E0,5.280494690E-3,1.382337988E0
5.337985312E0,6.454898119E-1,-1.319935083E0,1.147584915E-1,1.473789413E0
5.342995676E0,6.775262356E-1,-1.337054968E0,1.424646378E-1,1.505673922E0
5.348022812E0,6.623185873E-1,-1.342092276E0,1.792201996E-1,1.507314654E0
5.353049947E0,5.950679183E-1,-1.382812500E0,1.676607132E-1,1.514723193E0
5.358057812E0,5.376008749E-1,-1.415159225E0,1.128778458E-1,1.518035488E0
5.363083593E0,4.896382689E-1,-1.371743917E0,1.025581360E-2,1.456548039E0
5.368109374E0,4.417319894E-1,-1.401012182E0,-9.233760834E-2,1.471899629E0
5.373135155E0,4.182170033E-1,-1.432152271E0,-1.998996735E-1,1.505299130E0
5.378178437E0,4.241495132E-1,-1.513317108E0,-2.981319427E-1,1.599660631E0
5.383205051E0,4.115545750E-1,-1.547642469E0,-3.676500320E-1,1.643088837E0
5.388231666E0,3.853090703E-1,-1.629830480E0,-3.221874237E-1,1.705466273E0
5.393271562E0,3.838243484E-1,-1.649205208E0,-1.282873154E-1,1.698133264E0
5.398299062E0,3.543066680E-1,-1.700899482E0,2.746868134E-2,1.737626770E0
5.403326562E0,3.540265560E-1,-1.765678287E0,2.168636322E-1,1.813831428E0
5.408354062E0,3.304622769E-1,-1.824803472E0,5.449819565E-1,1.932904126E0
5.413362030E0,3.219534159E-1,-1.922275662E0,8.775548935E-1,2.137498612E0
5.418388541E0,3.134615421E-1,-2.016386032E0,1.080424309E0,2.308979743E0
5.423426145E0,2.665601969E-1,-2.126591206E0,1.129798889E0,2.422785592E0
5.428453749E0,1.958072186E-1,-2.142371178E0,1.121626854E0,2.426137162E0
5.433481353E0,1.685104817E-1,-2.211297989E0,1.080044746E0,2.466724799E0
5.438508957E0,5.582516640E-2,-2.251385927E0,1.172588348E0,2.539058581E0
5.443488020E0,-6.614886224E-2,-2.248463631E0,1.332118034E0,2.614288207E0
5.448513176E0,-2.497573197E-1,-2.299624443E0,1.529629707E0,2.773160352E0
5.453554582E0,-3.993000984E-1,-2.366319656E0,1.722088814E0,2.953726319E0
5.458581353E0,-4.721666873E-1,-2.337923527E0,1.790052414E0,2.982132700E0
5.463608124E0,-6.355467439E-1,-2.233440399E0,1.862842560E0,2.976971294E0
5.468641926E0,-7.556077838E-1,-2.134740829E0,2.036042213E0,3.045247022E0
5.473669166E0,-8.327833414E-1,-2.061456680E0,2.213814735E0,3.137532059E0
5.478683020E0,-8.627904654E-1,-1.966085672E0,2.333948135E0,3.171311110E0
5.483708905E0,-8.410804272E-1,-1.911584377E0,2.535124779E0,3.284574365E0
5.488734791E0,-9.778028727E-1,-1.869676948E0,2.343764305E0,3.153572809E0
5.493760676E0,-1.445019484E0,-1.944997430E0,1.468739510E0,2.833424087E0
5.498785676E0,-1.578192472E0,-2.235596180E0,4.611663818E-1,2.775113726E0
5.503811509E0,-1.478898406E0,-2.738104343E0,-2.910909653E-1,3.125554325E0
5.508837343E0,-1.233662605E0,-3.422031164E0,-6.591215134E-1,3.696844855E0
5.513830155E0,-9.953228831E-1,-4.286547184E0,-7.342748642E-1,4.461425106E0
5.518853801E0,-7.781879902E-1,-5.222157478E0,-5.553140640E-1,5.308943302E0
5.523884999E0,-5.535745621E-1,-6.056381226E0,-1.991043091E-1,6.084886266E0
5.528909426E0,-6.228742599E-1,-6.798388004E0,-9.618988037E-1,6.894294823E0
5.533934895E0,-5.938640833E-1,-7.001172066E0,2.425374985E-1,7.030498509E0
5.538959426E0,-8.525933027E-1,-5.385322094E0,3.932869911E0,6.722802625E0
5.543983957E0,-1.129956961E0,-3.299814224E0,6.963255882E0,7.787972081E0
5.549016301E0,-8.412171602E-1,-2.307622433E0,6.493076324E0,6.942103986E0
5.554041353E0,-6.418246031E-1,-1.910998821E0,4.281849861E0,4.732662417E0
5.559066405E0,-4.986436367E-1,-1.254101038E0,3.168143272E0,3.443624063E0
5.564095676E0,-2.643449605E-1,-4.736284614E-1,2.820856094E0,2.872530467E0
5.569120989E0,7.927639782E-2,-9.326279163E-3,2.512193680E0,2.513461520E0
5.574141353E0,3.023064137E-1,3.407187462E-1,2.232653618E0,2.278644467E0
5.579166197E0,3.326479793E-1,5.061278343E-1,2.034937859E0,2.123156177E0
5.584191041E0,3.562448025E-1,5.168734193E-1,1.880775452E0,1.982771997E0
5.589215884E0,4.066211581E-1,4.257528484E-1,1.770140648E0,1.865476928E0
5.594246666E0,4.082968235E-1,3.321949542E-1,1.712541580E0,1.791607783E0
5.599271770E0,3.768303990E-1,2.210539579E-1,1.750989914E0,1.804669410E0
5.604296874E0,8.809258789E-2,3.589325249E-1,1.971491814E0,2.005834697E0
5.609321978E0,-1.367591619E-1,5.908408761E-1,1.886090279E0,1.981194728E0
5.614402499E0,-2.789871395E-1,9.296398163E-1,1.179665565E0,1.527637018E0
5.619430416E0,-2.863546908E-1,1.248956203E0,5.179443359E-1,1.382084275E0
5.624458332E0,-2.304292917E-1,1.472890973E0,-6.552124023E-2,1.492246129E0
5.629486249E0,-3.168794513E-1,1.750784039E0,-4.272565842E-1,1.829810244E0
5.634514166E0,-1.071249619E-1,1.677922964E0,-1.026620865E0,1.969987724E0
5.639528072E0,-6.525912136E-2,1.811487198E0,-1.179475784E0,2.162615950E0
5.644555416E0,-1.900066435E-2,1.754908562E0,-1.245113373E0,2.151830011E0
5.649582759E0,-6.976637244E-2,1.791700602E0,-1.032460213E0,2.069065606E0
5.654588176E0,-7.947212458E-2,1.793022633E0,-7.571754456E-1,1.947963202E0
5.659613957E0,-6.747234613E-2,1.887156010E0,-5.628147125E-1,1.970449371E0
5.664625468E0,1.472844556E-2,1.858769894E0,-4.254093170E-1,1.906886345E0
5.669649791E0,9.668656439E-2,1.735714436E0,-2.970037460E-1,1.763594091E0
5.674674114E0,5.020011961E-2,1.651617765E0,-2.588691711E-1,1.672535364E0
5.679722499E0,-6.199528277E-2,1.581744432E0,-3.203811646E-1,1.615055094E0
5.684748437E0,-1.294732541E-1,1.469549775E0,-4.815149307E-1,1.551836491E0
5.689775676E0,-1.715445518E-1,1.381797194E0,-6.656150818E-1,1.543319298E0
5.694801770E0,-2.171294987E-1,1.314296961E0,-5.571146011E-1,1.443917726E0
5.699822343E0,-2.230171263E-1,1.247917652E0,-3.811826706E-1,1.323758034E0
5.704847864E0,-2.227500230E-1,1.220847368E0,-4.105157852E-1,1.307137743E0
5.709873384E0,-2.073163688E-1,1.252770424E0,-3.867349625E-1,1.327395097E0
5.714898905E0,-1.247118264E-1,1.128766537E0,-2.956638336E-1,1.173492240E0
5.719926353E0,-6.233413517E-2,9.206302166E-1,-1.852331161E-1,9.411465600E-1
5.724951978E0,4.580217600E-2,6.807665825E-1,1.645374298E-1,7.018643352E-1
5.729984374E0,1.031164154E-1,4.991751909E-1,3.278646469E-1,6.060561798E-1
5.735010624E0,1.618455499E-1,4.139292240E-1,1.710882187E-1,4.762379270E-1
5.740036874E0,1.554625779E-1,3.775115013E-1,-4.245376587E-2,4.104703022E-1
5.745059739E0,1.375677139E-1,1.941926479E-1,-9.758949280E-2,2.572146370E-1
5.750085780E0,1.337453425E-1,7.171869278E-3,-1.761674881E-1,2.213012341E-1
5.755111405E0,1.061489210E-1,-2.027277946E-1,-2.877292633E-1,3.676333515E-1
5.760137395E0,8.426842839E-2,-3.638563156E-1,-3.270158768E-1,4.964191476E-1
5.765163384E0,3.995309025E-2,-5.147862434E-1,-3.132019043E-1,6.039011167E-1
5.770189374E0,-2.688470855E-2,-7.131222486E-1,-4.280433655E-1,8.321581892E-1
5.775184009E0,-7.360830158E-2,-8.625670671E-1,-5.758991241E-1,1.039759553E0
5.780208437E0,-1.150077656E-1,-1.064200997E0,-5.987548828E-1,1.226481944E0
5.785232864E0,-1.754413545E-1,-1.341305733E0,-3.965024948E-1,1.409643560E0
5.790269166E0,-2.459174991E-1,-1.612949610E0,-2.466726303E-1,1.650130070E0
5.795294374E0,-2.885960937E-1,-1.812076092E0,-1.109762192E-1,1.838266354E0
5.800319582E0,-2.892892957E-1,-1.857820749E0,-1.279802322E-1,1.884559676E0
5.805366301E0,-2.813520730E-1,-1.908577442E0,-2.447605133E-1,1.944668237E0
5.810392968E0,-1.970611066E-1,-1.882329702E0,-1.170930862E-1,1.896235476E0
5.815419634E0,-1.605503410E-1,-1.817801476E0,-4.646205902E-2,1.825469074E0
5.820446093E0,-9.504183382E-2,-1.767935991E0,7.791519165E-4,1.770488980E0
5.825472759E0,-6.751027703E-2,-1.723100305E0,-7.577896118E-2,1.726086541E0
5.830500728E0,-1.374587417E-3,-1.606531739E0,-2.091073990E-1,1.620083956E0
5.835527499E0,1.702310145E-2,-1.417737484E0,-3.658657074E-1,1.464283810E0
5.840554270E0,6.897923350E-2,-1.280676603E0,-5.223007202E-1,1.384806391E0
5.845581041E0,8.258095384E-2,-1.137700081E0,-6.258983612E-1,1.301126376E0
5.850632968E0,2.910073102E-2,-1.012803078E0,-6.528053284E-1,1.205309804E0
5.855660989E0,-2.923177183E-2,-9.919240475E-1,-7.084045410E-1,1.219264043E0
5.860689009E0,-2.529411018E-2,-9.462990761E-1,-8.498783112E-1,1.272169359E0
5.865717030E0,2.671459317E-2,-8.999648094E-1,-8.092870712E-1,1.210617979E0
5.870729530E0,1.673308015E-2,-8.148679733E-1,-6.393899918E-1,1.035909924E0
5.875756770E0,5.972817540E-2,-7.494270802E-1,-7.894849777E-1,1.090181147E0
5.880784009E0,6.495854259E-2,-6.511127949E-1,-7.952251434E-1,1.029830332E0
5.885788437E0,1.326159835E-1,-5.913217068E-1,-8.291025162E-1,1.026966086E0
5.890814166E0,1.954425275E-1,-4.699053764E-1,-8.526563644E-1,9.929912992E-1
5.895839895E0,1.341928244E-1,-2.911267281E-1,-6.174850464E-1,6.957372122E-1
5.900861926E0,-3.427528441E-1,-4.969978333E-2,-5.067749023E-1,6.138162447E-1
5.905887395E0,-1.305482239E-1,2.937364578E-2,-4.205417633E-2,1.402647624E-1
5.910912864E0,1.431939602E-1,1.087961197E-1,-5.532236099E-1,5.817194070E-1
5.915941874E0,3.262673318E-1,2.079586983E-1,-6.092910767E-1,7.217567513E-1
5.920967551E0,3.660123646E-1,3.174734116E-1,-4.978818893E-1,6.947235377E-1
5.925995884E0,4.439297616E-1,4.273524284E-1,-4.437656403E-1,7.593626768E-1
5.931021822E0,5.072569847E-1,4.656352997E-1,-5.758790970E-1,8.976428105E-1
5.936047759E0,4.892744720E-1,5.088438988E-1,-7.743959427E-1,1.047855285E0
5.941078957E0,4.287382662E-1,5.375046730E-1,-8.095102310E-1,1.062089727E0
5.946105207E0,3.494744897E-1,5.752978325E-1,-9.203948975E-1,1.140274871E0
5.951131457E0,2.941355705E-1,5.743427277E-1,-9.299440384E-1,1.131892759E0
5.956157707E0,2.292844057E-1,5.727348328E-1,-9.959688187E-1,1.171558968E0
5.961142916E0,1.647241116E-1,4.660224915E-1,-1.066219330E0,1.175216854E0
5.966166978E0,1.391605735E-1,3.636770248E-1,-9.777221680E-1,1.052410225E0
5.971191041E0,8.611604571E-2,1.993231773E-1,-8.601589203E-1,8.871409530E-1
5.976236457E0,5.346274376E-2,4.944467545E-2,-7.517566681E-1,7.552755318E-1
5.981261926E0,5.073082447E-2,-8.031034470E-2,-6.626081467E-1,6.693824946E-1
5.986287395E0,4.417195916E-2,-2.093772888E-1,-6.212158203E-1,6.570381317E-1
5.991312864E0,8.129888773E-2,-3.331489563E-1,-6.560955048E-1,7.403101023E-1
5.996332134E0,1.282383502E-1,-5.281167030E-1,-6.810760498E-1,8.713305412E-1
6.001357291E0,1.323918700E-1,-6.701550484E-1,-7.485828400E-1,1.013415840E0
6.006382447E0,1.415575445E-1,-7.259931564E-1,-7.389001846E-1,1.045503747E0
6.011460416E0,9.813967347E-2,-7.678418159E-1,-7.427234650E-1,1.072777048E0
6.016489062E0,8.359894156E-2,-7.706017494E-1,-7.656269073E-1,1.089495480E0
6.021535884E0,3.066968918E-2,-7.207255363E-1,-6.922864914E-1,9.998232417E-1
6.026566405E0,1.619261503E-2,-6.320219040E-1,-6.762948036E-1,9.257907697E-1
6.031596926E0,6.555825472E-3,-5.763735771E-1,-6.457796097E-1,8.656100644E-1
6.036627447E0,-2.786546946E-3,-5.106163025E-1,-5.721449852E-1,7.668680834E-1
6.041590312E0,-4.988372326E-2,-4.148688316E-1,-5.373330116E-1,6.806844340E-1
6.046617395E0,-3.436970711E-2,-3.383669853E-1,-5.259475708E-1,6.263340489E-1
6.051644478E0,-2.844774723E-2,-2.658457756E-1,-4.764337540E-1,5.463262511E-1
6.056698541E0,2.515134215E-2,-2.455258369E-1,-4.124560356E-1,4.806615316E-1
6.061727395E0,4.020926356E-2,-1.667699814E-1,-4.301314354E-1,4.630788953E-1
6.066756249E0,3.632375598E-2,-1.734404564E-1,-4.478569031E-1,4.816397126E-1
6.071755676E0,4.236936569E-3,-1.075701714E-1,-3.796148300E-1,3.945842275E-1
6.076782551E0,-6.589666009E-2,-7.040357590E-2,-3.062238693E-1,3.210484254E-1
6.081798332E0,-8.313834667E-2,-8.110046387E-2,-3.041520119E-1,3.255729047E-1
6.086824062E0,-9.522598982E-2,-1.255626678E-1,-3.682703972E-1,4.005709152E-1
6.091849791E0,-9.762951732E-2,-1.749038696E-1,-4.364185333E-1,4.801916518E-1
6.096885312E0,-1.193034649E-1,-2.386517525E-1,-4.368519783E-1,5.118863415E-1
6.101911718E0,-8.368280530E-2,-3.020129204E-1,-4.943575859E-1,5.853238751E-1
6.106936666E0,-7.229751348E-2,-3.743891716E-1,-5.659575462E-1,6.824237147E-1
6.111962916E0,-7.550936937E-2,-4.748063087E-1,-5.752072334E-1,7.496706324E-1
6.116989166E0,-8.359089494E-2,-5.171418190E-1,-5.413374901E-1,7.533056331E-1
6.122005572E0,-1.490283608E-1,-5.779328346E-1,-5.218567848E-1,7.928116533E-1
6.127031145E0,-1.569657028E-1,-6.143302917E-1,-4.304780960E-1,7.663884983E-1
6.132056718E0,-1.263540089E-1,-6.646609306E-1,-3.677077293E-1,7.700314685E-1
6.137094426E0,-1.002115309E-1,-7.292098999E-1,-3.093175888E-1,7.984151801E-1
6.142120780E0,-1.027223468E-1,-7.361507416E-1,-2.123079300E-1,7.730099948E-1
6.147147134E0,-6.212112308E-2,-7.524318695E-1,-2.107043266E-1,7.838425004E-1
6.152173489E0,-3.600156307E-2,-7.586507797E-1,-1.994214058E-1,7.852490148E-1
6.157222707E0,9.179413319E-3,-7.694125175E-1,-2.212767601E-1,8.006517897E-1
6.162250207E0,-8.028835058E-3,-7.554388046E-1,-3.007173538E-1,8.131317093E-1
6.167277707E0,7.895350456E-3,-7.409448624E-1,-3.800101280E-1,8.327480550E-1
6.172271770E0,-2.424725890E-2,-6.920242310E-1,-5.504865646E-1,8.846021273E-1
6.177297030E0,-4.213351011E-2,-7.047438622E-1,-6.825423241E-1,9.819893930E-1
6.182316874E0,-1.713347435E-2,-6.877803802E-1,-6.953377724E-1,9.781768884E-1
6.187341562E0,-2.542227507E-2,-6.795988083E-1,-7.658405304E-1,1.024213137E0
6.192366249E0,1.682639122E-4,-6.800527573E-1,-6.932973862E-1,9.711503728E-1
6.197364791E0,-2.552866936E-3,-7.273440361E-1,-6.405701637E-1,9.692089551E-1
6.202387759E0,-4.319965839E-2,-7.788438797E-1,-6.071295738E-1,9.884686737E-1
6.207410728E0,-5.464079976E-2,-9.061737061E-1,-5.309238434E-1,1.051673205E0
6.212433697E0,-6.583136320E-2,-9.756050110E-1,-5.503849983E-1,1.122079566E0
6.217456666E0,-6.238839030E-2,-1.059085846E0,-5.935025215E-1,1.215648133E0
6.222546353E0,-1.548740268E-2,-1.138020039E0,-6.165661812E-1,1.294404621E0
6.227571926E0,-1.142895222E-2,-1.201790333E0,-6.638650894E-1,1.373006730E0
6.232610572E0,-2.655276656E-2,-1.250936508E0,-6.534423828E-1,1.411571516E0
6.237637499E0,-2.260899544E-2,-1.242030621E0,-6.958541870E-1,1.423855428E0
6.242664426E0,-2.845919132E-2,-1.242180824E0,-7.718081474E-1,1.462706718E0
6.247658228E0,-2.009528875E-2,-1.198483944E0,-7.668571472E-1,1.422967838E0
6.252682759E0,-4.532128572E-2,-1.111380100E0,-8.193321228E-1,1.381493711E0
6.257709843E0,-7.561996579E-2,-1.081260681E0,-7.571067810E-1,1.322139825E0
6.262734634E0,-3.946578503E-2,-9.692053795E-1,-7.861742973E-1,1.248593866E0
6.267759426E0,-8.513519168E-2,-8.518543243E-1,-8.059840202E-1,1.175803568E0
6.272794843E0,-6.893143058E-2,-6.957850456E-1,-7.447743416E-1,1.021546471E0
6.277820312E0,-9.117722511E-2,-5.966677666E-1,-6.887931824E-1,9.158393735E-1
6.282845780E0,-5.122283101E-2,-5.067663193E-1,-6.761069298E-1,8.464965808E-1
6.287871249E0,8.057326078E-3,-4.069433212E-1,-6.636400223E-1,7.785151677E-1
6.292892343E0,2.459385991E-2,-2.876892090E-1,-6.178755760E-1,6.820118521E-1
6.297917603E0,8.458128572E-2,-2.016282082E-1,-6.775679588E-1,7.119735017E-1
6.302939999E0,1.018097103E-1,-8.163785934E-2,-6.371235847E-1,6.503509971E-1
6.307964947E0,1.236770749E-1,-1.387691498E-2,-6.831212044E-1,6.943652983E-1
6.312991457E0,1.833103597E-1,1.128625870E-2,-7.054514885E-1,7.289663025E-1
6.318016562E0,2.565229535E-1,-1.396179199E-3,-7.805423737E-1,8.216157083E-1
6.323041666E0,2.857995629E-1,-4.725503922E-2,-7.311511040E-1,7.864453991E-1
6.328066770E0,2.759871483E-1,-1.360173225E-1,-7.340836525E-1,7.959575535E-1
6.333125259E0,2.462979555E-1,-2.057805061E-1,-7.314014435E-1,7.987217107E-1
6.338152030E0,1.732533872E-1,-2.992911339E-1,-7.140312195E-1,7.933678223E-1
6.343171301E0,7.622760534E-2,-3.736796379E-1,-6.769056320E-1,7.769481027E-1
6.348197291E0,3.318637609E-3,-4.338536263E-1,-6.725006104E-1,8.003105980E-1
6.353223280E0,-4.059275985E-2,-4.749436378E-1,-6.578817368E-1,8.124208336E-1
6.358264791E0,-7.456365228E-2,-5.305533409E-1,-6.998414993E-1,8.813765994E-1
6.363291822E0,-1.080378741E-1,-5.095667839E-1,-6.982350349E-1,8.711272315E-1
6.368318853E0,-9.295864403E-2,-4.647889137E-1,-7.390360832E-1,8.779774349E-1
6.373345884E0,-9.161834419E-2,-4.248213768E-1,-7.123737335E-1,8.344719644E-1
6.378333020E0,-6.099200249E-2,-3.893246651E-1,-6.858272552E-1,7.909821384E-1
6.383358020E0,-2.970674634E-2,-3.538827896E-1,-6.157436371E-1,7.108134398E-1
6.388398176E0,-4.112392664E-2,-2.991275787E-1,-5.838456154E-1,6.573006833E-1
6.393424687E0,1.454374194E-2,-2.153139114E-1,-5.378131866E-1,5.794951463E-1
6.398450937E0,8.428505063E-2,-1.551809311E-1,-5.061793327E-1,5.360994386E-1
6.403477395E0,1.153731644E-1,-4.679584503E-2,-5.179166794E-1,5.326711039E-1
6.408503853E0,1.221069694E-1,-1.934909821E-2,-5.873179436E-1,6.001890256E-1
6.413530312E0,1.474701166E-1,-3.443431854E-2,-6.761455536E-1,6.928967941E-1
6.418540884E0,1.531054676E-1,1.325798035E-2,-7.366428375E-1,7.525023112E-1
6.423566509E0,8.645185828E-2,8.716583252E-3,-8.546657562E-1,8.590712761E-1
6.428592134E0,6.236568093E-2,-2.894020081E-2,-9.582738876E-1,9.607371426E-1
6.433617759E0,-1.960283518E-2,-5.658054352E-2,-1.038020372E0,1.039746086E0
6.438643384E0,-4.916587472E-2,-3.598785400E-2,-1.084339857E0,1.086050337E0
6.443715207E0,-7.408021390E-2,-7.752132416E-2,-1.130174875E0,1.135250053E0
6.448742707E0,-1.085600704E-1,-1.184864044E-1,-1.152496099E0,1.163645812E0
6.453770207E0,-1.285047531E-1,-6.345939636E-2,-1.088747740E0,1.098140341E0
6.458748853E0,-1.290066540E-1,-4.635906219E-2,-1.068399191E0,1.077157700E0
6.463773020E0,-1.051826626E-1,-7.232856750E-2,-9.949357510E-1,1.003091204E0
6.468807812E0,-9.996114671E-2,-2.473831177E-3,-9.069869518E-1,9.124821541E-1
6.473833020E0,-8.460299671E-2,6.749629974E-2,-9.099109173E-1,9.163248850E-1
6.478853489E0,-5.918917060E-2,1.423244476E-1,-8.648092747E-1,8.784387787E-1
6.483878228E0,9.706795216E-3,2.410326004E-1,-8.575990200E-1,8.908799108E-1
6.488902968E0,4.556015134E-2,3.111562729E-1,-9.125111103E-1,9.651789886E-1
6.493927707E0,1.056447923E-1,3.480148315E-1,-9.865634441E-1,1.051466868E0
6.498956509E0,6.074783206E-2,3.851947784E-1,-1.103796482E0,1.170654514E0
6.503981457E0,6.390658021E-2,3.892889023E-1,-1.159104109E0,1.224398724E0
6.509006405E0,5.752351880E-2,3.986206055E-1,-1.219579220E0,1.284360080E0
6.514031353E0,6.049534678E-2,3.462696075E-1,-1.204009295E0,1.254272980E0
6.519094582E0,5.854821205E-2,3.133850098E-1,-1.159801960E0,1.202821119E0
6.524121405E0,3.244051337E-2,2.379369736E-1,-1.163910866E0,1.188425384E0
6.529148228E0,1.074132323E-2,1.294546127E-1,-1.091722488E0,1.099423424E0
6.534135155E0,-4.945077002E-2,2.626800537E-2,-1.024734735E0,1.026263448E0
6.539159322E0,-2.375575900E-2,-7.198905945E-2,-1.043358564E0,1.046108911E0
6.544183489E0,-5.096213520E-2,-1.699695587E-1,-1.004335403E0,1.019890383E0
6.549170103E0,-9.266498685E-2,-2.722597122E-1,-9.656424522E-1,1.007560170E0
6.554191770E0,-1.153412163E-1,-3.408708572E-1,-9.122264385E-1,9.806393897E-1
6.559213437E0,-1.668769270E-1,-4.044914246E-1,-9.255115986E-1,1.023734800E0
6.564266509E0,-2.186775804E-1,-4.297237396E-1,-8.952021599E-1,1.016793629E0
6.569290259E0,-2.373544872E-1,-4.738044739E-1,-9.031774998E-1,1.047166380E0
6.574305832E0,-2.230004072E-1,-4.745702744E-1,-9.732139111E-1,1.105482448E0
6.579328749E0,-2.329293787E-1,-4.321413040E-1,-1.076362133E0,1.183029012E0
6.584351666E0,-2.191399634E-1,-4.278326035E-1,-1.207915425E0,1.300047205E0
6.589399739E0,-2.104837596E-1,-3.850650787E-1,-1.276987433E0,1.350287167E0
6.594424426E0,-1.733693928E-1,-3.276090622E-1,-1.332048774E0,1.382656349E0
6.599449114E0,-1.365478635E-1,-3.464384079E-1,-1.420692801E0,1.468684080E0
6.604473801E0,-1.429618150E-1,-3.123388290E-1,-1.461578608E0,1.501401229E0
6.609530572E0,-9.670630097E-2,-3.689146042E-1,-1.445027351E0,1.494507993E0
6.614556874E0,-5.049158633E-2,-3.150548935E-1,-1.390670776E0,1.426805591E0
6.619583176E0,-1.871776581E-2,-3.040704727E-1,-1.355531454E0,1.389343273E0
6.624648801E0,-3.000462055E-2,-2.260303497E-1,-1.358332157E0,1.377336649E0
6.629677707E0,3.540280461E-2,-1.668615341E-1,-1.352007389E0,1.362725251E0
6.634706614E0,6.753242016E-2,-7.400703430E-2,-1.322011232E0,1.325802160E0
6.639683905E0,7.143232226E-2,6.698226929E-2,-1.326300383E0,1.329910488E0
6.644709322E0,7.597467303E-2,1.936359406E-1,-1.321008682E0,1.337284924E0
6.649734739E0,5.244296789E-2,3.395919800E-1,-1.349705458E0,1.392759060E0
6.654732759E0,8.682093024E-2,4.857950211E-1,-1.369677544E0,1.455867868E0
6.659756353E0,8.833298087E-2,5.555953979E-1,-1.433122277E0,1.539587095E0
6.664779947E0,6.647717953E-2,6.448287964E-1,-1.478174210E0,1.614070130E0
6.669803541E0,2.125310898E-2,7.535505295E-1,-1.576944470E0,1.747868404E0
6.674876822E0,2.445536852E-2,8.051500320E-1,-1.695680380E0,1.877284366E0
6.679902968E0,-2.005428076E-2,9.003553391E-1,-1.749173641E0,1.967396843E0
6.684929114E0,-4.519473016E-2,9.386472702E-1,-1.828332901E0,2.055699992E0
6.689909218E0,-6.075198948E-2,9.536418915E-1,-1.828263044E0,2.062927391E0
6.694932291E0,-1.899135113E-2,9.403867722E-1,-1.834392071E0,2.061475739E0
6.699957030E0,-2.502684295E-2,9.324560165E-1,-1.823166132E0,2.047934401E0
6.704980259E0,-5.023579299E-2,9.154663086E-1,-1.761054516E0,1.985425699E0
6.710003489E0,-4.202778637E-2,8.558645248E-1,-1.772157431E0,1.968454312E0
6.715026718E0,-2.443711460E-2,7.584781647E-1,-1.765523434E0,1.921707390E0
6.720089530E0,-5.957493186E-2,7.093410492E-1,-1.774276018E0,1.911745089E0
6.725114739E0,-3.259651363E-2,6.319293976E-1,-1.726955175E0,1.839231218E0
6.730154582E0,-5.364146829E-2,5.166549683E-1,-1.752527475E0,1.827884656E0
6.735181301E0,-7.022324204E-2,4.448432922E-1,-1.759944677E0,1.816651350E0
6.740216093E0,-9.184089303E-2,3.973169327E-1,-1.816257238E0,1.861474107E0
6.745243645E0,-1.089390665E-1,3.262395859E-1,-1.873692155E0,1.904999286E0
6.750271197E0,-1.168166101E-2,1.981220245E-1,-1.779027462E0,1.790063549E0
6.755304582E0,1.341389120E-2,1.660566330E-1,-1.838504076E0,1.846036829E0
6.760332499E0,6.689751148E-2,2.012529373E-1,-1.922943711E0,1.934603458E0
6.765360416E0,7.243098319E-2,1.936168671E-1,-1.960571766E0,1.971439928E0
6.770388332E0,1.065303832E-1,2.101631165E-1,-1.970626950E0,1.984663154E0
6.775419739E0,9.745332599E-2,2.795696259E-1,-1.986713290E0,2.008652788E0
6.780447812E0,7.895280421E-2,3.300065994E-1,-2.018303633E0,2.046628314E0
6.785475884E0,8.446605504E-2,3.614940643E-1,-2.041460752E0,2.074939632E0
6.790503957E0,5.650167167E-2,4.649190903E-1,-2.108806133E0,2.160186452E0
6.795518593E0,3.342820704E-2,5.875949860E-1,-2.139051914E0,2.218541955E0
6.800545989E0,6.794129312E-2,6.386299133E-1,-2.146613598E0,2.240628065E0
6.805573384E0,1.643125713E-2,7.376689911E-1,-2.169747114E0,2.291774000E0
6.810600780E0,2.240489423E-2,8.129148483E-1,-2.184525251E0,2.330983291E0
6.815554009E0,9.323179722E-3,8.883161545E-1,-2.238835096E0,2.408645906E0
6.820577707E0,-2.767828107E-2,8.825941086E-1,-2.227506161E0,2.396147354E0
6.825620155E0,-2.632051706E-2,9.440736771E-1,-2.270040512E0,2.458668706E0
6.830645780E0,-3.943040967E-2,9.531412125E-1,-2.289988041E0,2.480741453E0
6.835671405E0,-4.798762500E-2,9.959297180E-1,-2.268149376E0,2.477636052E0
6.840697030E0,-4.718454182E-2,9.432735443E-1,-2.190227032E0,2.385180457E0
6.845721457E0,-6.596098840E-2,9.052829742E-1,-2.123188019E0,2.309072428E0
6.850746978E0,-7.554708421E-2,8.436412811E-1,-2.033341408E0,2.202706348E0
6.855767134E0,-9.976424277E-2,7.774667740E-1,-1.949194789E0,2.100896907E0
6.860792134E0,-8.141957223E-2,7.258720398E-1,-1.932776690E0,2.066190963E0
6.865817134E0,-9.689174592E-2,6.697101593E-1,-1.940962315E0,2.055537500E0
6.870873437E0,-1.125986576E-1,6.663970947E-1,-1.973838449E0,2.086336925E0
6.875900520E0,-9.027259052E-2,6.249780655E-1,-1.964282632E0,2.063286936E0
6.880921093E0,-1.016313434E-1,6.028995514E-1,-2.008047819E0,2.099064754E0
6.885947499E0,-8.920702338E-2,5.858201981E-1,-1.995202780E0,2.081340272E0
6.890973905E0,-8.171033859E-2,5.163431168E-1,-2.031017542E0,2.097216977E0
6.896047447E0,-8.381576836E-2,5.237102509E-1,-2.053500652E0,2.120887182E0
6.901077134E0,-4.309941828E-2,4.786720276E-1,-2.024229765E0,2.080502490E0
6.906106822E0,-8.375155926E-2,4.626121521E-1,-2.000742912E0,2.055236368E0
6.911116874E0,-5.267356336E-2,4.468231201E-1,-1.968765378E0,2.019520368E0
6.916145259E0,-9.812644124E-2,4.361190796E-1,-1.961922050E0,2.012204457E0
6.921173645E0,-8.127462864E-2,4.352569580E-1,-1.975278497E0,2.024297242E0
6.926192864E0,-9.313645959E-2,4.537782669E-1,-1.941766858E0,1.996258412E0
6.931220624E0,-6.190750003E-2,4.008378983E-1,-1.971615672E0,2.012901368E0
6.936248384E0,-7.365816832E-2,4.104175568E-1,-1.969009757E0,2.012676705E0
6.941271353E0,-7.103243470E-2,4.154701233E-1,-1.933864355E0,1.979265615E0
6.946298749E0,-7.786166668E-2,3.968839645E-1,-1.890176296E0,1.932962946E0
6.951301666E0,-5.588434637E-2,4.024505615E-1,-1.866343498E0,1.910059572E0
6.956326614E0,-5.778817832E-2,3.891277313E-1,-1.819393158E0,1.861437973E0
6.961351562E0,-3.077463806E-2,3.665018082E-1,-1.778032541E0,1.815673531E0
6.966411093E0,-5.626742542E-2,3.441934586E-1,-1.775878906E0,1.809801384E0
6.971438384E0,-4.338602722E-2,3.556213379E-1,-1.750428438E0,1.786714471E0
6.976465676E0,-5.434601009E-2,3.577528000E-1,-1.759282351E0,1.796111061E0
6.981492968E0,-6.048361957E-2,3.506202698E-1,-1.754620075E0,1.790330821E0
6.986520259E0,-9.522932768E-2,3.486118317E-1,-1.793946028E0,1.829983930E0
6.991547551E0,-1.012319326E-1,3.374128342E-1,-1.757739782E0,1.792691961E0
6.996521353E0,-1.263854206E-1,3.265295029E-1,-1.750993490E0,1.785657580E0
7.001546874E0,-1.082945466E-1,3.113813400E-1,-1.745738745E0,1.776595005E0
7.006579530E0,-1.667622179E-1,3.062353134E-1,-1.741563916E0,1.776129100E0
7.011605780E0,-1.488147527E-1,3.158502579E-1,-1.690541387E0,1.726220552E0
7.016632030E0,-1.500782520E-1,2.876129150E-1,-1.683594823E0,1.714565892E0
7.021656718E0,-1.417670995E-1,2.646179199E-1,-1.620224476E0,1.647800930E0
7.026682864E0,-1.335974634E-1,2.276935577E-1,-1.615094066E0,1.636527262E0
7.031678228E0,-1.398537606E-1,1.816024780E-1,-1.577099323E0,1.593668978E0
7.036701353E0,-1.126751602E-1,1.504144669E-1,-1.597616196E0,1.608632249E0
7.041724478E0,-9.033131599E-2,1.148967743E-1,-1.556679487E0,1.563525517E0
7.046791614E0,-6.816305220E-2,7.037067413E-2,-1.598109722E0,1.601109902E0
7.051817707E0,-3.654980659E-2,4.538917542E-2,-1.611267090E0,1.612320595E0
7.056838124E0,-1.454854012E-2,-4.601097107E-2,-1.606196165E0,1.606920904E0
7.061863593E0,-2.116870880E-2,-1.248836517E-2,-1.601893187E0,1.602081725E0
7.066898645E0,-3.726842999E-2,-6.934642792E-2,-1.694151163E0,1.695979371E0
7.071925103E0,-5.793453753E-2,-2.525043488E-2,-1.758245468E0,1.759380891E0
7.076951562E0,-6.351189315E-2,4.294872284E-2,-1.814996958E0,1.816615620E0
7.081969478E0,-1.068713367E-1,1.063947678E-1,-1.834395885E0,1.840584036E0
7.086995364E0,-1.261153817E-1,9.405994415E-2,-1.688947678E0,1.696259597E0
7.092021249E0,-1.642393619E-1,8.715152740E-2,-1.417492270E0,1.429634322E0
7.097048176E0,-1.357933283E-1,5.699539185E-2,-1.276999354E0,1.285463206E0
7.102074114E0,-8.881588280E-2,-2.475261688E-2,-1.190229177E0,1.193794977E0
7.107100051E0,-7.569868863E-2,-7.217502594E-2,-1.113995552E0,1.118894819E0
7.112126249E0,-2.016773820E-2,-9.031391144E-2,-1.052908897E0,1.056967590E0
7.117152187E0,-8.002579212E-3,-1.411571503E-1,-1.106503248E0,1.115499359E0
7.122178020E0,3.956735134E-3,-1.638078690E-1,-1.259153366E0,1.269770008E0
7.127203957E0,-1.278367639E-2,-2.336835861E-1,-1.426517010E0,1.445587154E0
7.132229895E0,-3.884002566E-2,-2.405891418E-1,-1.575442672E0,1.594180446E0
7.137255937E0,-9.319977462E-2,-2.371196747E-1,-1.667884469E0,1.687231620E0
7.142281874E0,-1.423122585E-1,-2.231884003E-1,-1.665837884E0,1.686736997E0
7.147307812E0,-1.673398912E-1,-1.795644760E-1,-1.588725090E0,1.607573778E0
7.152333749E0,-1.492108703E-1,-1.923608780E-1,-1.436574221E0,1.457055964E0
7.157325624E0,-1.501580775E-1,-1.660900116E-1,-1.290147781E0,1.309432945E0
7.162349843E0,-9.398634732E-2,-1.434841156E-1,-1.193221569E0,1.205486971E0
7.167374062E0,-3.004074097E-5,-2.011957169E-1,-1.020969152E0,1.040604501E0
7.172398280E0,7.428038120E-2,-2.004947662E-1,-9.310972691E-1,9.553312780E-1
7.177452864E0,1.289564371E-1,-2.466583252E-1,-8.851964474E-1,9.279239422E-1
7.182478645E0,1.973926127E-1,-2.299928665E-1,-9.589016438E-1,1.005660442E0
7.187512864E0,2.032065392E-1,-2.411413193E-1,-9.613902569E-1,1.011787161E0
7.192539478E0,1.753170490E-1,-1.940717697E-1,-9.786198139E-1,1.012964293E0
7.197567655E0,1.331205666E-1,-1.463193893E-1,-1.019975901E0,1.038980889E0
7.202594426E0,6.254768372E-2,-9.789752960E-2,-1.032790899E0,1.039304181E0
7.207617343E0,-3.612780571E-2,-2.003479004E-2,-8.976809978E-1,8.986310617E-1
7.212643697E0,-1.006679535E-1,-3.221416473E-2,-7.871842384E-1,7.942485848E-1
7.217670051E0,-1.742872298E-1,-6.261539459E-2,-6.007270813E-1,6.286252877E-1
7.222696457E0,-1.805413365E-1,-1.446743011E-1,-4.770784378E-1,5.302166193E-1
7.227722812E0,-1.817030609E-1,-2.114114761E-1,-4.782228470E-1,5.535412414E-1
7.232746562E0,-1.539234221E-1,-2.388839722E-1,-5.036163330E-1,5.782623824E-1
7.237772655E0,-1.831946969E-1,-2.891178131E-1,-5.009355545E-1,6.067007801E-1
7.242801666E0,-1.882447600E-1,-3.189091682E-1,-4.990682602E-1,6.214565758E-1
7.247828072E0,-1.979026496E-1,-3.664822578E-1,-4.789099693E-1,6.346884769E-1
7.252854478E0,-2.121474892E-1,-4.366316795E-1,-4.307951927E-1,6.490287196E-1
7.257879478E0,-1.925532818E-1,-5.293707848E-1,-4.120283127E-1,6.979093956E-1
7.262905780E0,-1.629033685E-1,-5.827078819E-1,-3.361196518E-1,6.921433402E-1
7.267932082E0,-1.613273025E-1,-6.015868187E-1,-1.838116646E-1,6.493996666E-1
7.272969687E0,-1.303625256E-1,-6.291441917E-1,-4.117774963E-2,6.438263812E-1
7.277996718E0,-8.433985710E-2,-6.895813942E-1,1.639876366E-1,7.138120591E-1
7.283023749E0,-6.620106101E-2,-7.542471886E-1,3.025932312E-1,8.153735742E-1
7.288050780E0,-7.588228583E-2,-8.137283325E-1,3.701519966E-1,8.971758028E-1
7.293030416E0,-1.088395268E-1,-8.208122253E-1,3.532385826E-1,9.001978939E-1
7.298055103E0,-1.410016716E-1,-8.080811501E-1,2.936224937E-1,8.712581622E-1
7.303079791E0,-1.055562347E-1,-7.664866447E-1,1.920275688E-1,7.971941310E-1
7.308106197E0,-9.844397008E-2,-7.918682098E-1,3.912496567E-2,7.989225494E-1
7.313130989E0,-1.149616539E-1,-8.080582619E-1,-6.406497955E-2,8.187054770E-1
7.318155780E0,-1.030225754E-1,-7.483839989E-1,-2.033853531E-1,7.823412699E-1
7.323215520E0,-9.172815084E-2,-7.659063339E-1,-3.502488136E-1,8.471722360E-1
7.328242655E0,-9.752959013E-3,-8.085184097E-1,-5.517964363E-1,9.789159546E-1
7.333269791E0,4.726564884E-2,-8.999347687E-1,-6.313176155E-1,1.100308394E0
7.338295416E0,1.801774204E-1,-1.059285164E0,-6.846446991E-1,1.274082935E0
7.343322447E0,2.171373367E-1,-1.181261539E0,-7.119216919E-1,1.396194808E0
7.348348437E0,2.307021618E-1,-1.260998249E0,-7.469129562E-1,1.483650577E0
7.353375364E0,1.877165139E-1,-1.336547852E0,-6.895442009E-1,1.515608411E0
7.358399009E0,1.077520251E-1,-1.302455425E0,-6.502637863E-1,1.459740945E0
7.363425624E0,5.314216018E-2,-1.297340870E0,-6.293125153E-1,1.442896969E0
7.368452239E0,-9.661599994E-3,-1.244197845E0,-6.415238380E-1,1.399883731E0
7.373478853E0,-2.843827009E-2,-1.157045364E0,-7.303023338E-1,1.368540905E0
7.378505468E0,-4.636248946E-2,-1.016361237E0,-7.429561615E-1,1.259810899E0
7.383516614E0,-6.360475719E-2,-9.034266472E-1,-8.231062889E-1,1.223817484E0
7.388542603E0,-6.610640883E-2,-7.986793518E-1,-7.893023491E-1,1.124836416E0
7.393581770E0,-4.961022735E-2,-7.116928101E-1,-7.181177139E-1,1.012255344E0
7.398609062E0,-4.318857193E-2,-6.859922409E-1,-6.472921371E-1,9.441597948E-1
7.403636353E0,3.890790045E-2,-6.545648575E-1,-6.580758095E-1,9.289955589E-1
7.408688697E0,5.785328150E-2,-6.555266380E-1,-5.496287346E-1,8.574111740E-1
7.413717655E0,1.382548213E-1,-7.325057983E-1,-3.979883194E-1,8.450289004E-1
7.418752134E0,1.413828284E-1,-8.232007027E-1,-2.893242836E-1,8.839440266E-1
7.423781614E0,1.487127244E-1,-8.848490715E-1,-2.998194695E-1,9.460259341E-1
7.428811093E0,1.317295134E-1,-9.318242073E-1,-2.284827232E-1,9.684283003E-1
7.433840572E0,1.048790589E-1,-9.978919029E-1,-1.612615585E-1,1.016264315E0
7.438870051E0,6.335209310E-2,-1.011340141E0,-2.368135452E-1,1.040626265E0
7.443888749E0,7.429287583E-2,-9.818840027E-1,-2.636094093E-1,1.019365267E0
7.448917759E0,4.698549956E-2,-9.381022453E-1,-2.897043228E-1,9.829405142E-1
7.453946770E0,5.335516483E-2,-9.040422440E-1,-3.676199913E-1,9.773861113E-1
7.458975780E0,4.101569951E-2,-8.940906525E-1,-3.968372345E-1,9.790608628E-1
7.464004791E0,2.449673414E-2,-8.363733292E-1,-4.970855713E-1,9.732494546E-1
7.469033801E0,3.853097558E-3,-8.696875572E-1,-6.060767174E-1,1.060047301E0
7.474036197E0,-3.537114710E-2,-8.792662621E-1,-6.998000145E-1,1.124313274E0
7.479064322E0,-9.820211679E-2,-9.171333313E-1,-8.074698448E-1,1.225881215E0
7.484082655E0,-1.374088228E-1,-9.163069725E-1,-8.907942772E-1,1.285307005E0
7.489109843E0,-1.486400962E-1,-9.337849617E-1,-8.353600502E-1,1.261695148E0
7.494137030E0,-1.847878247E-1,-9.793214798E-1,-8.228964806E-1,1.292430160E0
7.499124999E0,-1.980328262E-1,-9.624371529E-1,-9.056291580E-1,1.336288309E0
7.504149426E0,-1.546966136E-1,-9.635701180E-1,-9.597992897E-1,1.368799873E0
7.509173853E0,-1.167130768E-1,-9.064044952E-1,-8.656916618E-1,1.258814166E0
7.514165989E0,-7.432743907E-2,-9.301872253E-1,-8.239889145E-1,1.244881751E0
7.519188228E0,-6.588367373E-2,-8.668079376E-1,-7.441954613E-1,1.144344154E0
7.524210468E0,4.069422372E-3,-8.121895790E-1,-7.505607605E-1,1.105897793E0
7.529232707E0,8.314517885E-2,-7.040610313E-1,-7.330245972E-1,1.019774542E0
7.534342030E0,1.381537616E-1,-6.416916847E-1,-6.398139000E-1,9.166332455E-1
7.539368437E0,1.690521538E-1,-6.127986908E-1,-5.030379295E-1,8.106466707E-1
7.544394843E0,1.375334859E-1,-5.877256393E-1,-4.620437622E-1,7.601455947E-1
7.549373853E0,1.343466043E-1,-5.812807083E-1,-3.011837006E-1,6.683172102E-1
7.554396874E0,1.211670265E-1,-5.972294807E-1,-2.459955215E-1,6.571744803E-1
7.559419895E0,1.220109537E-1,-6.410079002E-1,-2.241525650E-1,6.899436016E-1
7.564440884E0,9.405761212E-2,-6.553020477E-1,-3.072633743E-1,7.298481961E-1
7.569463749E0,8.811434731E-3,-7.310066223E-1,-4.569282532E-1,8.621088979E-1
7.574487291E0,-5.765038729E-2,-8.251962662E-1,-6.107683182E-1,1.028255991E0
7.579510259E0,-5.773507804E-2,-9.044790268E-1,-7.543611526E-1,1.179184633E0
7.584539999E0,-1.495950669E-2,-9.833941460E-1,-7.728414536E-1,1.250828424E0
7.589563593E0,2.294853702E-2,-1.042949200E0,-7.619380951E-1,1.291827902E0
7.594590937E0,2.720638737E-2,-1.044555426E0,-6.644945145E-1,1.238300926E0
7.599614947E0,6.503166258E-2,-1.007422209E0,-5.379972458E-1,1.143927297E0
7.604638957E0,7.908090204E-2,-1.008026361E0,-3.633928299E-1,1.074441847E0
7.609683384E0,6.928899884E-2,-9.742524624E-1,-1.791620255E-1,9.930094950E-1
7.614708749E0,1.264143288E-1,-9.784772396E-1,-1.284713745E-1,9.949387846E-1
7.619734114E0,1.500843018E-1,-9.342586994E-1,-1.156568527E-1,9.532791421E-1
7.624759478E0,2.072070092E-1,-8.843762875E-1,-2.125501633E-1,9.328631917E-1
7.629804062E0,2.689815760E-1,-8.953211308E-1,-3.809547424E-1,1.009493700E0
7.634830364E0,3.119021356E-1,-9.485752583E-1,-3.908786774E-1,1.072317165E0
7.639851562E0,3.074127436E-1,-1.053877115E0,-3.954420090E-1,1.166847870E0
7.644877343E0,2.601913214E-1,-1.144534111E0,-4.184160233E-1,1.246085801E0
7.649903124E0,2.083816677E-1,-1.196776152E0,-4.692926407E-1,1.302279409E0
7.654928905E0,1.421195716E-1,-1.220224619E0,-4.763050079E-1,1.317578291E0
7.659959062E0,9.464076161E-2,-1.253022194E0,-4.108810425E-1,1.322060787E0
7.664985051E0,1.040716916E-1,-1.328769922E0,-4.787034988E-1,1.416198243E0
7.670011041E0,1.031179279E-1,-1.427942991E0,-5.410528183E-1,1.530487715E0
7.675034530E0,1.061951295E-1,-1.449838519E0,-5.645427704E-1,1.559492763E0
7.680060364E0,7.997846603E-2,-1.490032792E0,-6.210079193E-1,1.616244138E0
7.685086197E0,7.287306339E-2,-1.515064597E0,-5.812501907E-1,1.624371571E0
7.690112030E0,8.996006846E-2,-1.510750651E0,-5.792341232E-1,1.620485271E0
7.695157447E0,9.749861807E-2,-1.491167188E0,-5.002250671E-1,1.575852366E0
7.700184218E0,1.385415196E-1,-1.466700077E0,-4.396858215E-1,1.537441540E0
7.705210989E0,1.321913004E-1,-1.461219788E0,-3.115301132E-1,1.499896269E0
7.710237759E0,1.213201135E-1,-1.407803059E0,-2.449531555E-1,1.434095558E0
7.715231874E0,1.390453577E-1,-1.354814768E0,-2.110433578E-1,1.378185751E0
7.720257030E0,1.425167024E-1,-1.315539360E0,-1.766014099E-1,1.334969242E0
7.725298697E0,1.702474356E-1,-1.204162121E0,-1.558847427E-1,1.226087540E0
7.730325520E0,1.602487415E-1,-1.088038921E0,-1.344423294E-1,1.107963489E0
7.735352343E0,1.508771926E-1,-9.762105942E-1,-4.545879364E-2,9.888465773E-1
7.740406249E0,1.707902998E-1,-8.438189030E-1,6.293869019E-2,8.632270537E-1
7.745434895E0,1.528727859E-1,-7.008688450E-1,2.099924088E-1,7.474516963E-1
7.750463541E0,1.545025110E-1,-5.564686060E-1,4.912233353E-1,7.581745844E-1
7.755492187E0,1.278918386E-1,-4.109641314E-1,9.687519073E-1,1.060060422E0
7.760475312E0,5.379297584E-2,-2.374523878E-1,1.513606071E0,1.533062510E0
7.765501666E0,8.904856630E-3,-4.015529156E-2,1.867314339E0,1.867767272E0
7.770537655E0,-4.927521199E-2,1.365551949E-1,2.298170090E0,2.302750774E0
7.775564947E0,-1.299294680E-1,3.401035070E-1,2.882630348E0,2.905530896E0
7.780582968E0,-2.906048894E-1,5.321310759E-1,3.520034790E0,3.571870603E0
7.785609322E0,-3.509820998E-1,6.703436375E-1,3.875382423E0,3.948561504E0
7.790635676E0,-3.408140540E-1,7.555214167E-1,3.872364044E0,3.960071984E0
7.795625468E0,-2.931942642E-1,7.782720327E-1,3.587920189E0,3.683047857E0
7.800649426E0,-1.110087186E-1,7.928786278E-1,3.251745224E0,3.348854499E0
7.805673384E0,6.263887882E-2,7.178443670E-1,2.801793098E0,2.892968844E0
7.810697343E0,2.370537519E-1,5.152721405E-1,2.467764854E0,2.532106482E0
7.815737082E0,2.584965527E-1,3.284502029E-1,2.326107979E0,2.363361659E0
7.820761822E0,2.368334532E-1,5.985176563E-2,2.376791000E0,2.389311151E0
7.825782759E0,1.953584254E-1,-1.719511747E-1,2.538343430E0,2.551650346E0
7.830807134E0,2.338868231E-1,-4.919526875E-1,2.786707878E0,2.839447357E0
7.835831509E0,2.279554009E-1,-8.575798273E-1,3.140883446E0,3.263825309E0
7.840892499E0,2.353294492E-1,-1.259029627E0,3.452399254E0,3.682335693E0
7.845919322E0,2.035427392E-1,-1.692903519E0,3.750018120E0,4.119464512E0
7.850946145E0,1.324994862E-1,-2.077050686E0,3.847106934E0,4.374005878E0
7.855970468E0,9.900551289E-2,-2.291862011E0,3.916008949E0,4.538453444E0
7.860997134E0,4.571630433E-2,-2.518355131E0,3.813190460E0,4.569969807E0
7.866027395E0,9.205971658E-2,-2.602957487E0,3.825746536E0,4.628196110E0
7.871054426E0,1.267476380E-2,-2.593243122E0,3.738277435E0,4.549702048E0
7.876081457E0,-1.165956631E-1,-2.512591362E0,3.512606621E0,4.320314245E0
7.881100624E0,-1.477881670E-1,-2.427676916E0,3.010197639E0,3.869980152E0
7.886127134E0,-1.142182276E-1,-2.361939192E0,2.432258606E0,3.392297816E0
7.891153645E0,-1.254905462E-1,-2.205499649E0,1.864973068E0,2.891038070E0
7.896182655E0,-1.905587912E-1,-2.020673513E0,1.279641151E0,2.399357326E0
7.901209322E0,-2.365827113E-1,-1.899302602E0,7.671337128E-1,2.061993183E0
7.906233801E0,-3.200027943E-1,-1.774976969E0,4.181928635E-1,1.851440061E0
7.911260259E0,-4.165129662E-1,-1.748296976E0,2.804012299E-1,1.818969548E0
7.916286718E0,-5.502694845E-1,-1.790419340E0,2.291173935E-1,1.887032776E0
7.921306666E0,-6.589874625E-1,-1.810509205E0,1.924591064E-1,1.936297644E0
7.926332655E0,-6.851738095E-1,-1.869920373E0,3.569288254E-1,2.023230965E0
7.931359426E0,-5.523464680E-1,-1.958574653E0,5.501117706E-1,2.108014291E0
7.936385468E0,-5.329511762E-1,-1.995200396E0,7.719554901E-1,2.204716955E0
7.941411509E0,-4.592017531E-1,-1.984791040E0,1.051096916E0,2.292393171E0
7.946437499E0,-4.412696958E-1,-1.985050678E0,1.363520622E0,2.448332826E0
7.951463541E0,-3.168935776E-1,-2.010567427E0,1.517856598E0,2.539033589E0
7.956489582E0,-2.496259511E-1,-1.965763330E0,1.614709854E0,2.556135071E0
7.961515312E0,-1.681385487E-1,-1.913003683E0,1.486742020E0,2.428632433E0
7.966541353E0,-2.970930934E-2,-1.827866793E0,1.172516823E0,2.171813840E0
7.971567395E0,4.610563070E-2,-1.681601524E0,5.670490265E-1,1.775233510E0
7.976593437E0,1.166722625E-1,-1.550806046E0,-8.062362671E-2,1.557277103E0
7.981619478E0,1.628137678E-1,-1.421682596E0,-5.553064346E-1,1.534944613E0
7.986643332E0,2.082100809E-1,-1.381151915E0,-1.034265518E0,1.737998047E0
7.991669270E0,1.427714974E-1,-1.414624333E0,-1.388381958E0,1.987246881E0
7.996674218E0,1.532183141E-1,-1.506672144E0,-1.469471931E0,2.110185906E0
8.001698020E0,1.103564799E-1,-1.511607409E0,-1.358951569E0,2.035653427E0
8.006721822E0,4.285559803E-2,-1.513893366E0,-8.751192093E-1,1.749155041E0
8.011745624E0,-9.637963027E-2,-1.603426695E0,-2.000303268E-1,1.618727380E0
8.016803749E0,-2.298338711E-1,-1.698516130E0,6.996259689E-1,1.851285270E0
8.021829270E0,-3.950317204E-1,-1.776814818E0,1.589072227E0,2.416251540E0
8.026854426E0,-6.010566354E-1,-1.849480391E0,2.401185989E0,3.089909537E0
8.031879947E0,-7.907790542E-1,-1.884974122E0,2.930166245E0,3.572720696E0
8.036905468E0,-9.078581929E-1,-1.889656901E0,3.113967896E0,3.753905401E0
8.041929530E0,-9.911643863E-1,-1.893342495E0,3.081955910E0,3.750413960E0
8.046954947E0,-8.309253454E-1,-1.977769256E0,2.752993584E0,3.490126334E0
8.051985468E0,-7.149630189E-1,-2.066094398E0,2.299611092E0,3.173031572E0
8.057011353E0,-6.482108235E-1,-1.995258451E0,1.612002373E0,2.645710718E0
8.062037239E0,-7.540628314E-1,-1.903562665E0,9.344224930E-1,2.250623684E0
8.067049582E0,-7.491210699E-1,-1.871415496E0,3.817529678E-1,2.051612455E0
8.072074582E0,-7.147043943E-1,-1.807056785E0,-4.604148865E-2,1.943804623E0
8.077099582E0,-6.753517389E-1,-1.805512905E0,-3.968353271E-1,1.968109524E0
8.082139426E0,-4.735952914E-1,-1.789111853E0,-6.418485641E-1,1.958872967E0
8.087165416E0,-2.297157347E-1,-1.957874656E0,-6.854104996E-1,2.087062538E0
8.092192759E0,-1.930207908E-1,-1.904346943E0,-6.280660629E-1,2.014512667E0
8.097218853E0,-9.066280723E-2,-1.743703008E0,-6.755886078E-1,1.872201883E0
8.102242551E0,8.302249014E-2,-1.672469497E0,-6.126852036E-1,1.783095654E0
8.107268384E0,3.000308275E-1,-1.633230686E0,-4.873237610E-1,1.730591061E0
8.112294218E0,2.162145674E-1,-1.377738357E0,-2.518367767E-1,1.417156830E0
8.117325728E0,3.056083024E-1,-1.332576871E0,-1.169490814E-2,1.367221387E0
8.122351926E0,4.099064767E-1,-1.254407644E0,2.233753204E-1,1.338453732E0
8.127378124E0,4.710823894E-1,-1.172646046E0,3.719482422E-1,1.317331720E0
8.132404322E0,4.697687328E-1,-1.179023147E0,4.339513779E-1,1.341302367E0
8.137396145E0,4.397540689E-1,-1.106807470E0,4.475803375E-1,1.272295004E0
8.142420624E0,4.767399132E-1,-1.204723239E0,4.081029892E-1,1.358376633E0
8.147445103E0,4.512360394E-1,-1.314579964E0,4.016876221E-1,1.446750632E0
8.152476457E0,4.538890421E-1,-1.416752696E0,3.231658936E-1,1.522379604E0
8.157501405E0,3.701340258E-1,-1.477204204E0,2.827301025E-1,1.548892432E0
8.162526353E0,3.054739535E-1,-1.538752317E0,2.612533569E-1,1.590385597E0
8.167587239E0,2.310217321E-1,-1.634531260E0,2.157392502E-1,1.664814375E0
8.172614582E0,-3.984115273E-2,-1.750063896E0,6.493473053E-2,1.751721290E0
8.177641926E0,-2.916892469E-1,-1.755809784E0,-9.530067444E-2,1.782423303E0
8.182661093E0,-1.323499233E-1,-1.713936567E0,-1.357984543E-1,1.724394467E0
8.187687916E0,-2.626612782E-2,-1.590640783E0,-2.479209900E-1,1.610059883E0
8.192709582E0,6.031049788E-2,-1.424318552E0,-2.785501480E-1,1.452553228E0
8.197735884E0,4.188165069E-2,-1.205289602E0,-1.894989014E-1,1.220814045E0
8.202761926E0,8.104921132E-2,-9.383647442E-1,4.748344421E-3,9.418704341E-1
8.207788176E0,8.214212954E-2,-7.626473904E-1,8.398914337E-2,7.716427591E-1
8.212818593E0,1.168002337E-1,-6.020512581E-1,1.486749649E-1,6.310406145E-1
8.217845259E0,1.084793955E-1,-4.423787594E-1,1.892185211E-1,4.932244872E-1
8.222871926E0,1.002330929E-1,-3.269639015E-1,1.147136688E-1,3.607094282E-1
8.227898593E0,8.726303279E-2,-1.460564137E-1,1.750946045E-3,1.701481080E-1
8.232922447E0,1.079724729E-1,-2.861189842E-2,-1.160917282E-1,1.611024053E-1
8.237948957E0,6.191284955E-2,4.972147942E-2,-2.530755997E-1,2.652408068E-1
8.242970207E0,1.135163009E-2,5.591416359E-2,-3.803939819E-1,3.846489759E-1
8.247996145E0,3.769974411E-2,-3.353619576E-2,-4.597263336E-1,4.624870257E-1
8.253024374E0,1.124481857E-1,-1.178817749E-1,-3.906593323E-1,4.232675528E-1
8.258050572E0,1.778852195E-1,-2.496409416E-1,-2.642192841E-1,4.046919583E-1
8.263073020E0,2.768779993E-1,-3.713202477E-1,-9.002780914E-2,4.718529000E-1
8.268098801E0,2.991502285E-1,-4.589622021E-1,1.318759918E-1,5.634966188E-1
8.273124582E0,3.833016753E-1,-5.655252934E-1,3.439722061E-1,7.648894759E-1
8.278150364E0,4.191850424E-1,-6.580660343E-1,4.935350418E-1,9.232246979E-1
8.283192291E0,4.593731165E-1,-6.747646332E-1,6.140413284E-1,1.021458625E0
8.288218905E0,4.657545686E-1,-7.261056900E-1,6.910829544E-1,1.105329110E0
8.293230884E0,4.528827071E-1,-7.405524254E-1,6.768264771E-1,1.100733719E0
8.298256041E0,4.732358456E-1,-7.420945168E-1,6.144208908E-1,1.073391573E0
8.303281457E0,4.024366736E-1,-7.213451862E-1,4.704093933E-1,9.505678047E-1
8.308306614E0,3.935220242E-1,-6.783804893E-1,3.166198730E-1,8.457587220E-1
8.313331770E0,3.796243668E-1,-6.706166267E-1,1.674089432E-1,7.885854894E-1
8.318361093E0,3.605815172E-1,-6.257696152E-1,2.289676666E-2,7.225862604E-1
8.323386509E0,3.455562592E-1,-5.814855099E-1,-2.124004364E-1,7.089770601E-1
8.328411926E0,3.637634516E-1,-5.995826721E-1,-3.422174454E-1,7.803435201E-1
8.333437343E0,3.441436291E-1,-6.030600071E-1,-4.192113876E-1,8.110822382E-1
8.338466301E0,2.632063031E-1,-5.779924393E-1,-4.339876175E-1,7.692191300E-1
8.343491926E0,7.342091203E-2,-5.395579338E-1,-3.963861465E-1,6.735245886E-1
8.348511249E0,-5.426302552E-3,-5.167636871E-1,-3.447933197E-1,6.212540434E-1
8.353536249E0,-8.847945929E-2,-5.041544437E-1,-3.268871307E-1,6.073347628E-1
8.358561249E0,-1.084991246E-1,-5.538141727E-1,-2.612104416E-1,6.218625996E-1
8.363565259E0,-1.179993674E-1,-5.938911438E-1,-9.999465942E-2,6.137014529E-1
8.368588801E0,-7.916672528E-2,-6.149396896E-1,2.750110626E-2,6.206242850E-1
8.373612343E0,7.898256183E-3,-6.554658413E-1,1.882228851E-1,6.820012508E-1
8.378635884E0,1.524491161E-1,-7.302527428E-1,2.529020309E-1,7.876986978E-1
8.383659426E0,2.635377645E-1,-7.153255939E-1,3.267793655E-1,8.294140175E-1
8.388695364E0,3.887199759E-1,-7.447886467E-1,2.520170212E-1,8.771122659E-1
8.393719426E0,4.706475139E-1,-7.706627846E-1,1.292572021E-1,9.122157827E-1
8.398743489E0,5.570797324E-1,-8.264641762E-1,-5.578899384E-2,9.982450975E-1
8.403792291E0,5.573046207E-1,-8.546416759E-1,-1.977996826E-1,1.039290888E0
8.408818020E0,5.383796692E-1,-9.745035172E-1,-3.254537582E-1,1.159926688E0
8.413852916E0,5.242637992E-1,-1.008834839E0,-4.196023941E-1,1.211885487E0
8.418879582E0,5.292848945E-1,-1.048654556E0,-5.328998566E-1,1.289884156E0
8.423906249E0,4.819326699E-1,-1.142005444E0,-5.745086670E-1,1.366197548E0
8.428903905E0,4.397551715E-1,-1.288207769E0,-5.826406479E-1,1.480653232E0
8.433928645E0,4.176612496E-1,-1.367128849E0,-4.950685501E-1,1.512803715E0
8.438953384E0,3.727800846E-1,-1.454662800E0,-2.304658890E-1,1.519250927E0
8.443978124E0,3.341218531E-1,-1.551201820E0,-4.355430603E-3,1.586784002E0
8.449007916E0,2.925567627E-1,-1.696080089E0,2.691555023E-1,1.742045295E0
8.454032916E0,2.768541574E-1,-1.794061661E0,4.512233734E-1,1.870536821E0
8.459057916E0,2.483847737E-1,-1.826297164E0,5.419359207E-1,1.921132705E0
8.464086614E0,2.785124183E-1,-1.844888091E0,5.463294983E-1,1.944134038E0
8.469111822E0,2.522795796E-1,-1.863813758E0,5.459012985E-1,1.958431755E0
8.474160884E0,2.750524282E-1,-1.854752183E0,4.640703201E-1,1.931610924E0
8.479188489E0,3.510655165E-1,-1.837339163E0,3.152065277E-1,1.896949486E0
8.484217968E0,3.416171670E-1,-1.869795203E0,1.470699310E-1,1.906427537E0
8.489245728E0,3.135676086E-1,-1.846779704E0,1.710605621E-2,1.873289230E0
8.494272134E0,2.997294962E-1,-1.887058258E0,-7.454395294E-2,1.912167211E0
8.499299739E0,3.235625327E-1,-1.898832202E0,-1.297664642E-2,1.926246307E0
8.504327343E0,2.984178662E-1,-2.006828308E0,1.776399612E-1,2.036656337E0
8.509354947E0,2.767458260E-1,-2.149570942E0,4.013500214E-1,2.204160912E0
8.514342968E0,2.249915153E-1,-2.264494419E0,6.438369751E-1,2.364969811E0
8.519368593E0,1.437409669E-1,-2.361532688E0,9.815397263E-1,2.561428964E0
8.524394218E0,4.756383598E-2,-2.445611477E0,1.495630264E0,2.867086971E0
8.529417551E0,-1.732182205E-1,-2.579929829E0,2.070954323E0,3.312837799E0
8.534443020E0,-3.563372195E-1,-2.683723927E0,2.616499901E0,3.765026170E0
8.539468489E0,-4.878951013E-1,-2.809785843E0,3.003190994E0,4.141508694E0
8.544493957E0,-6.155232787E-1,-2.910326242E0,3.231255531E0,4.392024596E0
8.549520207E0,-7.965064645E-1,-2.966110706E0,3.305741310E0,4.512223496E0
8.554545728E0,-8.916910887E-1,-2.919440508E0,3.365630150E0,4.543755295E0
8.559571249E0,-9.297101498E-1,-2.933010101E0,3.372729301E0,4.565327169E0
8.564631562E0,-9.965829849E-1,-2.849180698E0,3.135821342E0,4.352514651E0
8.569659426E0,-1.048350692E0,-2.829337597E0,2.928033829E0,4.204470539E0
8.574687291E0,-1.152073503E0,-2.681810379E0,2.773310661E0,4.026242950E0
8.579711926E0,-1.212362885E0,-2.511312485E0,2.733856201E0,3.905186793E0
8.584739582E0,-1.301086783E0,-2.432212830E0,2.776112556E0,3.913475053E0
8.589753228E0,-1.403972626E0,-2.295829535E0,2.804366112E0,3.886700615E0
8.594779478E0,-1.425938725E0,-2.102258921E0,2.794714928E0,3.776668551E0
8.599805728E0,-1.343049884E0,-1.923674107E0,2.900214195E0,3.730354867E0
8.604837291E0,-1.250821590E0,-1.766473174E0,2.991467476E0,3.692405691E0
8.609863853E0,-1.201990128E0,-1.679367065E0,2.748043060E0,3.437556497E0
8.614890416E0,-1.277368307E0,-1.542672992E0,2.079558372E0,2.887225792E0
8.619919582E0,-1.179379582E0,-1.589315772E0,1.603639603E0,2.547257505E0
8.624946353E0,-9.073553085E-1,-1.645257592E0,1.554515839E0,2.438582722E0
8.629970416E0,-4.709851444E-1,-1.881600499E0,1.568237305E0,2.494316678E0
8.634996874E0,-1.490038484E-1,-2.235853672E0,1.525130272E0,2.710584095E0
8.640022447E0,1.862360239E-1,-2.908827782E0,1.659546852E0,3.354110713E0
8.645048801E0,4.712746143E-1,-4.111451626E0,1.607724190E0,4.439697209E0
8.650077082E0,9.685106277E-1,-5.992204666E0,1.441578865E0,6.238804310E0
8.655103645E0,1.577756524E0,-8.430863380E0,8.599567413E-1,8.620226133E0
8.660126249E0,2.204070330E0,-1.037353706E1,1.298113823E0,1.068425462E1
8.665152395E0,1.839422941E0,-6.043718815E0,1.707420349E0,6.544104073E0
8.670177291E0,1.236300111E0,-1.122024059E0,2.652278900E0,3.134000529E0
8.675203332E0,8.918299675E-1,9.256051183E-1,2.912579536E0,3.183586827E0
8.680229374E0,5.217695832E-1,1.665044188E0,2.307540894E0,2.892984726E0
8.685252968E0,1.785687208E-1,1.706385493E0,1.335703850E0,2.174337374E0
8.690278801E0,-1.607644856E-1,1.210299969E0,6.288452148E-1,1.373359945E0
8.695304634E0,-5.771549344E-1,1.044748664E0,1.339969635E-1,1.201067348E0
8.700336614E0,-8.983033299E-1,9.567494392E-1,-3.117513657E-1,1.348891128E0
8.705362864E0,-1.209941268E0,1.290735722E0,-5.458879471E-1,1.851472448E0
8.710389114E0,-1.387300372E0,1.332251310E0,-7.694540024E-1,2.071606946E0
8.715415051E0,-1.267347336E0,1.152204394E0,-9.249649048E-1,1.946613549E0
8.720441301E0,-1.036558270E0,1.065893769E0,-8.976297379E-1,1.736756092E0
8.725467551E0,-7.913950682E-1,1.230941534E0,-9.984769821E-1,1.771575428E0
8.730493801E0,-4.706018269E-1,1.638477683E0,-7.491588593E-1,1.862072553E0
8.735486145E0,-1.846588552E-1,1.724905849E0,-5.423517227E-1,1.817565534E0
8.740510676E0,9.986177087E-2,1.862856150E0,-3.922414780E-1,1.906320745E0
8.745535207E0,3.072738051E-1,1.790432930E0,-4.088726044E-1,1.862053725E0
8.750559739E0,4.100685418E-1,1.584786773E0,-4.390478134E-1,1.694835776E0
8.755609687E0,3.897860646E-1,1.336767554E0,-3.631744385E-1,1.439019230E0
8.760635520E0,2.514997721E-1,1.281216383E0,-4.110269547E-1,1.368835532E0
8.765661353E0,2.343361825E-1,1.068460226E0,-6.063327789E-1,1.250663880E0
8.770712707E0,2.466853857E-1,9.908190966E-1,-7.003126144E-1,1.238149393E0
8.775740207E0,1.924293488E-1,1.087893128E0,-7.507972717E-1,1.335753367E0
8.780767707E0,1.529282331E-1,1.158242941E0,-7.195730209E-1,1.372114823E0
8.785775572E0,1.898794174E-1,1.115916491E0,-5.876865387E-1,1.275421215E0
8.790801718E0,1.977747083E-1,1.031470537E0,-5.271968842E-1,1.175152271E0
8.795827864E0,2.002854645E-1,8.429722786E-1,-4.567794800E-1,9.794712977E-1
8.800854582E0,2.307379991E-1,7.035822868E-1,-3.382101059E-1,8.140357082E-1
8.805880728E0,2.272988558E-1,6.560451984E-1,-3.102045059E-1,7.604517787E-1
8.810906874E0,1.907895207E-1,6.475322247E-1,-3.487224579E-1,7.598065384E-1
8.815934947E0,1.263440996E-1,6.304998398E-1,-4.250869751E-1,7.708383851E-1
8.820961249E0,1.151543409E-1,5.767741203E-1,-3.672437668E-1,6.933951920E-1
8.825987551E0,8.519469202E-2,4.914560318E-1,-3.380727768E-1,6.025615065E-1
8.830977343E0,1.273686588E-1,4.180669785E-1,-3.520526886E-1,5.611986006E-1
8.836001197E0,1.261814386E-1,2.552440166E-1,-4.136972427E-1,5.022117801E-1
8.841025051E0,1.291240156E-1,7.992577553E-2,-3.987264633E-1,4.266660680E-1
8.846055207E0,1.171988100E-1,-6.098723412E-2,-3.978500366E-1,4.192131384E-1
8.851079478E0,9.068377316E-2,-2.590491772E-1,-4.491186142E-1,5.263435689E-1
8.856103749E0,7.398870587E-2,-4.284248352E-1,-5.427961349E-1,6.954493599E-1
8.861128020E0,1.946364529E-2,-6.215004921E-1,-4.828262329E-1,7.872501930E-1
8.866174687E0,-7.329462469E-2,-8.817715645E-1,-5.322723389E-1,1.032573018E0
8.871200051E0,-1.089973599E-1,-1.050568581E0,-7.247266769E-1,1.280938532E0
8.876242447E0,-1.597941220E-1,-1.209299088E0,-8.208980560E-1,1.470310193E0
8.881269634E0,-1.587907970E-1,-1.313979387E0,-7.734289169E-1,1.532954219E0
8.886296822E0,-1.822317839E-1,-1.398549318E0,-4.962949753E-1,1.495144582E0
8.891324478E0,-1.915985197E-1,-1.382087469E0,-2.766113281E-1,1.422458995E0
8.896351666E0,-2.155530304E-1,-1.254998207E0,-1.861114502E-1,1.286903680E0
8.901372916E0,-1.869113892E-1,-1.194402933E0,4.927635193E-3,1.208949344E0
8.906399530E0,-1.534811854E-1,-1.133646488E0,1.052227020E-1,1.148817937E0
8.911426145E0,-1.009048820E-1,-1.125900984E0,5.294609070E-2,1.131652822E0
8.916456926E0,3.941386938E-3,-1.070906878E0,-7.030200958E-2,1.073219198E0
8.921483801E0,4.170166701E-2,-1.030402660E0,-1.689739227E-1,1.044998018E0
8.926510676E0,5.079908669E-2,-1.013783455E0,-3.196773529E-1,1.064204421E0
8.931537551E0,7.887490839E-2,-9.489917755E-1,-4.937772751E-1,1.072670797E0
8.936554895E0,6.833027303E-2,-9.266939163E-1,-5.574531555E-1,1.083598016E0
8.941581301E0,9.104804695E-2,-8.757045269E-1,-6.970949173E-1,1.122982408E0
8.946607707E0,1.232799739E-1,-8.581655025E-1,-7.978553772E-1,1.178227136E0
8.951629322E0,1.606231332E-1,-7.926709652E-1,-8.024225235E-1,1.139301960E0
8.956655364E0,2.131451368E-1,-7.988064289E-1,-7.061538696E-1,1.087279103E0
8.961686666E0,2.379703522E-1,-7.375638485E-1,-5.762434006E-1,9.657570998E-1
8.966713280E0,2.399177551E-1,-7.090597153E-1,-2.503337860E-1,7.892991913E-1
8.971739895E0,2.952191532E-1,-6.562514305E-1,3.716945648E-2,7.205566299E-1
8.976744947E0,2.741910517E-1,-5.220446587E-1,1.429748535E-1,6.067562667E-1
8.981770155E0,2.864403427E-1,-4.078202248E-1,1.060152054E-1,5.095141111E-1
8.986795364E0,2.597973347E-1,-2.654862404E-1,-8.319854736E-2,3.806567972E-1
8.991810937E0,2.514248490E-1,-8.520269394E-2,-3.385362625E-1,4.302101287E-1
8.996835468E0,1.563176215E-1,6.618928909E-2,-5.930385590E-1,6.168556988E-1
9.001859999E0,1.182803512E-1,2.084732056E-1,-6.222667694E-1,6.668337508E-1
9.006884530E0,1.037546396E-1,3.080887794E-1,-7.181882858E-1,7.883388454E-1
9.011909062E0,4.570801556E-2,3.410882950E-1,-6.511182785E-1,7.364682344E-1
9.016933593E0,4.012577981E-2,4.074440002E-1,-6.505098343E-1,7.686245742E-1
9.021997864E0,2.498430759E-2,3.916134834E-1,-6.154146194E-1,7.298770375E-1
9.027023749E0,3.884597123E-2,3.807358742E-1,-5.942478180E-1,7.068233758E-1
9.032020155E0,4.825723171E-2,3.460183144E-1,-5.247631073E-1,6.304234712E-1
9.037043124E0,6.287043542E-2,2.296347618E-1,-3.732519150E-1,4.427209138E-1
9.042066093E0,5.901370943E-2,7.964754105E-2,-2.546682358E-1,2.732805500E-1
9.047094062E0,9.426428378E-2,-8.969402313E-2,-3.075590134E-1,3.339510738E-1
9.052117343E0,1.016036570E-1,-2.015051842E-1,-4.697437286E-1,5.211399169E-1
9.057140624E0,1.000342518E-1,-3.273777962E-1,-6.646976471E-1,7.476670616E-1
9.062163905E0,9.904597700E-2,-4.572906494E-1,-8.591899872E-1,9.783313742E-1
9.067227082E0,7.935011387E-2,-6.299138069E-1,-9.094734192E-1,1.109157223E0
9.072252395E0,3.601105511E-2,-8.060364723E-1,-8.737335205E-1,1.189286280E0
9.077277707E0,-1.213133335E-2,-9.671759605E-1,-6.177344322E-1,1.147681287E0
9.082309374E0,-1.037220284E-1,-1.109147549E0,-4.904546738E-1,1.217173912E0
9.087335103E0,-9.019336104E-2,-1.194161415E0,-4.627079964E-1,1.283843845E0
9.092363072E0,-1.100616008E-1,-1.217959881E0,-4.861888885E-1,1.316024112E0
9.097389009E0,-1.441169977E-1,-1.209321499E0,-5.607810020E-1,1.340784669E0
9.102412447E0,-9.194785357E-2,-1.115395546E0,-6.196317673E-1,1.279259614E0
9.107438124E0,-7.287539542E-2,-1.002903461E0,-6.390733719E-1,1.191444900E0
9.112464947E0,-3.926635534E-2,-7.804808617E-1,-5.956177711E-1,9.825745526E-1
9.117490728E0,-5.785048008E-3,-5.912132263E-1,-5.375661850E-1,7.990894499E-1
9.122517551E0,-1.075433195E-2,-3.580398560E-1,-5.849070549E-1,6.858749572E-1
9.127543437E0,3.643621504E-2,-1.907563210E-1,-6.133971214E-1,6.434062483E-1
9.132569322E0,1.023844182E-1,-6.033325195E-2,-7.333040237E-1,7.428710935E-1
9.137596926E0,9.184718132E-2,4.770231247E-2,-7.246437073E-1,7.319972116E-1
9.142622916E0,5.298928916E-2,6.627988815E-2,-6.401128769E-1,6.457130814E-1
9.147648905E0,3.490149975E-4,2.361583710E-2,-5.128188133E-1,5.133624108E-1
9.152675520E0,-2.770684659E-2,-8.547830582E-2,-3.519783020E-1,3.632670301E-1
9.157701562E0,-8.885017037E-2,-1.943006516E-1,-2.529840469E-1,3.311314301E-1
9.162724895E0,-8.252730966E-2,-4.178705215E-1,-2.155346870E-1,4.773695957E-1
9.167750624E0,-6.613878906E-2,-5.889692307E-1,-2.488183975E-1,6.427827697E-1
9.172776353E0,-3.002273291E-2,-7.697906494E-1,-3.240652084E-1,8.357614897E-1
9.177805937E0,-3.171565384E-2,-8.645076752E-1,-4.317860603E-1,9.668601786E-1
9.182831926E0,9.965509176E-3,-9.351210594E-1,-4.765324593E-1,1.049587487E0
9.187857916E0,8.659124374E-3,-9.288935661E-1,-5.637359619E-1,1.086607782E0
9.192861770E0,1.686120033E-2,-8.836884499E-1,-5.312228203E-1,1.031206702E0
9.197886301E0,-3.926493227E-3,-8.523802757E-1,-5.271854401E-1,1.002243503E0
9.202910832E0,-5.849594250E-2,-8.107604980E-1,-5.375328064E-1,9.745234109E-1
9.207935364E0,-6.097059324E-2,-7.539196014E-1,-5.624060631E-1,9.425565015E-1
9.212959895E0,-7.332325727E-2,-7.009463310E-1,-5.588378906E-1,8.994452996E-1
9.217996509E0,-1.049571857E-1,-6.759428978E-1,-5.792918205E-1,8.963781709E-1
9.223021509E0,-1.079291105E-1,-6.642761230E-1,-5.714235306E-1,8.828569034E-1
9.228031197E0,-1.061187834E-1,-6.039490700E-1,-5.781321526E-1,8.427647721E-1
9.233054687E0,-1.040941253E-1,-5.861968994E-1,-6.277761459E-1,8.651966720E-1
9.238072812E0,-5.889824778E-2,-5.916662216E-1,-6.965889931E-1,9.158461370E-1
9.243095728E0,-1.381792128E-2,-5.964069366E-1,-7.893533707E-1,9.894295896E-1
9.248118645E0,-5.954554677E-2,-6.145968437E-1,-8.871278763E-1,1.080865774E0
9.253163176E0,-2.850620449E-2,-6.798529625E-1,-8.749690056E-1,1.108414821E0
9.258187551E0,-2.628733218E-2,-7.438535690E-1,-8.444213867E-1,1.125636102E0
9.263211926E0,-2.421419322E-2,-8.451747894E-1,-7.712516785E-1,1.144436937E0
9.268236301E0,-1.271767914E-2,-8.977656364E-1,-7.463116646E-1,1.167529862E0
9.273298280E0,3.378301859E-3,-9.545888901E-1,-7.405004501E-1,1.208135869E0
9.278324582E0,9.709537029E-3,-9.433846474E-1,-7.448925972E-1,1.202054013E0
9.283350884E0,2.535646409E-2,-9.171261787E-1,-7.926244736E-1,1.212442549E0
9.288375259E0,4.549224675E-2,-8.998036385E-1,-8.548913002E-1,1.241996484E0
9.293401405E0,5.084615946E-2,-8.771233559E-1,-9.794321060E-1,1.315757563E0
9.298428905E0,4.126043618E-2,-8.968849182E-1,-1.051439762E0,1.382617284E0
9.303455207E0,2.645576745E-2,-9.112315178E-1,-1.061408043E0,1.399153251E0
9.308481509E0,6.314463913E-3,-1.006236076E0,-1.014235020E0,1.428713963E0
9.313507812E0,9.565193206E-2,-9.808511734E-1,-1.034469128E0,1.428756345E0
9.318578124E0,1.892885566E-1,-8.976016045E-1,-1.030902386E0,1.379955987E0
9.323606614E0,1.972302198E-1,-7.272968292E-1,-9.135246277E-1,1.184224507E0
9.328635103E0,1.768890023E-1,-5.946435928E-1,-8.782334328E-1,1.075260287E0
9.333663593E0,1.953345090E-1,-4.852623940E-1,-8.866753578E-1,1.029479651E0
9.338644791E0,1.184558794E-1,-3.319067955E-1,-8.674678802E-1,9.363196247E-1
9.343670884E0,1.757127643E-1,-2.308573723E-1,-8.246164322E-1,8.741638074E-1
9.348690520E0,1.755267382E-1,-1.675295830E-1,-7.297224998E-1,7.690063223E-1
9.353715937E0,2.042399645E-1,-1.038107872E-1,-6.830163002E-1,7.204178711E-1
9.358740207E0,1.897507608E-1,-1.210551262E-1,-6.700167656E-1,7.068112626E-1
9.363765520E0,1.989988089E-1,-1.521935463E-1,-7.050590515E-1,7.482457267E-1
9.368790832E0,1.601658762E-1,-1.779952049E-1,-6.973605156E-1,7.373242771E-1
9.373816145E0,1.355160177E-1,-2.224955559E-1,-7.520179749E-1,7.958642459E-1
9.378807030E0,1.249149069E-1,-3.190073967E-1,-7.926678658E-1,8.635344802E-1
9.383830676E0,1.475231946E-1,-3.434634209E-1,-8.235802650E-1,9.044416329E-1
9.388854322E0,9.351111203E-2,-3.198132515E-1,-8.018150330E-1,8.682926874E-1
9.393888332E0,3.950340301E-2,-3.103117943E-1,-8.852224350E-1,9.388677691E-1
9.398912707E0,1.891376078E-2,-2.479143143E-1,-9.016213417E-1,9.352755110E-1
9.403937082E0,-4.949745908E-2,-1.518678665E-1,-8.797178268E-1,8.941013937E-1
9.408961457E0,-5.566931143E-2,-3.650665283E-2,-8.339991570E-1,8.366519000E-1
9.414006041E0,-6.666160375E-2,5.019855499E-2,-6.638607979E-1,6.690850643E-1
9.419031405E0,-9.695671499E-2,2.041921616E-1,-5.181603432E-1,5.653186576E-1
9.424053593E0,-6.024870649E-2,3.009128571E-1,-3.583931923E-1,4.718306205E-1
9.429078645E0,-4.774849862E-2,3.689975739E-1,-2.130436897E-1,4.287502098E-1
9.434098749E0,-4.520363361E-2,3.653984070E-1,-1.824469566E-1,4.109090609E-1
9.439123280E0,-9.482681751E-3,3.666839600E-1,-2.137770653E-1,4.245558637E-1
9.444147812E0,4.500576109E-2,3.920974731E-1,-3.167371750E-1,5.060517612E-1
9.449165207E0,5.133803189E-2,3.412103653E-1,-4.291248322E-1,5.506434677E-1
9.454189270E0,8.601791412E-2,2.810859680E-1,-4.887833595E-1,5.703661767E-1
9.459213332E0,1.108722240E-1,1.544437408E-1,-5.677080154E-1,5.986968431E-1
9.464237395E0,1.117329746E-1,9.041690826E-2,-5.557446480E-1,5.740309998E-1
9.469261457E0,1.029841304E-1,-2.111911774E-2,-5.868272781E-1,5.961694412E-1
9.474337916E0,9.904232621E-2,-8.950042725E-2,-5.121374130E-1,5.292489383E-1
9.479364114E0,6.184068322E-2,-1.192598343E-1,-5.428247452E-1,5.592011107E-1
9.484375207E0,2.491845191E-2,-2.015457153E-1,-5.587382317E-1,5.944998033E-1
9.489399999E0,2.168670297E-2,-2.264289856E-1,-6.361317635E-1,6.755768047E-1
9.494424791E0,4.493996501E-3,-2.705507278E-1,-6.935098171E-1,7.444284780E-1
9.499467968E0,-7.619619370E-3,-3.147954941E-1,-7.833902836E-1,8.443071705E-1
9.504494114E0,-1.936003566E-2,-3.351860046E-1,-8.341095448E-1,8.991458176E-1
9.509520259E0,-4.515399039E-2,-3.699769974E-1,-9.127066135E-1,9.858778950E-1
9.514510468E0,-4.676309228E-2,-3.759527206E-1,-9.238207340E-1,9.984848439E-1
9.519534218E0,-6.742767245E-2,-3.056411743E-1,-9.194171429E-1,9.712316413E-1
9.524557968E0,-2.589432895E-2,-2.881479263E-1,-9.236338139E-1,9.678838597E-1
9.529581718E0,-3.474667668E-3,-2.133998871E-1,-9.651491642E-1,9.884657274E-1
9.534661353E0,1.411125064E-2,-2.011880875E-1,-9.478588104E-1,9.690779630E-1
9.539687916E0,8.903437853E-2,-1.218748093E-1,-9.397506714E-1,9.517940502E-1
9.544714478E0,1.353309304E-1,-5.221748352E-2,-9.117410183E-1,9.232078914E-1
9.549697395E0,1.578628570E-1,-2.072429657E-2,-8.833785057E-1,8.976122562E-1
9.554721093E0,2.619470656E-1,-3.784179688E-3,-9.207484722E-1,9.572921886E-1
9.559744791E0,2.467447221E-1,2.748394012E-2,-9.906585217E-1,1.021294586E0
9.564768489E0,2.750164568E-1,8.746051788E-2,-1.102723598E0,1.139860837E0
9.569825416E0,2.272659987E-1,1.090841293E-1,-1.170588255E0,1.197424755E0
9.574850832E0,2.280899137E-1,9.279251099E-2,-1.238343716E0,1.262588855E0
9.579845312E0,1.864268780E-1,6.256675720E-2,-1.282126904E0,1.297119492E0
9.584867707E0,1.120063663E-1,1.820278168E-2,-1.358764291E0,1.363494468E0
9.589901041E0,1.147619784E-1,-1.625347137E-2,-1.425460219E0,1.430164789E0
9.594924582E0,3.650544584E-2,-5.504322052E-2,-1.449072003E0,1.450576463E0
9.599948124E0,-1.301006973E-2,-6.938171387E-2,-1.468144059E0,1.469840149E0
9.605006770E0,-7.707239687E-2,-1.310873032E-1,-1.420373797E0,1.428490728E0
9.610032551E0,-1.128729060E-1,-1.202173233E-1,-1.459876895E0,1.469160660E0
9.615053697E0,-1.204775199E-1,-1.470260620E-1,-1.509575129E0,1.521495503E0
9.620079009E0,-1.381604522E-1,-1.731739044E-1,-1.488314390E0,1.504711679E0
9.625108124E0,-1.997370124E-1,-2.512025833E-1,-1.449042320E0,1.484156750E0
9.630133853E0,-2.382639945E-1,-2.661943436E-1,-1.358628750E0,1.404813596E0
9.635159582E0,-2.202973962E-1,-3.521251678E-1,-1.269866228E0,1.336070101E0
9.640185312E0,-2.177677155E-1,-4.085016251E-1,-1.177980900E0,1.265675849E0
9.645219634E0,-1.922080815E-1,-4.975538254E-1,-1.039963365E0,1.168771815E0
9.650245780E0,-1.721213311E-1,-5.523700714E-1,-9.561136961E-1,1.117538298E0
9.655271926E0,-1.574961096E-1,-5.587825775E-1,-9.642053843E-1,1.125493233E0
9.660325728E0,-1.147814095E-1,-5.121479034E-1,-1.011286736E0,1.139373121E0
9.665353749E0,-1.010453254E-1,-5.224494934E-1,-1.169401169E0,1.284781197E0
9.670381770E0,-1.258210987E-1,-4.558076859E-1,-1.280276537E0,1.364807535E0
9.675396666E0,-9.326110035E-2,-3.219432831E-1,-1.468127131E0,1.505902515E0
9.680423801E0,-1.132420301E-1,-2.262010574E-1,-1.689672232E0,1.708503124E0
9.685450937E0,-8.985892683E-2,-1.350145340E-1,-1.820737839E0,1.827946889E0
9.690496822E0,-7.565632463E-2,-5.502700806E-4,-1.914108276E0,1.915602954E0
9.695525155E0,-8.972191811E-2,6.719875336E-2,-1.931854963E0,1.935104466E0
9.700553489E0,-7.459209859E-2,1.496286392E-1,-1.883760929E0,1.891165765E0
9.705581822E0,-8.291134238E-2,2.562961578E-1,-1.798703194E0,1.818761994E0
9.710610155E0,-7.168561220E-2,3.106012344E-1,-1.671795845E0,1.701914599E0
9.715553957E0,-5.528609455E-2,3.748779297E-1,-1.532284498E0,1.578444107E0
9.720578853E0,-3.872513771E-2,4.392890930E-1,-1.460350513E0,1.525482929E0
9.725603749E0,-1.256375015E-2,4.847955704E-1,-1.355906010E0,1.440022812E0
9.730655728E0,-1.029472053E-2,4.731149673E-1,-1.304909945E0,1.388068340E0
9.735682395E0,-2.237619460E-2,5.143623352E-1,-1.202343464E0,1.307936968E0
9.740709062E0,-2.966868877E-2,5.223178864E-1,-1.172318459E0,1.283754951E0
9.745754947E0,2.980256081E-2,5.304565430E-1,-1.181062937E0,1.295060615E0
9.750782916E0,4.127825797E-2,5.005340576E-1,-1.214291334E0,1.314055433E0
9.755793384E0,6.702007353E-2,4.947834015E-1,-1.276855707E0,1.371007951E0
9.760819687E0,1.069299579E-1,5.083436966E-1,-1.315883875E0,1.414707638E0
9.765857655E0,1.468163133E-1,5.124921799E-1,-1.307521224E0,1.412025147E0
9.770885155E0,1.054792106E-1,4.737424850E-1,-1.404781342E0,1.486259878E0
9.775904166E0,2.135008574E-2,4.591579437E-1,-1.478748322E0,1.548540746E0
9.780930832E0,9.098023176E-3,3.969745636E-1,-1.510345459E0,1.561670575E0
9.785957499E0,-3.261744976E-3,3.589839935E-1,-1.533089519E0,1.574561405E0
9.790984166E0,-1.072624326E-2,3.116674423E-1,-1.704815269E0,1.733103213E0
9.795993124E0,-6.117731333E-2,2.598724365E-1,-1.772199035E0,1.792195794E0
9.801018905E0,-3.505413234E-2,2.179374695E-1,-1.792719126E0,1.806257843E0
9.806044687E0,-1.374632120E-2,1.667070389E-1,-1.713799000E0,1.721942859E0
9.811070468E0,2.664577961E-2,1.491947174E-1,-1.683612108E0,1.690419709E0
9.816085624E0,7.190018892E-2,1.031684875E-1,-1.611166716E0,1.616066694E0
9.821110884E0,7.413271070E-2,1.099004745E-1,-1.539180040E0,1.544878303E0
9.826125676E0,1.243231893E-1,1.502113342E-1,-1.539510369E0,1.551809227E0
9.831149843E0,1.650638878E-1,2.049131393E-1,-1.568959117E0,1.590870263E0
9.836174009E0,1.916547716E-1,2.739906311E-1,-1.617960215E0,1.652149410E0
9.841206301E0,1.897471249E-1,3.574266434E-1,-1.629123807E0,1.678631036E0
9.846230989E0,1.881778240E-1,4.504518509E-1,-1.631444931E0,1.702918180E0
9.851254687E0,1.821762323E-1,5.051860809E-1,-1.653356791E0,1.738387135E0
9.856279270E0,8.553856611E-2,5.838642120E-1,-1.742751956E0,1.839945283E0
9.861303853E0,1.306831837E-2,6.530008316E-1,-1.837533951E0,1.950156888E0
9.866328437E0,6.024396420E-2,5.548133850E-1,-1.846987605E0,1.929458587E0
9.871353020E0,5.487942696E-2,6.194591522E-1,-1.900136113E0,1.999314543E0
9.876439322E0,3.533080220E-2,6.650037766E-1,-1.882177591E0,1.996514657E0
9.881466405E0,-8.007496595E-3,6.915273666E-1,-1.913169742E0,2.034328557E0
9.886493489E0,-3.209221363E-2,6.750936508E-1,-1.892296910E0,2.009370285E0
9.891509634E0,-3.691151738E-2,7.018594742E-1,-1.929787874E0,2.053789284E0
9.896535989E0,-1.781800389E-2,7.191791534E-1,-1.977864742E0,2.104634190E0
9.901562343E0,-4.639737308E-2,7.414216995E-1,-2.027074575E0,2.158909490E0
9.906571978E0,-6.999243796E-2,7.494630814E-1,-2.101444721E0,2.232188112E0
9.911597187E0,-6.485055387E-2,7.289876938E-1,-2.143628597E0,2.265120795E0
9.916622395E0,-8.362953365E-2,6.944036484E-1,-2.139535427E0,2.250955835E0
9.921647395E0,-8.809211850E-2,6.696348190E-1,-2.127431393E0,2.232069744E0
9.926672551E0,-1.021242440E-1,6.402988434E-1,-2.083259344E0,2.181829843E0
9.931699843E0,-6.838323176E-2,6.064033508E-1,-2.011841774E0,2.102357870E0
9.936725207E0,-1.180619001E-3,6.301021576E-1,-1.960878849E0,2.059630060E0
9.941750572E0,8.589506149E-3,5.678386688E-1,-1.944594145E0,2.025823517E0
9.946775937E0,1.836076379E-2,5.488386154E-1,-1.929409504E0,2.006036385E0
9.951797968E0,2.338138223E-2,5.395708084E-1,-1.896184564E0,1.971598145E0
9.956823176E0,5.230757594E-2,4.874420166E-1,-1.897712946E0,1.960012813E0
9.961855155E0,3.820705414E-2,4.833469391E-1,-1.928971767E0,1.988973635E0
9.966881041E0,9.885489941E-3,4.507131577E-1,-1.951692343E0,2.003083392E0
9.971906926E0,1.524344087E-2,4.421901703E-1,-1.942037582E0,1.991801818E0
9.976932812E0,6.435811520E-3,4.194860458E-1,-1.919130445E0,1.964451991E0
9.981954634E0,-2.625259757E-2,4.065170288E-1,-1.906730890E0,1.949761006E0
9.986980312E0,-4.442138970E-2,3.698110580E-1,-1.909733772E0,1.945717492E0
9.992005989E0,-5.776332319E-2,3.572196960E-1,-1.794147968E0,1.830275784E0
9.997031666E0,-2.328619361E-2,3.400192261E-1,-1.760932565E0,1.793610554E0
1.000205734E1,-4.146502912E-2,3.708028793E-1,-1.695055723E0,1.735634762E0
1.000710250E1,-5.478145182E-2,3.921203613E-1,-1.577397585E0,1.626327927E0
1.001212896E1,1.325577497E-2,3.847990036E-1,-1.522402883E0,1.570336437E0
1.001715542E1,-1.456859708E-2,3.536968231E-1,-1.453692675E0,1.496173813E0
1.002213422E1,-2.319586277E-2,3.322677612E-1,-1.480941772E0,1.517935587E0
1.002715745E1,-1.753240824E-2,3.588409424E-1,-1.504109740E0,1.546421779E0
1.003218068E1,-1.666617393E-2,3.806953430E-1,-1.537172914E0,1.583700499E0
1.003721484E1,-5.400581658E-2,3.453025818E-1,-1.532751441E0,1.572093344E0
1.004223880E1,-4.833154380E-2,3.722705841E-1,-1.552865744E0,1.597596114E0
1.004729463E1,-5.702711642E-2,3.755064011E-1,-1.554835677E0,1.600553383E0
1.005232182E1,-8.002385497E-2,3.837022781E-1,-1.548025012E0,1.596875917E0
1.005733255E1,-9.839195013E-2,3.777074814E-1,-1.551416278E0,1.599761352E0
1.006235807E1,-1.024314165E-1,3.480253220E-1,-1.431390524E0,1.476649130E0
1.006738880E1,-1.016413867E-1,3.185615540E-1,-1.240455270E0,1.284734102E0
1.007241484E1,-7.709485292E-2,3.179769516E-1,-1.370602012E0,1.409114201E0
1.007744088E1,-7.662126422E-2,3.031892776E-1,-1.309679508E0,1.346497297E0
1.008247906E1,-1.393568516E-2,2.790489197E-1,-1.072546005E0,1.108339946E0
1.008750588E1,-3.794342279E-3,2.167577744E-1,-1.218325377E0,1.237463152E0
1.009253271E1,-1.270529628E-2,2.216272354E-1,-1.239868164E0,1.259584503E0
1.009755953E1,7.188349962E-3,2.218685150E-1,-1.123135805E0,1.144863025E0
1.010259526E1,2.705550194E-2,1.983356476E-1,-1.179004431E0,1.195876447E0
1.010762250E1,5.653014779E-2,2.132301331E-1,-1.230306625E0,1.249926854E0
1.011264974E1,4.759803414E-2,1.696624756E-1,-1.263348818E0,1.275578756E0
1.011766062E1,1.972699165E-2,2.120828629E-1,-1.310810089E0,1.328002780E0
1.012268677E1,6.371408701E-3,2.164001465E-1,-1.420485854E0,1.436888889E0
1.012771292E1,1.212549210E-2,2.114295959E-1,-1.534888148E0,1.549429292E0
1.013273906E1,-5.905032158E-3,2.257966995E-1,-1.611497760E0,1.627250457E0
1.013776891E1,-2.840445936E-2,2.403879166E-1,-1.688794494E0,1.706053928E0
1.014279526E1,-6.036973000E-2,2.172574997E-1,-1.686187267E0,1.701197468E0
1.014779979E1,-7.324415445E-2,1.804265976E-1,-1.561364174E0,1.573460056E0
1.015282396E1,-4.351551831E-2,1.157903671E-1,-1.429356575E0,1.434699003E0
1.015784812E1,-9.317710996E-3,3.773880005E-2,-1.261285424E0,1.261884289E0
1.016289547E1,4.361718893E-2,-3.936290741E-2,-1.085911870E0,1.087500109E0
1.016792120E1,3.917372227E-2,-9.663772583E-2,-9.597275257E-1,9.653757580E-1
1.017294693E1,9.178507328E-2,-1.674919128E-1,-8.158068657E-1,8.378656710E-1
1.017800255E1,6.328508258E-2,-8.553791046E-2,-7.827925682E-1,7.899911016E-1
1.018303026E1,8.250015974E-2,-8.960056305E-2,-7.642314434E-1,7.738761118E-1
1.018805797E1,1.156096160E-1,-9.344291687E-2,-7.744212151E-1,7.885590532E-1
1.019308568E1,9.138235450E-2,-1.065158844E-1,-8.798005581E-1,8.909238971E-1
1.019807609E1,5.781546235E-2,-8.128356934E-2,-9.797539711E-1,9.848185062E-1
1.020310193E1,1.014673710E-2,-7.959270477E-2,-1.075117826E0,1.078107738E0
1.020814135E1,-1.340676844E-2,-2.527141571E-2,-1.161154270E0,1.161506619E0
1.021316854E1,-7.948556542E-2,6.702327728E-2,-1.276009083E0,1.280237968E0
1.021819573E1,-7.393947244E-2,1.638975143E-1,-1.325022936E0,1.337166864E0
1.022318677E1,-3.993646801E-2,2.415580750E-1,-1.346638441E0,1.368714841E0
1.022821151E1,-7.719120383E-2,2.244081497E-1,-1.303843975E0,1.325264732E0
1.023323625E1,-9.513598680E-2,2.603912354E-1,-1.177850485E0,1.210035626E0
1.023825359E1,-1.036416143E-1,3.252820969E-1,-1.177995920E0,1.226468269E0
1.024327781E1,-1.265405267E-1,2.859067917E-1,-1.084793210E0,1.128951508E0
1.024830703E1,-1.021447927E-1,2.760896683E-1,-1.074578166E0,1.114171126E0
1.025333177E1,-9.734338522E-2,2.195587158E-1,-1.070420861E0,1.097033538E0
1.025835651E1,-1.263535768E-1,1.879892349E-1,-1.105598569E0,1.128562526E0
1.026338125E1,-1.041122228E-1,1.011209488E-1,-1.140178561E0,1.149378942E0
1.026842620E1,-1.349887699E-1,1.045894623E-2,-1.190457225E0,1.198131780E0
1.027345193E1,-8.974060416E-2,-2.666854858E-2,-1.198730350E0,1.202380571E0
1.027847766E1,-1.024450958E-1,-7.719421387E-2,-1.170003533E0,1.177014109E0
1.028349713E1,-9.649199247E-2,-1.746463776E-1,-1.084901810E0,1.103097456E0
1.028852240E1,-9.584724903E-2,-2.711162567E-1,-9.913098812E-1,1.032175373E0
1.029354766E1,-7.184240222E-2,-3.858232498E-1,-9.558639526E-1,1.033294153E0
1.029856734E1,-3.390355408E-2,-4.806213379E-1,-9.589438438E-1,1.073182006E0
1.030359224E1,3.722995520E-3,-5.506935120E-1,-9.671616554E-1,1.112959511E0
1.030861713E1,7.655739784E-3,-5.624809265E-1,-1.028601170E0,1.172375268E0
1.031364203E1,4.522538185E-2,-5.829267502E-1,-1.047736406E0,1.199833534E0
1.031866693E1,6.857952476E-2,-5.830945969E-1,-9.533927441E-1,1.119669677E0
1.032375448E1,6.333675981E-2,-6.152391434E-1,-8.134784698E-1,1.021899197E0
1.032878198E1,9.194818139E-2,-6.561994553E-1,-5.877683163E-1,8.857334739E-1
1.033380948E1,1.402583420E-1,-6.772317886E-1,-3.912296295E-1,7.945916694E-1
1.033883698E1,1.844669580E-1,-7.216644287E-1,-2.662527561E-1,7.910234740E-1
1.034385807E1,2.342873812E-1,-7.562894821E-1,-1.594934464E-1,8.076524730E-1
1.034888521E1,2.230107188E-1,-7.620453835E-1,-9.957647324E-2,8.002264812E-1
1.035391234E1,1.887660623E-1,-7.103767395E-1,-1.484322548E-1,7.498665698E-1
1.035893948E1,1.316432953E-1,-7.160115242E-1,-2.010378838E-1,7.552606773E-1
1.036396266E1,8.952307701E-2,-6.591706276E-1,-3.103065491E-1,7.340370917E-1
1.036898958E1,1.438465714E-2,-6.065483093E-1,-4.529490471E-1,7.571463591E-1
1.037396760E1,-2.693128586E-2,-6.012749672E-1,-6.095857620E-1,8.566514353E-1
1.037898974E1,-7.313342392E-2,-5.801711082E-1,-7.102680206E-1,9.200150399E-1
1.038402370E1,-1.245351434E-1,-5.048103333E-1,-8.844141960E-1,1.025929308E0
1.038904708E1,-1.381975412E-1,-4.755196571E-1,-9.169206619E-1,1.042094528E0
1.039408542E1,-1.475175917E-1,-5.158238411E-1,-7.845168114E-1,9.504221705E-1
1.039911026E1,-9.039740264E-2,-5.352015495E-1,-5.390658379E-1,7.649865140E-1
1.040412297E1,-8.607999980E-2,-6.298604012E-1,-2.179346085E-1,6.720337677E-1
1.040914651E1,-7.204608619E-2,-6.854567528E-1,2.669429779E-2,6.897493632E-1
1.041417005E1,-6.243509054E-2,-7.074522972E-1,2.103080750E-1,7.406864247E-1
1.041919359E1,-1.241401434E-1,-6.818652153E-1,2.330188751E-1,7.311967883E-1
1.042424505E1,-1.516817510E-1,-6.851038933E-1,1.711754799E-1,7.222712393E-1
1.042926995E1,-1.500007212E-1,-6.698279381E-1,9.259080887E-2,6.926346374E-1
1.043429484E1,-1.623729318E-1,-6.595511436E-1,6.107330322E-3,6.792716537E-1
1.043934010E1,-1.648246795E-1,-6.634144783E-1,-1.128849983E-1,6.928412284E-1
1.044436640E1,-1.335397959E-1,-6.049036980E-1,-2.404241562E-1,6.644886273E-1
1.044939271E1,-1.069431007E-1,-5.648980141E-1,-3.198657036E-1,6.579214706E-1
1.045440614E1,-4.691201448E-2,-5.384440422E-1,-4.758071899E-1,7.200799995E-1
1.045943156E1,-6.819923222E-2,-5.347456932E-1,-5.794968605E-1,7.914674365E-1
1.046443672E1,-4.183456302E-2,-5.062260628E-1,-6.353373528E-1,8.134300886E-1
1.046946010E1,-7.292459905E-2,-5.962567329E-1,-5.813822746E-1,8.359697590E-1
1.047448349E1,-7.028703392E-2,-7.047290802E-1,-5.175423622E-1,8.771735520E-1
1.047953969E1,-1.200073957E-1,-8.030042648E-1,-4.532876015E-1,9.298856242E-1
1.048456531E1,-1.217919588E-1,-8.536801338E-1,-3.827338219E-1,9.434448741E-1
1.048957958E1,-1.331848353E-1,-9.045715332E-1,-4.016804695E-1,9.986666404E-1
1.049460406E1,-1.062451303E-1,-9.266395569E-1,-3.765940666E-1,1.005868772E0
1.049962854E1,-8.871513605E-2,-9.628887177E-1,-3.841729164E-1,1.040487332E0
1.050466385E1,-5.659835041E-2,-9.556894302E-1,-4.007582664E-1,1.037859744E0
1.050968906E1,-1.951597631E-2,-9.241766930E-1,-5.077033043E-1,1.054630778E0
1.051471427E1,-3.480525315E-2,-8.200011253E-1,-5.812129974E-1,1.005694685E0
1.051973948E1,2.201163769E-2,-7.768836021E-1,-6.646656990E-1,1.022650055E0
1.052481375E1,4.581397772E-2,-7.605981827E-1,-5.244383812E-1,9.250103414E-1
1.052984140E1,7.013240457E-2,-8.248395920E-1,-3.125128746E-1,8.848407786E-1
1.053486906E1,7.105591893E-2,-8.786811829E-1,-1.628222466E-1,8.964600653E-1
1.053989672E1,7.716813684E-2,-9.416079521E-1,-9.402608871E-2,9.494321262E-1
1.054490359E1,8.825181425E-2,-9.948873520E-1,-8.645772934E-2,1.002528885E0
1.054993021E1,8.512027562E-2,-1.057188511E0,-7.838487625E-2,1.063502326E0
1.055495682E1,7.711461186E-2,-1.181621552E0,-8.362245560E-2,1.187084188E0
1.055998318E1,9.749649465E-2,-1.291787624E0,-1.928396225E-1,1.309735833E0
1.056500979E1,3.619527817E-2,-1.359177113E0,-2.957835197E-1,1.391459813E0
1.057003641E1,6.072977185E-2,-1.369483948E0,-4.546890259E-1,1.444270230E0
1.057506302E1,3.820464015E-3,-1.308241367E0,-6.123280525E-1,1.444456893E0
1.058005344E1,-1.972784102E-2,-1.276418686E0,-7.683081627E-1,1.489943382E0
1.058507823E1,-2.872440219E-2,-1.210727215E0,-8.328270912E-1,1.469791293E0
1.059007615E1,-6.614258885E-2,-1.102019310E0,-8.821783066E-1,1.413173721E0
1.059509828E1,-9.352250397E-2,-1.011853218E0,-8.643913269E-1,1.334078618E0
1.060012042E1,-1.443796754E-1,-8.685812950E-1,-7.363939285E-1,1.147847975E0
1.060518536E1,-2.142845839E-1,-7.051782608E-1,-5.609722137E-1,9.262203231E-1
1.061021042E1,-2.655409575E-1,-5.176949501E-1,-4.330945015E-1,7.253212452E-1
1.061522984E1,-2.552196085E-1,-3.965182304E-1,-3.961753845E-1,6.158885378E-1
1.062025432E1,-1.788850427E-1,-3.220262527E-1,-3.499870300E-1,5.081256608E-1
1.062527463E1,-1.130792499E-1,-3.227543831E-1,-3.041539192E-1,4.576755566E-1
1.063029870E1,-5.763086677E-2,-4.845008850E-1,-2.300977707E-1,5.394510251E-1
1.063532276E1,-4.082251340E-2,-6.783719063E-1,-1.513838768E-1,6.962556994E-1
1.064034682E1,-2.403479069E-2,-8.473362923E-1,-1.507568359E-2,8.478111462E-1
1.064537088E1,-3.566605598E-2,-1.097167015E0,4.047679901E-2,1.098492557E0
1.065038562E1,-2.280392498E-2,-1.285240173E0,5.433320999E-2,1.286590230E0
1.065540932E1,-5.738906562E-2,-1.521952152E0,7.614612579E-3,1.523052803E0
1.066043302E1,-6.337010860E-2,-1.726338863E0,1.110644341E-1,1.731068153E0
1.066545672E1,-4.124365747E-2,-1.803115368E0,4.424571991E-2,1.804129639E0
1.067048042E1,-2.465287596E-2,-1.790784836E0,-1.926436424E-1,1.801285559E0
1.067558750E1,-1.836279035E-2,-1.606794357E0,-5.525794029E-1,1.699255512E0
1.068061453E1,3.486610949E-2,-1.438724041E0,-9.679059982E-1,1.734354212E0
1.068564156E1,3.496877849E-2,-1.265693665E0,-1.243689537E0,1.774814619E0
1.069058995E1,6.481073797E-3,-1.025803566E0,-1.322547436E0,1.673752276E0
1.069561172E1,-8.885504305E-2,-8.077840805E-1,-1.263552666E0,1.502323427E0
1.070063349E1,-1.459728330E-1,-6.119556427E-1,-1.143110275E0,1.304798405E0
1.070572859E1,-1.217199638E-1,-4.516458511E-1,-9.570789337E-1,1.065269830E0
1.071075531E1,-1.068925634E-1,-4.051260948E-1,-6.995754242E-1,8.154501499E-1
1.071578443E1,-8.216282725E-2,-3.898692131E-1,-4.573955536E-1,6.065965924E-1
1.072081141E1,-9.065029025E-2,-5.255184174E-1,-1.921205521E-1,5.668310054E-1
1.072582885E1,-5.601143464E-2,-8.219289780E-1,2.065620422E-1,8.493364486E-1
1.073085484E1,-5.038970336E-2,-1.241161585E0,5.762329102E-1,1.369330336E0
1.073588083E1,-4.517683387E-2,-1.669470549E0,8.650150299E-1,1.880804046E0
1.074088240E1,-5.492008850E-2,-2.055313110E0,1.159672737E0,2.360544229E0
1.074590672E1,-6.535376608E-2,-2.303610802E0,1.159137726E0,2.579630615E0
1.075093104E1,-3.334733844E-2,-2.267137527E0,8.928565979E-1,2.436845813E0
1.075594536E1,4.589679837E-2,-2.195104599E0,6.720190048E-1,2.296127231E0
1.076096906E1,5.286762118E-2,-2.001221180E0,3.959188461E-1,2.040694227E0
1.076600708E1,8.304619044E-2,-1.799900055E0,1.647377014E-2,1.801890192E0
1.077103224E1,1.125535592E-1,-1.605210304E0,-3.803033829E-1,1.653480900E0
1.077605740E1,1.128250360E-1,-1.372634649E0,-7.090539932E-1,1.549068409E0
1.078108255E1,7.923391461E-2,-1.129952192E0,-1.051628113E0,1.545636328E0
1.078615719E1,3.605654836E-2,-1.019073963E0,-1.384807587E0,1.719739477E0
1.079118479E1,-1.597569883E-2,-9.730207920E-1,-1.521984100E0,1.806504992E0
1.079619646E1,-5.270395428E-2,-1.010041237E0,-1.377620697E0,1.709034754E0
1.080122255E1,-1.172598302E-1,-1.134379148E0,-1.148256302E0,1.618350535E0
1.080624864E1,-1.571937352E-1,-1.241110563E0,-8.911199570E-1,1.535955754E0
1.081128776E1,-1.535394192E-1,-1.340068102E0,-7.590913773E-1,1.547765031E0
1.081631474E1,-1.209737211E-1,-1.479727268E0,-5.269002914E-1,1.575389268E0
1.082134172E1,-4.519631714E-2,-1.651127696E0,-1.943521500E-1,1.663141044E0
1.082636870E1,-2.243913710E-2,-1.936429977E0,3.795814514E-2,1.936931954E0
1.083135583E1,1.394952834E-2,-2.198492050E0,2.281885147E-1,2.210346553E0
1.083638083E1,4.466277361E-2,-2.484414816E0,3.808708191E-1,2.513836574E0
1.084140271E1,7.899503410E-2,-2.551319599E0,4.294576645E-1,2.588417624E0
1.084642740E1,1.650447547E-1,-2.423614025E0,1.923713684E-1,2.436832259E0
1.085145948E1,2.027345300E-1,-2.148745060E0,-1.485624313E-1,2.163394883E0
1.085648490E1,2.496934980E-1,-1.788478136E0,-3.686685562E-1,1.843072812E0
1.086150838E1,2.723379731E-1,-1.418648720E0,-4.109697342E-1,1.501874923E0
1.086653359E1,2.510084510E-1,-1.082011580E0,-5.674886703E-1,1.247316196E0
1.087155880E1,2.673949003E-1,-8.929432631E-1,-6.468868256E-1,1.134596963E0
1.087659380E1,2.983691096E-1,-6.401370764E-1,-8.072681427E-1,1.072604986E0
1.088161963E1,2.923635840E-1,-4.239997864E-1,-8.189840317E-1,9.674642775E-1
1.088664547E1,3.024792671E-1,-2.633621693E-1,-5.818233490E-1,7.066624008E-1
1.089166740E1,3.382509947E-1,-2.687458992E-1,-1.819772720E-1,4.687790751E-1
1.089669297E1,4.189127684E-1,-3.593446016E-1,3.183889389E-1,6.371718502E-1
1.090171448E1,4.629631937E-1,-4.589616060E-1,1.010136604E0,1.202229859E0
1.090673963E1,5.031712651E-1,-4.670227766E-1,1.596518517E0,1.737861608E0
1.091176458E1,5.062829256E-1,-3.788269758E-1,2.158967972E0,2.249661082E0
1.091678974E1,5.302911997E-1,-2.183976173E-1,3.017935753E0,3.071944414E0
1.092181797E1,5.609405637E-1,-6.268274784E-2,3.895750999E0,3.936427224E0
1.092684344E1,6.125917435E-1,5.863094330E-2,4.840400696E0,4.879363189E0
1.093186890E1,6.125307679E-1,1.542893648E-1,5.574564934E0,5.610238261E0
1.093689437E1,5.404903293E-1,2.763056755E-1,5.892940521E0,5.924122096E0
1.094193771E1,4.052596092E-1,3.726603985E-1,5.800682068E0,5.826750688E0
1.094696406E1,2.547457218E-1,5.154911280E-1,5.422540665E0,5.452941752E0
1.095198411E1,4.693432152E-2,6.195265055E-1,4.873476028E0,4.912920162E0
1.095700979E1,-6.462340057E-2,6.615916491E-1,4.297065735E0,4.348178196E0
1.096203547E1,-2.092653215E-1,6.085948944E-1,3.793743134E0,3.847943176E0
1.096706114E1,-3.110303283E-1,4.932624102E-1,3.315711021E0,3.366598766E0
1.097209219E1,-3.229540884E-1,3.146299124E-1,2.729137421E0,2.766131303E0
1.097711812E1,-2.888587713E-1,5.269658566E-2,2.258990288E0,2.277993292E0
1.098214406E1,-2.086529434E-1,-2.690684199E-1,1.881198883E0,1.911764395E0
1.098717000E1,-1.396593153E-1,-6.747764349E-1,1.772549629E0,1.901778155E0
1.099218182E1,-2.429740131E-2,-1.063948750E0,1.851337433E0,2.135422112E0
1.099720703E1,4.713761806E-2,-1.503293753E0,1.988115311E0,2.492933322E0
1.100223401E1,1.279774308E-1,-1.973841906E0,2.173192024E0,2.938570003E0
1.100725937E1,1.995917559E-1,-2.341543198E0,2.430350304E0,3.380719452E0
1.101228474E1,2.286602259E-1,-2.639781475E0,2.582483292E0,3.699993471E0
1.101731281E1,3.112931848E-1,-2.940304041E0,2.777920723E0,4.056985931E0
1.102233838E1,2.320592850E-1,-3.166292429E0,2.873083115E0,4.281806376E0
1.102736396E1,1.820381284E-1,-3.364969969E0,2.901521683E0,4.446907785E0
1.103239208E1,9.917435050E-2,-3.426043987E0,2.791547775E0,4.420447029E0
1.103741781E1,5.004933476E-2,-3.449706554E0,2.557659149E0,4.294717752E0
1.104244354E1,2.485409379E-2,-3.435470343E0,2.290858269E0,4.129298464E0
1.104746927E1,4.430152476E-3,-3.378499746E0,1.819013596E0,3.837067972E0
1.105249500E1,-5.925498530E-2,-3.250056744E0,1.281067848E0,3.493925417E0
1.105755417E1,-2.743497863E-2,-3.140940189E0,6.244935989E-1,3.202538088E0
1.106258120E1,-2.435315028E-2,-2.894188166E0,4.550361633E-2,2.894648302E0
1.106760823E1,-4.039332271E-2,-2.625020504E0,-3.699378967E-1,2.651267303E0
1.107260880E1,-7.575362921E-2,-2.429708958E0,-6.507577896E-1,2.516487618E0
1.107763406E1,-7.299201190E-2,-2.279173851E0,-8.736629486E-1,2.441976295E0
1.108265932E1,-1.081209481E-1,-2.197025299E0,-1.043526649E0,2.434657712E0
1.108772312E1,-1.423450112E-1,-2.081511021E0,-8.734436035E-1,2.261825360E0
1.109275094E1,-1.660020649E-1,-1.927979708E0,-3.829727173E-1,1.972645569E0
1.109777875E1,-9.333850443E-2,-1.846076727E0,2.696847916E-1,1.868004616E0
1.110280656E1,-9.669730812E-2,-1.778887510E0,9.169197083E-1,2.003629930E0
1.110774786E1,-6.167481095E-2,-1.765704989E0,1.563460350E0,2.359221515E0
1.111277120E1,-5.995081365E-2,-1.709971309E0,2.123258591E0,2.726870554E0
1.111779453E1,-6.802740693E-2,-1.637231946E0,2.543710709E0,3.025825564E0
1.112283078E1,-5.275318772E-2,-1.524327993E0,2.671879768E0,3.076572805E0
1.112785495E1,-2.395500056E-2,-1.448153019E0,2.531987190E0,2.916964199E0
1.113287911E1,-5.333193764E-2,-1.241041183E0,2.248695374E0,2.568980031E0
1.113790328E1,-1.267576814E-1,-1.046218634E0,1.913053513E0,2.184127899E0
1.114299193E1,-2.935898490E-2,-9.774712920E-1,1.367362022E0,1.681068403E0
1.114801943E1,-5.107060075E-3,-8.721815944E-1,7.648963928E-1,1.160083319E0
1.115304693E1,-9.634608775E-2,-7.102024555E-1,2.827539444E-1,7.704673189E-1
1.115807917E1,-7.325768471E-2,-6.534669399E-1,-2.369766235E-1,6.989589759E-1
1.116310698E1,-1.033342108E-1,-5.285882354E-1,-5.885057449E-1,7.977609250E-1
1.116813479E1,-1.914096475E-1,-3.490050435E-1,-1.011063576E0,1.086596396E0
1.117316260E1,-2.271601558E-1,-1.712026000E-1,-1.399238586E0,1.427858777E0
1.117814302E1,-1.766805798E-1,-1.052813530E-1,-1.796096802E0,1.807834039E0
1.118316838E1,-9.203928709E-2,6.382399797E-2,-1.995981216E0,1.999121244E0
1.118816318E1,2.787247486E-2,-1.004672050E-2,-2.037548065E0,2.037763463E0
1.119318536E1,-8.000721782E-2,-6.823086739E-2,-1.997488976E0,2.000254687E0
1.119820755E1,-2.486824989E-1,-1.245796680E-1,-1.646271706E0,1.669602829E0
1.120322974E1,-5.172156096E-1,-1.920636892E-1,-1.074965477E0,1.208284414E0
1.120832172E1,-7.191643119E-1,-3.987507820E-1,-3.841028214E-1,9.075981881E-1
1.121334745E1,-7.791271210E-1,-6.412646770E-1,3.159761429E-1,1.057402657E0
1.121837318E1,-8.312565684E-1,-9.586460590E-1,9.008388519E-1,1.556117086E0
1.122339307E1,-8.177623749E-1,-1.290523887E0,1.317782402E0,2.017606915E0
1.122841838E1,-6.806301475E-1,-1.705199122E0,1.676807404E0,2.486492412E0
1.123343349E1,-5.439465046E-1,-2.079230547E0,1.910857201E0,2.875839479E0
1.123845781E1,-3.594196737E-1,-2.437064648E0,2.096489906E0,3.234769934E0
1.124347510E1,-2.322207391E-1,-2.731383324E0,2.123647690E0,3.467601598E0
1.124849870E1,-8.103231341E-2,-2.981392384E0,2.011612892E0,3.597478729E0
1.125353490E1,2.224883437E-2,-3.186811209E0,1.717528343E0,3.620243680E0
1.125855974E1,9.193297476E-2,-3.318685055E0,1.409025192E0,3.606587606E0
1.126358458E1,1.564338803E-1,-3.328551769E0,1.067088127E0,3.498914905E0
1.126864526E1,1.583795846E-1,-3.277964592E0,7.157850266E-1,3.358940929E0
1.127367250E1,2.029228657E-1,-3.181096077E0,4.077644348E-1,3.213537268E0
1.127869974E1,1.462297142E-1,-2.979755640E0,9.529399872E-2,2.984863104E0
1.128372698E1,8.876667172E-2,-2.745453835E0,-1.115655899E-1,2.749153172E0
1.128875422E1,6.445428729E-2,-2.521121502E0,-2.463951111E-1,2.533953143E0
1.129370838E1,-8.930321038E-2,-2.335480213E0,-2.279920578E-1,2.348280918E0
1.129873271E1,-2.241783142E-1,-2.096786976E0,-1.472558975E-1,2.113872238E0
1.130378943E1,-1.968076825E-1,-1.752544165E0,-6.165695190E-2,1.764637609E0
1.130881708E1,-1.259309053E-1,-1.447122216E0,1.099491119E-1,1.456746412E0
1.131384781E1,-1.538138092E-1,-1.224142790E0,4.534006119E-1,1.314441468E0
1.131887578E1,-2.134984136E-1,-1.045570016E0,7.197237015E-1,1.287167603E0
1.132390375E1,-3.008863330E-1,-8.544005156E-1,8.850116730E-1,1.266403762E0
1.132893172E1,-3.973804712E-1,-7.374900579E-1,8.918380737E-1,1.223592242E0
1.133395219E1,-3.884915709E-1,-6.569068432E-1,8.024768829E-1,1.107439140E0
1.133897974E1,-3.033707738E-1,-6.938667297E-1,5.261812210E-1,9.221450766E-1
1.134403047E1,-6.345647573E-1,-8.477996588E-1,2.019529343E-1,1.078063857E0
1.134906036E1,-5.880264640E-1,-8.978718519E-1,-5.044746399E-2,1.074473793E0
1.135409026E1,-4.085384309E-1,-8.909903765E-1,-2.547998428E-1,1.012763773E0
1.135912016E1,-1.393141448E-1,-8.124287128E-1,-4.780225754E-1,9.528664266E-1
1.136408094E1,-9.710565209E-3,-7.717046738E-1,-6.338911057E-1,9.987193462E-1
1.136910740E1,6.190613657E-2,-7.634694576E-1,-6.123847961E-1,9.806799279E-1
1.137413385E1,1.239433289E-1,-7.492055893E-1,-5.093288422E-1,9.143778394E-1
1.137916948E1,1.286367774E-1,-6.957333088E-1,-2.770576477E-1,7.598376127E-1
1.138419651E1,1.335161626E-1,-6.464278698E-1,-1.877784729E-3,6.600750583E-1
1.138923531E1,1.004143357E-1,-6.350228786E-1,3.065404892E-1,7.122528812E-1
1.139426354E1,1.006996334E-1,-6.716883183E-1,5.236721039E-1,8.576351703E-1
1.139928635E1,1.199717820E-1,-6.659891605E-1,6.782188416E-1,9.580791134E-1
1.140431406E1,1.392920613E-1,-6.616549492E-1,6.983776093E-1,9.720703859E-1
1.140934177E1,1.203943714E-1,-6.876404285E-1,6.559915543E-1,9.579504595E-1
1.141438729E1,1.731773317E-1,-7.342729568E-1,5.798454285E-1,9.515082156E-1
1.141941615E1,2.304093987E-1,-7.773945332E-1,4.030771255E-1,9.054843568E-1
1.142444500E1,2.730195522E-1,-7.546718121E-1,1.928005219E-1,8.253734070E-1
1.142947385E1,2.726461887E-1,-7.136063576E-1,7.348632812E-2,7.674439512E-1
1.143445776E1,3.010714650E-1,-6.684274673E-1,-8.407592773E-2,7.379078992E-1
1.143948437E1,3.150733113E-1,-5.948541164E-1,-1.028003693E-1,6.809482559E-1
1.144451281E1,2.716161013E-1,-5.212223530E-1,-8.798789978E-2,5.942978363E-1
1.144953958E1,2.424946427E-1,-4.087662697E-1,-5.391311646E-2,4.783305751E-1
1.145456635E1,2.420644909E-1,-3.577651978E-1,2.335643768E-2,4.325929700E-1
1.145959984E1,2.083643377E-1,-2.919218540E-1,1.935577393E-2,3.591778279E-1
1.146462708E1,2.131840587E-1,-2.880842686E-1,-2.762699127E-2,3.594485211E-1
1.146965432E1,2.425211668E-1,-2.653708458E-1,-5.548572540E-2,3.637538562E-1
1.147468156E1,2.245357335E-1,-2.479708195E-1,-8.821296692E-2,3.459585964E-1
1.147971115E1,2.548444271E-1,-3.313219547E-1,-9.706211090E-2,4.291165029E-1
1.148473849E1,2.996995151E-1,-3.714246750E-1,-7.240295410E-2,4.827196664E-1
1.148975906E1,3.061873615E-1,-4.497365952E-1,-9.081363678E-2,5.515984246E-1
1.149478573E1,3.506547213E-1,-6.046152115E-1,-7.096767426E-2,7.025344819E-1
1.149981240E1,4.378282726E-1,-7.019097805E-1,-1.037454605E-1,8.337469981E-1
1.150483422E1,4.670809209E-1,-7.466826439E-1,-1.413002014E-1,8.920007311E-1
1.150986057E1,4.577706456E-1,-7.724716663E-1,-1.501512527E-1,9.103910358E-1
1.151488776E1,4.438329339E-1,-8.463611603E-1,-1.016731262E-1,9.610683178E-1
1.151991417E1,3.967040181E-1,-8.391642570E-1,-6.289386749E-2,9.303366954E-1
1.152494057E1,3.021278381E-1,-8.178853989E-1,6.663990021E-2,8.744476157E-1
1.152996375E1,2.750745118E-1,-7.730200291E-1,2.007150650E-1,8.446966850E-1
1.153498995E1,1.770142913E-1,-7.573993206E-1,3.392744064E-1,8.485840636E-1
1.154001354E1,1.561148018E-1,-6.898348331E-1,4.344596863E-1,8.300597252E-1
1.154503948E1,1.308878809E-1,-6.615078449E-1,5.484390259E-1,8.692005703E-1
1.155006542E1,1.921666414E-1,-6.292762756E-1,5.664262772E-1,8.681908641E-1
1.155509135E1,1.867782325E-1,-6.027579308E-1,5.315713882E-1,8.250887055E-1
1.156012016E1,2.103687972E-1,-5.722858906E-1,4.248361588E-1,7.431365508E-1
1.156514620E1,2.533138990E-1,-5.570945740E-1,1.888999939E-1,6.404728749E-1
1.157017224E1,2.916306853E-1,-5.525910854E-1,-1.952514648E-1,6.546208818E-1
1.157519828E1,2.677221000E-1,-5.682277679E-1,-5.600175858E-1,8.415328962E-1
1.158021047E1,2.296396792E-1,-5.556807518E-1,-8.192329407E-1,1.016197860E0
1.158523583E1,1.867664903E-1,-5.430631638E-1,-9.681024551E-1,1.125620578E0
1.159024432E1,1.391057074E-1,-5.919001102E-1,-9.157533646E-1,1.099227166E0
1.159526802E1,7.711246610E-2,-6.058509350E-1,-7.388191223E-1,9.585694463E-1
1.160029172E1,9.184363484E-2,-6.136312485E-1,-3.991975784E-1,7.377921584E-1
1.160533547E1,9.710587561E-2,-6.588032246E-1,-7.415771484E-2,6.700377649E-1
1.161036052E1,1.071024090E-1,-6.270742416E-1,2.744636536E-1,6.928371581E-1
1.161538042E1,1.650217324E-1,-6.530618668E-1,5.269327164E-1,8.552076131E-1
1.162040495E1,1.707663983E-1,-6.654191017E-1,6.163053513E-1,9.229171305E-1
1.162542948E1,1.771300286E-1,-6.933183670E-1,5.331153870E-1,8.923437795E-1
1.163045385E1,2.369587421E-1,-7.039220333E-1,2.965602875E-1,7.997522607E-1
1.163547838E1,1.924104095E-1,-7.501695156E-1,-1.671695709E-2,7.746325093E-1
1.164050292E1,2.109882236E-1,-8.319675922E-1,-4.257307053E-1,9.580880640E-1
1.164552760E1,1.871870607E-1,-9.106111526E-1,-8.059186935E-1,1.230348165E0
1.165055213E1,1.734026968E-1,-1.071734190E0,-1.066339493E0,1.521762985E0
1.165557667E1,1.503421366E-1,-1.195521593E0,-1.317095757E0,1.785109484E0
1.166060120E1,1.756702214E-1,-1.377465487E0,-1.342948914E0,1.931782332E0
1.166562573E1,2.069647461E-1,-1.583508968E0,-1.215814590E0,2.007122362E0
1.167065026E1,2.394371331E-1,-1.817494750E0,-8.352584839E-1,2.014515833E0
1.167573734E1,2.630010545E-1,-2.006771564E0,-4.357414246E-1,2.070307285E0
1.168076396E1,3.102563620E-1,-2.093908787E0,-2.907752991E-3,2.116771474E0
1.168579057E1,3.145773113E-1,-2.271669865E0,4.198703766E-1,2.331466061E0
1.169079526E1,2.953386903E-1,-2.335401058E0,8.515033722E-1,2.503274064E0
1.169582042E1,1.951033920E-1,-2.372364044E0,1.196125031E0,2.663999170E0
1.170085864E1,7.541215420E-2,-2.397137165E0,1.348612785E0,2.751492327E0
1.170588500E1,-1.113694161E-2,-2.385937691E0,1.457448959E0,2.795886293E0
1.171091135E1,-1.169295385E-1,-2.315706253E0,1.374283791E0,2.695333728E0
1.171592453E1,-2.177808732E-1,-2.244545937E0,1.266635895E0,2.586461185E0
1.172095000E1,-3.618126214E-1,-2.206432343E0,1.167951584E0,2.522570704E0
1.172597547E1,-5.116616488E-1,-2.157457113E0,1.001905441E0,2.433152965E0
1.173101505E1,-6.060092449E-1,-2.124804497E0,9.171609879E-1,2.392326406E0
1.173604146E1,-6.649124622E-1,-2.121686220E0,8.229770660E-1,2.370854751E0
1.174107932E1,-7.024592757E-1,-2.177867651E0,6.617841721E-1,2.382124016E0
1.174610687E1,-7.888891101E-1,-2.250217438E0,5.149803162E-1,2.439473154E0
1.175113443E1,-8.133054376E-1,-2.361230135E0,6.362686157E-1,2.577151768E0
1.175616198E1,-8.279331923E-1,-2.418457747E0,9.299201965E-1,2.720140220E0
1.176115724E1,-8.804942966E-1,-2.397844553E0,1.304874420E0,2.868383858E0
1.176618318E1,-8.175799847E-1,-2.367299557E0,1.665227890E0,3.007578453E0
1.177120974E1,-6.867144108E-1,-2.347056389E0,2.049082756E0,3.190453027E0
1.177623573E1,-5.117725134E-1,-2.329120636E0,2.303145409E0,3.315296792E0
1.178126099E1,-2.977145016E-1,-2.257339001E0,2.250483513E0,3.201388657E0
1.178628687E1,-9.676556289E-2,-2.256349802E0,1.996708870E0,3.014518919E0
1.179131427E1,7.740473747E-2,-2.172993183E0,1.852989197E0,2.856826881E0
1.179634031E1,2.632767558E-1,-2.174322844E0,1.651921272E0,2.743326150E0
1.180136937E1,3.259234726E-1,-2.130442142E0,1.647192955E0,2.712610268E0
1.180639573E1,4.087317288E-1,-2.112667561E0,1.776494026E0,2.790404428E0
1.181142208E1,4.063216448E-1,-2.130103588E0,1.948881149E0,2.915574782E0
1.181644844E1,4.181653857E-1,-2.167690516E0,2.236140251E0,3.142302927E0
1.182147052E1,3.815084696E-1,-2.182517529E0,2.619002342E0,3.430467132E0
1.182649667E1,3.678966761E-1,-2.261173964E0,2.858203888E0,3.663002201E0
1.183152281E1,3.582001626E-1,-2.346610785E0,3.202604294E0,3.986422430E0
1.183651818E1,2.756699324E-1,-2.400595665E0,3.441683769E0,4.205239663E0
1.184154229E1,3.075771034E-1,-2.476890087E0,3.546845436E0,4.337015186E0
1.184656885E1,3.393778503E-1,-2.546403646E0,3.523135185E0,4.360255771E0
1.185159318E1,4.582614601E-1,-2.556781530E0,3.432946205E0,4.304910569E0
1.185662161E1,4.215031266E-1,-2.684942722E0,2.879511833E0,3.959566985E0
1.186164635E1,3.400360644E-1,-2.848209620E0,2.169618607E0,3.596549382E0
1.186667109E1,3.870899081E-1,-3.254831791E0,1.456623077E0,3.586853687E0
1.187171036E1,6.056522131E-1,-4.022102833E0,8.697032928E-1,4.159388130E0
1.187673609E1,6.067922115E-1,-5.520560265E0,-1.604413986E-1,5.556124896E0
1.188176182E1,4.996342957E-1,-8.622281075E0,-2.489415169E0,8.988356537E0
1.188677396E1,-9.054586291E-3,-1.613213921E1,-7.866139889E0,1.794776181E1
1.189179875E1,-2.360428423E-1,-1.317166996E1,-3.962809086E0,1.375690596E1
1.189682698E1,-5.102355480E-1,-2.022522211E0,7.224161148E0,7.519271288E0
1.190185213E1,-5.027701855E-1,1.770223260E0,1.090805721E1,1.106219600E1
1.190688120E1,-2.269937694E-1,2.120199680E0,8.810526848E0,9.064885890E0
1.191190672E1,5.723243952E-2,1.637367487E0,4.932393074E0,5.197379078E0
1.191693057E1,2.648678720E-1,1.039512277E0,1.581213951E0,1.910753339E0
1.192195594E1,1.538890451E-1,9.653549194E-1,-4.162769318E-1,1.062486914E0
1.192698297E1,-3.482651711E-2,1.567284942E0,-9.088363647E-1,1.812064710E0
1.193200849E1,-1.957050264E-1,1.817871809E0,-1.213638306E0,2.194510494E0
1.193703401E1,-2.517802417E-1,1.721897840E0,-1.307045937E0,2.176394850E0
1.194205953E1,-2.837194502E-1,1.681063533E0,-1.299330711E0,2.143532511E0
1.194708505E1,-2.333200872E-1,1.814441442E0,-9.419260025E-1,2.057634711E0
1.195212599E1,-2.199347317E-1,2.001471758E0,-6.369504929E-1,2.111863257E0
1.195715213E1,-2.061492503E-1,1.907468796E0,-1.165990829E-1,1.922116039E0
1.196219640E1,2.793391943E-1,1.708644986E0,8.800506592E-2,1.733563661E0
1.196722437E1,5.605632067E-1,1.524528742E0,2.450332642E-1,1.642699088E0
1.197224245E1,8.663583398E-1,1.263731360E0,-1.619377136E-1,1.540719815E0
1.197726943E1,9.101706147E-1,1.074843168E0,-5.822343826E-1,1.524039127E0
1.198229641E1,7.990611792E-1,1.130770922E0,-7.480678558E-1,1.573768459E0
1.198730286E1,4.966687560E-1,1.087299109E0,-8.797531128E-1,1.484205088E0
1.199232849E1,3.685729504E-1,9.148706198E-1,-6.136627197E-1,1.161643751E0
1.199735411E1,2.147959769E-1,7.758557796E-1,-3.279981613E-1,8.692941368E-1
1.200239260E1,1.941412687E-3,7.081148624E-1,-9.922981262E-2,7.150363510E-1
1.200741917E1,-1.932846308E-1,6.260877848E-1,5.671501160E-3,6.552686691E-1
1.201244573E1,-2.801485360E-1,5.300098658E-1,-6.100177765E-2,6.025901400E-1
1.201747229E1,-3.074454665E-1,4.730188847E-1,-2.369966507E-1,6.119125694E-1
1.202249885E1,-4.095815122E-1,4.218565226E-1,-2.735729218E-1,6.485075823E-1
1.202752542E1,-3.719502985E-1,3.523533344E-1,-2.808914185E-1,5.842943486E-1
1.203255198E1,-3.781535029E-1,3.024337292E-1,-3.689994812E-1,6.087913021E-1
1.203757854E1,-4.438709319E-1,2.720344067E-1,-4.565629959E-1,6.924405330E-1
1.204265427E1,-5.219644308E-1,1.603162289E-1,-3.522443771E-1,6.497878588E-1
1.204768401E1,-4.454356134E-1,4.038190842E-2,-3.196544647E-1,5.497477249E-1
1.205270292E1,-4.586528838E-1,-4.497432709E-2,-2.582559586E-1,5.282814572E-1
1.205773156E1,-4.753610790E-1,-1.963112354E-1,-3.402462006E-1,6.166633876E-1
1.206276021E1,-4.562257528E-1,-3.755395412E-1,-3.644800186E-1,6.942748509E-1
1.206778885E1,-4.382625818E-1,-5.637795925E-1,-4.600200653E-1,8.494350947E-1
1.207281750E1,-5.453710556E-1,-5.936248302E-1,-5.645904541E-1,9.841658439E-1
1.207783344E1,-6.386215091E-1,-5.652759075E-1,-5.730943680E-1,1.027526855E0
1.208286156E1,-6.988456845E-1,-5.268840790E-1,-6.194906235E-1,1.072268976E0
1.208788969E1,-6.926355362E-1,-4.928081036E-1,-7.611303329E-1,1.141018491E0
1.209286318E1,-7.151305676E-1,-4.335329533E-1,-7.924900055E-1,1.152129749E0
1.209788766E1,-6.751816273E-1,-3.983225822E-1,-8.376054764E-1,1.147220137E0
1.210293615E1,-6.347516775E-1,-3.727965355E-1,-9.012231827E-1,1.163653803E0
1.210796307E1,-5.988029242E-1,-3.080427647E-1,-1.050646782E0,1.247923855E0
1.211299000E1,-5.101196766E-1,-1.653504372E-1,-1.032504082E0,1.163454997E0
1.211801693E1,-3.740599453E-1,-1.165087223E-1,-9.906997681E-1,1.065354943E0
1.212299578E1,-3.100380003E-1,-9.399676323E-2,-8.011150360E-1,8.641436536E-1
1.212802031E1,-1.605755091E-1,-1.037821770E-1,-6.357164383E-1,6.638453316E-1
1.213304484E1,-2.618956566E-2,-4.491949081E-2,-4.659786224E-1,4.688706971E-1
1.213806568E1,7.158339024E-3,-3.234124184E-2,-3.014736176E-1,3.032878827E-1
1.214308995E1,3.499495983E-2,-6.163787842E-2,-2.472772598E-1,2.572351424E-1
1.214811422E1,8.094513416E-2,-1.143300533E-1,-2.886552811E-1,3.208509734E-1
1.215315552E1,1.111378521E-1,-8.110857010E-2,-4.060840607E-1,4.287592409E-1
1.215818099E1,1.064235419E-1,-1.344771385E-1,-5.515375137E-1,5.775843662E-1
1.216323625E1,1.383823156E-1,-1.843378544E-1,-6.050405502E-1,6.474597881E-1
1.216826474E1,1.690032035E-1,-1.728732586E-1,-5.572786331E-1,6.074592342E-1
1.217327896E1,2.129467428E-1,-1.811025143E-1,-4.754486084E-1,5.515394956E-1
1.217830609E1,2.995613515E-1,-1.082472801E-1,-4.075202942E-1,5.172303811E-1
1.218333323E1,3.578474522E-1,-2.560710907E-2,-3.919477463E-1,5.313506929E-1
1.218836036E1,4.408853650E-1,-4.304218292E-2,-4.143800735E-1,6.065833660E-1
1.219336114E1,4.963553548E-1,-3.573703766E-2,-4.462413788E-1,6.684139004E-1
1.219838693E1,5.197603106E-1,2.441120148E-2,-5.637893677E-1,7.672060599E-1
1.220341271E1,5.209127665E-1,1.378498077E-1,-6.476087570E-1,8.424664871E-1
1.220846052E1,4.611473978E-1,2.612829208E-1,-6.163740158E-1,8.129222685E-1
1.221348781E1,4.307455719E-1,3.328270912E-1,-6.282234192E-1,8.312522389E-1
1.221851510E1,4.384552240E-1,4.428644180E-1,-6.445941925E-1,8.965899560E-1
1.222353771E1,4.933279157E-1,3.995885849E-1,-6.461248398E-1,9.058260198E-1
1.222856463E1,5.664196014E-1,2.935080528E-1,-4.938516617E-1,8.067636616E-1
1.223360115E1,5.618526340E-1,1.621265411E-1,-3.214149475E-1,6.672862700E-1
1.223862906E1,5.802724957E-1,5.310392380E-2,-1.286888123E-1,5.967386417E-1
1.224365698E1,5.883854628E-1,-4.308414459E-2,-6.393909454E-2,5.934154566E-1
1.224868490E1,5.293059945E-1,-1.213259697E-1,-1.032304764E-1,5.527579561E-1
1.225370818E1,4.705207944E-1,-1.762828827E-1,-1.701946259E-1,5.305013509E-1
1.225873583E1,3.789815605E-1,-1.740546227E-1,-2.793779373E-1,5.019701851E-1
1.226374328E1,2.358483523E-1,-1.284856796E-1,-3.545312881E-1,4.447757294E-1
1.226876885E1,1.176275015E-1,-6.367921829E-2,-4.673576355E-1,4.861218277E-1
1.227379443E1,5.286601558E-2,2.534437180E-2,-4.792509079E-1,4.828235553E-1
1.227884917E1,-2.568364888E-2,1.050510406E-1,-4.859743118E-1,4.978618310E-1
1.228387667E1,-9.431954473E-2,1.618514061E-1,-4.832181931E-1,5.182585033E-1
1.228890417E1,-1.150133759E-1,1.714072227E-1,-4.755144119E-1,5.183844795E-1
1.229390974E1,-1.357089430E-1,2.057585716E-1,-4.486885071E-1,5.119324989E-1
1.229893578E1,-1.564792097E-1,1.636552811E-1,-4.500951767E-1,5.038397187E-1
1.230397562E1,-1.484963000E-1,6.892442703E-2,-4.747953415E-1,5.022273828E-1
1.230900312E1,-1.350288540E-1,-5.889940262E-2,-4.177722931E-1,4.429848981E-1
1.231403062E1,-1.686621308E-1,-1.818699837E-1,-4.080171585E-1,4.774951382E-1
1.231904338E1,-1.252835989E-1,-3.238182068E-1,-3.785657883E-1,5.136791482E-1
1.232406990E1,-9.604877979E-2,-5.330686569E-1,-3.051552773E-1,6.216971162E-1
1.232909641E1,-4.264049977E-2,-7.713298798E-1,-2.929959297E-1,8.262049446E-1
1.233412229E1,-8.373990655E-3,-9.238929749E-1,-3.036460876E-1,9.725478391E-1
1.233914875E1,2.134338021E-2,-1.043256760E0,-3.802490234E-1,1.110598724E0
1.234417521E1,2.755588293E-2,-1.095379353E0,-3.988094330E-1,1.166046404E0
1.234919708E1,1.999844611E-2,-1.070472717E0,-4.457139969E-1,1.159729599E0
1.235422323E1,-2.036459744E-2,-1.040304184E0,-5.353317261E-1,1.170139978E0
1.235925042E1,-1.719896495E-2,-9.759335518E-1,-6.104187965E-1,1.151239857E0
1.236427667E1,-3.764005005E-2,-8.869466782E-1,-5.897212029E-1,1.065768399E0
1.236930292E1,-6.267176569E-2,-7.590403557E-1,-5.594453812E-1,9.450127757E-1
1.237432016E1,-9.721166641E-2,-6.113371849E-1,-5.148763657E-1,8.051589493E-1
1.237934583E1,-9.376828372E-2,-4.585175514E-1,-5.179576874E-1,6.980766447E-1
1.238437151E1,-6.183727086E-2,-3.196668625E-1,-5.447664261E-1,6.346504629E-1
1.238939719E1,3.394469619E-3,-2.521595955E-1,-6.622347832E-1,7.086260594E-1
1.239443010E1,6.411260366E-2,-2.415180206E-1,-7.316160202E-1,7.731127869E-1
1.239945614E1,6.364518404E-2,-2.012200356E-1,-8.011503220E-1,8.284817744E-1
1.240447786E1,7.398228347E-2,-2.172265053E-1,-7.036261559E-1,7.401016822E-1
1.240950349E1,3.280097246E-2,-2.562007904E-1,-5.586528778E-1,6.154736279E-1
1.241452911E1,4.990473390E-2,-2.607030869E-1,-4.141516685E-1,4.919127835E-1
1.241956125E1,8.138069510E-2,-3.076276779E-1,-5.041527748E-1,5.961775122E-1
1.242458729E1,1.272878945E-1,-3.824987411E-1,-5.749783516E-1,7.022162059E-1
1.242961333E1,8.728316426E-2,-4.708862305E-1,-6.171531677E-1,7.811723403E-1
1.243464156E1,4.741051793E-2,-6.348147392E-1,-5.399827957E-1,8.347568089E-1
1.243966776E1,-4.468066990E-2,-7.597255707E-1,-3.959512711E-1,8.578791955E-1
1.244469396E1,-6.958723068E-2,-9.511585236E-1,-2.374801636E-1,9.828233553E-1
1.244972016E1,-1.517747641E-1,-1.041722775E0,-1.649427414E-1,1.065564651E0
1.245474630E1,-2.052697837E-1,-1.117549419E0,-1.304783821E-1,1.143711938E0
1.245977250E1,-2.348155826E-1,-1.226442337E0,-1.723418236E-1,1.260555777E0
1.246479870E1,-2.689172626E-1,-1.286986351E0,-2.713932991E-1,1.342499417E0
1.246982490E1,-2.835860848E-1,-1.275186539E0,-3.942418098E-1,1.364532294E0
1.247484781E1,-2.882344127E-1,-1.282009602E0,-5.599923134E-1,1.428362379E0
1.247987385E1,-2.587924302E-1,-1.245243549E0,-6.873240471E-1,1.445689927E0
1.248490516E1,-2.381393164E-1,-1.183809757E0,-7.383284569E-1,1.415360302E0
1.248993172E1,-2.264557630E-1,-1.135821819E0,-6.224427223E-1,1.314841572E0
1.249495828E1,-1.858386993E-1,-1.082283497E0,-5.166711807E-1,1.213599068E0
1.249997568E1,-1.453709602E-1,-1.066221714E0,-4.019055367E-1,1.148690350E0
1.250500161E1,-6.691578031E-2,-1.102254868E0,-3.160748482E-1,1.148628236E0
1.251002755E1,-3.195443749E-2,-1.113843441E0,-2.208380699E-1,1.135974362E0
1.251502640E1,4.554881155E-2,-1.105744362E0,-2.071461678E-1,1.125901782E0
1.252005057E1,9.397888184E-2,-1.126327038E0,-2.312593460E-1,1.153657450E0
1.252508922E1,1.135711074E-1,-1.137246132E0,-2.597117424E-1,1.172039824E0
1.253011484E1,1.189686805E-1,-1.104635715E0,-3.599386215E-1,1.167873890E0
1.253514047E1,9.147056937E-2,-1.071689606E0,-4.887142181E-1,1.181408931E0
1.254018656E1,7.911005616E-2,-1.009660244E0,-5.599966049E-1,1.157267647E0
1.254521354E1,4.824706912E-2,-9.182128906E-1,-6.364936829E-1,1.118287486E0
1.255024052E1,-2.478145063E-2,-8.166217804E-1,-6.272277832E-1,1.029999973E0
1.255526750E1,-6.851187348E-2,-6.904296875E-1,-5.468163490E-1,8.833997678E-1
1.256028849E1,-1.310283840E-1,-5.874943733E-1,-4.527492523E-1,7.531931768E-1
1.256531516E1,-1.457463950E-1,-4.934244156E-1,-3.881144524E-1,6.444707082E-1
1.257034182E1,-1.511731595E-1,-3.747067451E-1,-3.720574379E-1,5.492587788E-1
1.257537573E1,-1.377456635E-1,-2.792835236E-1,-4.283413887E-1,5.295748291E-1
1.258040286E1,-1.103787646E-1,-1.974244118E-1,-5.331654549E-1,5.791591079E-1
1.258543000E1,-1.072250828E-1,-1.386718750E-1,-5.717320442E-1,5.980005332E-1
1.259044635E1,-7.097104192E-2,-1.031622887E-1,-5.391387939E-1,5.534889211E-1
1.259547281E1,-6.390367448E-2,-1.149625778E-1,-5.213246346E-1,5.376610907E-1
1.260049927E1,-7.630467415E-2,-1.262660027E-1,-4.703583717E-1,4.929528422E-1
1.260548823E1,-6.034016609E-2,-1.513566971E-1,-3.816027641E-1,4.149342779E-1
1.261051219E1,-4.475061595E-2,-1.619238853E-1,-2.497658730E-1,3.010065673E-1
1.261553614E1,-4.870465398E-2,-1.579260826E-1,-6.542062759E-2,1.777432120E-1
1.262056010E1,-3.385041654E-2,-1.538205147E-1,8.062696457E-2,1.769387150E-1
1.262563010E1,-1.464828849E-2,-1.881756783E-1,1.601929665E-1,2.475609920E-1
1.263065641E1,-2.465809882E-2,-2.272229195E-1,1.969261169E-1,3.016921817E-1
1.263568271E1,3.676959872E-2,-1.850552559E-1,2.007188797E-1,2.754732651E-1
1.264072140E1,3.570282459E-2,-1.431336403E-1,1.669297218E-1,2.227722216E-1
1.264574854E1,6.788110733E-2,-1.682791710E-1,1.384644508E-1,2.282501441E-1
1.265075672E1,8.559644222E-2,-1.071929932E-1,9.113121033E-2,1.646875411E-1
1.265578193E1,1.032474190E-1,-1.083621979E-1,-3.543376923E-3,1.497162349E-1
1.266080729E1,1.351838112E-1,-8.539581299E-2,-9.324264526E-2,1.850980783E-1
1.266583250E1,1.528834850E-1,-6.210422516E-2,-1.638484001E-1,2.325437442E-1
1.267085771E1,1.709148139E-1,-1.006393433E-1,-2.058668137E-1,2.858693687E-1
1.267588292E1,1.797574610E-1,-9.579753876E-2,-1.522498131E-1,2.543028092E-1
1.268089140E1,1.173505634E-1,-1.289644241E-1,-9.394025803E-2,1.980599644E-1
1.268591578E1,3.623899817E-2,-1.477451324E-1,-1.138496399E-2,1.525500133E-1
1.269093729E1,-4.454988241E-2,-1.618118286E-1,4.294824600E-2,1.732406180E-1
1.269596135E1,-6.316556036E-2,-2.334861755E-1,1.124091148E-1,2.667236234E-1
1.270098542E1,-1.348121464E-1,-2.862768173E-1,6.806373596E-2,3.236686625E-1
1.270600948E1,-1.685527861E-1,-4.014663696E-1,2.001094818E-2,4.358735203E-1
1.271103354E1,-1.978893280E-1,-4.690432549E-1,-1.081242561E-1,5.204350256E-1
1.271604958E1,-2.755455971E-1,-5.272641182E-1,-1.776180267E-1,6.208711540E-1
1.272107333E1,-3.011353016E-1,-6.192431450E-1,-2.027406693E-1,7.178079976E-1
1.272609708E1,-3.609043956E-1,-6.251950264E-1,-2.364406586E-1,7.596216090E-1
1.273114005E1,-3.111507297E-1,-6.408915520E-1,-2.595243454E-1,7.582279630E-1
1.273616510E1,-3.147366047E-1,-6.564517021E-1,-2.438378334E-1,7.677531221E-1
1.274119016E1,-3.091827333E-1,-6.383938789E-1,-2.037854195E-1,7.380170760E-1
1.274621583E1,-2.512919307E-1,-6.058902740E-1,-1.633048058E-1,6.759579263E-1
1.275124088E1,-2.176671773E-1,-5.636796951E-1,-1.081519127E-1,6.138490327E-1
1.275626594E1,-1.603119075E-1,-5.499906540E-1,-7.669019699E-2,5.779887659E-1
1.276132687E1,-9.361244738E-2,-5.028123856E-1,-1.641287804E-1,5.371422921E-1
1.276635443E1,-5.072513223E-2,-4.552545547E-1,-2.324676514E-1,5.136837136E-1
1.277138198E1,-2.695719898E-2,-4.169578552E-1,-3.294024467E-1,5.320587520E-1
1.277640505E1,4.957404733E-2,-3.926944733E-1,-4.214282036E-1,5.781593779E-1
1.278143229E1,2.116078138E-2,-3.872299194E-1,-4.894342422E-1,6.244522933E-1
1.278645687E1,2.669832110E-2,-3.478412628E-1,-6.006233692E-1,6.945896458E-1
1.279148385E1,-1.018509269E-2,-3.225069046E-1,-6.447217464E-1,7.209580917E-1
1.279651083E1,-2.708242834E-2,-3.016977310E-1,-7.317101955E-1,7.919310507E-1
1.280150495E1,-2.137422562E-4,-2.565050125E-1,-7.902715206E-1,8.308573544E-1
1.280652979E1,-6.131291389E-3,-2.110977173E-1,-7.912449837E-1,8.189435043E-1
1.281155463E1,-1.146164536E-2,-1.797485352E-1,-7.539958954E-1,7.752101105E-1
1.281660604E1,7.573753595E-3,-1.433639526E-1,-7.358336449E-1,7.497077681E-1
1.282163271E1,3.165021539E-2,-1.399917603E-1,-7.276859283E-1,7.417049544E-1
1.282665937E1,8.436122537E-2,-1.649360657E-1,-6.814074516E-1,7.061422217E-1
1.283169094E1,1.224494278E-1,-2.278003693E-1,-6.255481243E-1,6.769027452E-1
1.283671792E1,1.506746113E-1,-3.141593933E-1,-5.936796665E-1,6.883709097E-1
1.284174490E1,1.161360443E-1,-4.336147308E-1,-4.851474762E-1,6.609670107E-1
1.284677187E1,9.064045548E-2,-5.239334106E-1,-4.196572304E-1,6.773729416E-1
1.285179885E1,1.219327152E-1,-5.900220871E-1,-3.395276070E-1,6.915725892E-1
1.285679531E1,7.611843944E-2,-6.318979263E-1,-3.787157536E-1,7.406177341E-1
1.286182104E1,6.816580892E-2,-5.829200745E-1,-4.023618698E-1,7.115739350E-1
1.286684333E1,1.218873560E-1,-5.817337036E-1,-5.495679379E-1,8.095032723E-1
1.287186875E1,1.751465201E-1,-5.086441040E-1,-7.007977962E-1,8.834662864E-1
1.287689417E1,2.281884253E-1,-4.927225113E-1,-8.182108402E-1,9.819951169E-1
1.288191927E1,3.003381193E-1,-4.382019043E-1,-9.211359024E-1,1.063350951E0
1.288694463E1,3.200943470E-1,-4.024181366E-1,-1.005150437E0,1.129038595E0
1.289197000E1,3.307103813E-1,-3.517723083E-1,-1.003675342E0,1.113767168E0
1.289704219E1,2.940468192E-1,-3.438434601E-1,-1.021543384E0,1.117247842E0
1.290207057E1,2.913673818E-1,-3.591480255E-1,-1.050161242E0,1.147484593E0
1.290711463E1,2.941446006E-1,-3.213233948E-1,-1.074654460E0,1.159591298E0
1.291214474E1,2.209768295E-1,-2.782421112E-1,-1.152515531E0,1.206043731E0
1.291717484E1,1.436614394E-1,-2.538461685E-1,-1.116258502E0,1.153737201E0
1.292220495E1,1.051374376E-1,-2.290210724E-1,-1.205050468E0,1.231117851E0
1.292723505E1,-4.675269127E-3,-2.277040482E-1,-1.289559126E0,1.309516602E0
1.293217963E1,2.451077104E-2,-2.496519089E-1,-1.246252298E0,1.271248066E0
1.293720630E1,2.034181356E-2,-2.905054092E-1,-1.221924782E0,1.256147824E0
1.294226213E1,9.286904335E-2,-3.118886948E-1,-1.092561245E0,1.139995303E0
1.294729182E1,1.033812463E-1,-3.425121307E-1,-1.006613970E0,1.068304229E0
1.295232151E1,1.141011119E-1,-3.059797287E-1,-8.678419590E-1,9.272498713E-1
1.295736344E1,1.727622747E-1,-2.885303497E-1,-7.716445923E-1,8.417433950E-1
1.296239390E1,1.787374318E-1,-2.279634476E-1,-6.509803534E-1,7.125235599E-1
1.296740614E1,2.372464240E-1,-1.912918091E-1,-5.775383711E-1,6.530153076E-1
1.297243474E1,3.147507608E-1,-1.307401657E-1,-5.413051844E-1,6.396657994E-1
1.297746333E1,3.300795853E-1,-1.323843002E-1,-5.806002617E-1,6.808632752E-1
1.298247260E1,3.454444408E-1,-5.733203888E-2,-5.953989029E-1,6.907377780E-1
1.298749990E1,3.417224884E-1,-1.093292236E-2,-6.667985916E-1,7.493424782E-1
1.299252719E1,2.950176299E-1,4.998207092E-2,-7.377251387E-1,7.960979774E-1
1.299755062E1,2.149852514E-1,1.015481949E-1,-8.228249550E-1,8.564879455E-1
1.300257766E1,2.115385234E-1,1.151294708E-1,-9.844819307E-1,1.013512710E0
1.300760026E1,1.601586938E-1,1.195135117E-1,-1.079369783E0,1.097712811E0
1.301262687E1,4.659125209E-2,1.960630417E-1,-1.237023354E0,1.253330858E0
1.301765417E1,4.786580801E-2,2.060375214E-1,-1.261587501E0,1.279197255E0
1.302268083E1,1.112550199E-1,1.734266281E-1,-1.296774030E0,1.313041263E0
1.302770750E1,5.982097983E-2,1.939105988E-1,-1.385608196E0,1.400389211E0
1.303273417E1,1.998937726E-1,1.526651382E-1,-1.399168849E0,1.421596860E0
1.303775911E1,2.971030176E-1,1.071233749E-1,-1.500113726E0,1.532999286E0
1.304278568E1,3.134489954E-1,1.672487259E-1,-1.645205379E0,1.683128975E0
1.304781224E1,3.351143301E-1,1.368579865E-1,-1.566898227E0,1.608167210E0
1.305284614E1,4.242673814E-1,9.252452850E-2,-1.489984512E0,1.551972115E0
1.305787318E1,4.805657566E-1,1.251096725E-1,-1.409694314E0,1.494601598E0
1.306290349E1,5.423514843E-1,8.141422272E-2,-1.430866480E0,1.532368197E0
1.306793083E1,5.427008867E-1,1.098012924E-1,-1.362281322E0,1.470507048E0
1.307295818E1,5.439410210E-1,1.384239197E-1,-1.304455161E0,1.420083196E0
1.307798552E1,4.691758752E-1,1.289930344E-1,-1.324070573E0,1.410648109E0
1.308303042E1,4.522940516E-1,9.586048126E-2,-1.358535528E0,1.435053282E0
1.308805864E1,4.261838794E-1,1.443214417E-1,-1.346163988E0,1.419372700E0
1.309308687E1,4.002003670E-1,1.642589569E-1,-1.430373907E0,1.494359680E0
1.309809708E1,3.838209212E-1,1.891975403E-1,-1.505999446E0,1.565614429E0
1.310312417E1,3.196628988E-1,1.808662415E-1,-1.415317893E0,1.462197560E0
1.310814911E1,2.315255105E-1,2.923316956E-1,-1.421543241E0,1.469641816E0
1.311317594E1,1.671393365E-1,3.464946747E-1,-1.462456226E0,1.512207767E0
1.311820026E1,1.308842301E-1,3.912668228E-1,-1.366076708E0,1.427019965E0
1.312322687E1,8.935129642E-2,4.409732819E-1,-1.299780488E0,1.375452801E0
1.312825349E1,7.613939047E-2,5.147056580E-1,-1.291984677E0,1.392818555E0
1.313328010E1,7.684126496E-2,6.267585754E-1,-1.222908974E0,1.376312919E0
1.313830672E1,2.463607490E-2,6.240291595E-1,-1.216869593E0,1.367768597E0
1.314332573E1,2.005302906E-2,6.309947968E-1,-1.321593046E0,1.464638091E0
1.314835203E1,2.945333719E-2,6.189508438E-1,-1.393552303E0,1.525108412E0
1.315337833E1,1.002925634E-2,6.357326508E-1,-1.413641691E0,1.550044974E0
1.315840463E1,-9.593933821E-3,5.856485367E-1,-1.439263582E0,1.553884137E0
1.316343234E1,-1.991394162E-2,5.118217468E-1,-1.666533947E0,1.743471669E0
1.316845870E1,-2.079476416E-2,5.290670395E-1,-1.822819471E0,1.898160999E0
1.317348505E1,-5.035617203E-2,4.985828400E-1,-1.812761188E0,1.880750838E0
1.317848240E1,-7.048310339E-2,4.539041519E-1,-1.842252254E0,1.898654844E0
1.318350687E1,-8.104896545E-2,4.284934998E-1,-1.882160664E0,1.932020802E0
1.318853932E1,-5.828586221E-2,3.936281204E-1,-1.851130724E0,1.893416303E0
1.319356463E1,-1.168115884E-1,3.349733353E-1,-1.797223568E0,1.831901918E0
1.319858995E1,-1.466159523E-1,2.573242188E-1,-1.720193028E0,1.745501660E0
1.320364240E1,-1.335817575E-1,1.893815994E-1,-1.715443611E0,1.731027515E0
1.320866953E1,-1.207378805E-1,1.550550461E-1,-1.783062696E0,1.793859605E0
1.321369667E1,-1.270349473E-1,1.160411835E-1,-1.903926373E0,1.911684876E0
1.321872380E1,-1.763589531E-1,1.297340393E-1,-1.958459854E0,1.970659382E0
1.322373932E1,-1.636003107E-1,1.625957489E-1,-1.961219072E0,1.974736106E0
1.322876588E1,-1.797320992E-1,1.906957626E-1,-2.003302097E0,2.020368232E0
1.323379245E1,-1.624982804E-1,2.283792496E-1,-1.988981128E0,2.008633540E0
1.323879802E1,-1.789081842E-1,2.469472885E-1,-1.980676413E0,2.004013511E0
1.324382312E1,-1.713628471E-1,2.942390442E-1,-1.978279352E0,2.007369183E0
1.324884094E1,-1.878332794E-1,3.367404938E-1,-1.933986664E0,1.972049674E0
1.325386531E1,-1.756827235E-1,3.553256989E-1,-1.881264210E0,1.922570102E0
1.325888969E1,-1.253296584E-1,3.356685638E-1,-1.891761303E0,1.925393917E0
1.326394865E1,-1.226819903E-1,3.591194153E-1,-1.917623281E0,1.954813719E0
1.326897531E1,-1.198949069E-1,4.064912796E-1,-1.901395321E0,1.948053930E0
1.327400198E1,-1.122257560E-1,4.155807495E-1,-1.862204194E0,1.911310137E0
1.327900453E1,-1.332264096E-1,4.486103058E-1,-1.790604353E0,1.850746993E0
1.328402958E1,-1.302264631E-1,4.720621109E-1,-1.810692549E0,1.875742273E0
1.328904740E1,-1.844724417E-1,4.955139160E-1,-1.802776814E0,1.878714550E0
1.329407177E1,-2.290896475E-1,4.950571060E-1,-1.853037119E0,1.931659952E0
1.329909614E1,-2.401798368E-1,4.802904129E-1,-1.846721649E0,1.923212439E0
1.330411990E1,-1.987484992E-1,4.321041107E-1,-1.846073627E0,1.906358509E0
1.330914422E1,-2.817107737E-1,4.127178192E-1,-1.860754728E0,1.926682412E0
1.331416854E1,-2.737543285E-1,3.694839478E-1,-1.861947298E0,1.917891436E0
1.331919286E1,-2.899662852E-1,3.837366104E-1,-1.930919409E0,1.989920600E0
1.332421719E1,-3.061282039E-1,4.075860977E-1,-2.024701595E0,2.087883487E0
1.332924906E1,-2.935943305E-1,4.218893051E-1,-2.057092190E0,2.120334052E0
1.333427370E1,-2.238925993E-1,4.027547836E-1,-2.004374743E0,2.056661717E0
1.333929833E1,-1.975796670E-1,3.550033569E-1,-1.823474050E0,1.868187014E0
1.334437437E1,-2.001779228E-1,3.121404648E-1,-1.619539976E0,1.661448947E0
1.334940245E1,-1.169703007E-1,2.023963928E-1,-1.487622380E0,1.505877385E0
1.335443052E1,-8.649057150E-2,1.501989365E-1,-1.480261087E0,1.490373519E0
1.335945859E1,-1.040541530E-1,1.124258041E-1,-1.539756060E0,1.547357603E0
1.336442568E1,-8.829832077E-2,8.428668976E-2,-1.527529716E0,1.532399385E0
1.336945068E1,-1.157531738E-1,8.969593048E-2,-1.520464182E0,1.527499750E0
1.337447568E1,-8.127292991E-2,6.644058228E-2,-1.604580879E0,1.608011019E0
1.337953187E1,-8.512908220E-2,6.717300415E-2,-1.655619264E0,1.659166755E0
1.338455896E1,-1.034741625E-1,8.708286285E-2,-1.673599124E0,1.679054602E0
1.338957896E1,-1.456926316E-1,9.267902374E-2,-1.692204475E0,1.700991396E0
1.339460531E1,-1.735866070E-1,9.833526611E-2,-1.678052425E0,1.689870432E0
1.339963995E1,-1.776045412E-1,1.040611267E-1,-1.702979684E0,1.715375147E0
1.340466713E1,-1.959840953E-1,1.385459900E-1,-1.709442377E0,1.726209141E0
1.340969432E1,-2.095750272E-1,1.396026611E-1,-1.659436226E0,1.678433550E0
1.341472151E1,-1.994133294E-1,1.503124237E-1,-1.624663830E0,1.643743307E0
1.341974870E1,-1.656442136E-1,1.515359879E-1,-1.571576834E0,1.587531072E0
1.342474276E1,-1.462500691E-1,1.815404892E-1,-1.423588991E0,1.442550397E0
1.342976859E1,-1.030148044E-1,1.685647964E-1,-1.434356928E0,1.447897074E0
1.343477755E1,-7.432664931E-2,1.987228394E-1,-1.349848151E0,1.366420597E0
1.343980172E1,-2.779008821E-3,1.715412140E-1,-1.280269146E0,1.291713280E0
1.344482588E1,1.614939421E-3,2.401380539E-1,-1.206557155E0,1.230223175E0
1.344988786E1,3.957725689E-2,2.848520279E-1,-1.157592893E0,1.192781766E0
1.345491453E1,6.303950399E-2,2.865390778E-1,-1.084913015E0,1.123883834E0
1.345994120E1,7.679955661E-2,3.265686035E-1,-1.113058925E0,1.162516836E0
1.346501052E1,9.044238925E-2,3.236179352E-1,-1.084349632E0,1.135219150E0
1.347004005E1,1.086012945E-1,3.207597733E-1,-1.089413643E0,1.140834413E0
1.347506958E1,9.789684415E-2,3.419504166E-1,-9.995391369E-1,1.060939379E0
1.348009911E1,8.653980494E-2,4.033975601E-1,-1.117563963E0,1.191288353E0
1.348505495E1,7.991041243E-2,4.264307022E-1,-1.168495178E0,1.246438847E0
1.349008078E1,6.827071309E-2,4.209756851E-1,-1.144432425E0,1.221313635E0
1.349510661E1,6.585805863E-2,4.916791916E-1,-1.263793468E0,1.357666985E0
1.350015463E1,3.952092305E-2,5.192146301E-1,-1.364120483E0,1.460126854E0
1.350518198E1,6.539002061E-2,5.466566086E-1,-1.431070566E0,1.533320667E0
1.351021469E1,1.476396993E-2,5.882778168E-1,-1.626580119E0,1.729754794E0
1.351524255E1,-1.675669849E-2,6.012296677E-1,-1.721690893E0,1.823726249E0
1.352025177E1,-1.495587826E-2,5.335340500E-1,-1.831314087E0,1.907509776E0
1.352527776E1,-2.295776084E-2,4.950981140E-1,-1.945966363E0,2.008092201E0
1.353030125E1,-4.045533761E-2,4.334650040E-1,-1.975507736E0,2.022908639E0
1.353532698E1,-5.782689899E-2,4.295854568E-1,-1.982562780E0,2.029394686E0
1.354035370E1,-5.614446849E-2,3.215656281E-1,-1.953267097E0,1.980355778E0
1.354537953E1,-8.295024931E-2,2.432947159E-1,-1.921551704E0,1.938668103E0
1.355040536E1,-8.092489839E-2,1.090812683E-1,-1.730791807E0,1.736112854E0
1.355544354E1,-5.049537495E-2,-5.207920074E-2,-1.581800222E0,1.583462652E0
1.356047016E1,-2.505275980E-2,-1.877546310E-1,-1.407315612E0,1.420005871E0
1.356549677E1,-1.422711462E-2,-3.503389359E-1,-1.397631645E0,1.440942052E0
1.357052338E1,-2.747338265E-2,-4.683837891E-1,-1.133291960E0,1.226576058E0
1.357556088E1,1.121009141E-2,-4.995279312E-1,-1.005486131E0,1.122789463E0
1.358058807E1,3.977723420E-2,-5.110235214E-1,-8.701389432E-1,1.009885661E0
1.358561526E1,6.326735765E-2,-4.983053207E-1,-7.033184767E-1,8.642730071E-1
1.359064245E1,1.999676228E-2,-5.281095505E-1,-6.140429974E-1,8.101533006E-1
1.359567844E1,2.923050523E-2,-5.193157196E-1,-5.163860321E-1,7.329377690E-1
1.360070604E1,3.383231163E-2,-4.676027298E-1,-3.765349388E-1,6.013114820E-1
1.360573052E1,1.474592835E-2,-4.446105957E-1,-5.268914700E-1,6.895727991E-1
1.361075781E1,8.387565613E-4,-4.263019562E-1,-5.713318586E-1,7.128493207E-1
1.361578510E1,-7.823973894E-3,-4.078693390E-1,-6.438213587E-1,7.621840684E-1
1.362081240E1,-3.049490601E-2,-4.160032272E-1,-6.586252451E-1,7.795997934E-1
1.362583969E1,-4.798796028E-2,-3.519573212E-1,-7.027026415E-1,7.873803418E-1
1.363086698E1,-7.935759425E-2,-2.636499405E-1,-7.759610415E-1,8.233616804E-1
1.363604078E1,-1.390185952E-1,-1.841850281E-1,-8.275816441E-1,8.591517165E-1
1.364107297E1,-1.361085176E-1,-1.763410568E-1,-8.593747616E-1,8.877762543E-1
1.364610516E1,-1.521384865E-1,-1.583461761E-1,-8.922059536E-1,9.188313742E-1
1.365113734E1,-1.489242315E-1,-1.205453873E-1,-1.017281771E0,1.035167531E0
1.365616953E1,-1.267044842E-1,-5.326080322E-2,-1.038846731E0,1.047899456E0
1.366102234E1,-1.045805663E-1,-3.833770752E-2,-1.088731766E0,1.094414790E0
1.366604734E1,-1.162033007E-1,-4.588985443E-2,-1.070904970E0,1.078168141E0
1.367104943E1,-8.043310046E-2,-3.344154358E-2,-1.140644550E0,1.143965826E0
1.367607224E1,-7.858769596E-2,-1.013145447E-1,-1.082998991E0,1.090562918E0
1.368109505E1,4.095599055E-3,-1.586713791E-1,-1.064877510E0,1.076641766E0
1.368610109E1,5.108907819E-3,-1.817378998E-1,-1.071341872E0,1.086659179E0
1.369112271E1,2.982924879E-2,-3.043613434E-1,-9.687491655E-1,1.015874282E0
1.369619302E1,1.601725817E-2,-4.450330734E-1,-9.391359091E-1,1.039368676E0
1.370121911E1,-3.144057095E-2,-5.275793076E-1,-8.998311758E-1,1.043563405E0
1.370624521E1,-2.636007965E-2,-7.049407959E-1,-8.800652027E-1,1.127896777E0
1.371127130E1,1.190371811E-2,-7.664642334E-1,-8.274867535E-1,1.127982024E0
1.371623292E1,9.313198924E-2,-8.177785873E-1,-7.651913166E-1,1.123811878E0
1.372125557E1,1.744293422E-1,-9.251375198E-1,-7.382991314E-1,1.196407386E0
1.372630088E1,1.507152319E-1,-8.686304092E-1,-6.170697212E-1,1.076108224E0
1.373132573E1,1.418879628E-1,-8.687248230E-1,-4.246878624E-1,9.773304418E-1
1.373633896E1,1.478554308E-1,-8.011217117E-1,-3.521738052E-1,8.875154165E-1
1.374136255E1,1.016736031E-1,-7.471647263E-1,-2.272925377E-1,7.875624086E-1
1.374638614E1,1.182559133E-1,-7.644109726E-1,-1.309175491E-1,7.845049399E-1
1.375144469E1,1.063411534E-1,-7.091817856E-1,-1.111116409E-1,7.256673085E-1
1.375647068E1,6.122125685E-2,-6.585826874E-1,-1.353335381E-2,6.615605415E-1
1.376149740E1,6.786391139E-3,-6.363973618E-1,-4.428362846E-2,6.379723324E-1
1.376652344E1,-1.404590905E-2,-6.425924301E-1,-3.106117249E-2,6.434960103E-1
1.377154948E1,-6.854481995E-2,-6.531257629E-1,-1.224174500E-1,6.680252141E-1
1.377658766E1,-1.232779846E-1,-6.535739899E-1,-1.749248505E-1,6.877173293E-1
1.378161453E1,-1.591134369E-1,-6.536312103E-1,-2.505664825E-1,7.178679594E-1
1.378664141E1,-1.425312459E-1,-6.962132454E-1,-3.304843903E-1,7.837397344E-1
1.379166828E1,-1.358813643E-1,-7.238345146E-1,-4.291110039E-1,8.523710479E-1
1.379671042E1,-1.245782673E-1,-7.410645485E-1,-4.416975975E-1,8.716611597E-1
1.380173802E1,-1.181214601E-1,-7.433609962E-1,-4.252653122E-1,8.645165330E-1
1.380676562E1,-8.305947483E-2,-7.881274223E-1,-3.750777245E-1,8.767707851E-1
1.381175724E1,-6.258364022E-2,-8.134198189E-1,-3.814926147E-1,9.006137512E-1
1.381678245E1,-7.061442733E-2,-8.618216515E-1,-3.975787163E-1,9.517309451E-1
1.382180828E1,-6.889754534E-2,-8.282999992E-1,-3.846526146E-1,9.158522776E-1
1.382683354E1,-7.659742236E-2,-8.516573906E-1,-3.427290916E-1,9.212223979E-1
1.383185880E1,-6.013536453E-2,-8.838753700E-1,-3.342418671E-1,9.468735700E-1
1.383688625E1,-5.301307142E-2,-9.154076576E-1,-3.686499596E-1,9.882734227E-1
1.384191167E1,-2.643184364E-2,-9.508900642E-1,-4.270153046E-1,1.042704477E0
1.384693708E1,-2.353639901E-2,-9.758143425E-1,-4.091095924E-1,1.058365840E0
1.385196250E1,-3.490103781E-2,-9.614586830E-1,-4.393959045E-1,1.057681258E0
1.385697250E1,-6.535157561E-2,-9.844012260E-1,-4.125399590E-1,1.069348316E0
1.386199713E1,-3.836221993E-2,-1.015569210E0,-4.199633598E-1,1.099646172E0
1.386701854E1,-1.884073019E-3,-1.064650059E0,-3.943958282E-1,1.135355172E0
1.387204286E1,-3.845751286E-3,-1.093261242E0,-3.790187836E-1,1.157104218E0
1.387706719E1,-1.563087106E-2,-1.072679996E0,-4.551348686E-1,1.165347351E0
1.388209151E1,-7.056309283E-2,-1.060219288E0,-5.032186508E-1,1.175701110E0
1.388711427E1,-9.672027826E-2,-1.008030415E0,-4.754362106E-1,1.118713421E0
1.389213849E1,-1.755950153E-1,-9.687676430E-1,-3.718104362E-1,1.052419762E0
1.389716594E1,-2.449211180E-1,-9.569869041E-1,-2.972731590E-1,1.031591789E0
1.390219047E1,-2.808293104E-1,-9.968261719E-1,-2.035665512E-1,1.055446284E0
1.390721500E1,-3.216212690E-1,-1.035694122E0,-1.336226463E-1,1.092683654E0
1.391223953E1,-3.288597763E-1,-1.035547256E0,-2.066864967E-1,1.105995561E0
1.391726406E1,-3.262687922E-1,-1.039641857E0,-2.693433762E-1,1.122431455E0
1.392233057E1,-3.714664280E-1,-1.085697174E0,-3.079266548E-1,1.188084377E0
1.392735682E1,-3.831930161E-1,-1.074076653E0,-2.735786438E-1,1.172741582E0
1.393238307E1,-3.998606205E-1,-1.028314114E0,-3.343386650E-1,1.152866330E0
1.393737463E1,-3.691402078E-1,-1.020473957E0,-3.319225311E-1,1.134814591E0
1.394239859E1,-3.919464946E-1,-9.107551575E-1,-4.876189232E-1,1.104929512E0
1.394742255E1,-3.579446077E-1,-7.712602615E-1,-6.096282005E-1,1.046237677E0
1.395245474E1,-3.002690971E-1,-6.064801216E-1,-6.457343102E-1,9.353889394E-1
1.395747922E1,-3.100035489E-1,-4.689216614E-1,-6.726427078E-1,8.766059190E-1
1.396250370E1,-2.727034688E-1,-2.864122391E-1,-6.667952538E-1,7.752516127E-1
1.396757536E1,-2.219787687E-1,-2.397961617E-1,-5.573844910E-1,6.461069909E-1
1.397260307E1,-2.008064240E-1,-2.584109306E-1,-3.383474350E-1,4.707211656E-1
1.397763078E1,-1.086382717E-1,-3.895730972E-1,-5.393981934E-3,4.044731971E-1
1.398264088E1,-5.999025702E-2,-6.199045181E-1,3.324942589E-1,7.059977866E-1
1.398766740E1,-2.555552125E-2,-8.589372635E-1,5.514631271E-1,1.021047446E0
1.399269552E1,3.203451633E-4,-1.103317738E0,6.625065804E-1,1.286944094E0
1.399772219E1,-2.024802566E-2,-1.344601631E0,6.953644753E-1,1.513900684E0
1.400274474E1,-6.797957420E-2,-1.511757851E0,5.023436546E-1,1.594484923E0
1.400777099E1,-7.096007466E-2,-1.605012894E0,2.462577820E-1,1.625344461E0
1.401279677E1,-5.805450678E-2,-1.624416351E0,-9.214925766E-2,1.628063357E0
1.401782297E1,8.194178343E-3,-1.626972675E0,-4.319930077E-1,1.683367218E0
1.402284781E1,6.475722790E-2,-1.539988995E0,-7.646017075E-1,1.720574141E0
1.402787385E1,2.212380469E-1,-1.467699051E0,-9.618058205E-1,1.768659722E0
1.403289990E1,3.241555989E-1,-1.366011620E0,-1.043741703E0,1.749417429E0
1.403792906E1,3.595117927E-1,-1.301079273E0,-1.044692516E0,1.706879743E0
1.404295531E1,3.799306154E-1,-1.234011650E0,-1.017764568E0,1.644073217E0
1.404798156E1,4.139775336E-1,-1.293342590E0,-8.820600510E-1,1.619303056E0
1.405300677E1,3.896670938E-1,-1.354503632E0,-6.854729652E-1,1.567288652E0
1.405803297E1,3.167322874E-1,-1.494151592E0,-4.709172249E-1,1.598302648E0
1.406305687E1,2.433237433E-1,-1.655180931E0,-1.663165092E-1,1.681217279E0
1.406808281E1,1.553567052E-1,-1.876642704E0,1.714725494E-1,1.890853347E0
1.407310838E1,-1.412484050E-2,-2.034890890E0,3.564734459E-1,2.065926853E0
1.407813427E1,-1.643396020E-1,-2.164344549E0,4.420628548E-1,2.215133043E0
1.408316016E1,-2.856072783E-1,-2.308531046E0,5.099258423E-1,2.381367563E0
1.408817307E1,-3.590269685E-1,-2.410777807E0,4.887866974E-1,2.485892684E0
1.409319807E1,-4.039674103E-1,-2.465861797E0,2.779531479E-1,2.514144392E0
1.409822307E1,-4.294573665E-1,-2.435804367E0,6.901359558E-2,2.474336158E0
1.410326635E1,-4.301371872E-1,-2.377471447E0,-9.068393707E-2,2.417770059E0
1.410829260E1,-4.155235291E-1,-2.262395859E0,-2.776441574E-1,2.316933556E0
1.411331885E1,-4.002031386E-1,-2.118626595E0,-3.774938583E-1,2.188890772E0
1.411834365E1,-3.367077708E-1,-1.959693670E0,-5.103731155E-1,2.052864370E0
1.412336979E1,-2.542716861E-1,-1.847477198E0,-5.424575806E-1,1.942185962E0
1.412839594E1,-7.209709287E-2,-1.795836210E0,-4.549150467E-1,1.853961538E0
1.413342208E1,4.675662518E-2,-1.852378845E0,-4.631071091E-1,1.909963812E0
1.413844854E1,1.403954029E-1,-1.949995995E0,-4.138164520E-1,1.998359153E0
1.414347469E1,1.751857996E-1,-2.069649696E0,-4.074029922E-1,2.116628718E0
1.414850083E1,2.277957797E-1,-2.182745457E0,-4.006605148E-1,2.230873706E0
1.415352672E1,2.316408753E-1,-2.299236298E0,-4.364233017E-1,2.351724972E0
1.415855286E1,2.256445885E-1,-2.414645672E0,-4.858036041E-1,2.473344768E0
1.416357901E1,1.484394670E-1,-2.438543081E0,-3.907995224E-1,2.474116186E0
1.416858354E1,3.887444735E-2,-2.405133247E0,-2.709121704E-1,2.420654987E0
1.417360823E1,-1.216155291E-2,-2.313939095E0,-2.220745087E-1,2.324603004E0
1.417863292E1,3.341960907E-2,-2.275606155E0,5.255699158E-2,2.276458320E0
1.418367000E1,7.983309031E-2,-2.146381140E0,-5.477142334E-2,2.148563527E0
1.418869547E1,7.941025496E-2,-2.051095486E0,-8.434677124E-2,2.054364393E0
1.419372094E1,9.897047281E-2,-1.955841780E0,-1.272926331E-1,1.962476914E0
1.419875963E1,1.189525127E-1,-1.888848066E0,-1.407041550E-1,1.897813051E0
1.420378599E1,1.150784492E-1,-1.811977625E0,-3.445205688E-1,1.848026078E0
1.420881474E1,1.300739050E-1,-1.796330929E0,-5.426244736E-1,1.881001155E0
1.421384135E1,1.732652187E-1,-1.707527876E0,-6.059913635E-1,1.820136757E0
1.421886364E1,1.916483045E-1,-1.693809986E0,-5.060653687E-1,1.778151709E0
1.422388979E1,1.654753685E-1,-1.697677374E0,-3.816547394E-1,1.747898997E0
1.422891599E1,1.857089400E-1,-1.714531422E0,-3.618135452E-1,1.762105232E0
1.423394213E1,1.708441973E-1,-1.677507520E0,-2.980737686E-1,1.712328003E0
1.423896828E1,1.742901802E-1,-1.677723050E0,-1.952390671E-1,1.698013543E0
1.424399443E1,2.018608451E-1,-1.557851911E0,-2.015199661E-1,1.583748930E0
1.424900651E1,2.499911189E-1,-1.409689069E0,-2.592792511E-1,1.454972357E0
1.425403198E1,3.296364546E-1,-1.251943350E0,-8.652973175E-2,1.297501344E0
1.425905745E1,4.081301093E-1,-1.089743972E0,4.312248230E-1,1.240994343E0
1.426408292E1,5.287086368E-1,-9.429435730E-1,1.169334412E0,1.592488107E0
1.426910838E1,5.953194499E-1,-8.219445944E-1,1.969874382E0,2.215942970E0
1.427413682E1,6.217268705E-1,-5.360281467E-1,2.780269623E0,2.898925603E0
1.427916240E1,5.787860155E-1,-2.385580540E-1,3.519191742E0,3.574438937E0
1.428419844E1,5.907792449E-1,1.340162754E-2,4.191389084E0,4.232840910E0
1.428922505E1,6.957435012E-1,1.862421036E-1,4.863880157E0,4.916917258E0
1.429425167E1,8.017456532E-1,2.756094933E-1,5.436185837E0,5.501897231E0
1.429930229E1,8.401580453E-1,3.059630394E-1,5.645385742E0,5.715755339E0
1.430433057E1,9.194464684E-1,2.912105322E-1,5.573361397E0,5.656195067E0
1.430935885E1,8.904939294E-1,3.706463575E-1,4.962124825E0,5.055001576E0
1.431434484E1,8.060315847E-1,4.150747061E-1,4.233144760E0,4.329144083E0
1.431937036E1,6.666523218E-1,4.310714006E-1,3.620629311E0,3.706643289E0
1.432437974E1,5.105544329E-1,3.983222842E-1,3.043269157E0,3.111400591E0
1.432940354E1,4.005653262E-1,2.402502298E-1,2.496182442E0,2.539507735E0
1.433442094E1,3.333858252E-1,7.088971138E-2,2.065372467E0,2.093307165E0
1.433944411E1,2.773375511E-1,-8.572274446E-2,1.865307808E0,1.887759975E0
1.434446729E1,2.187510729E-1,-2.437057197E-1,1.857338905E0,1.885988420E0
1.434949047E1,1.730686426E-1,-4.312578440E-1,1.998053551E0,2.051378579E0
1.435451364E1,1.790446043E-1,-6.674620509E-1,2.516777992E0,2.609929888E0
1.435953682E1,2.081538439E-1,-9.147722721E-1,3.145239830E0,3.282174572E0
1.436465693E1,2.845684886E-1,-1.230653048E0,3.668063164E0,3.879455312E0
1.436968344E1,2.877180874E-1,-1.627482891E0,4.138127327E0,4.455960057E0
1.437469984E1,2.320466340E-1,-1.879589796E0,4.555406570E0,4.933399686E0
1.437972531E1,1.934330761E-1,-2.130163670E0,4.848205566E0,5.299066977E0
1.438475078E1,9.835374355E-2,-2.340353251E0,4.954539299E0,5.480363716E0
1.438977625E1,3.505596519E-2,-2.490180731E0,4.912956238E0,5.508118371E0
1.439474516E1,-6.156611443E-2,-2.608257294E0,4.513273239E0,5.213101939E0
1.439976781E1,-1.593380868E-1,-2.779215574E0,3.885045052E0,4.779435415E0
1.440481411E1,-1.826656163E-1,-2.878512859E0,2.971162796E0,4.140894996E0
1.440983917E1,-1.889661103E-1,-2.920745373E0,1.910645485E0,3.495286525E0
1.441487781E1,-1.577011347E-1,-3.005904675E0,8.949146271E-1,3.140255523E0
1.441990422E1,1.431761384E-1,-2.899846315E0,1.390333176E-1,2.906705751E0
1.442491609E1,2.755511105E-1,-2.747022152E0,-4.817619324E-1,2.802526303E0
1.442994109E1,1.741648614E-1,-2.734360695E0,-1.125533104E0,2.962074708E0
1.443496609E1,1.323821545E-1,-2.775151014E0,-1.510143280E0,3.162201909E0
1.444000635E1,2.659562230E-2,-2.758330822E0,-1.655055046E0,3.216877905E0
1.444503240E1,-1.144824475E-1,-2.640509605E0,-1.780535698E0,3.186801622E0
1.445005974E1,-3.007889688E-1,-2.416124105E0,-1.652206421E0,2.942433645E0
1.445508594E1,-4.754943848E-1,-2.233777523E0,-1.299041748E0,2.627425812E0
1.446010792E1,-5.917079449E-1,-2.156169415E0,-1.003464699E0,2.450739937E0
1.446513365E1,-7.362760305E-1,-2.054675341E0,-6.028041840E-1,2.264324631E0
1.447015937E1,-8.522729874E-1,-1.939579964E0,-3.650350571E-1,2.149788425E0
1.447518510E1,-9.971907139E-1,-1.758586526E0,-1.417284012E-1,2.026598833E0
1.448021271E1,-1.137518644E0,-1.602815747E0,4.937171936E-3,1.965449404E0
1.448523854E1,-1.134327650E0,-1.458370447E0,2.716636658E-2,1.847777473E0
1.449026437E1,-1.006533146E0,-1.325780749E0,1.498079300E-1,1.671300687E0
1.449529042E1,-8.927047253E-1,-1.210170984E0,2.339811325E-1,1.521901018E0
1.450031625E1,-7.301739454E-1,-1.202389002E0,4.805507660E-1,1.486547120E0
1.450534208E1,-5.475581884E-1,-1.192005873E0,7.697553635E-1,1.520927773E0
1.451040526E1,-2.923147082E-1,-1.197368622E0,1.135077477E0,1.675571659E0
1.451543359E1,6.829202175E-2,-1.261141539E0,1.432991982E0,1.910132927E0
1.452046193E1,4.436399341E-1,-1.392115116E0,1.759288788E0,2.286897008E0
1.452550448E1,8.195443153E-1,-1.494187117E0,2.142663956E0,2.737746674E0
1.453053375E1,1.032953739E0,-1.524585366E0,2.415647507E0,3.037549480E0
1.453556302E1,1.174088836E0,-1.564632058E0,2.659704208E0,3.301603330E0
1.454059229E1,1.155683279E0,-1.509353399E0,2.707473755E0,3.308196738E0
1.454562156E1,9.771347642E-1,-1.521721721E0,2.597436905E0,3.164981488E0
1.455075505E1,7.914001942E-1,-1.347691894E0,2.253326416E0,2.742274174E0
1.455578849E1,5.555039644E-1,-1.194326758E0,1.909612656E0,2.319832226E0
1.456082193E1,3.030817509E-1,-1.103459716E0,1.418179512E0,1.822282915E0
1.456585536E1,1.679894924E-1,-1.093628645E0,9.657955170E-1,1.468674594E0
1.457088880E1,2.634838223E-2,-1.164474368E0,5.237474442E-1,1.277108522E0
1.457592224E1,-9.273740649E-2,-1.195925355E0,-1.313209534E-2,1.199587485E0
1.458073281E1,-1.978535205E-1,-1.317962646E0,-3.865966797E-1,1.387670186E0
1.458575875E1,-2.986879349E-1,-1.441706419E0,-7.494802475E-1,1.652105482E0
1.459075401E1,-4.710401595E-1,-1.458740473E0,-1.020718575E0,1.841648448E0
1.459577693E1,-5.999444127E-1,-1.555468678E0,-1.214722633E0,2.062757180E0
1.460083620E1,-7.950934768E-1,-1.559542418E0,-1.245478630E0,2.148386187E0
1.460586286E1,-1.018107891E0,-1.538680553E0,-1.228056908E0,2.216349542E0
1.461086281E1,-1.211239934E0,-1.559982657E0,-1.100359917E0,2.260849401E0
1.461588682E1,-1.297688842E0,-1.542096853E0,-8.433904648E-1,2.184803541E0
1.462091109E1,-1.325717211E0,-1.553116322E0,-6.200904846E-1,2.134059193E0
1.462593516E1,-1.324423671E0,-1.560234427E0,-3.635892868E-1,2.078611724E0
1.463095922E1,-1.265302658E0,-1.544927716E0,-1.170911789E-1,2.000375667E0
1.463598328E1,-1.153053284E0,-1.570103645E0,1.192579269E-1,1.951660776E0
1.464106891E1,-1.006455302E0,-1.621063113E0,3.885383606E-1,1.947244194E0
1.464609609E1,-8.018334508E-1,-1.689249277E0,6.139650345E-1,1.968109008E0
1.465109875E1,-5.925163031E-1,-1.736343265E0,6.377649307E-1,1.942345903E0
1.465612359E1,-3.308874071E-1,-1.762726188E0,6.274785995E-1,1.900110387E0
1.466114724E1,-9.388795495E-2,-1.850466013E0,4.203701019E-1,1.899934324E0
1.466617193E1,1.664733887E-1,-1.917928338E0,2.367010117E-1,1.939636530E0
1.467119661E1,3.691999912E-1,-2.026613474E0,1.004724503E-1,2.062417397E0
1.467622130E1,5.238965154E-1,-2.137259722E0,7.876873016E-2,2.201942595E0
1.468125208E1,6.013959646E-1,-2.205553293E0,1.334590912E-1,2.289968071E0
1.468627708E1,6.826113462E-1,-2.249691010E0,2.168407440E-1,2.360950613E0
1.469130208E1,6.666903496E-1,-2.269187689E0,3.050870895E-1,2.384694304E0
1.469629724E1,6.924521923E-1,-2.206606388E0,3.934297562E-1,2.345930255E0
1.470132026E1,6.548218131E-1,-2.066849232E0,4.436054230E-1,2.213016748E0
1.470636536E1,5.496389866E-1,-1.950809002E0,4.699230194E-1,2.080525516E0
1.471139062E1,3.915468454E-1,-1.763671160E0,4.530878067E-1,1.862560993E0
1.471640271E1,2.093546242E-1,-1.596568346E0,4.170246124E-1,1.663360866E0
1.472142667E1,-6.140455604E-3,-1.406823874E0,3.664388657E-1,1.453777341E0
1.472645062E1,-1.304303855E-1,-1.223178625E0,2.678613663E-1,1.258939135E0
1.473147458E1,-2.683479488E-1,-1.064796209E0,2.361068726E-1,1.123186558E0
1.473649854E1,-3.859654963E-1,-9.365196228E-1,3.523569107E-1,1.072470867E0
1.474156417E1,-5.504783988E-1,-7.424476147E-1,4.969148636E-1,1.049370911E0
1.474658979E1,-6.426759362E-1,-6.261255741E-1,5.932359695E-1,1.075636792E0
1.475161542E1,-6.584054232E-1,-4.388408661E-1,6.510391235E-1,1.024661382E0
1.475659979E1,-6.313328743E-1,-3.768913746E-1,5.986061096E-1,9.481337358E-1
1.476162276E1,-5.137281418E-1,-2.583696842E-1,3.882560730E-1,6.938402378E-1
1.476664573E1,-4.010269046E-1,-1.745491028E-1,8.705425262E-2,4.459466452E-1
1.477166870E1,-2.786937356E-1,-1.161291599E-1,-1.758403778E-1,3.493937872E-1
1.477675854E1,-1.898244619E-1,-5.413746834E-2,-4.864988327E-1,5.250193387E-1
1.478178495E1,-6.756986678E-2,-1.315999031E-1,-7.634525299E-1,7.776528704E-1
1.478681135E1,3.517091274E-2,-1.946108341E-1,-9.874458313E-1,1.007054934E0
1.479179495E1,1.662736088E-1,-4.051878452E-1,-1.081885338E0,1.167176074E0
1.479681849E1,2.589432597E-1,-5.856518745E-1,-1.022899628E0,1.206798814E0
1.480184203E1,3.660611808E-1,-8.076786995E-1,-8.106603622E-1,1.201464062E0
1.480689594E1,4.255786538E-1,-1.004247904E0,-4.118824005E-1,1.165880849E0
1.481192151E1,4.374946356E-1,-1.190132380E0,-4.209804535E-2,1.268695741E0
1.481695437E1,4.495766461E-1,-1.241683006E0,3.846588135E-1,1.375448382E0
1.482198068E1,4.618549943E-1,-1.279497147E0,7.150716782E-1,1.536798780E0
1.482698318E1,4.551385045E-1,-1.361686468E0,1.020831108E0,1.761657528E0
1.483200713E1,4.100958109E-1,-1.297230721E0,1.187114716E0,1.805609998E0
1.483703109E1,3.742383718E-1,-1.263822556E0,1.118324280E0,1.728569063E0
1.484205505E1,2.612943649E-1,-1.180472136E0,8.864145279E-1,1.499173080E0
1.484707255E1,2.628331482E-1,-1.090369463E0,4.007005692E-1,1.191028033E0
1.485209620E1,1.782933474E-1,-1.012263298E0,-8.494758606E-2,1.031349405E0
1.485712823E1,1.227610111E-1,-9.786188602E-1,-5.607280731E-1,1.134540044E0
1.486215271E1,8.706969023E-2,-9.595417976E-1,-9.594430923E-1,1.359717853E0
1.486717719E1,5.763331056E-2,-9.400227070E-1,-1.180629730E0,1.510248605E0
1.487220167E1,3.007906675E-2,-9.816331863E-1,-1.119172096E0,1.488977718E0
1.487724109E1,-9.957268834E-3,-1.027086258E0,-8.280725479E-1,1.319359493E0
1.488226630E1,8.045613766E-3,-1.038264751E0,-3.984861374E-1,1.112137414E0
1.488729708E1,2.562630177E-2,-1.086671829E0,1.838521957E-1,1.102412809E0
1.489232286E1,1.327984184E-1,-1.129002333E0,7.370872498E-1,1.354835525E0
1.489734865E1,2.763186395E-1,-1.122886658E0,1.155901909E0,1.635033840E0
1.490239708E1,3.942422271E-1,-1.123242378E0,1.253430367E0,1.728637630E0
1.490742443E1,4.728105366E-1,-1.112547874E0,1.111000061E0,1.641838516E0
1.491245177E1,5.129394531E-1,-1.057828903E0,7.622632980E-1,1.401126049E0
1.491747911E1,5.146413445E-1,-1.049913406E0,3.031635284E-1,1.207924666E0
1.492250062E1,4.587974846E-1,-1.021363497E0,-2.660455704E-1,1.150851324E0
1.492752766E1,4.418734014E-1,-1.033813000E0,-8.207578659E-1,1.392000322E0
1.493255099E1,3.929351866E-1,-1.071663618E0,-1.212485313E0,1.665227194E0
1.493757766E1,3.364510834E-1,-1.118850231E0,-1.345423698E0,1.781906311E0
1.494260234E1,2.339793444E-1,-1.164250851E0,-1.205220222E0,1.691975816E0
1.494762880E1,2.001667321E-1,-1.206718326E0,-8.971967697E-1,1.516969967E0
1.495265526E1,2.055449486E-1,-1.279264927E0,-4.023303986E-1,1.356700862E0
1.495768172E1,2.356590033E-1,-1.349078655E0,1.116018295E-1,1.374046343E0
1.496270818E1,2.563617229E-1,-1.384158850E0,5.725421906E-1,1.519678128E0
1.496773271E1,3.485171795E-1,-1.386215448E0,8.415355682E-1,1.658686108E0
1.497275911E1,4.497859478E-1,-1.423780203E0,8.754730225E-1,1.730869862E0
1.497778552E1,4.792153835E-1,-1.436060548E0,8.560943604E-1,1.739199481E0
1.498281016E1,5.088400841E-1,-1.490500569E0,7.260026932E-1,1.734240493E0
1.498783641E1,5.527966022E-1,-1.558274269E0,5.188627243E-1,1.732922765E0
1.499286599E1,5.204674006E-1,-1.638777733E0,3.114261627E-1,1.747416673E0
1.499789255E1,5.126667023E-1,-1.697774410E0,1.564674377E-1,1.780378374E0
1.500291911E1,4.572263360E-1,-1.791836619E0,-4.632282257E-2,1.849832478E0
1.500794568E1,3.639026284E-1,-1.838548183E0,-1.818952560E-1,1.883021622E0
1.501297224E1,3.144391179E-1,-1.846458554E0,-2.597084045E-1,1.890959970E0
1.501796422E1,1.988700777E-1,-1.867124557E0,-2.270412445E-1,1.891362247E0
1.502298943E1,1.461616457E-1,-1.857623696E0,-1.366720200E-1,1.868370484E0
1.502804781E1,1.602880657E-1,-1.794567585E0,-2.701377869E-2,1.801914211E0
1.503307630E1,1.593348533E-1,-1.812263966E0,-3.683948517E-2,1.819627826E0
1.503810479E1,1.961239278E-1,-1.806191087E0,-6.092453003E-2,1.817829100E0
1.504315031E1,2.280678898E-1,-1.839527249E0,2.014636993E-2,1.853720944E0
1.504817995E1,2.788921297E-1,-1.917731404E0,1.104927063E-1,1.941052085E0
1.505320958E1,2.957094908E-1,-2.036015987E0,2.579383850E-1,2.073484366E0
1.505823219E1,2.930837274E-1,-2.208174944E0,5.485887527E-1,2.294097704E0
1.506326135E1,1.708483696E-1,-2.328466415E0,9.966907501E-1,2.538569964E0
1.506829052E1,9.601161629E-2,-2.449209213E0,1.420380592E0,2.832900462E0
1.507331969E1,2.549192309E-2,-2.623527050E0,1.920053482E0,3.251176617E0
1.507830833E1,-4.971498623E-2,-2.732036114E0,2.352115631E0,3.605404395E0
1.508333531E1,-1.768536270E-1,-2.776226759E0,2.659091949E0,3.848309008E0
1.508836229E1,-2.936235964E-1,-2.789508343E0,2.822061539E0,3.978894688E0
1.509335099E1,-4.290720820E-1,-2.742812395E0,2.793472290E0,3.938351193E0
1.509837547E1,-5.835456252E-1,-2.656000614E0,2.621344566E0,3.777077189E0
1.510339995E1,-6.473551989E-1,-2.504716396E0,2.315523148E0,3.471933241E0
1.510842443E1,-7.835311294E-1,-2.383862495E0,1.962384224E0,3.185541284E0
1.511352875E1,-8.436647058E-1,-2.288824558E0,1.729372025E0,2.990186548E0
1.511855719E1,-9.141707420E-1,-2.222896099E0,1.673893929E0,2.928975264E0
1.512357167E1,-1.023722053E0,-2.168103933E0,1.719106674E0,2.950255796E0
1.512859859E1,-1.071454883E0,-2.120217562E0,1.769213676E0,2.962001875E0
1.513362870E1,-1.200305104E0,-2.102518797E0,1.953416824E0,3.110812583E0
1.513865594E1,-1.257250667E0,-2.052415133E0,2.309862137E0,3.335948172E0
1.514368318E1,-1.314525127E0,-2.089961290E0,2.766588211E0,3.708089108E0
1.514871042E1,-1.368145108E0,-2.072307348E0,3.060423851E0,3.941125846E0
1.515373766E1,-1.452992320E0,-2.099696159E0,3.005110741E0,3.943425060E0
1.515872250E1,-1.392822742E0,-2.237915993E0,2.859422684E0,3.889025748E0
1.516374802E1,-1.144540071E0,-2.521295786E0,2.628237724E0,3.817661320E0
1.516878911E1,-9.372825623E-1,-2.834111214E0,2.187383652E0,3.700720499E0
1.517381615E1,-8.131251931E-1,-3.194189072E0,1.809773445E0,3.760225569E0
1.517884250E1,-8.668542504E-1,-3.787229061E0,1.179697037E0,4.060323306E0
1.518386948E1,-9.301769733E-1,-4.913195610E0,4.026651382E-1,5.016658202E0
1.518889646E1,-9.451091886E-1,-6.474292278E0,-8.655204773E-1,6.599910422E0
1.519392344E1,-9.497585297E-1,-8.883264542E0,-2.442601204E0,9.261788749E0
1.519893875E1,-7.864469290E-1,-7.716475964E0,-9.567375183E-1,7.815231714E0
1.520396516E1,-4.973259568E-1,-2.833198071E0,4.128557205E0,5.031831576E0
1.520897094E1,-2.110617906E-1,3.588567674E-2,6.845203400E0,6.848550536E0
1.521399510E1,3.174888343E-2,8.089173436E-1,6.182538033E0,6.235313287E0
1.521900536E1,1.518798470E-1,1.149517417E0,3.991010666E0,4.156034638E0
1.522402818E1,3.782308698E-1,1.182240248E0,1.511265755E0,1.955677575E0
1.522905099E1,5.445445776E-1,1.195211411E0,-2.425632477E-1,1.335625712E0
1.523407380E1,5.374267697E-1,1.206730366E0,-1.137670517E0,1.743364538E0
1.523909661E1,6.159439087E-1,1.332885504E0,-1.462229729E0,2.072217760E0
1.524419833E1,5.980283022E-1,1.553022385E0,-1.365209579E0,2.152513315E0
1.524922432E1,4.564433098E-1,1.695411325E0,-1.067255020E0,2.054700302E0
1.525425031E1,5.453239679E-1,1.499319792E0,-6.784896851E-1,1.733691530E0
1.525930536E1,5.580247045E-1,1.245363235E0,-1.271448135E-1,1.370579061E0
1.526433318E1,7.008013725E-1,1.276702642E0,1.993103027E-1,1.469971700E0
1.526936099E1,7.102556229E-1,1.161088467E0,4.687290192E-1,1.439547280E0
1.527435521E1,7.586145997E-1,1.286757588E0,2.985887527E-1,1.523284755E0
1.527938068E1,7.353349924E-1,1.041358709E0,6.731319427E-2,1.276587866E0
1.528440614E1,7.886843681E-1,7.807379961E-1,-1.677522659E-1,1.122370560E0
1.528943161E1,7.275482416E-1,6.678867340E-1,-4.114151001E-1,1.069888554E0
1.529445495E1,6.526509523E-1,6.840534210E-1,-7.450275421E-1,1.203722720E0
1.529948031E1,4.829349816E-1,6.665846109E-1,-8.241605759E-1,1.164818396E0
1.530450568E1,4.096429050E-1,6.588653326E-1,-8.835105896E-1,1.175798366E0
1.530955338E1,1.792897284E-1,6.652545929E-1,-7.556581497E-1,1.022608292E0
1.531458031E1,-5.035170913E-2,6.862846613E-1,-6.561231613E-1,9.507994183E-1
1.531960724E1,-2.127232254E-1,7.792519331E-1,-5.705003738E-1,9.889162868E-1
1.532463417E1,-2.460841089E-1,8.010262251E-1,-5.992736816E-1,1.030208400E0
1.532966109E1,-2.462138087E-1,8.623125553E-1,-7.233018875E-1,1.152115360E0
1.533463490E1,-2.507697940E-1,7.061028481E-1,-6.797447205E-1,1.011691458E0
1.533965969E1,-2.838598490E-1,6.516393423E-1,-5.689897537E-1,9.104721776E-1
1.534465510E1,-2.688745856E-1,5.947699547E-1,-3.196687698E-1,7.267963705E-1
1.534967693E1,-2.397365868E-1,5.347607136E-1,5.861282349E-2,5.889635939E-1
1.535470307E1,-2.208476812E-1,3.951776028E-1,3.887147903E-1,5.966893867E-1
1.535972531E1,-2.365484089E-1,3.431427479E-1,5.368652344E-1,6.796516571E-1
1.536474755E1,-2.101802677E-1,3.972175121E-1,3.312091827E-1,5.582625006E-1
1.536976979E1,-1.796963513E-1,2.319533825E-1,-1.752052307E-1,3.417455533E-1
1.537479203E1,-8.718553185E-2,1.530289650E-2,-6.377782822E-1,6.438917866E-1
1.537988974E1,-1.330899000E-1,-1.440644264E-1,-9.127731323E-1,9.336071291E-1
1.538491500E1,-2.114949524E-1,-3.360817432E-1,-9.050674438E-1,9.883461595E-1
1.538994026E1,-2.700514197E-1,-4.333083630E-1,-8.153991699E-1,9.620601400E-1
1.539490932E1,-2.370540202E-1,-5.834686756E-1,-6.009902954E-1,8.705283678E-1
1.539993083E1,-1.745426059E-1,-6.822876930E-1,-3.812742233E-1,8.008443361E-1
1.540497948E1,-4.418820143E-2,-7.958266735E-1,-1.134748459E-1,8.050895801E-1
1.541000380E1,3.982019424E-2,-7.985022068E-1,-5.152320862E-2,8.011529587E-1
1.541502812E1,1.069129705E-1,-7.093386650E-1,-4.000663757E-3,7.173616454E-1
1.542005969E1,1.570821404E-1,-6.625924110E-1,-2.822303772E-2,6.815423992E-1
1.542508448E1,1.420068145E-1,-6.343884468E-1,-8.101272583E-2,6.551165534E-1
1.543010927E1,1.756128669E-1,-5.821223259E-1,-2.195253372E-1,6.464500406E-1
1.543513406E1,2.428593040E-1,-5.820870399E-1,-5.536975861E-1,8.392776539E-1
1.544015193E1,3.098250628E-1,-5.044598579E-1,-9.400138855E-1,1.110899376E0
1.544517635E1,3.627162576E-1,-4.111256599E-1,-1.225558281E0,1.342602135E0
1.545020078E1,4.167727828E-1,-3.926057816E-1,-1.300670624E0,1.421120306E0
1.545522521E1,4.149396420E-1,-4.733731747E-1,-1.146300316E0,1.307769660E0
1.546032219E1,3.573485613E-1,-4.823298454E-1,-7.910070419E-1,9.929915480E-1
1.546535026E1,2.868624926E-1,-5.000948906E-1,-3.070526123E-1,6.531969810E-1
1.547037187E1,2.126064301E-1,-5.567240715E-1,1.385612488E-1,6.118352765E-1
1.547539932E1,1.672295332E-1,-5.999128819E-1,4.313077927E-1,7.575536909E-1
1.548042677E1,1.450628638E-1,-5.909557343E-1,5.425662994E-1,8.152607580E-1
1.548542901E1,2.030346990E-1,-4.958326817E-1,4.627904892E-1,7.079888234E-1
1.549045474E1,2.311190367E-1,-4.198575020E-1,2.017745972E-1,5.200089606E-1
1.549548047E1,2.247937322E-1,-3.383178711E-1,-1.975469589E-1,4.516813090E-1
1.550050620E1,2.230562568E-1,-1.840441227E-1,-5.677661896E-1,6.371693486E-1
1.550554729E1,2.025661469E-1,-8.148956299E-2,-7.176656723E-1,7.501450593E-1
1.551057380E1,1.588616371E-1,-6.726503372E-3,-7.336177826E-1,7.506512616E-1
1.551556620E1,9.208810329E-2,6.132364273E-3,-5.772542953E-1,5.845856192E-1
1.552058927E1,-2.561360598E-3,-1.095294952E-3,-2.721147537E-1,2.721290125E-1
1.552558406E1,-9.654548764E-2,1.009607315E-2,-3.844642639E-2,1.044082831E-1
1.553060432E1,-2.191553116E-1,6.314992905E-2,1.910524368E-1,2.975197435E-1
1.553562458E1,-2.754134834E-1,1.007246971E-1,2.920646667E-1,4.138838255E-1
1.554064484E1,-3.038986921E-1,1.085972786E-1,2.312602997E-1,3.970253269E-1
1.554566510E1,-3.286759257E-1,1.299972534E-1,1.092281342E-1,3.699431515E-1
1.555071453E1,-3.064820170E-1,1.456513405E-1,-7.388019562E-2,3.472806114E-1
1.555573594E1,-3.087688088E-1,1.468739510E-1,-1.940793991E-1,3.931627499E-1
1.556079917E1,-2.633889318E-1,1.186528206E-1,-3.850164413E-1,4.813417511E-1
1.556582490E1,-1.943700314E-1,6.229734421E-2,-4.559450150E-1,4.995463190E-1
1.557085062E1,-1.351951063E-1,1.612710953E-2,-5.457277298E-1,5.624558254E-1
1.557590828E1,-9.098416567E-2,-9.192085266E-2,-5.680789948E-1,5.826159162E-1
1.558093609E1,-7.373094559E-5,-1.702289581E-1,-5.521202087E-1,5.777669327E-1
1.558594927E1,1.182955801E-1,-2.955856323E-1,-4.403972626E-1,5.434284306E-1
1.559097562E1,1.686019003E-1,-3.825674057E-1,-3.139476776E-1,5.228265152E-1
1.559598588E1,2.091658711E-1,-5.555372238E-1,-2.780561447E-1,6.555052924E-1
1.560101062E1,1.882456839E-1,-7.338676453E-1,-4.039354324E-1,8.585813834E-1
1.560603536E1,1.686084867E-1,-8.938312531E-1,-5.860633850E-1,1.082050563E0
1.561106010E1,6.953835487E-2,-9.061827660E-1,-7.622842789E-1,1.186204076E0
1.561612245E1,-3.215712309E-2,-9.147500992E-1,-8.750925064E-1,1.266328835E0
1.562114896E1,-6.979092956E-2,-8.993706703E-1,-1.011239052E0,1.355117263E0
1.562617547E1,-1.061211824E-1,-7.835412025E-1,-1.046326637E0,1.311486925E0
1.563121151E1,-1.271040142E-1,-6.769509315E-1,-9.759473801E-1,1.194525547E0
1.563623870E1,-1.909685582E-1,-4.835481644E-1,-8.052301407E-1,9.584797322E-1
1.564125271E1,-2.026597410E-1,-3.136792183E-1,-7.254209518E-1,8.159051293E-1
1.564627854E1,-2.247191668E-1,-1.675004959E-1,-7.267131805E-1,7.788884174E-1
1.565130437E1,-2.192027271E-1,-5.428552628E-2,-7.996072769E-1,8.308841984E-1
1.565633021E1,-1.856787652E-1,-5.030202866E-2,-8.676738739E-1,8.887434103E-1
1.566135604E1,-2.100850642E-1,-1.215724945E-1,-7.590346336E-1,7.968997306E-1
1.566632995E1,-2.925488353E-1,-2.436609268E-1,-6.416182518E-1,7.460760345E-1
1.567135375E1,-3.179432750E-1,-3.748927116E-1,-5.575151443E-1,7.432735752E-1
1.567637755E1,-3.529043496E-1,-5.152115822E-1,-4.971728325E-1,7.982263336E-1
1.568142266E1,-3.346556425E-1,-5.168561935E-1,-4.697885513E-1,7.744908049E-1
1.568644797E1,-3.250983357E-1,-5.183134079E-1,-4.134345055E-1,7.384211583E-1
1.569147328E1,-3.529112637E-1,-4.430894852E-1,-3.616018295E-1,6.720346234E-1
1.569649859E1,-3.228653669E-1,-4.109120369E-1,-3.476815224E-1,6.276728353E-1
1.570155297E1,-2.834128737E-1,-3.312187195E-1,-3.378419876E-1,5.515123804E-1
1.570657974E1,-2.686437070E-1,-2.179331779E-1,-4.663195610E-1,5.806188460E-1
1.571160651E1,-2.021585852E-1,-1.430630684E-1,-6.514496803E-1,6.969374585E-1
1.571660734E1,-1.366495043E-1,-1.105585098E-1,-8.363943100E-1,8.546646786E-1
1.572163234E1,-7.662793994E-2,-1.014475822E-1,-1.030572414E0,1.038384781E0
1.572666135E1,-4.538154602E-2,-1.821842194E-1,-1.052666664E0,1.069279047E0
1.573168672E1,-5.646312237E-2,-2.518534660E-1,-8.841338158E-1,9.210379236E-1
1.573671208E1,-1.524234712E-1,-2.675175667E-1,-5.299758911E-1,6.129216983E-1
1.574173380E1,-1.755210757E-1,-2.823386192E-1,-1.478524208E-1,3.638448602E-1
1.574675891E1,-2.124261260E-1,-2.968921661E-1,1.192293167E-1,3.840383409E-1
1.575179135E1,-1.921639591E-1,-2.972002029E-1,2.574238777E-1,4.376322665E-1
1.575681719E1,-1.300578713E-1,-3.023562431E-1,2.429800034E-1,4.091132236E-1
1.576184302E1,-5.986787379E-2,-3.506665230E-1,1.876354218E-2,3.562348146E-1
1.576686609E1,1.237827241E-1,-3.653006554E-1,-1.712889671E-1,4.220268260E-1
1.577189177E1,2.778384387E-1,-4.178199768E-1,-2.939629555E-1,5.815341351E-1
1.577691745E1,3.216125667E-1,-5.079045296E-1,-4.165797234E-1,7.313961445E-1
1.578194338E1,3.845822811E-1,-6.019697189E-1,-4.866113663E-1,8.643273079E-1
1.578696906E1,3.619548976E-1,-6.857080460E-1,-6.428055763E-1,1.007177185E0
1.579199474E1,3.640878201E-1,-7.637405396E-1,-6.365609169E-1,1.058805626E0
1.579702042E1,2.952242196E-1,-8.313050270E-1,-5.972118378E-1,1.065310925E0
1.580204531E1,1.841824651E-1,-8.501629829E-1,-4.243807793E-1,9.678839413E-1
1.580707094E1,3.528884053E-2,-7.871303558E-1,-2.423448563E-1,8.243485481E-1
1.581209656E1,-5.137737095E-2,-7.380628586E-1,-1.323046684E-1,7.515856190E-1
1.581709297E1,-1.142089963E-1,-7.312355042E-1,-2.763223648E-2,7.406163635E-1
1.582211667E1,-1.244570315E-1,-7.240519524E-1,-9.137153625E-3,7.347273440E-1
1.582714036E1,-1.587299556E-1,-7.498216629E-1,1.397657394E-2,7.665657634E-1
1.583217078E1,-1.453266591E-1,-7.844667435E-1,-1.019101143E-1,8.042969482E-1
1.583719495E1,-1.367835552E-1,-8.470530510E-1,-2.275743484E-1,8.876929065E-1
1.584221911E1,-9.480220079E-2,-8.991932869E-1,-3.822507858E-1,9.816576225E-1
1.584724328E1,-5.286407471E-2,-9.264230728E-1,-4.991126060E-1,1.053644966E0
1.585227870E1,2.250656486E-2,-9.145078659E-1,-5.159707069E-1,1.050265182E0
1.585730338E1,6.907337904E-2,-9.401249886E-1,-5.380601883E-1,1.085410011E0
1.586232807E1,1.010882407E-1,-9.603343010E-1,-5.700063705E-1,1.121324246E0
1.586735276E1,1.091184914E-1,-9.656562805E-1,-5.495538712E-1,1.116426601E0
1.587241437E1,1.025611311E-1,-9.182085991E-1,-5.385351181E-1,1.069413807E0
1.587744094E1,1.434969753E-1,-8.989319801E-1,-4.226469994E-1,1.003643648E0
1.588246161E1,1.173662245E-1,-8.361706734E-1,-3.310341835E-1,9.069398306E-1
1.588748755E1,1.203910261E-1,-7.636637688E-1,-3.447551727E-1,8.464824157E-1
1.589251552E1,1.049687564E-1,-7.150478363E-1,-2.961297035E-1,7.810279440E-1
1.589754167E1,5.197535455E-2,-6.041574478E-1,-2.235531807E-1,6.462845224E-1
1.590256750E1,-2.423092723E-2,-4.933838844E-1,-2.081856728E-1,5.360560321E-1
1.590759359E1,-8.085484803E-2,-4.399433136E-1,-2.358007431E-1,5.056576076E-1
1.591261969E1,-9.919715673E-2,-3.239068985E-1,-2.445235252E-1,4.177888333E-1
1.591764557E1,-9.400337189E-2,-2.407088280E-1,-1.964802742E-1,3.246257413E-1
1.592267167E1,-7.510964572E-2,-1.758418083E-1,-1.445116997E-1,2.396777665E-1
1.592769776E1,-5.707232654E-2,-2.010946274E-1,-8.854675293E-2,2.270172396E-1
1.593272385E1,-4.479737580E-2,-1.680798531E-1,-1.721091270E-1,2.447022548E-1
1.593776583E1,-3.336566687E-2,-1.822304726E-1,-2.800841331E-1,3.358099678E-1
1.594279271E1,-2.729906142E-2,-1.764898300E-1,-4.603490829E-1,4.937764444E-1
1.594781958E1,-5.500572920E-2,-2.036299706E-1,-5.070137978E-1,5.491391320E-1
1.595284646E1,-2.016286552E-2,-2.685914040E-1,-5.252313614E-1,5.902676227E-1
1.595785411E1,-1.379966736E-2,-3.092899323E-1,-4.766063690E-1,5.683346936E-1
1.596288000E1,-7.008060813E-3,-3.310475349E-1,-3.605551720E-1,4.895320371E-1
1.596790052E1,8.630765975E-2,-4.439949989E-1,-2.822141647E-1,5.331279452E-1
1.597292588E1,1.652220935E-1,-3.468217850E-1,-2.079033852E-1,4.368151878E-1
1.597795125E1,1.774172336E-1,-1.928339005E-1,-1.615114212E-1,3.078111874E-1
1.598298094E1,1.660287231E-1,-1.061544418E-1,-1.625108719E-1,2.554292190E-1
1.598800661E1,1.590831429E-1,-1.773047447E-1,-3.068237305E-1,3.884394682E-1
1.599303760E1,1.851162612E-1,-1.906805038E-1,-4.032449722E-1,4.829426388E-1
1.599806380E1,1.628199369E-1,-1.940174103E-1,-4.185919762E-1,4.892569160E-1
1.600309000E1,8.724036813E-2,-1.680469513E-1,-3.818826675E-1,4.262452715E-1
1.600809969E1,5.414375663E-2,-1.510605812E-1,-3.601617813E-1,3.942934875E-1
1.601312479E1,-1.291526854E-2,-8.586025238E-2,-2.574887276E-1,2.717337519E-1
1.601814990E1,-7.549967617E-2,-3.455734253E-2,-1.841511726E-1,2.020051123E-1
1.602317500E1,-9.997715056E-2,-1.627254486E-2,-6.360149384E-2,1.196050850E-1
1.602821417E1,-1.436289847E-1,1.673603058E-2,1.042652130E-1,1.782711828E-1
1.603324000E1,-1.920778155E-1,7.075309753E-3,9.936618805E-2,2.163737197E-1
1.603826583E1,-2.262596190E-1,1.198959351E-2,7.524442673E-2,2.387444016E-1
1.604328536E1,-2.270875722E-1,-3.552627563E-2,-6.845617294E-2,2.398272906E-1
1.604831073E1,-1.658075601E-1,-8.285045624E-2,-2.836933136E-1,3.388779150E-1
1.605334797E1,-1.333355606E-1,-1.059780121E-1,-5.131340027E-1,5.406627558E-1
1.605837453E1,-1.198178530E-1,-1.143426895E-1,-6.996316910E-1,7.189680602E-1
1.606340109E1,-6.760329753E-2,-1.510210037E-1,-6.854138374E-1,7.051026010E-1
1.606844245E1,-4.844421148E-2,-2.065796852E-1,-6.474256516E-1,6.813090211E-1
1.607347000E1,-4.810447991E-2,-1.662292480E-1,-6.000232697E-1,6.244790853E-1
1.607849755E1,-5.707593262E-2,-1.928529739E-1,-5.094890594E-1,5.477490606E-1
1.608353937E1,-7.525955886E-2,-1.429405212E-1,-3.853650093E-1,4.178542619E-1
1.608856786E1,-1.506468207E-1,-4.534626007E-2,-2.132325172E-1,2.649884041E-1
1.609359635E1,-1.638498902E-1,7.594776154E-2,-1.270270348E-1,2.207956444E-1
1.609862484E1,-1.535429358E-1,1.922512054E-1,-1.189994812E-2,2.463281712E-1
1.610365333E1,-1.292293668E-1,2.317008972E-1,3.668785095E-2,2.678274322E-1
1.610868182E1,-1.053689718E-1,2.136878967E-1,4.246950150E-2,2.420099089E-1
1.611362969E1,-6.767066568E-2,2.007417679E-1,-1.411247253E-2,2.123104761E-1
1.611865542E1,-3.994102776E-2,1.062927246E-1,-9.390735626E-2,1.473499934E-1
1.612368115E1,-4.586082697E-2,5.991840363E-2,-1.496624947E-1,1.676075561E-1
1.612873849E1,-1.838718355E-2,-7.448196411E-4,-2.003049850E-1,2.011485280E-1
1.613376630E1,-2.940832078E-2,-1.089706421E-1,-2.844190598E-1,3.059961629E-1
1.613880885E1,-1.657123864E-2,-1.931695938E-1,-4.350852966E-1,4.763279472E-1
1.614383818E1,-3.243206441E-2,-2.533941269E-1,-5.086994171E-1,5.692411785E-1
1.614886750E1,-5.165979266E-3,-3.041133881E-1,-5.577950478E-1,6.353321615E-1
1.615392703E1,7.916867733E-3,-3.023757935E-1,-6.348624229E-1,7.032382906E-1
1.615895823E1,1.648336649E-2,-3.054494858E-1,-7.210626602E-1,7.832639719E-1
1.616398943E1,2.055941522E-2,-3.372583389E-1,-6.967816353E-1,7.743839642E-1
1.616902062E1,6.792348623E-2,-3.595294952E-1,-6.721038818E-1,7.652442002E-1
1.617399115E1,6.753599644E-2,-3.146419525E-1,-6.187820435E-1,6.974610286E-1
1.617901927E1,3.386650980E-2,-2.940101624E-1,-5.024905205E-1,5.831686199E-1
1.618404740E1,5.761663616E-2,-2.591800690E-1,-4.766335487E-1,5.455946524E-1
1.618907552E1,7.190078497E-2,-2.388820648E-1,-4.597501755E-1,5.230722585E-1
1.619412802E1,7.654544711E-2,-2.856426239E-1,-4.662752151E-1,5.521444470E-1
1.619915740E1,5.259560049E-2,-2.700805664E-1,-5.204291344E-1,5.886903205E-1
1.620418677E1,4.846543074E-3,-2.688236237E-1,-5.455617905E-1,6.082164885E-1
1.620921615E1,1.460495591E-2,-2.865180969E-1,-5.945506096E-1,6.601487347E-1
1.621424552E1,-2.339214087E-2,-2.561197281E-1,-5.957694054E-1,6.489111586E-1
1.621920354E1,-8.728966117E-3,-2.779388428E-1,-6.261723042E-1,6.851408247E-1
1.622422990E1,-3.611341119E-3,-2.615346909E-1,-6.464555264E-1,6.973651725E-1
1.622928146E1,1.114925742E-2,-2.929296494E-1,-7.046711445E-1,7.632126226E-1
1.623431016E1,1.945167780E-3,-2.905960083E-1,-7.676432133E-1,8.208080936E-1
1.623933885E1,-7.156506181E-3,-2.737655640E-1,-8.448097706E-1,8.880891555E-1
1.624436755E1,1.249425113E-2,-3.332548141E-1,-9.123814106E-1,9.714189188E-1
1.624939625E1,-6.462082267E-3,-3.590316772E-1,-9.463176727E-1,1.012157419E0
1.625441724E1,-6.428450346E-3,-3.510522842E-1,-9.325144291E-1,9.964247045E-1
1.625944562E1,3.144323826E-3,-3.859920502E-1,-8.660001755E-1,9.481329303E-1
1.626449422E1,3.649723530E-2,-3.778142929E-1,-7.896468639E-1,8.761380358E-1
1.626952463E1,4.591374099E-2,-4.268808365E-1,-7.324442863E-1,8.490052725E-1
1.627455505E1,5.543707311E-2,-4.471130371E-1,-7.181048393E-1,8.477369269E-1
1.627958547E1,4.573771358E-2,-4.719972610E-1,-8.374903202E-1,9.624257838E-1
1.628453823E1,1.174295396E-1,-4.773330688E-1,-8.472082615E-1,9.794888431E-1
1.628956474E1,1.317849010E-1,-4.204998016E-1,-9.090576172E-1,1.010234178E0
1.629461198E1,4.594653845E-2,-2.821245193E-1,-9.759325981E-1,1.016931544E0
1.629964052E1,7.683172822E-3,-2.341976166E-1,-9.385044575E-1,9.673149288E-1
1.630466906E1,3.115564585E-2,-2.049951553E-1,-9.161827564E-1,9.393532515E-1
1.630969760E1,6.369812787E-2,-1.753358841E-1,-9.233927727E-1,9.420479480E-1
1.631469786E1,7.184799016E-2,-1.882362366E-1,-9.123728275E-1,9.343549598E-1
1.631972500E1,8.908967674E-2,-1.816987991E-1,-8.682341576E-1,8.915054551E-1
1.632472078E1,1.203481406E-1,-1.221866608E-1,-7.817010880E-1,8.002935998E-1
1.632974490E1,1.081856936E-1,-9.127521515E-2,-6.953289509E-1,7.095897823E-1
1.633476901E1,1.148286015E-1,-1.081151962E-1,-6.759233475E-1,6.940798766E-1
1.633979312E1,1.308391243E-1,-7.227134705E-2,-6.658685207E-1,6.824389430E-1
1.634483281E1,1.037743390E-1,-2.692413330E-2,-6.601746082E-1,6.688232470E-1
1.634985776E1,6.254424155E-2,-1.499938965E-2,-7.022249699E-1,7.051642873E-1
1.635490396E1,7.400080562E-2,-3.078460693E-3,-7.725398540E-1,7.760820976E-1
1.635993099E1,8.544354141E-2,-2.448844910E-2,-8.380255699E-1,8.427260164E-1
1.636495042E1,1.305693239E-1,-1.221370697E-2,-7.839815617E-1,7.948739598E-1
1.636997667E1,1.757171601E-1,1.916885376E-4,-8.017516136E-1,8.207814612E-1
1.637500292E1,1.397036463E-1,-3.034877777E-2,-7.428963184E-1,7.565269969E-1
1.638003557E1,1.422186643E-1,-5.593967438E-2,-7.797322273E-1,7.945676447E-1
1.638506224E1,9.222225845E-2,-7.169628143E-2,-7.976858616E-1,8.061935472E-1
1.639008812E1,7.098107040E-2,-1.302175522E-1,-8.398866653E-1,8.528801404E-1
1.639511474E1,5.944293737E-2,-2.027044296E-1,-8.825824261E-1,9.075099379E-1
1.640013661E1,7.208982110E-2,-1.839218140E-1,-9.832030535E-1,1.002852143E0
1.640516271E1,4.185084999E-2,-1.456813812E-1,-9.887815714E-1,1.000331722E0
1.641018880E1,7.380634546E-2,-5.924987793E-2,-8.996530771E-1,9.046179215E-1
1.641521693E1,1.391397715E-1,-6.819057465E-2,-6.967439651E-1,7.137660565E-1
1.642024318E1,1.854140311E-1,-1.151638031E-1,-5.183749199E-1,5.624532177E-1
1.642526943E1,2.318970561E-1,-1.859321594E-1,-3.496646881E-1,4.589252735E-1
1.643029568E1,1.877442002E-1,-1.657752991E-1,-3.481223583E-1,4.288572150E-1
1.643528760E1,2.013639957E-1,-1.169023514E-1,-3.511898518E-1,4.213643678E-1
1.644031213E1,1.815378815E-1,-2.980709076E-2,-3.826661110E-1,4.245913536E-1
1.644533667E1,1.140439063E-1,6.689548492E-2,-3.999199867E-1,4.212089912E-1
1.645036120E1,1.232290119E-1,1.493244171E-1,-5.035526752E-1,5.394890802E-1
1.645539083E1,5.600734055E-2,2.126903534E-1,-5.786083937E-1,6.190005508E-1
1.646041562E1,4.163922369E-2,2.666368484E-1,-5.296866894E-1,5.944720538E-1
1.646544042E1,8.459568024E-3,3.303298950E-1,-6.105369329E-1,6.942224070E-1
1.647046521E1,-4.355773330E-2,3.319664001E-1,-6.055952311E-1,6.919859470E-1
1.647551078E1,-7.605704665E-2,3.289632797E-1,-6.487106085E-1,7.313186496E-1
1.648053661E1,-7.000711560E-2,3.835697174E-1,-6.301003695E-1,7.409812413E-1
1.648554667E1,-7.327307761E-2,4.239501953E-1,-6.167191267E-1,7.519608987E-1
1.649057083E1,-7.142814994E-2,3.735694885E-1,-5.701872110E-1,6.853974022E-1
1.649559500E1,-3.119492531E-2,3.520593643E-1,-5.142761469E-1,6.240183288E-1
1.650065661E1,-3.393188119E-2,4.071683884E-1,-4.488495588E-1,6.069624334E-1
1.650568333E1,-3.180094063E-2,4.145641327E-1,-4.030426741E-1,5.790665912E-1
1.651071005E1,-7.272775471E-2,3.455753326E-1,-4.340821505E-1,5.595881970E-1
1.651573974E1,-8.499488235E-2,4.155054092E-1,-4.366472960E-1,6.087115378E-1
1.652076667E1,-8.300037682E-2,4.567537308E-1,-4.345179796E-1,6.358607613E-1
1.652579359E1,-6.210133433E-2,4.550294876E-1,-4.516969919E-1,6.441572656E-1
1.653081573E1,-2.230980992E-2,4.486494064E-1,-4.642740488E-1,6.460142490E-1
1.653584229E1,-6.463214755E-3,3.897676468E-1,-5.247677565E-1,6.537138440E-1
1.654087463E1,-1.456418633E-2,3.788909912E-1,-5.757708549E-1,6.894074094E-1
1.654590182E1,-3.215324879E-2,3.394489288E-1,-5.838761330E-1,6.761440271E-1
1.655091568E1,-2.577175200E-2,2.858648300E-1,-6.115016937E-1,6.755125503E-1
1.655594151E1,3.327472508E-2,2.898530960E-1,-5.675876141E-1,6.381831432E-1
1.656096896E1,2.061395347E-2,2.748088837E-1,-6.291217804E-1,6.868326377E-1
1.656599495E1,6.535875797E-2,2.503557205E-1,-6.431015730E-1,6.932022701E-1
1.657102094E1,3.353027999E-2,3.025970459E-1,-6.622374058E-1,7.288673634E-1
1.657604693E1,4.005269706E-2,3.214254379E-1,-6.529959440E-1,7.289185370E-1
1.658107292E1,2.732662857E-2,3.451728821E-1,-6.586004496E-1,7.440736626E-1
1.658609203E1,4.818397760E-2,3.642358780E-1,-7.076061964E-1,7.973054620E-1
1.659111776E1,3.546275198E-2,3.499069214E-1,-7.902883291E-1,8.650133546E-1
1.659613802E1,2.280914783E-2,3.979406357E-1,-8.113157749E-1,9.039415321E-1
1.660116318E1,-4.079699516E-3,4.365377426E-1,-8.139156103E-1,9.236018977E-1
1.660618833E1,2.687379718E-3,4.800453186E-1,-8.698179722E-1,9.934958654E-1
1.661122922E1,9.506151080E-3,4.997615814E-1,-8.880841732E-1,1.019090528E0
1.661625542E1,-1.227957010E-2,4.862031937E-1,-9.599452019E-1,1.076122263E0
1.662128052E1,-1.488322020E-2,5.016069412E-1,-9.802709818E-1,1.101254844E0
1.662630661E1,-2.701276541E-2,4.742002487E-1,-9.922139049E-1,1.100038180E0
1.663133510E1,-3.414662182E-2,4.614343643E-1,-9.815376401E-1,1.085128473E0
1.663636141E1,-3.171399236E-2,5.015525818E-1,-9.817616343E-1,1.102912814E0
1.664138333E1,-2.451939881E-2,5.131893158E-1,-9.737976193E-1,1.101020562E0
1.664640917E1,-4.132804275E-2,5.872106552E-1,-9.527010322E-1,1.119894467E0
1.665143500E1,-3.435601294E-2,5.705013275E-1,-9.663203359E-1,1.122687442E0
1.665646083E1,-5.148124695E-2,5.778970718E-1,-9.521393180E-1,1.114981895E0
1.666148880E1,-2.584722638E-2,5.758972168E-1,-9.771923423E-1,1.134561835E0
1.666651474E1,-1.013264060E-2,5.358352661E-1,-1.027189493E0,1.158594130E0
1.667154068E1,1.490853727E-2,5.055274963E-1,-1.034843445E0,1.151816509E0
1.667653760E1,1.106780767E-2,5.280303955E-1,-1.081688643E0,1.203739554E0
1.668156161E1,-1.210288703E-2,5.123786926E-1,-1.119648457E0,1.231377712E0
1.668658562E1,-3.546300530E-2,5.781812668E-1,-1.201369166E0,1.333731261E0
1.669160963E1,-3.030973673E-2,5.149278641E-1,-1.197773576E0,1.304120748E0
1.669663911E1,-2.540788054E-2,4.758253098E-1,-1.233357549E0,1.322205025E0
1.670166344E1,-1.105673611E-2,4.799699783E-1,-1.231559634E0,1.321829249E0
1.670669344E1,-1.692414284E-3,4.507818222E-1,-1.211502314E0,1.292650367E0
1.671171828E1,-2.099469304E-3,4.456815720E-1,-1.216197014E0,1.295288249E0
1.671674312E1,-3.133624792E-2,4.742145538E-1,-1.260012507E0,1.346659913E0
1.672179911E1,6.217330694E-3,5.220355988E-1,-1.309698105E0,1.409918064E0
1.672682609E1,3.969967365E-4,5.747442245E-1,-1.369830966E0,1.485519423E0
1.673185307E1,-1.516021788E-2,5.558624268E-1,-1.392849445E0,1.499747461E0
1.673690760E1,1.700742543E-2,5.658884048E-1,-1.393031955E0,1.503681138E0
1.674193640E1,1.557785273E-2,5.330505371E-1,-1.384732246E0,1.483869583E0
1.674696521E1,2.366231382E-2,5.625791550E-1,-1.382090569E0,1.492390549E0
1.675199401E1,1.735405624E-2,5.396118164E-1,-1.365920782E0,1.468748331E0
1.675702281E1,-3.286719322E-3,4.976921082E-1,-1.355368257E0,1.443859878E0
1.676206047E1,4.832252860E-3,5.037765503E-1,-1.345513225E0,1.436739364E0
1.676708958E1,3.421053290E-3,4.812908173E-1,-1.384191990E0,1.465482862E0
1.677211870E1,-2.189970016E-2,4.876661301E-1,-1.399626732E0,1.482313341E0
1.677714781E1,-2.800686657E-2,4.702720642E-1,-1.411026835E0,1.487594343E0
1.678211120E1,-4.852546751E-2,4.769334793E-1,-1.399086237E0,1.478939675E0
1.678713682E1,-3.556564450E-2,4.933195114E-1,-1.387995839E0,1.473486174E0
1.679216245E1,-3.695644438E-2,4.954595566E-1,-1.363134980E0,1.450855928E0
1.679723260E1,-2.881680429E-2,4.451417923E-1,-1.362914801E0,1.434056616E0
1.680226120E1,-5.898530781E-2,4.475975037E-1,-1.348773122E0,1.422326167E0
1.680728979E1,-5.099967122E-2,4.166936874E-1,-1.354284048E0,1.417857496E0
1.681231838E1,-5.746309459E-2,4.003019333E-1,-1.350727797E0,1.409967810E0
1.681730203E1,-6.408481300E-2,3.935651779E-1,-1.323459148E0,1.382224486E0
1.682232838E1,-5.647788942E-2,3.678731918E-1,-1.368662477E0,1.418364344E0
1.682735474E1,-8.231564611E-2,3.519182205E-1,-1.390448689E0,1.436652309E0
1.683235026E1,-6.984888017E-2,3.361120224E-1,-1.417474151E0,1.458452305E0
1.683737448E1,-7.654799521E-2,3.396425247E-1,-1.435662270E0,1.477275463E0
1.684239870E1,-6.410844624E-2,2.763738632E-1,-1.425733685E0,1.453688050E0
1.684744500E1,-7.078154385E-2,2.516155243E-1,-1.397328615E0,1.421565214E0
1.685247068E1,-4.384978116E-2,2.317953110E-1,-1.393277645E0,1.413108087E0
1.685749635E1,-4.549413919E-2,2.026014328E-1,-1.413741827E0,1.428909728E0
1.686256885E1,-3.268167377E-2,1.927824020E-1,-1.425375938E0,1.438725030E0
1.686759771E1,1.367859542E-2,1.153297424E-1,-1.384460211E0,1.389322903E0
1.687261114E1,7.634371519E-3,1.146364212E-1,-1.368149281E0,1.372964765E0
1.687763844E1,2.074232697E-2,9.510421753E-2,-1.262310743E0,1.266058241E0
1.688266573E1,-1.365423203E-2,8.062458038E-2,-1.191082597E0,1.193886307E0
1.688769302E1,-9.819388390E-3,1.044006348E-1,-1.135178208E0,1.140011174E0
1.689271208E1,-5.993485451E-3,9.010124207E-2,-1.137020230E0,1.140600351E0
1.689773896E1,-3.525282443E-2,1.425380707E-1,-1.229504704E0,1.238241366E0
1.690275297E1,-3.086625040E-2,1.756381989E-1,-1.316701531E0,1.328722855E0
1.690777849E1,-4.549935460E-2,2.086782455E-1,-1.332703948E0,1.349709826E0
1.691280401E1,-5.998608470E-2,2.179040909E-1,-1.282783866E0,1.302541734E0
1.691781755E1,-5.063773692E-2,1.845130920E-1,-1.138935328E0,1.154895208E0
1.692284229E1,6.138011813E-3,8.504009247E-2,-1.001289129E0,1.004912639E0
1.692784182E1,2.441029251E-2,-1.358699799E-2,-1.054519415E0,1.054889409E0
1.693286406E1,2.355256677E-2,-3.530406952E-2,-1.060025692E0,1.060874907E0
1.693788630E1,2.277047932E-2,-1.396274567E-2,-1.027822256E0,1.028169268E0
1.694294297E1,-1.833662391E-3,2.671241760E-3,-9.585227966E-1,9.585282727E-1
1.694796755E1,3.051204979E-2,9.827613831E-3,-9.993453026E-1,9.998592906E-1
1.695299213E1,-2.315320075E-2,8.364772797E-2,-1.049990892E0,1.053571966E0
1.695801672E1,-6.726858020E-2,1.428956985E-1,-1.167511225E0,1.178145450E0
1.696301672E1,-1.018678248E-1,1.449937820E-1,-1.266018271E0,1.278359306E0
1.696804005E1,-1.270356178E-1,1.380624771E-1,-1.393764377E0,1.406335107E0
1.697305693E1,-1.711413711E-1,1.981735229E-1,-1.536311746E0,1.558465878E0
1.697807963E1,-1.723107994E-1,2.774324417E-1,-1.546871305E0,1.580971412E0
1.698310234E1,-2.069051713E-1,3.091983795E-1,-1.526173234E0,1.570865407E0
1.698812505E1,-1.890048385E-1,3.793725967E-1,-1.460278034E0,1.520545407E0
1.699318474E1,-1.522996724E-1,3.643007278E-1,-1.340434313E0,1.397381250E0
1.699820927E1,-1.350189745E-1,3.167791367E-1,-1.270872355E0,1.316698783E0
1.700325463E1,-1.130152345E-1,2.941627502E-1,-1.170740843E0,1.212410115E0
1.700828135E1,-8.171539009E-2,2.533941269E-1,-1.063498259E0,1.096318628E0
1.701330807E1,-7.967516780E-3,2.373685837E-1,-8.826423883E-1,9.140376970E-1
1.701833547E1,7.460457087E-2,1.746273041E-1,-7.093065977E-1,7.342863112E-1
1.702336219E1,1.850200891E-1,1.604185104E-1,-7.138993740E-1,7.547309773E-1
1.702838890E1,2.897797227E-1,8.035945892E-2,-7.428824902E-1,8.014389088E-1
1.703341562E1,3.653140962E-1,7.268047333E-2,-7.532076836E-1,8.402729644E-1
1.703839312E1,3.928248584E-1,-6.281471252E-2,-7.872247696E-1,8.820316861E-1
1.704341745E1,3.826673031E-1,-1.680841446E-1,-7.934031487E-1,8.967581061E-1
1.704845901E1,3.397856057E-1,-3.669843674E-1,-8.284387589E-1,9.676996233E-1
1.705348510E1,2.882374525E-1,-5.211286545E-1,-8.537776470E-1,1.040957335E0
1.705851120E1,1.425532401E-1,-5.833406448E-1,-9.266483784E-1,1.104212367E0
1.706353729E1,-7.299482822E-2,-5.828361511E-1,-9.470231533E-1,1.114396284E0
1.706856338E1,-1.967733800E-1,-5.818853378E-1,-9.484748840E-1,1.130006600E0
1.707358948E1,-2.489193231E-1,-5.424509048E-1,-9.834849834E-1,1.150415806E0
1.707864364E1,-2.917164862E-1,-3.934345245E-1,-1.104516745E0,1.208241066E0
1.708367068E1,-3.538218439E-1,-3.780584335E-1,-1.001800537E0,1.127706696E0
1.708866573E1,-3.212943375E-1,-3.146648407E-1,-9.813063145E-1,1.079447125E0
1.709368963E1,-3.090243042E-1,-1.986694336E-1,-9.526846409E-1,1.021064929E0
1.709871354E1,-2.759118676E-1,-1.933870316E-1,-7.932181358E-1,8.618125746E-1
1.710373745E1,-2.196120024E-1,-2.158718109E-1,-6.684722900E-1,7.359927125E-1
1.710876807E1,-1.399115622E-1,-3.856735229E-1,-5.830688477E-1,7.129436111E-1
1.711379229E1,-9.382517636E-2,-4.922733307E-1,-4.888722897E-1,7.000945018E-1
1.711881651E1,-7.641266286E-2,-6.027345657E-1,-4.862103462E-1,7.781570231E-1
1.712384073E1,-3.953918815E-2,-6.070299149E-1,-4.124050140E-1,7.349330313E-1
1.712888156E1,7.429045439E-2,-4.286184311E-1,-1.626408100E-1,4.644188456E-1
1.713390661E1,1.742471457E-1,-3.646860123E-1,-8.521223068E-2,4.130606246E-1
1.713893167E1,2.986955047E-1,-4.342393875E-1,-1.607336998E-1,5.510155827E-1
1.714397630E1,2.563419938E-1,-1.778650284E-1,-2.075729370E-1,3.747448603E-1
1.714900266E1,2.721423805E-1,-6.952762604E-2,-2.542371750E-1,3.788563147E-1
1.715400437E1,1.881026924E-1,1.523780823E-2,-3.005900383E-1,3.549213783E-1
1.715902828E1,1.238091290E-1,4.336166382E-2,-3.856391907E-1,4.073407906E-1
1.716406109E1,7.903376222E-2,-4.723072052E-2,-4.567260742E-1,4.659139227E-1
1.716908594E1,7.748284936E-2,-1.990966797E-1,-4.992847443E-1,5.430730482E-1
1.717410875E1,5.676585436E-2,-3.164529800E-1,-5.421080589E-1,6.302745420E-1
1.717913338E1,5.014419556E-2,-4.663748741E-1,-5.180454254E-1,6.988497881E-1
1.718415802E1,8.155062795E-2,-4.959654808E-1,-4.794378281E-1,6.946170845E-1
1.718918526E1,6.037569046E-2,-4.437184334E-1,-5.026898384E-1,6.732223598E-1
1.719421005E1,4.901319742E-2,-4.580302238E-1,-5.589752197E-1,7.243253936E-1
1.719923484E1,6.692683697E-2,-4.479165077E-1,-6.770396233E-1,8.145496000E-1
1.720425963E1,1.378074288E-2,-4.036688805E-1,-6.275601387E-1,7.463043626E-1
1.720931161E1,-2.890771627E-2,-4.350762367E-1,-5.115804672E-1,6.721916113E-1
1.721433771E1,-1.333394647E-2,-3.941540718E-1,-3.811616898E-1,5.484701087E-1
1.721938411E1,-1.627796888E-2,-3.284840584E-1,-2.463927269E-1,4.109454036E-1
1.722441245E1,-9.199082851E-3,-3.342194557E-1,-1.208367348E-1,3.555120029E-1
1.722943974E1,2.191734314E-2,-3.154864311E-1,-1.003289223E-1,3.317799735E-1
1.723446797E1,1.275241375E-4,-3.057456017E-1,-2.217864990E-2,3.065489874E-1
1.723949620E1,1.120257378E-2,-3.002681732E-1,-7.762813568E-2,3.103427153E-1
1.724452443E1,1.684892178E-2,-3.132343292E-1,-1.184954643E-1,3.353219442E-1
1.724952719E1,-3.057634830E-2,-3.494577408E-1,-1.781983376E-1,3.934593666E-1
1.725455411E1,-7.851377130E-2,-3.463997841E-1,-2.332639694E-1,4.249344680E-1
1.725957958E1,-1.554294527E-1,-3.377814293E-1,-2.881941795E-1,4.704364929E-1
1.726460635E1,-2.034152299E-1,-3.856730461E-1,-2.618479729E-1,5.086116546E-1
1.726963312E1,-2.511972785E-1,-4.854617119E-1,-2.735404968E-1,6.112262673E-1
1.727466661E1,-3.033302426E-1,-4.793491364E-1,-3.470273018E-1,6.649908111E-1
1.727969380E1,-2.974250615E-1,-4.777255058E-1,-4.532108307E-1,7.225533774E-1
1.728472099E1,-2.863050997E-1,-5.043148994E-1,-5.062041283E-1,7.697705810E-1
1.728973864E1,-2.269001454E-1,-5.112013817E-1,-5.444092751E-1,7.805075191E-1
1.729476516E1,-2.388667762E-1,-5.603318214E-1,-5.251045227E-1,8.042162935E-1
1.729978963E1,-1.980383247E-1,-6.040000916E-1,-4.863810539E-1,8.003760480E-1
1.730481594E1,-2.049106210E-1,-6.422724724E-1,-4.903559685E-1,8.336373715E-1
1.730984224E1,-1.687556207E-1,-6.127991676E-1,-6.280441284E-1,8.935550943E-1
1.731486854E1,-1.566315591E-1,-5.870938301E-1,-7.800550461E-1,9.887863700E-1
1.731989036E1,-1.350815892E-1,-5.601677895E-1,-7.648339272E-1,9.576042628E-1
1.732491646E1,-1.615821719E-1,-5.269861221E-1,-6.641254425E-1,8.630676535E-1
1.732994255E1,-1.499599516E-1,-5.404620171E-1,-6.498222351E-1,8.584032364E-1
1.733497104E1,-1.337032914E-1,-5.958189964E-1,-5.638937950E-1,8.311757087E-1
1.733999729E1,-7.460139692E-2,-6.884016991E-1,-4.827232361E-1,8.440876675E-1
1.734502354E1,-5.882403255E-2,-7.754468918E-1,-3.102970123E-1,8.372946821E-1
1.735001901E1,3.316256404E-2,-8.383173943E-1,-2.279620171E-1,8.693920234E-1
1.735504323E1,7.232472301E-2,-9.436120987E-1,-2.073211670E-1,9.688223390E-1
1.736006745E1,1.259590983E-1,-1.044002056E0,-2.334308624E-1,1.077170346E0
1.736509167E1,1.463268697E-1,-1.129951000E0,-3.301558495E-1,1.186256170E0
1.737015099E1,1.814830005E-1,-1.215419292E0,-4.499988556E-1,1.308693664E0
1.737517698E1,2.121810615E-1,-1.296622276E0,-5.681052208E-1,1.431430638E0
1.738020292E1,1.904242039E-1,-1.378118515E0,-7.995080948E-1,1.604582566E0
1.738522890E1,1.497796476E-1,-1.426232815E0,-9.816832542E-1,1.737894127E0
1.739025828E1,7.097229362E-2,-1.483788013E0,-1.067118645E0,1.829045144E0
1.739528458E1,4.022422433E-2,-1.464660168E0,-1.127718449E0,1.848944643E0
1.740031088E1,-2.324044704E-2,-1.445631027E0,-1.172976017E0,1.861789978E0
1.740535208E1,-9.564828873E-2,-1.364200592E0,-1.141025066E0,1.781047459E0
1.741037937E1,-1.488071233E-1,-1.282500744E0,-1.175517082E0,1.746079073E0
1.741540667E1,-1.016994119E-1,-1.247708797E0,-1.071236610E0,1.647624924E0
1.742043396E1,4.546356201E-2,-1.197303295E0,-8.620357513E-1,1.476044631E0
1.742543708E1,1.250753105E-1,-1.160184383E0,-7.008976936E-1,1.361223425E0
1.743046318E1,1.991362572E-1,-1.145123482E0,-5.500550270E-1,1.285894074E0
1.743548927E1,2.534586489E-1,-1.090282917E0,-3.661284447E-1,1.177713108E0
1.744051443E1,2.596920133E-1,-1.096465111E0,-1.632351875E-1,1.138561113E0
1.744554047E1,2.369644642E-1,-1.173572540E0,-1.280260086E-2,1.197325591E0
1.745056651E1,1.949052513E-1,-1.307761669E0,1.287083626E-1,1.328455676E0
1.745559255E1,1.812037528E-1,-1.370466709E0,7.044553757E-2,1.384187984E0
1.746061859E1,1.239468157E-1,-1.452994347E0,-3.409576416E-2,1.458669910E0
1.746569979E1,3.735455871E-2,-1.444601059E0,-2.284193039E-1,1.463025277E0
1.747072802E1,4.580360651E-2,-1.423375607E0,-4.684419632E-1,1.499177761E0
1.747575625E1,4.855960608E-2,-1.412341595E0,-6.638846397E-1,1.561348658E0
1.748078448E1,6.021994352E-2,-1.430597305E0,-8.100767136E-1,1.645132023E0
1.748571651E1,4.282811284E-2,-1.474393129E0,-1.016458511E0,1.791328349E0
1.749073995E1,-1.294919848E-2,-1.459535837E0,-1.074336052E0,1.812349440E0
1.749577042E1,-2.067723870E-2,-1.434898138E0,-1.007206917E0,1.753233010E0
1.750079453E1,-1.332660615E-1,-1.438932657E0,-8.677387238E-1,1.685603016E0
1.750583328E1,-1.545283347E-1,-1.375730276E0,-7.422418594E-1,1.570807365E0
1.751085880E1,-2.379425466E-1,-1.274212599E0,-5.779991150E-1,1.419266493E0
1.751588432E1,-2.639241517E-1,-1.215286016E0,-4.231319427E-1,1.313627307E0
1.752090984E1,-3.139774203E-1,-1.141412020E0,-2.967958450E-1,1.220447046E0
1.752599708E1,-3.119423091E-1,-1.118623972E0,-2.807302475E-1,1.194753977E0
1.753102583E1,-2.676303685E-1,-1.152778387E0,-3.837194443E-1,1.244091892E0
1.753604302E1,-1.760095507E-1,-1.209512472E0,-4.864749908E-1,1.315506632E0
1.754107062E1,-6.577123702E-2,-1.355528116E0,-6.082086563E-1,1.487178570E0
1.754609823E1,7.314294577E-2,-1.481144667E0,-7.008419037E-1,1.640219128E0
1.755111943E1,1.981827319E-1,-1.595971107E0,-7.117900848E-1,1.758705574E0
1.755614661E1,2.137699425E-1,-1.690551758E0,-5.597858429E-1,1.793606151E0
1.756117380E1,2.250385880E-1,-1.793886185E0,-3.931303024E-1,1.850194975E0
1.756620099E1,2.075377405E-1,-1.820204973E0,-2.738351822E-1,1.852350875E0
1.757122818E1,2.086535692E-1,-1.865207314E0,-3.070516586E-1,1.901792670E0
1.757625588E1,1.949210465E-1,-1.857174039E0,-2.534475327E-1,1.884496027E0
1.758128307E1,2.001750469E-1,-1.786626935E0,-2.183475494E-1,1.811016705E0
1.758631026E1,1.576788127E-1,-1.696872115E0,-2.877445221E-1,1.728303935E0
1.759133745E1,9.608316422E-2,-1.645322680E0,-3.419494629E-1,1.683225514E0
1.759632219E1,-8.526563644E-3,-1.584630847E0,-5.003452301E-1,1.661768026E0
1.760134724E1,-2.222427726E-2,-1.546848416E0,-6.437911987E-1,1.675619602E0
1.760637229E1,-2.145212889E-2,-1.513446689E0,-7.959747314E-1,1.710133576E0
1.761137167E1,-1.705050468E-3,-1.532232165E0,-8.134012222E-1,1.734750663E0
1.761639505E1,2.770787477E-2,-1.602107048E0,-6.678972244E-1,1.735972760E0
1.762141844E1,6.697610021E-2,-1.656820774E0,-4.741649628E-1,1.724637147E0
1.762644588E1,6.810420752E-2,-1.811155677E0,-2.465906143E-1,1.829133675E0
1.763146953E1,9.259340167E-2,-1.883584380E0,-1.189775467E-1,1.889608243E0
1.763653625E1,1.254497766E-1,-1.901934981E0,-7.232284546E-2,1.907439360E0
1.764156406E1,1.964093447E-1,-1.858074307E0,1.341533661E-2,1.868474440E0
1.764656125E1,2.825676203E-1,-1.828570127E0,2.098655701E-1,1.862137677E0
1.765158583E1,3.459303081E-1,-1.745136499E0,2.774009705E-1,1.800588925E0
1.765663380E1,4.451946616E-1,-1.636387587E0,5.030679703E-1,1.768909269E0
1.766166073E1,4.568280578E-1,-1.560297728E0,9.011507034E-1,1.858841968E0
1.766668766E1,5.479322076E-1,-1.406161666E0,1.399586678E0,2.058242746E0
1.767172651E1,6.460739970E-1,-1.317135930E0,2.237354279E0,2.675446287E0
1.767675427E1,6.747261286E-1,-1.174047589E0,3.170289993E0,3.447373164E0
1.768178203E1,6.051465273E-1,-9.581691027E-1,4.274919510E0,4.422581505E0
1.768678745E1,6.096490026E-1,-6.999430656E-1,5.326609612E0,5.406881001E0
1.769181370E1,5.253890157E-1,-4.283384085E-1,6.138945580E0,6.176257786E0
1.769682963E1,5.478016138E-1,-2.260079384E-1,6.769850731E0,6.795737275E0
1.770185484E1,5.509469509E-1,-4.007756710E-2,7.276898384E0,7.297835216E0
1.770688005E1,4.852913320E-1,1.388896704E-1,7.268094063E0,7.285601507E0
1.771190526E1,3.932277858E-1,3.108332157E-1,6.648394585E0,6.667263002E0
1.771693047E1,3.849667907E-1,4.288666248E-1,5.858339310E0,5.886617490E0
1.772201109E1,2.742566466E-1,4.898444414E-1,4.701820374E0,4.735216902E0
1.772703854E1,2.524468899E-1,4.776939154E-1,3.743822098E0,3.782608202E0
1.773206599E1,1.905680597E-1,2.827807665E-1,3.113142014E0,3.131762179E0
1.773704906E1,9.777480364E-2,1.856893301E-2,2.532117844E0,2.534072906E0
1.774207349E1,3.130014241E-2,-2.376337051E-1,2.043602943E0,2.057610864E0
1.774709792E1,2.957971394E-2,-6.014516950E-1,1.747923851E0,1.848744679E0
1.775216833E1,4.550762475E-2,-9.337733984E-1,1.711690903E0,1.950356237E0
1.775719573E1,5.138580501E-2,-1.408467174E0,1.767218590E0,2.260416294E0
1.776222312E1,1.056461334E-1,-1.861732006E0,1.981174469E0,2.720709364E0
1.776720213E1,4.661238194E-2,-2.394443035E0,2.286337852E0,3.311022642E0
1.777222620E1,-8.705292642E-2,-2.804714918E0,2.610745430E0,3.832753016E0
1.777724328E1,-1.606441438E-1,-3.199012756E0,2.820438385E0,4.267828703E0
1.778226661E1,-1.693010479E-1,-3.663388491E0,2.910708427E0,4.682018969E0
1.778728995E1,-2.331760824E-1,-4.001341343E0,2.838611603E0,4.911498698E0
1.779231328E1,-3.053475618E-1,-4.375118732E0,2.618663788E0,5.108062362E0
1.779736151E1,-3.388574719E-1,-4.583283424E0,2.188852310E0,5.090420982E0
1.780238604E1,-2.627126575E-1,-4.755498886E0,1.582903862E0,5.018901497E0
1.780741057E1,-2.448432446E-1,-4.877109051E0,9.827375412E-1,4.981155888E0
1.781243510E1,-1.798020452E-1,-4.995747089E0,4.361371994E-1,5.017971045E0
1.781750932E1,-1.107687205E-1,-5.033981800E0,5.779170990E-2,5.035531983E0
1.782253635E1,-4.255050421E-2,-4.977516174E0,-2.003479004E-1,4.981728324E0
1.782756338E1,-2.265076339E-2,-4.887690544E0,-1.088790894E-1,4.888955570E0
1.783259042E1,-6.031847745E-2,-4.664068699E0,1.133346558E-2,4.664472488E0
1.783761745E1,-6.903771311E-2,-4.392900944E0,2.415456772E-1,4.400078320E0
1.784256417E1,-7.239663601E-2,-4.046426773E0,5.481138229E-1,4.084022486E0
1.784758786E1,-9.436665475E-2,-3.666922331E0,9.118289948E-1,3.779769379E0
1.785261156E1,-1.593904495E-1,-3.341311932E0,1.098260880E0,3.520787937E0
1.785765479E1,-2.109721005E-1,-3.026510715E0,1.002418518E0,3.195171235E0
1.786267974E1,-2.214304209E-1,-2.665260077E0,7.633409500E-1,2.781246503E0
1.786772838E1,-1.620801538E-1,-2.286144495E0,5.724954605E-1,2.362303469E0
1.787275578E1,-7.520098984E-2,-1.952512145E0,3.340940475E-1,1.982316246E0
1.787778318E1,-5.096903443E-2,-1.740999937E0,9.119510651E-2,1.744131638E0
1.788280390E1,-1.411887109E-1,-1.473823547E0,4.467582703E-2,1.481244757E0
1.788783083E1,-1.732746363E-1,-1.255378008E0,1.704149246E-1,1.278686548E0
1.789285776E1,-2.092141807E-1,-1.066045761E0,4.347381592E-1,1.170137345E0
1.789794390E1,-1.963073015E-1,-9.051867127E-1,6.653423309E-1,1.140429726E0
1.790297479E1,-4.377558082E-2,-7.688692808E-1,9.387321472E-1,1.214205220E0
1.790800568E1,-1.491687447E-2,-7.098559141E-1,1.073108673E0,1.286732356E0
1.791303656E1,8.648495376E-2,-7.619392276E-1,1.164258957E0,1.394105431E0
1.791798344E1,1.828329861E-1,-7.624055743E-1,1.202674866E0,1.435659080E0
1.792301010E1,2.642648518E-1,-8.011363149E-1,1.164586067E0,1.438025040E0
1.792799349E1,3.066450357E-1,-8.255745769E-1,1.174425125E0,1.467950590E0
1.793301583E1,4.580333233E-1,-8.827846050E-1,1.146114349E0,1.517458825E0
1.793803818E1,5.458328128E-1,-9.871446490E-1,1.022312164E0,1.522337078E0
1.794306052E1,5.796108842E-1,-1.128777862E0,8.701190948E-1,1.538569296E0
1.794817833E1,5.405875444E-1,-1.201996803E0,7.996101379E-1,1.541560113E0
1.795320536E1,4.766347110E-1,-1.284342885E0,6.671342850E-1,1.523740611E0
1.795823240E1,4.258318543E-1,-1.394529343E0,3.962955475E-1,1.510991402E0
1.796321901E1,3.264197409E-1,-1.475660563E0,1.689500809E-1,1.520745894E0
1.796824318E1,2.742550075E-1,-1.608703852E0,-1.201305389E-1,1.636329807E0
1.797328745E1,1.884995550E-1,-1.726887226E0,-3.704624176E-1,1.776207752E0
1.797831359E1,4.601649940E-2,-1.840315938E0,-5.391120911E-1,1.918208048E0
1.798332161E1,-4.321199656E-2,-1.963340163E0,-5.831432343E-1,2.048567281E0
1.798834588E1,-1.704568714E-1,-2.110004902E0,-5.744104385E-1,2.193427360E0
1.799337213E1,-2.167393118E-1,-2.280153751E0,-6.803407669E-1,2.389338950E0
1.799839661E1,-2.495351434E-1,-2.402095795E0,-7.190580368E-1,2.519796907E0
1.800342109E1,-3.211677670E-1,-2.485854864E0,-6.667852402E-1,2.593689591E0
1.800844557E1,-4.120365381E-1,-2.627634764E0,-4.806671143E-1,2.702828044E0
1.801347005E1,-5.123323798E-1,-2.727233410E0,-1.513547897E-1,2.779063657E0
1.801848281E1,-6.074425578E-1,-2.756264210E0,2.922306061E-1,2.837494948E0
1.802350682E1,-7.207722664E-1,-2.829575300E0,8.116693497E-1,3.030646164E0
1.802853083E1,-8.522726893E-1,-2.779979944E0,1.306389809E0,3.187681220E0
1.803355484E1,-9.112777710E-1,-2.708462238E0,1.680705070E0,3.315262344E0
1.803864844E1,-9.791448116E-1,-2.596121311E0,1.882116318E0,3.352749955E0
1.804367588E1,-1.003434658E0,-2.444096804E0,1.972838402E0,3.297359801E0
1.804870333E1,-1.003431201E0,-2.328922272E0,1.857350349E0,3.143326811E0
1.805368797E1,-9.743190408E-1,-2.136148453E0,1.636270523E0,2.861784239E0
1.805871255E1,-8.971953392E-1,-1.965757370E0,1.343278885E0,2.544319099E0
1.806377073E1,-8.153823614E-1,-1.831407785E0,1.026390076E0,2.252194365E0
1.806879859E1,-6.715030670E-1,-1.655964613E0,6.474552155E-1,1.900613960E0
1.807381234E1,-5.277295113E-1,-1.515272260E0,3.023099899E-1,1.632770586E0
1.807883885E1,-4.652589560E-1,-1.284339666E0,3.404331207E-2,1.366438151E0
1.808386536E1,-2.353028655E-1,-1.202044606E0,-2.530355453E-1,1.250722056E0
1.808889187E1,-1.395925134E-1,-1.028580070E0,-3.914365768E-1,1.109362710E0
1.809386057E1,-1.398014426E-1,-8.261888027E-1,-5.774183273E-1,1.017616974E0
1.809888401E1,-3.997776657E-2,-7.004687786E-1,-7.679281235E-1,1.040177069E0
1.810390745E1,8.825980127E-2,-6.516330242E-1,-9.343175888E-1,1.142525600E0
1.810894078E1,1.251725256E-1,-5.647099018E-1,-9.905157089E-1,1.147033916E0
1.811396490E1,1.329997629E-1,-4.966791868E-1,-1.051367760E0,1.170364609E0
1.811898901E1,1.359295547E-1,-5.237278938E-1,-8.490085602E-1,1.006768735E0
1.812401312E1,1.625022292E-1,-5.644375086E-1,-6.707086563E-1,8.915417978E-1
1.812903974E1,1.411849409E-1,-6.522635221E-1,-3.394908905E-1,7.487556041E-1
1.813406396E1,1.485305279E-1,-8.114649057E-1,6.309032440E-2,8.273554254E-1
1.813908818E1,1.466214508E-1,-9.610534906E-1,4.173154831E-1,1.057957407E0
1.814413594E1,1.595435143E-1,-1.067806602E0,7.997236252E-1,1.343585854E0
1.814916167E1,1.345817000E-1,-1.137289286E0,1.047566414E0,1.552074272E0
1.815418740E1,1.866228282E-1,-1.146234512E0,1.184828758E0,1.659066251E0
1.815921312E1,1.765922457E-1,-1.133331537E0,1.168557167E0,1.637422074E0
1.816430885E1,2.189487517E-1,-1.031979442E0,9.702072144E-1,1.433255791E0
1.816933823E1,2.798918486E-1,-9.805369377E-1,5.852994919E-1,1.175741310E0
1.817436760E1,3.309201598E-1,-9.307837486E-1,1.575908661E-1,1.000350649E0
1.817933630E1,3.863257766E-1,-8.726731539E-1,-2.697439194E-1,9.917498783E-1
1.818436156E1,4.320280850E-1,-8.826187849E-1,-5.962572098E-1,1.149428922E0
1.818938682E1,4.256530404E-1,-8.835500479E-1,-7.933206558E-1,1.261427311E0
1.819436906E1,4.294768572E-1,-9.564752579E-1,-8.562669754E-1,1.353694361E0
1.819939146E1,3.571782708E-1,-1.015268207E0,-7.804851532E-1,1.329474679E0
1.820441385E1,2.709264457E-1,-1.031055212E0,-6.043748856E-1,1.225457054E0
1.820950505E1,2.136651129E-1,-1.123307347E0,-3.806438446E-1,1.205139790E0
1.821453193E1,1.615072340E-1,-1.229129672E0,-3.752803802E-2,1.240263154E0
1.821955880E1,1.480965763E-1,-1.262422323E0,3.339557648E-1,1.314218083E0
1.822453875E1,1.065314859E-1,-1.361767411E0,7.242279053E-1,1.546048349E0
1.822956234E1,1.419299394E-1,-1.417926431E0,1.008804321E0,1.745951210E0
1.823459073E1,1.343894303E-1,-1.441303134E0,1.178146362E0,1.866398696E0
1.823961479E1,2.460444272E-1,-1.456698179E0,1.155773163E0,1.875718276E0
1.824463885E1,3.235049844E-1,-1.474461317E0,7.840061188E-1,1.700987138E0
1.824966458E1,3.623138070E-1,-1.504724503E0,4.314556122E-1,1.606742378E0
1.825468875E1,4.681229293E-1,-1.566695690E0,1.172237396E-1,1.639333971E0
1.825971292E1,4.643732905E-1,-1.674032092E0,-1.442947388E-1,1.743228892E0
1.826474844E1,4.325960279E-1,-1.748890638E0,-2.860307693E-1,1.824163202E0
1.826977338E1,3.728034794E-1,-1.746840239E0,-2.457723618E-1,1.803007850E0
1.827479833E1,2.751143873E-1,-1.796745181E0,-1.576070786E-1,1.824505731E0
1.827985661E1,1.919366866E-1,-1.788536072E0,4.057979584E-2,1.799263097E0
1.828488375E1,1.616800874E-1,-1.894314885E0,2.912683487E-1,1.923384149E0
1.828991088E1,1.415298581E-1,-1.942267776E0,6.517143250E-1,2.053574049E0
1.829493021E1,1.506640166E-1,-1.995063543E0,9.926042557E-1,2.233437126E0
1.829995682E1,2.606975436E-1,-2.024630547E0,1.256504059E0,2.397059555E0
1.830498344E1,3.037923574E-1,-2.026340961E0,1.319162369E0,2.436911333E0
1.830997901E1,3.562103510E-1,-2.000030041E0,1.329119682E0,2.427666597E0
1.831500359E1,3.891664445E-1,-1.998429418E0,1.272089005E0,2.400704291E0
1.832002818E1,3.453276455E-1,-1.997352481E0,1.243834496E0,2.378190986E0
1.832505276E1,3.299144804E-1,-1.929792404E0,1.206068039E0,2.299465678E0
1.833008516E1,3.808814287E-1,-1.930142164E0,1.144422531E0,2.276010186E0
1.833511010E1,3.884437382E-1,-2.003787756E0,1.164075851E0,2.349707747E0
1.834013505E1,3.768727183E-1,-2.012297392E0,1.078389168E0,2.313935400E0
1.834519109E1,4.086199403E-1,-1.993801355E0,9.927406311E-1,2.264453148E0
1.835021818E1,4.073594213E-1,-2.029054642E0,1.136751175E0,2.361187767E0
1.835525135E1,3.349286616E-1,-2.051316500E0,1.237522125E0,2.418995163E0
1.836027901E1,1.911300123E-1,-2.031731129E0,1.371659279E0,2.458843476E0
1.836529182E1,8.543892950E-2,-2.008282185E0,1.510472298E0,2.514363479E0
1.837031786E1,2.238473296E-2,-1.995626926E0,1.740024567E0,2.647775179E0
1.837535562E1,-2.664392069E-2,-1.984493971E0,2.007588387E0,2.823001479E0
1.838038281E1,-1.187446341E-1,-1.975327253E0,2.131369591E0,2.908393780E0
1.838541000E1,-1.720421761E-1,-1.915912390E0,2.274146080E0,2.978600206E0
1.839042344E1,-2.058188021E-1,-1.873091340E0,2.407240868E0,3.057064138E0
1.839544969E1,-2.443492711E-1,-1.803994894E0,2.602425575E0,3.175960173E0
1.840047984E1,-3.216780722E-1,-1.780317068E0,2.749667168E0,3.291454873E0
1.840550646E1,-2.808759511E-1,-1.792519927E0,2.844280243E0,3.373714435E0
1.841052875E1,-3.182250559E-1,-1.778377414E0,2.742895126E0,3.284412746E0
1.841555495E1,-3.188562691E-1,-1.780952096E0,2.555790901E0,3.131377783E0
1.842058031E1,-2.970628142E-1,-1.804797769E0,2.302250862E0,2.940391187E0
1.842560640E1,-3.478929400E-1,-1.749162436E0,2.197606087E0,2.830206925E0
1.843062901E1,-3.945231736E-1,-1.738486767E0,2.002584457E0,2.681105981E0
1.843565474E1,-3.848164678E-1,-1.753510356E0,1.808204651E0,2.548035781E0
1.844068526E1,-3.906272650E-1,-1.745775819E0,1.657544136E0,2.438806149E0
1.844571151E1,-6.892455816E-1,-1.757660031E0,1.301880836E0,2.293321166E0
1.845073776E1,-8.590965867E-1,-1.912488341E0,1.057106972E0,2.348006335E0
1.845576401E1,-8.666157722E-1,-2.175610542E0,1.023481369E0,2.555742209E0
1.846078922E1,-8.599068522E-1,-2.368886948E0,9.663381577E-1,2.699050685E0
1.846581542E1,-7.715800405E-1,-2.760137796E0,9.908657074E-1,3.032410141E0
1.847084161E1,-6.733248234E-1,-3.516641140E0,7.430133820E-1,3.656801897E0
1.847587016E1,-5.515326262E-1,-4.704141617E0,-2.551898956E-1,4.743232913E0
1.848089646E1,-5.405402184E-1,-6.396440029E0,-1.883399963E0,6.689829908E0
1.848592276E1,-4.445700049E-1,-8.704431534E0,-3.763260365E0,9.493518810E0
1.849094740E1,-1.443295479E-1,-6.836305141E0,-8.206110001E-1,6.886893452E0
1.849597359E1,1.525779068E-1,-2.333806992E0,5.671385765E0,6.134700611E0
1.850099557E1,3.811726570E-1,-7.865175605E-2,8.224564552E0,8.233768321E0
1.850602135E1,6.261751652E-1,5.935447216E-1,6.763128281E0,6.817939191E0
1.851104713E1,6.801684499E-1,7.202489972E-1,3.865129471E0,3.990064356E0
1.851607682E1,5.470213890E-1,8.203047514E-1,1.516863823E0,1.809145694E0
1.852110286E1,3.026428819E-1,1.123891354E0,3.343153000E-1,1.210987700E0
1.852613088E1,6.637215614E-2,1.546492338E0,-9.058570862E-2,1.550564280E0
1.853115708E1,4.412895441E-2,1.810284853E0,-2.896003723E-1,1.833833959E0
1.853617995E1,2.124299109E-2,1.809978127E0,-5.881853104E-1,1.903269305E0
1.854120583E1,9.835773706E-2,1.656383991E0,-8.093061447E-1,1.846146962E0
1.854623297E1,1.893543154E-1,1.398316741E0,-9.435834885E-1,1.697496558E0
1.855125896E1,2.277512401E-1,1.017481089E0,-9.625453949E-1,1.419025028E0
1.855628740E1,2.665900588E-1,5.862827301E-1,-7.134056091E-1,9.611166746E-1
1.856131365E1,3.351344764E-1,3.241239786E-1,-3.925428391E-1,6.094762926E-1
1.856633990E1,3.045345843E-1,4.309021235E-1,2.872180939E-2,5.284343813E-1
1.857136615E1,1.985346079E-1,5.324051380E-1,1.964740753E-1,6.012264829E-1
1.857639240E1,-1.183468103E-2,6.229994297E-1,1.193046570E-3,6.231129692E-1
1.858141297E1,-7.858946919E-2,4.349812269E-1,-2.696886063E-1,5.178000741E-1
1.858643896E1,-1.663175225E-2,5.425608158E-1,-5.251693726E-1,7.552825457E-1
1.859146859E1,-8.875465393E-2,7.880772352E-1,-5.214443207E-1,9.491297576E-1
1.859649495E1,-5.510656536E-2,6.990141869E-1,-7.181615829E-1,1.003699968E0
1.860151609E1,-1.740611047E-1,5.016524792E-1,-5.940122604E-1,7.967452815E-1
1.860654193E1,-3.026638627E-1,3.210517168E-1,-3.073530197E-1,5.377225096E-1
1.861156776E1,-3.458934724E-1,2.192261219E-1,9.379482269E-2,4.201188588E-1
1.861659359E1,-3.521659374E-1,1.570093632E-1,4.085769653E-1,5.617899289E-1
1.862165005E1,-3.312877119E-1,6.641030312E-2,4.507961273E-1,5.633640251E-1
1.862667734E1,-3.356534839E-1,2.456235886E-2,4.502067566E-1,5.620966949E-1
1.863169338E1,-3.215368986E-1,-1.216268539E-2,5.026025772E-1,5.967773946E-1
1.863671953E1,-3.224971592E-1,-1.450603008E-1,4.598731995E-1,5.801122893E-1
1.864174568E1,-2.516717017E-1,-2.885584831E-1,3.461980820E-1,5.161954626E-1
1.864675114E1,-1.845374107E-1,-4.614074230E-1,1.854639053E-1,5.304222150E-1
1.865177583E1,-1.207549572E-1,-6.350275278E-1,4.472351074E-2,6.479520917E-1
1.865680052E1,-9.852823615E-2,-8.181401491E-1,3.373718262E-2,8.247419684E-1
1.866182760E1,-6.519654393E-2,-9.672764540E-1,1.353168488E-2,9.695655905E-1
1.866685245E1,-2.538570762E-2,-1.034461379E0,-2.502889633E-1,1.064612298E0
1.867187729E1,3.532630205E-2,-1.134406209E0,-5.327091217E-1,1.253756118E0
1.867689760E1,9.290379286E-2,-1.133160233E0,-5.993776321E-1,1.285276926E0
1.868192219E1,1.420321763E-1,-1.141499162E0,-5.077381134E-1,1.257374832E0
1.868694677E1,1.050298214E-1,-1.107186675E0,-4.012851715E-1,1.182338101E0
1.869198432E1,1.392009258E-1,-1.106798053E0,-3.039112091E-1,1.156175095E0
1.869700979E1,1.627733111E-1,-1.101257801E0,-1.823587418E-1,1.128059664E0
1.870203792E1,1.996357441E-1,-1.162333250E0,-3.665256500E-2,1.179922211E0
1.870706364E1,2.214789987E-1,-1.189154625E0,-6.304836273E-2,1.211245956E0
1.871208937E1,1.572790742E-1,-1.162281036E0,-1.275911331E-1,1.179793801E0
1.871711510E1,6.987398863E-2,-1.048113108E0,-2.925167084E-1,1.090407945E0
1.872218917E1,7.726103067E-3,-9.810678959E-1,-3.806514740E-1,1.052354243E0
1.872721729E1,-4.306432605E-2,-9.025635719E-1,-4.834222794E-1,1.024779312E0
1.873224542E1,-1.256529987E-1,-7.652187347E-1,-5.672016144E-1,9.607632692E-1
1.873725922E1,-1.110343337E-1,-6.835906506E-1,-5.747594833E-1,8.999851468E-1
1.874228635E1,-1.192990541E-1,-6.199848652E-1,-4.629116058E-1,7.828797176E-1
1.874731349E1,-1.272129565E-1,-6.227464676E-1,-1.502780914E-1,6.531307710E-1
1.875234062E1,-3.490918875E-2,-6.403820515E-1,5.731964111E-2,6.438892487E-1
1.875732307E1,1.325455308E-2,-6.348524094E-1,2.271089554E-1,6.743824897E-1
1.876234797E1,1.271981299E-1,-6.169505119E-1,2.831468582E-1,6.906369826E-1
1.876737953E1,1.872811913E-1,-5.670833588E-1,2.110681534E-1,6.334094614E-1
1.877240510E1,1.983004510E-1,-5.137822628E-1,1.544532776E-1,5.719712383E-1
1.877743068E1,1.556088328E-1,-4.951286316E-1,9.888458252E-2,5.283413966E-1
1.878245109E1,1.407664418E-1,-4.437198639E-1,-3.231906891E-2,4.666337225E-1
1.878747630E1,6.317391992E-2,-4.121742249E-1,-1.290712357E-1,4.365064944E-1
1.879250151E1,-5.183279514E-3,-3.904066086E-1,-3.111944199E-1,4.992856431E-1
1.879755781E1,-5.933168530E-2,-3.302335739E-1,-4.591836929E-1,5.687039002E-1
1.880258505E1,-1.612391472E-1,-2.398571968E-1,-4.733505249E-1,5.546082012E-1
1.880761229E1,-1.910916567E-1,-1.722683907E-1,-4.111185074E-1,4.849854088E-1
1.881260990E1,-2.019815743E-1,-1.318945885E-1,-2.918882370E-1,3.786706771E-1
1.881763516E1,-1.654037535E-1,-9.097957611E-2,-1.869955063E-1,2.657122585E-1
1.882266042E1,-1.196721643E-1,-4.490566254E-2,-1.106929779E-1,1.690883816E-1
1.882768568E1,3.073224425E-2,-2.246904373E-2,-9.158897400E-2,9.918603189E-2
1.883268516E1,1.329042912E-1,1.945304871E-2,-1.344375610E-1,1.900405997E-1
1.883770911E1,1.824384928E-1,4.658508301E-2,-9.049987793E-2,2.089119468E-1
1.884273307E1,2.176508307E-1,2.077150345E-2,-7.469749451E-2,2.310477335E-1
1.884775703E1,2.718980908E-1,2.316141129E-2,-1.538076401E-1,3.132440150E-1
1.885284396E1,2.970146537E-1,-4.748058319E-2,-1.789827347E-1,3.500098993E-1
1.885787104E1,3.554598093E-1,-1.707987785E-1,-3.135232925E-1,5.038062661E-1
1.886286614E1,3.133667707E-1,-2.990136147E-1,-4.615716934E-1,6.329741724E-1
1.886788995E1,2.761876285E-1,-3.846111298E-1,-4.937896729E-1,6.841297891E-1
1.887291375E1,2.442568243E-1,-5.083594322E-1,-4.011087418E-1,6.920830378E-1
1.887794766E1,1.314727962E-1,-5.505800247E-1,-2.841510773E-1,6.333761082E-1
1.888297213E1,4.771298170E-2,-6.214494705E-1,-1.620149612E-1,6.439913204E-1
1.888799661E1,-3.092241287E-2,-6.396546364E-1,-1.112079620E-1,6.499857385E-1
1.889302344E1,-9.509393573E-2,-7.058267593E-1,-1.076211929E-1,7.202892419E-1
1.889804807E1,-1.067173183E-1,-7.048559189E-1,-1.417903900E-1,7.268527823E-1
1.890307536E1,-1.565783620E-1,-6.892285347E-1,-2.281541824E-1,7.427025565E-1
1.890810026E1,-1.536698341E-1,-7.257766724E-1,-2.854452133E-1,7.948868887E-1
1.891312667E1,-1.842376739E-1,-7.093048096E-1,-4.236407280E-1,8.464799465E-1
1.891815172E1,-1.190783978E-1,-6.635890007E-1,-6.236543655E-1,9.184088383E-1
1.892317677E1,-8.241209388E-2,-6.888961792E-1,-6.751451492E-1,9.680860868E-1
1.892820182E1,-5.979394913E-2,-6.703672409E-1,-6.548295021E-1,9.390256817E-1
1.893318755E1,-7.062369585E-2,-7.079477310E-1,-5.440621376E-1,8.956457480E-1
1.893821062E1,-4.317167401E-2,-7.260313034E-1,-3.853030205E-1,8.230696596E-1
1.894323370E1,1.764130592E-2,-7.675800323E-1,-2.934660912E-1,8.219566098E-1
1.894825677E1,7.362946868E-2,-7.850632668E-1,-2.299747467E-1,8.213610750E-1
1.895329651E1,5.782023072E-2,-8.077063560E-1,-1.465783119E-1,8.229325235E-1
1.895832042E1,8.992767334E-2,-9.595880508E-1,-4.826831818E-2,9.650005411E-1
1.896334432E1,1.316314638E-1,-1.126246929E0,-5.901622772E-2,1.135447886E0
1.896836823E1,4.885372519E-2,-1.211958408E0,-1.213049889E-1,1.218993343E0
1.897339213E1,3.772154450E-2,-1.073090076E0,-3.069815636E-1,1.116773436E0
1.897841604E1,2.158820629E-2,-8.292188644E-1,-6.256494522E-1,1.038993365E0
1.898347271E1,-3.481060266E-3,-7.194662094E-1,-9.003343582E-1,1.152495423E0
1.898849771E1,-6.559309363E-2,-5.942568779E-1,-1.136877537E0,1.284497655E0
1.899352271E1,-1.311857104E-1,-5.539088249E-1,-1.177656174E0,1.308013280E0
1.899858609E1,-1.861562282E-1,-5.315136909E-1,-1.147149086E0,1.277932694E0
1.900361370E1,-2.067392021E-1,-4.785947800E-1,-9.647297859E-1,1.096584525E0
1.900864115E1,-1.596074998E-1,-5.059413910E-1,-6.969118118E-1,8.758637557E-1
1.901366875E1,-1.218647063E-1,-5.370998383E-1,-4.823427200E-1,7.321077397E-1
1.901869635E1,-7.957336307E-2,-6.106748581E-1,-3.397631645E-1,7.033453706E-1
1.902366099E1,2.482074499E-2,-6.878390312E-1,-3.030657768E-1,7.520554948E-1
1.902868437E1,8.111152053E-2,-8.175053596E-1,-3.137149811E-1,8.793811353E-1
1.903370776E1,1.275374889E-1,-8.938317299E-1,-3.243560791E-1,9.593788816E-1
1.903873114E1,2.071489096E-1,-9.503726959E-1,-3.875966072E-1,1.047067363E0
1.904379734E1,1.715637445E-1,-9.396629333E-1,-4.169640541E-1,1.042237770E0
1.904882286E1,1.354802251E-1,-9.041142464E-1,-4.084138870E-1,1.001288852E0
1.905382490E1,8.986273408E-2,-8.342852592E-1,-3.523912430E-1,9.101026277E-1
1.905884818E1,-8.186936378E-3,-8.169288635E-1,-3.152999878E-1,8.757019335E-1
1.906387146E1,-6.742435694E-2,-8.232159615E-1,-3.163347244E-1,8.844762411E-1
1.906889474E1,-1.308729947E-1,-7.814507484E-1,-4.558095932E-1,9.140871940E-1
1.907397719E1,-1.745824814E-1,-7.303442955E-1,-5.753188133E-1,9.459775736E-1
1.907900354E1,-2.082389295E-1,-6.926484108E-1,-6.952443123E-1,1.003239715E0
1.908401573E1,-2.034627795E-1,-6.398510933E-1,-7.723383904E-1,1.023383170E0
1.908904068E1,-1.795576215E-1,-6.485991478E-1,-8.161129951E-1,1.057810103E0
1.909406562E1,-1.224570721E-1,-6.276879311E-1,-7.408175468E-1,9.786718097E-1
1.909909057E1,-7.525068521E-2,-5.961937904E-1,-6.758565903E-1,9.043737236E-1
1.910414312E1,1.973015070E-2,-6.021990776E-1,-4.727296829E-1,7.658370329E-1
1.910916943E1,1.912456751E-2,-5.640325546E-1,-2.754864693E-1,6.280057854E-1
1.911419573E1,1.882869005E-2,-5.444927216E-1,-9.784507751E-2,5.535345541E-1
1.911922203E1,-5.291908979E-3,-5.532908440E-1,5.084991455E-2,5.556477986E-1
1.912431370E1,-2.936151624E-2,-5.289239883E-1,-3.418064117E-2,5.308399008E-1
1.912934328E1,-3.924885392E-2,-4.850335121E-1,-1.000366211E-1,4.967950342E-1
1.913437286E1,-2.060702443E-2,-4.649267197E-1,-2.181973457E-1,5.139957060E-1
1.913940245E1,-4.042503238E-2,-4.732222557E-1,-3.504972458E-1,5.902726538E-1
1.914430974E1,-4.125022888E-2,-4.658069611E-1,-3.786420822E-1,6.017038580E-1
1.914933344E1,-1.322144270E-2,-4.681801796E-1,-3.247809410E-1,5.699562674E-1
1.915439380E1,-1.388412714E-2,-4.416136742E-1,-3.617353439E-1,5.710235242E-1
1.915942146E1,-2.922716737E-2,-3.952450752E-1,-3.943161964E-1,5.590690115E-1
1.916446646E1,7.709085941E-3,-3.483796120E-1,-5.323505402E-1,6.362585022E-1
1.916949599E1,8.231854439E-2,-2.578368187E-1,-6.228523254E-1,6.791179479E-1
1.917452552E1,1.850559413E-1,-2.576160431E-1,-6.849846840E-1,7.548614074E-1
1.917952573E1,2.539327145E-1,-1.657509804E-1,-6.233263016E-1,6.931745013E-1
1.918455333E1,3.466641009E-1,-1.980476379E-1,-4.948115349E-1,6.357966033E-1
1.918958094E1,3.962859511E-1,-1.773781776E-1,-3.091287613E-1,5.329785775E-1
1.919455693E1,4.504537284E-1,-2.329335213E-1,-1.572103500E-1,5.309253064E-1
1.919958099E1,5.089889765E-1,-2.457222939E-1,-3.809404373E-2,5.664806970E-1
1.920461687E1,5.574960709E-1,-1.963806152E-1,-1.907205582E-2,5.913805529E-1
1.920964208E1,5.865503550E-1,-2.331151962E-1,-7.149839401E-2,6.352133767E-1
1.921467786E1,5.867465734E-1,-2.409567833E-1,-1.475806236E-1,6.512386301E-1
1.921970411E1,5.582543612E-1,-2.629041672E-1,-3.430557251E-1,7.060125802E-1
1.922473161E1,4.916370809E-1,-2.892007828E-1,-5.241246223E-1,7.746294158E-1
1.922975802E1,3.966293931E-1,-2.957172394E-1,-6.672191620E-1,8.306292622E-1
1.923478443E1,2.925457656E-1,-2.966957092E-1,-7.726073265E-1,8.778003474E-1
1.923981083E1,1.987160742E-1,-3.066134453E-1,-6.728014946E-1,7.656119997E-1
1.924485719E1,4.791173339E-2,-2.492394447E-1,-5.876021385E-1,6.400719555E-1
1.924988458E1,-2.596384287E-2,-2.489323616E-1,-4.549298286E-1,5.192326943E-1
1.925491198E1,-9.975486994E-2,-2.341732979E-1,-3.604798317E-1,4.412866150E-1
1.925991880E1,-8.765381575E-2,-2.527565956E-1,-3.233904839E-1,4.197028629E-1
1.926494479E1,-1.234782189E-1,-2.905678749E-1,-2.379555702E-1,3.953472067E-1
1.926997078E1,-9.716504812E-2,-3.094182014E-1,-1.901559830E-1,3.759520818E-1
1.927501068E1,-9.025195241E-2,-2.949843407E-1,-1.416568756E-1,3.394522743E-1
1.928003760E1,-8.368816972E-2,-3.143925667E-1,-1.448264122E-1,3.561194819E-1
1.928506453E1,-1.061757207E-1,-3.389029503E-1,-1.852293015E-1,4.005476095E-1
1.929009146E1,-8.599498868E-2,-3.923783302E-1,-1.672091484E-1,4.351031963E-1
1.929506844E1,-7.556724548E-2,-4.076199532E-1,-1.629118919E-1,4.454264466E-1
1.930009286E1,-7.958829403E-2,-3.754611015E-1,-1.860575676E-1,4.265240366E-1
1.930511729E1,-9.319522977E-2,-4.056000710E-1,-1.606669426E-1,4.461060803E-1
1.931017776E1,-6.838494539E-2,-4.119744301E-1,-1.487889290E-1,4.433255882E-1
1.931520458E1,-9.600701928E-2,-3.989567757E-1,-1.798563004E-1,4.480314112E-1
1.932025531E1,-9.955763817E-2,-3.572683334E-1,-2.389922142E-1,4.412138527E-1
1.932528448E1,-9.819161892E-2,-2.866573334E-1,-2.788448334E-1,4.117869132E-1
1.933031364E1,-1.207173020E-1,-2.397699356E-1,-3.615937233E-1,4.503468771E-1
1.933532656E1,-1.482306123E-1,-2.260828018E-1,-5.159811974E-1,5.825138142E-1
1.934035458E1,-1.185867935E-1,-1.597156525E-1,-6.314558983E-1,6.620486906E-1
1.934538260E1,-9.882956743E-2,-1.984004974E-1,-6.940011978E-1,7.285380590E-1
1.935041062E1,-6.961536407E-2,-1.554746628E-1,-7.611145973E-1,7.799449339E-1
1.935543864E1,-6.461399794E-2,-1.554441452E-1,-8.135278225E-1,8.307619208E-1
1.936040370E1,-1.196791232E-2,-1.644592285E-1,-8.710243702E-1,8.864950774E-1
1.936542917E1,1.169845462E-2,-1.734571457E-1,-8.656232357E-1,8.829087277E-1
1.937045463E1,3.536960483E-2,-1.438503265E-1,-8.650224209E-1,8.776147868E-1
1.937552042E1,6.529271603E-3,-1.284580231E-1,-7.588918209E-1,7.697148114E-1
1.938054859E1,3.995534778E-2,-9.347629547E-2,-7.345163822E-1,7.415177431E-1
1.938557677E1,4.001173377E-2,-5.340957642E-2,-6.911084652E-1,6.943230029E-1
1.939059854E1,2.097198367E-2,1.576232910E-2,-6.576340199E-1,6.581571083E-1
1.939562625E1,2.581641078E-2,1.351356506E-2,-6.243984699E-1,6.250780373E-1
1.940064760E1,-2.200682461E-2,9.784221649E-2,-6.011819839E-1,6.094892759E-1
1.940567469E1,-4.612147808E-2,9.159755707E-2,-5.590739250E-1,5.684021084E-1
1.941071588E1,-3.698487580E-2,1.478748322E-1,-5.745041370E-1,5.943819063E-1
1.941574427E1,-5.693140626E-2,1.088609695E-1,-5.376081467E-1,5.514656971E-1
1.942077266E1,-6.286075711E-2,8.939933777E-2,-6.109383106E-1,6.206362347E-1
1.942580104E1,-8.822628856E-2,4.157829285E-2,-6.746666431E-1,6.816800656E-1
1.943082078E1,-8.990663290E-2,-6.804847717E-2,-6.714057922E-1,6.808080021E-1
1.943584870E1,1.339283586E-2,-1.629915237E-1,-6.535973549E-1,6.737470647E-1
1.944087661E1,7.353100181E-2,-2.337751389E-1,-7.263057232E-1,7.665361226E-1
1.944590453E1,2.197787166E-1,-2.995758057E-1,-7.124211788E-1,8.034875753E-1
1.945093245E1,2.321402729E-1,-3.269395828E-1,-7.554733753E-1,8.552886167E-1
1.945596036E1,2.305150926E-1,-3.206949234E-1,-8.362596035E-1,9.248311015E-1
1.946092536E1,2.196370065E-1,-2.566509247E-1,-8.981809616E-1,9.596036430E-1
1.946595109E1,2.473268211E-1,-2.117481232E-1,-9.929354191E-1,1.044953860E0
1.947097682E1,2.226299047E-1,-4.227447510E-2,-1.006276131E0,1.031476057E0
1.947600255E1,2.172345817E-1,7.480716705E-2,-1.048686743E0,1.073559901E0
1.948102828E1,1.642293632E-1,1.204910278E-1,-1.048593760E0,1.068193917E0
1.948607687E1,1.162192225E-1,1.712894440E-1,-1.024933815E0,1.045627231E0
1.949110354E1,9.697699547E-2,1.890897751E-1,-9.877612591E-1,1.010362205E0
1.949614349E1,1.112637222E-1,2.264671326E-1,-9.608342648E-1,9.934130371E-1
1.950117146E1,5.867061019E-2,2.547788620E-1,-8.392074108E-1,8.789900952E-1
1.950619104E1,2.996930480E-2,2.501497269E-1,-7.331042290E-1,7.751869811E-1
1.951121818E1,-6.080548465E-2,2.841987610E-1,-7.233819962E-1,7.795817822E-1
1.951624734E1,-3.198714554E-2,2.421560287E-1,-6.857717037E-1,7.279735911E-1
1.952127469E1,-4.647596180E-2,3.106327057E-1,-7.446920872E-1,8.082196469E-1
1.952630203E1,-8.481183648E-2,3.602991104E-1,-8.807374239E-1,9.553569524E-1
1.953132937E1,-9.901261330E-2,3.434295654E-1,-9.841178656E-1,1.047012577E0
1.953635000E1,-1.417274624E-1,3.318061829E-1,-1.064355493E0,1.123848135E0
1.954137698E1,-1.459978670E-1,3.206281662E-1,-1.121480227E0,1.175515077E0
1.954640396E1,-1.500134617E-1,3.146486282E-1,-1.136341333E0,1.188603981E0
1.955142911E1,-1.200952679E-1,2.469367981E-1,-1.080468178E0,1.114814845E0
1.955645599E1,-1.423842162E-1,2.514581680E-1,-1.068705320E0,1.107084250E0
1.956147693E1,-1.259939820E-1,2.563610077E-1,-1.124861002E0,1.160563537E0
1.956650318E1,-1.141236573E-1,2.664661407E-1,-1.167724848E0,1.203166544E0
1.957152943E1,-1.115159541E-1,2.435045242E-1,-1.178221226E0,1.208277914E0
1.957655568E1,-1.372392625E-1,2.544698715E-1,-1.204267979E0,1.238487342E0
1.958156776E1,-1.531554163E-1,1.989173889E-1,-1.121642590E0,1.149394105E0
1.958659328E1,-1.592873931E-1,2.490406036E-1,-1.006837845E0,1.049340813E0
1.959161880E1,-1.604626477E-1,2.898406982E-1,-9.360902309E-1,9.929858066E-1
1.959666318E1,-1.136812121E-1,3.404016495E-1,-8.995864391E-1,9.685310849E-1
1.960168995E1,-8.596923947E-2,3.241863251E-1,-8.972730637E-1,9.579073203E-1
1.960671672E1,-7.247145474E-2,2.842903137E-1,-9.242405891E-1,9.696874552E-1
1.961172193E1,-9.708529711E-2,2.829246521E-1,-8.896372318E-1,9.385767512E-1
1.961674724E1,-7.852828503E-2,2.530345917E-1,-9.846389294E-1,1.019660246E0
1.962177255E1,-6.452068686E-2,2.760086060E-1,-9.989073277E-1,1.038344605E0
1.962681599E1,-7.912603021E-2,2.848186493E-1,-1.023378849E0,1.065216814E0
1.963184250E1,-7.933597267E-2,3.034143448E-1,-1.039017320E0,1.085316291E0
1.963687140E1,-6.992249191E-2,3.413572311E-1,-1.041120172E0,1.097882109E0
1.964189818E1,-5.089619756E-2,3.316373825E-1,-1.024796605E0,1.078323633E0
1.964692495E1,-7.482483983E-2,3.603887558E-1,-1.033104300E0,1.096714780E0
1.965195010E1,-5.571366847E-2,3.367300034E-1,-1.027911067E0,1.083093842E0
1.965697677E1,-5.089671910E-2,3.324308395E-1,-9.995540380E-1,1.054613206E0
1.966200344E1,-2.224954963E-2,3.379020691E-1,-9.528509378E-1,1.011235759E0
1.966703010E1,-4.629988968E-2,3.626708984E-1,-8.733795881E-1,9.468187605E-1
1.967206198E1,-7.040315121E-2,3.875322342E-1,-8.900872469E-1,9.733412266E-1
1.967708890E1,-9.467987716E-2,4.220695496E-1,-9.120686054E-1,1.009443473E0
1.968211583E1,-3.776383400E-2,4.615020752E-1,-9.872281551E-1,1.090426386E0
1.968710599E1,-5.764595419E-2,4.723844528E-1,-1.082226276E0,1.182236795E0
1.969213047E1,-2.009484172E-2,4.786405563E-1,-1.192162514E0,1.284815957E0
1.969715495E1,7.926777005E-3,4.803304672E-1,-1.212104797E0,1.303832133E0
1.970218870E1,1.220111549E-2,4.965486526E-1,-1.218513966E0,1.315859307E0
1.970721380E1,-1.203125715E-2,4.220409393E-1,-1.201736212E0,1.273747710E0
1.971223890E1,2.607631683E-2,3.716621399E-1,-1.113804579E0,1.174467267E0
1.971725224E1,6.428346038E-2,3.644952774E-1,-1.074283838E0,1.136254785E0
1.972227656E1,7.867936790E-2,3.573932648E-1,-1.058955193E0,1.120404609E0
1.972730088E1,5.025416613E-2,3.646965027E-1,-1.048628926E0,1.111373765E0
1.973233349E1,3.634815663E-2,3.050928116E-1,-1.067245960E0,1.110592973E0
1.973735833E1,4.146574438E-2,3.699712753E-1,-1.000020981E0,1.067070811E0
1.974238318E1,-3.956204653E-2,3.965606689E-1,-1.038294196E0,1.112151230E0
1.974744193E1,-1.156964973E-1,4.709796906E-1,-1.052752733E0,1.159092691E0
1.975246906E1,-1.776790768E-1,5.310115814E-1,-1.005222797E0,1.150658953E0
1.975749620E1,-1.586938649E-1,5.575428009E-1,-9.723005295E-1,1.131992066E0
1.976251599E1,-1.593262255E-1,5.219230652E-1,-9.683233500E-1,1.111502875E0
1.976754266E1,-1.697865278E-1,5.724973679E-1,-1.031596422E0,1.191961358E0
1.977256932E1,-1.326979399E-1,5.752592087E-1,-1.061664820E0,1.214769151E0
1.977759667E1,-9.114790708E-2,5.016193390E-1,-1.049256325E0,1.166562788E0
1.978262338E1,-4.967192933E-2,4.951238632E-1,-9.799772501E-1,1.099077045E0
1.978764640E1,-4.171610624E-2,4.648399353E-1,-9.926930070E-1,1.096930173E0
1.979267271E1,-5.281748623E-2,4.921054840E-1,-1.020391464E0,1.134088283E0
1.979770104E1,-3.509601206E-2,4.764528275E-1,-1.087169886E0,1.187508900E0
1.980272755E1,-5.076110363E-2,4.992361069E-1,-1.078205109E0,1.189260121E0
1.980775406E1,-6.165277958E-2,4.551668167E-1,-1.041262865E0,1.138071285E0
1.981278057E1,-4.864697158E-2,4.495782852E-1,-1.067447424E0,1.159280452E0
1.981780682E1,-1.453914195E-1,4.728717804E-1,-1.075481176E0,1.183810013E0
1.982283333E1,-9.872697294E-2,4.819555283E-1,-9.744202495E-1,1.091569040E0
1.982785958E1,-1.431984901E-1,4.911651611E-1,-9.938039184E-1,1.117763504E0
1.983288604E1,-4.911746830E-2,4.957008362E-1,-9.946910739E-1,1.112448730E0
1.983791099E1,-1.369095594E-1,4.860210419E-1,-9.580762982E-1,1.082991631E0
1.984293729E1,-1.386457235E-1,4.764375687E-1,-1.041524410E0,1.153684745E0
1.984796359E1,-1.404901594E-1,4.526300430E-1,-1.149388552E0,1.243264044E0
1.985298990E1,-1.280949861E-1,4.289913177E-1,-1.042669296E0,1.134725137E0
1.985801448E1,-7.286158949E-2,3.959493637E-1,-9.989615083E-1,1.077037049E0
1.986304068E1,-5.610074103E-2,3.678445816E-1,-1.032435417E0,1.097442399E0
1.986805687E1,1.788867265E-2,3.351135254E-1,-1.042599678E0,1.095278580E0
1.987308208E1,9.644218534E-2,3.168983459E-1,-1.072548866E0,1.122535847E0
1.987810729E1,1.079065427E-1,3.179893494E-1,-1.198917150E0,1.245055574E0
1.988313969E1,1.286849529E-1,3.336391449E-1,-1.278427839E0,1.327498639E0
1.988816536E1,1.397052407E-1,3.495082855E-1,-1.387783885E0,1.437921315E0
1.989319104E1,1.460332721E-1,3.943538666E-1,-1.426833153E0,1.487512533E0
1.989821672E1,1.141962931E-1,4.298877716E-1,-1.467399240E0,1.533331281E0
1.990324411E1,1.494075954E-1,3.365650177E-1,-1.413835764E0,1.461003151E0
1.990826990E1,1.654699892E-1,3.201789856E-1,-1.447879434E0,1.492062249E0
1.991329568E1,2.104085088E-1,2.993478775E-1,-1.325571179E0,1.375143572E0
1.991832245E1,2.459425628E-1,3.123073578E-1,-1.166466236E0,1.232342124E0
1.992334828E1,2.274800539E-1,3.469104767E-1,-9.871090651E-1,1.070737297E0
1.992837411E1,1.856807470E-1,3.861293793E-1,-9.333562851E-1,1.026999120E0
1.993336740E1,2.393234223E-1,3.443984985E-1,-7.569496632E-1,8.653662917E-1
1.993839109E1,2.689999044E-1,2.983980179E-1,-7.154473066E-1,8.205285944E-1
1.994341479E1,2.795603871E-1,2.148904800E-1,-6.223526001E-1,7.153004175E-1
1.994844917E1,2.474486381E-1,1.939105988E-1,-5.350724459E-1,6.205921939E-1
1.995347354E1,2.633683980E-1,1.447219849E-1,-4.725598097E-1,5.600179816E-1
1.995849792E1,2.080113888E-1,1.340379715E-1,-4.820861816E-1,5.418874442E-1
1.996352229E1,1.578565091E-1,1.663122177E-1,-5.299105644E-1,5.773938322E-1
1.996854667E1,6.531334668E-2,1.510066986E-1,-5.541834831E-1,5.780901221E-1
1.997359469E1,-3.626056015E-2,1.028375626E-1,-6.503858566E-1,6.594635358E-1
1.997862000E1,-7.078639418E-2,1.075372696E-1,-7.086224556E-1,7.202227173E-1
1.998367479E1,-1.385946721E-1,6.974792480E-2,-7.389221191E-1,7.550358629E-1
1.998870323E1,-2.536513507E-1,2.302646637E-2,-7.935533524E-1,8.334243510E-1
1.999373167E1,-2.590127587E-1,1.965999603E-2,-7.487385273E-1,7.925171966E-1
1.999871432E1,-1.887180507E-1,-2.621650696E-2,-6.716184616E-1,6.981211685E-1
2.000373974E1,-1.666657180E-1,-8.096504211E-2,-4.154194593E-1,4.548693513E-1
2.000876516E1,-2.064993680E-1,-1.161794662E-1,-1.660768986E-1,2.893461484E-1
2.001378370E1,-1.797267795E-1,-1.986017227E-1,-3.231072426E-2,2.697931475E-1
2.001880864E1,-1.391172409E-1,-2.091665268E-1,-8.421325684E-2,2.649454949E-1
2.002383359E1,-1.179030165E-1,-1.817045212E-1,-1.018702984E-1,2.393641828E-1
2.002886458E1,-1.537372321E-1,-2.209568024E-1,-9.524774551E-2,2.855331471E-1
2.003388995E1,-1.369442046E-1,-1.838588715E-1,-1.312611103E-1,2.641728201E-1
2.003891531E1,-1.202215105E-1,-1.422061920E-1,-2.145826817E-1,2.841153637E-1
2.004394068E1,-1.319253296E-1,-9.598636627E-2,-3.497650623E-1,3.859446514E-1
2.004899713E1,-1.575518548E-1,-1.020336151E-1,-4.421266317E-1,4.803221878E-1
2.005402406E1,-2.633748055E-1,1.543045044E-3,-5.110155344E-1,5.748961172E-1
2.005905229E1,-3.302738965E-1,5.242252350E-2,-5.140157938E-1,6.132219858E-1
2.006407932E1,-4.676547348E-1,8.434295654E-2,-4.898443222E-1,6.824676881E-1
2.006910635E1,-4.757256210E-1,1.259689331E-1,-4.054915905E-1,6.376570148E-1
2.007414453E1,-4.838932157E-1,1.297426224E-1,-3.991422653E-1,6.405469071E-1
2.007917234E1,-3.448282778E-1,1.149749756E-1,-3.561282158E-1,5.088743384E-1
2.008420016E1,-1.546315849E-1,1.483097076E-1,-2.292413712E-1,3.137806601E-1
2.008922797E1,-1.225106940E-1,1.628322601E-1,-1.092050076E-1,2.311902869E-1
2.009426901E1,-2.395343781E-2,1.824617386E-1,-3.395581245E-2,1.871337768E-1
2.009929745E1,3.604812920E-2,2.402944565E-1,-7.869505882E-2,2.554090948E-1
2.010432588E1,6.740333140E-2,2.457981110E-1,-1.711943150E-1,3.070299886E-1
2.010935432E1,4.681137949E-2,3.038415909E-1,-2.586719990E-1,4.017738427E-1
2.011430661E1,4.579455405E-2,2.998113632E-1,-3.594803810E-1,4.703298194E-1
2.011933104E1,2.594693750E-2,3.200645447E-1,-4.272079468E-1,5.344353900E-1
2.012438771E1,-2.687384933E-2,3.594913483E-1,-4.995937347E-1,6.160764020E-1
2.012941536E1,-2.717569470E-2,3.370113373E-1,-4.810132980E-1,5.879531892E-1
2.013444130E1,-7.524248958E-2,2.815742493E-1,-4.907755852E-1,5.707943282E-1
2.013946880E1,-7.586903870E-2,1.933593750E-1,-4.951364994E-1,5.369395794E-1
2.014448448E1,-8.185356855E-2,1.343393326E-1,-5.653011799E-1,5.867814644E-1
2.014951078E1,-6.944090128E-2,8.536052704E-2,-5.870351791E-1,5.972593741E-1
2.015453708E1,3.963008523E-3,2.272129059E-2,-6.363933086E-1,6.368111225E-1
2.015957172E1,2.882513404E-2,-1.109409332E-2,-6.470367908E-1,6.477735530E-1
2.016459859E1,3.871557117E-2,-2.561378479E-2,-7.005298138E-1,7.020662229E-1
2.016962484E1,4.780621827E-2,-7.814884186E-2,-7.923395634E-1,7.976181164E-1
2.017465167E1,4.658508301E-2,-5.377674103E-2,-7.552826405E-1,7.586263737E-1
2.017967849E1,5.908978730E-2,-9.124183655E-2,-7.569954395E-1,7.647605973E-1
2.018468344E1,9.501263499E-2,5.571365356E-3,-6.394727230E-1,6.465166698E-1
2.018970880E1,1.160671040E-1,2.618789673E-2,-5.275030136E-1,5.407557748E-1
2.019473417E1,1.462704092E-1,6.145858765E-2,-4.781494141E-1,5.037847286E-1
2.019977573E1,1.666006744E-1,1.592531204E-1,-4.627745152E-1,5.169889679E-1
2.020480219E1,1.675218046E-1,1.425018311E-1,-4.955615997E-1,5.421730591E-1
2.020982870E1,1.727812737E-1,2.027587891E-1,-5.910663605E-1,6.483239449E-1
2.021485516E1,1.584255248E-1,2.204933167E-1,-5.581960678E-1,6.207244153E-1
2.021988161E1,1.338215619E-1,2.053375244E-1,-4.927580357E-1,5.503473368E-1
2.022490807E1,1.420297325E-1,1.716957092E-1,-4.521760941E-1,5.040982856E-1
2.022990578E1,1.162583828E-1,4.295635223E-2,-4.600074291E-1,4.764116861E-1
2.023493078E1,5.177866295E-2,-3.577232361E-3,-5.214869976E-1,5.240634649E-1
2.023995578E1,-5.125610530E-2,-4.942131042E-2,-6.314551830E-1,6.354567668E-1
2.024498078E1,-2.118957937E-1,-7.539367676E-2,-6.895036697E-1,7.252581226E-1
2.025000338E1,-2.386652231E-1,-1.485309601E-1,-6.716098785E-1,7.280675544E-1
2.025502823E1,-1.696831584E-1,-2.306528091E-1,-6.875259876E-1,7.447718283E-1
2.026005307E1,-4.783235118E-2,-2.931203842E-1,-6.987817287E-1,7.592782085E-1
2.026510250E1,1.367914677E-1,-3.071651459E-1,-6.673185825E-1,7.472458920E-1
2.027012901E1,1.215135902E-1,-2.588548660E-1,-5.924315453E-1,6.578347286E-1
2.027515552E1,9.783424437E-2,-2.485914230E-1,-4.600591660E-1,5.319996909E-1
2.028019443E1,1.276027411E-1,-3.050117493E-1,-3.516044617E-1,4.826389170E-1
2.028522177E1,1.723478585E-1,-3.133745193E-1,-3.050589561E-1,4.700726970E-1
2.029024911E1,1.458876431E-1,-3.454236984E-1,-3.348078728E-1,5.026898124E-1
2.029524057E1,2.486997694E-1,-3.627958298E-1,-2.878684998E-1,5.256811415E-1
2.030026552E1,3.275667131E-1,-3.889465332E-1,-1.891541481E-1,5.425482918E-1
2.030530203E1,3.541329801E-1,-4.193487167E-1,-1.625308990E-1,5.724332336E-1
2.031032818E1,4.189839363E-1,-3.824701309E-1,-1.931576729E-1,5.992835944E-1
2.031535432E1,4.262207448E-1,-2.637958527E-1,-3.435969353E-1,6.077098231E-1
2.032039927E1,5.383404493E-1,-1.022338867E-3,-7.480149269E-1,9.215952558E-1
2.032542667E1,5.406482816E-1,4.580097198E-1,-1.343412161E0,1.518825106E0
2.033045406E1,5.338848233E-1,7.113275528E-1,-1.359575033E0,1.624642780E0
2.033548031E1,3.886163831E-1,5.633420944E-1,-6.350116730E-1,9.336042167E-1
2.034050766E1,1.804469228E-1,3.302516937E-1,-3.154182434E-2,3.776534918E-1
2.034553500E1,4.455457442E-3,1.264533997E-1,5.012655258E-2,1.360991721E-1
2.035056068E1,-2.825980186E-1,-5.306816101E-2,-2.312068939E-1,3.689640872E-1
2.035558786E1,-4.799072146E-1,-3.085217476E-1,-8.181238174E-1,9.974082334E-1
2.036061036E1,-1.235623211E-1,-3.953537941E-1,-2.046723366E-1,4.620206003E-1
2.036563708E1,-2.296079695E-1,-7.829499245E-1,7.189469337E-1,1.087481079E0
2.037066380E1,-5.962637067E-1,-1.232393742E0,6.907038689E-1,1.533426417E0
2.037569052E1,-8.044376373E-1,-1.207854748E0,-4.930114746E-2,1.452054960E0
2.038071182E1,-8.448147774E-1,-1.044266224E0,-4.678592682E-1,1.422355880E0
2.038573828E1,-6.931510568E-1,-9.470338821E-1,-5.851225853E-1,1.311373326E0
2.039076578E1,-3.973610103E-1,-7.295203209E-1,-6.884484291E-1,1.078914691E0
2.039579234E1,-1.298767030E-1,-4.779610634E-1,-8.830337524E-1,1.012454119E0
2.040081536E1,1.002548784E-1,-2.163200378E-1,-7.574410439E-1,7.940795516E-1
2.040584156E1,1.116094366E-2,3.142213821E-2,-6.323838234E-1,6.332623607E-1
2.041086776E1,-1.445269287E-1,1.168689728E-1,-5.745601654E-1,6.038756276E-1
2.041589250E1,-2.722004354E-1,1.646547318E-1,-5.505094528E-1,6.358183037E-1
2.042091859E1,-3.389190733E-1,1.366887093E-1,-5.603332520E-1,6.689718191E-1
2.042594469E1,-2.872522771E-1,5.213546753E-2,-4.651918411E-1,5.492134619E-1
2.043097078E1,-2.367064506E-1,-1.418094635E-1,-3.365740776E-1,4.352263519E-1
2.043596599E1,-1.439370811E-1,-4.453845024E-1,-1.166362762E-1,4.823787508E-1
2.044099052E1,4.507340491E-4,-7.672543526E-1,4.582118988E-2,7.686215103E-1
2.044602682E1,4.825545475E-2,-1.012117386E0,9.395647049E-2,1.017613881E0
2.045105255E1,1.192039698E-1,-1.132375717E0,5.675792694E-2,1.140046408E0
2.045607828E1,1.751969755E-1,-1.118413448E0,-8.552551270E-3,1.132084700E0
2.046110401E1,8.270195127E-2,-9.177041054E-1,-1.977066994E-1,9.423950216E-1
2.046612974E1,9.048079699E-2,-7.693123817E-1,-2.765655518E-1,8.225064254E-1
2.047120854E1,3.132764250E-2,-6.630196571E-1,-3.798604012E-1,7.647682076E-1
2.047623640E1,6.171211600E-3,-5.855402946E-1,-4.153718948E-1,7.179340719E-1
2.048126427E1,-1.094195843E-1,-4.361782074E-1,-5.795431137E-1,7.335491086E-1
2.048625713E1,-1.236942112E-1,-3.396482468E-1,-7.858271599E-1,8.649771758E-1
2.049128266E1,-9.888309985E-2,-3.862018585E-1,-8.243775368E-1,9.157117811E-1
2.049630818E1,-7.329361141E-2,-4.804382324E-1,-5.562396049E-1,7.386442627E-1
2.050133380E1,-1.830784231E-2,-6.512732506E-1,-1.536664963E-1,6.694067643E-1
2.050635932E1,3.978349268E-3,-8.083524704E-1,2.403311729E-1,8.433318542E-1
2.051138917E1,5.524525791E-2,-9.086704254E-1,3.435854912E-1,9.730287613E-1
2.051641510E1,7.257606089E-2,-9.424347878E-1,2.326350212E-1,9.734319015E-1
2.052143890E1,6.535470486E-2,-1.033536434E0,1.941127777E-1,1.053635881E0
2.052646463E1,4.266481847E-2,-1.090611935E0,1.940183640E-1,1.108556631E0
2.053149385E1,3.299570829E-2,-1.022317886E0,1.552748680E-1,1.034568926E0
2.053651990E1,4.092731327E-2,-9.433431625E-1,5.380916595E-2,9.457625461E-1
2.054154594E1,1.417759061E-2,-8.296747208E-1,-1.151647568E-1,8.377494062E-1
2.054657156E1,1.590442657E-2,-7.819967270E-1,-2.030820847E-1,8.080929185E-1
2.055159760E1,8.225440979E-3,-8.100647926E-1,-2.145447731E-1,8.380346567E-1
2.055662359E1,-8.430629969E-3,-7.707200050E-1,-2.927284241E-1,8.244818566E-1
2.056164958E1,-4.881471395E-3,-6.740703583E-1,-3.988742828E-1,7.832594527E-1
2.056667557E1,-1.901145279E-2,-4.628911018E-1,-5.424547195E-1,7.133629723E-1
2.057170156E1,4.962837696E-2,-3.424887657E-1,-5.899682045E-1,6.839766171E-1
2.057675891E1,1.293714643E-1,-2.980260849E-1,-4.366593361E-1,5.442682232E-1
2.058178651E1,1.772664934E-1,-2.343926430E-1,-2.782907486E-1,4.047333215E-1
2.058681411E1,1.067993641E-1,-2.900919914E-1,-1.341753006E-1,3.369903247E-1
2.059180823E1,5.624189973E-2,-4.415807724E-1,-2.775049210E-2,4.460121295E-1
2.059683359E1,6.184026599E-3,-6.595644951E-1,1.027898788E-1,6.675547353E-1
2.060185484E1,-1.024672389E-2,-8.681459427E-1,1.814908981E-1,8.869731221E-1
2.060687979E1,-1.803782731E-1,-9.094414711E-1,9.357166290E-2,9.318668182E-1
2.061190474E1,-2.698289156E-1,-9.702982903E-1,-8.415937424E-2,1.010628129E0
2.061692969E1,-3.407709002E-1,-9.934339523E-1,-1.984772682E-1,1.068844727E0
2.062192729E1,-2.926900983E-1,-9.886136055E-1,-2.780642509E-1,1.067868944E0
2.062695083E1,-2.403443456E-1,-9.791803360E-1,-2.278184891E-1,1.033663775E0
2.063197437E1,-2.264267206E-1,-9.173727036E-1,-1.674370766E-1,9.596233176E-1
2.063700437E1,-2.702273130E-1,-6.976685524E-1,-2.885203362E-1,8.018779172E-1
2.064202838E1,-1.847489178E-1,-6.929211617E-1,-2.181043625E-1,7.495608126E-1
2.064705542E1,-1.034358144E-1,-6.202054024E-1,-2.867803574E-1,6.910837013E-1
2.065207969E1,-7.869112492E-2,-7.566618919E-1,-1.837358475E-1,7.826163642E-1
2.065710760E1,-2.509698272E-2,-8.770542145E-1,-1.927423477E-2,8.776248913E-1
2.066213224E1,-1.155385152E-1,-6.518955231E-1,-1.230654716E-1,6.733958953E-1
2.066715687E1,-2.060856372E-1,-5.123138428E-1,-2.267489433E-1,5.969521310E-1
2.067218151E1,-2.717904150E-1,-7.790336609E-1,-2.439675331E-1,8.603973685E-1
2.067720614E1,-1.930716783E-1,-1.054979801E0,-3.588008881E-2,1.073101316E0
2.068227088E1,-7.140889764E-2,-1.201677799E0,-3.302097321E-2,1.204250451E0
2.068729713E1,2.631133795E-2,-1.191952705E0,-6.209182739E-2,1.193858841E0
2.069232859E1,2.058280408E-1,-1.192918777E0,-8.037185669E-2,1.213210628E0
2.069735536E1,1.426281631E-1,-1.108945847E0,1.081762314E-1,1.123301287E0
2.070238213E1,1.333876252E-1,-1.030626774E0,2.399921417E-1,1.066573970E0
2.070740021E1,-4.962339997E-3,-9.529957771E-1,4.919834137E-1,1.072507928E0
2.071242641E1,-2.068434954E-1,-1.095447540E0,7.106046677E-1,1.322024409E0
2.071745260E1,-3.501137197E-1,-1.256911278E0,8.385772705E-1,1.551005292E0
2.072247776E1,-3.548690677E-1,-1.480495214E0,8.091306686E-1,1.724091231E0
2.072750385E1,-2.931869030E-1,-1.656065226E0,3.880939484E-1,1.726014920E0
2.073253385E1,-1.970545501E-1,-1.706876993E0,1.097202301E-2,1.718249095E0
2.073756031E1,-1.264551580E-1,-1.699589014E0,-2.699699402E-1,1.725536871E0
2.074258677E1,-1.415959895E-1,-1.595857382E0,-6.414785385E-1,1.725776614E0
2.074759391E1,-9.709971398E-2,-1.534431696E0,-7.543916702E-1,1.712604968E0
2.075261906E1,1.711006463E-2,-1.486067533E0,-6.140966415E-1,1.608043579E0
2.075764422E1,4.263728857E-2,-1.369541407E0,-6.608076096E-1,1.521225920E0
2.076268583E1,8.420079947E-2,-1.261053324E0,-6.888275146E-1,1.439384801E0
2.076771208E1,1.276662350E-1,-1.122575045E0,-7.984561920E-1,1.383475944E0
2.077273833E1,1.112194061E-1,-1.025661707E0,-5.114450455E-1,1.151489352E0
2.077776458E1,1.490474194E-1,-1.013469934E0,-1.533555984E-1,1.035786841E0
2.078279010E1,1.158625633E-1,-1.009999990E0,3.697204590E-2,1.017295948E0
2.078781630E1,-1.740543544E-2,-9.822375774E-1,2.082643509E-1,1.004224899E0
2.079284390E1,-7.294421196E-1,-6.907417774E-1,3.041076660E-2,1.005054637E0
2.079787026E1,-4.857632518E-1,-6.896760464E-1,1.395206451E-1,8.550350847E-1
2.080289281E1,-9.563729167E-3,-7.491807938E-1,3.296527863E-1,8.185562205E-1
2.080791875E1,5.134133697E-1,-8.793506622E-1,5.340394974E-1,1.149803922E0
2.081294469E1,9.402039647E-1,-1.032981873E0,6.669006348E-1,1.547834455E0
2.081797354E1,1.285214663E0,-1.272845745E0,6.186065674E-1,1.911697441E0
2.082299969E1,1.471941948E0,-1.651945591E0,4.565429688E-1,2.259196498E0
2.082802583E1,1.385536671E0,-2.055784225E0,3.579730988E-1,2.504816438E0
2.083305198E1,1.092384696E0,-2.312271357E0,-8.365345001E-2,2.558691277E0
2.083807812E1,9.365340471E-1,-2.497363091E0,-5.812807083E-1,2.729799569E0
2.084311411E1,8.469529152E-1,-2.571979523E0,-6.569986343E-1,2.786405410E0
2.084814062E1,7.095673680E-1,-2.516991138E0,-5.505266190E-1,2.672416472E0
2.085316713E1,5.103063583E-1,-2.375167847E0,-3.674697876E-1,2.457004055E0
2.085819364E1,3.159753680E-1,-2.156134605E0,-1.796550751E-1,2.186557298E0
2.086321385E1,2.124932706E-1,-1.922282457E0,-1.544084549E-1,1.940145666E0
2.086824005E1,1.187090874E-1,-1.735595703E0,-1.050796509E-1,1.742821283E0
2.087324557E1,1.548206806E-2,-1.557953477E0,1.405525208E-1,1.564357293E0
2.087826969E1,-1.181423664E-2,-1.417860389E0,4.578809738E-1,1.490007599E0
2.088329380E1,2.234822512E-2,-1.388026595E0,6.558704376E-1,1.535344685E0
2.088834016E1,8.489611745E-2,-1.329632878E0,5.194435120E-1,1.430018358E0
2.089336573E1,1.334975362E-1,-1.391209602E0,3.407821655E-1,1.438547265E0
2.089839130E1,1.159843802E-1,-1.461960077E0,4.066619873E-1,1.521891460E0
2.090344771E1,6.081640720E-2,-1.508290052E0,2.767763138E-1,1.534679981E0
2.090847526E1,-4.100999236E-2,-1.397311926E0,3.293895721E-2,1.398301617E0
2.091350281E1,-1.986084282E-1,-1.286460161E0,-1.192636490E-1,1.307152964E0
2.091853036E1,-3.114542365E-1,-1.227885962E0,-2.518100739E-1,1.291555647E0
2.092353594E1,-3.279723227E-1,-1.279045105E0,-1.542167664E-1,1.329400254E0
2.092856234E1,-3.120019436E-1,-1.362989664E0,-8.980846405E-2,1.401125118E0
2.093357073E1,-2.784018517E-1,-1.346735597E0,-2.256593704E-1,1.393601991E0
2.093859521E1,-2.134251595E-2,-1.397635818E0,-1.311569214E-1,1.403938574E0
2.094361969E1,2.250512838E-1,-1.396468759E0,-1.317214966E-1,1.420606781E0
2.094861786E1,4.708347917E-1,-1.400699615E0,8.358860016E-2,1.480078332E0
2.095364057E1,8.258510828E-1,-1.442548513E0,6.337909698E-1,1.778951157E0
2.095866328E1,1.108143449E0,-1.436469555E0,1.140793800E0,2.143090567E0
2.096368599E1,1.246092677E0,-1.402207375E0,1.576067924E0,2.450086240E0
2.096875667E1,1.392930746E0,-1.406484127E0,1.762690544E0,2.650571942E0
2.097378182E1,1.463398814E0,-1.297788501E0,1.820771217E0,2.672264753E0
2.097880771E1,1.386643529E0,-1.238632679E0,1.912952423E0,2.667654056E0
2.098383292E1,1.207007051E0,-1.095466018E0,1.991340637E0,2.573392576E0
2.098885812E1,1.006086111E0,-9.355899692E-1,2.189843178E0,2.585140421E0
2.099391948E1,8.404760957E-1,-7.587161660E-1,2.360001564E0,2.617567128E0
2.099894703E1,7.096709013E-1,-5.942823887E-1,2.492379189E0,2.658713667E0
2.100397458E1,5.992614031E-1,-4.173515439E-1,2.582046509E0,2.683330154E0
2.100900213E1,5.422917604E-1,-3.370797038E-1,2.825009346E0,2.896270168E0
2.101398234E1,4.379793704E-1,-3.294512033E-1,3.091952324E0,3.140148595E0
2.101900750E1,3.913400173E-1,-3.839358091E-1,3.368387222E0,3.412709509E0
2.102402271E1,3.450112641E-1,-4.393993616E-1,3.305318832E0,3.352198854E0
2.102904687E1,2.898039520E-1,-4.624413848E-1,3.022703171E0,3.071574974E0
2.103407104E1,2.172001004E-1,-4.816479087E-1,2.865061760E0,2.913372527E0
2.103911630E1,1.277633607E-1,-5.351986885E-1,2.841754913E0,2.894534868E0
2.104414193E1,1.917183399E-3,-5.806364417E-1,2.890520096E0,2.948261993E0
2.104917047E1,-3.626868129E-2,-6.705580950E-1,2.748229980E0,2.829086708E0
2.105419641E1,3.210839629E-2,-8.193550706E-1,2.721198082E0,2.842057825E0
2.105922234E1,9.634599090E-2,-9.214572906E-1,2.565359116E0,2.727532489E0
2.106423844E1,1.176115274E-1,-9.770565033E-1,2.228292465E0,2.435930868E0
2.106926370E1,1.007561088E-1,-1.076587439E0,1.801030159E0,2.100690824E0
2.107428896E1,1.268193126E-2,-1.118768096E0,1.264472008E0,1.688399343E0
2.107932557E1,-3.664249182E-2,-1.141442657E0,8.913202286E-1,1.448684148E0
2.108435156E1,2.426910400E-2,-1.221019149E0,5.713796616E-1,1.348314306E0
2.108937536E1,1.326628923E-1,-1.318947554E0,3.572006226E-1,1.372885420E0
2.109440115E1,2.836202979E-1,-1.377638221E0,1.912612915E-1,1.419474699E0
2.109942818E1,4.293405414E-1,-1.545826316E0,8.788013458E-2,1.606746781E0
2.110445406E1,5.270094872E-1,-1.651498556E0,1.426372528E-1,1.739405607E0
2.110947995E1,5.527799726E-1,-1.718946457E0,2.310085297E-1,1.820359184E0
2.111450901E1,5.931496620E-1,-1.743931890E0,3.960008621E-1,1.884128881E0
2.111953510E1,5.669862032E-1,-1.770113230E0,6.614379883E-1,1.972884795E0
2.112455745E1,5.416291952E-1,-1.802739859E0,9.793653488E-1,2.121883519E0
2.112958318E1,5.219733715E-1,-1.851519465E0,1.292309761E0,2.317465221E0
2.113460890E1,4.312709272E-1,-1.873669386E0,1.581144333E0,2.489306928E0
2.113963719E1,3.457214832E-1,-1.921763301E0,1.745456696E0,2.619029707E0
2.114466312E1,3.271531463E-1,-1.861779213E0,1.833213806E0,2.633234490E0
2.114968906E1,2.506281137E-1,-1.812936068E0,1.648417473E0,2.463093949E0
2.115471479E1,1.829104424E-1,-1.698087573E0,1.492680550E0,2.268270896E0
2.115974068E1,6.623283029E-2,-1.597839475E0,1.332478523E0,2.081580359E0
2.116476656E1,1.522167027E-2,-1.488154888E0,1.009994507E0,1.798589885E0
2.116979245E1,-8.503878117E-2,-1.387969971E0,7.406339645E-1,1.575509728E0
2.117478620E1,-1.050613895E-1,-1.287925005E0,5.434532166E-1,1.401830986E0
2.117981047E1,-1.885178238E-1,-1.230777502E0,4.757490158E-1,1.332925112E0
2.118483474E1,-2.589137852E-1,-1.054393649E0,4.990987778E-1,1.194940126E0
2.118988140E1,-3.687468171E-1,-9.456788301E-1,6.277246475E-1,1.193449160E0
2.119490719E1,-4.411740303E-1,-8.189400434E-1,7.180099487E-1,1.175089616E0
2.119994635E1,-4.850530028E-1,-8.320518136E-1,8.847599030E-1,1.307817542E0
2.120497349E1,-5.523229241E-1,-8.659198284E-1,1.204369545E0,1.582840410E0
2.121000062E1,-5.704915524E-1,-9.976511598E-1,1.475756645E0,1.870461473E0
2.121502380E1,-5.727987885E-1,-1.150932193E0,1.622440338E0,2.070037685E0
2.122005068E1,-5.352056623E-1,-1.249199390E0,1.658911705E0,2.144512127E0
2.122507755E1,-4.621505141E-1,-1.392866135E0,1.551820755E0,2.135838670E0
2.123010182E1,-4.306287169E-1,-1.375878692E0,1.392222404E0,2.004187239E0
2.123512849E1,-3.552718461E-1,-1.388845563E0,1.022388458E0,1.760791936E0
2.124015448E1,-3.704145253E-1,-1.321014524E0,7.199821472E-1,1.549406526E0
2.124518109E1,-3.714909852E-1,-1.305767298E0,5.423269272E-1,1.461900230E0
2.125020771E1,-4.409432709E-1,-1.246871710E0,2.214698792E-1,1.340958216E0
2.125523448E1,-5.651517510E-1,-9.910863638E-1,-6.067085266E-2,1.142510234E0
2.126026109E1,-7.060677409E-1,-7.007975578E-1,-5.002155304E-1,1.113492007E0
2.126528771E1,-7.486687899E-1,-4.233096242E-1,-7.573947906E-1,1.146011721E0
2.127031432E1,-7.733181119E-1,-1.152599454E-1,-8.658981323E-1,1.166655619E0
2.127537271E1,-6.936129332E-1,1.180031151E-1,-8.067760468E-1,1.070472431E0
2.128040094E1,-4.615695775E-1,2.618502080E-1,-5.515480042E-1,7.653869656E-1
2.128542917E1,-1.871620566E-1,2.923296690E-1,-2.726211548E-1,4.413712324E-1
2.129045740E1,4.375343770E-2,2.376609445E-1,1.447362900E-1,2.816836550E-1
2.129543266E1,1.313715279E-1,1.922869533E-1,5.711708069E-1,6.168215637E-1
2.130045828E1,2.482954115E-1,1.414311230E-1,1.087953568E0,1.124853919E0
2.130548755E1,2.795739472E-1,1.273196638E-1,1.403197289E0,1.436431175E0
2.131051354E1,2.871485054E-1,6.827193499E-2,1.521909714E0,1.550265944E0
2.131553953E1,2.423436344E-1,-8.362048864E-2,1.487360001E0,1.509292084E0
2.132058661E1,2.079210579E-1,-1.704161763E-1,1.299732208E0,1.327244006E0
2.132561401E1,1.171860620E-1,-2.971066833E-1,9.831409454E-1,1.033717115E0
2.133064140E1,3.241096437E-2,-4.293919802E-1,5.330038071E-1,6.852160255E-1
2.133564953E1,-1.309556141E-2,-5.237486959E-1,1.455936432E-1,5.437662173E-1
2.134067562E1,-4.840762168E-2,-5.890964866E-1,-9.782791138E-2,5.991229161E-1
2.134570172E1,-6.957778335E-2,-6.538974047E-1,-2.787284851E-1,7.142215708E-1
2.135073062E1,-1.210514978E-1,-7.560971379E-1,-3.684806824E-1,8.497731229E-1
2.135575687E1,-1.078364998E-1,-8.523170948E-1,-4.197921753E-1,9.561896314E-1
2.136077661E1,-8.774866909E-2,-9.517338276E-1,-3.561687469E-1,1.019977100E0
2.136580219E1,-8.933466673E-2,-1.073542237E0,-2.112264633E-1,1.097766021E0
2.137082776E1,-7.857386023E-2,-1.208372355E0,5.826950073E-4,1.210924415E0
2.137585885E1,-9.270705283E-2,-1.332585454E0,1.596107483E-1,1.345308210E0
2.138088479E1,-1.068591774E-1,-1.432397604E0,3.663253784E-1,1.482354904E0
2.138591073E1,-1.102519333E-1,-1.608865857E0,5.919389725E-1,1.717846496E0
2.139093807E1,-1.212828979E-1,-1.685606003E0,7.455129623E-1,1.847096834E0
2.139596411E1,-1.780660599E-1,-1.725383759E0,8.079643250E-1,1.913494966E0
2.140099016E1,-2.668945491E-1,-1.685351133E0,8.080797195E-1,1.888023828E0
2.140601146E1,-2.735363245E-1,-1.642290831E0,6.406974792E-1,1.783937934E0
2.141103719E1,-3.129930496E-1,-1.552934647E0,4.925565720E-1,1.658970356E0
2.141606292E1,-3.378882408E-1,-1.388500214E0,3.492870331E-1,1.471088963E0
2.142107609E1,-3.869588971E-1,-1.210965872E0,2.826356888E-1,1.302328094E0
2.142610099E1,-3.695975542E-1,-9.960909486E-1,1.968841553E-1,1.080538246E0
2.143112588E1,-3.286437392E-1,-8.105395436E-1,1.494722366E-1,8.873122385E-1
2.143616990E1,-2.210275531E-1,-6.494193077E-1,2.599191666E-1,7.335915686E-1
2.144119609E1,-1.566219032E-1,-5.605257154E-1,4.706382751E-1,7.484783792E-1
2.144622229E1,-9.767944366E-2,-5.342293978E-1,6.954126358E-1,8.823497363E-1
2.145125766E1,2.688108757E-2,-6.375447512E-1,7.955169678E-1,1.019820155E0
2.145628443E1,1.076268852E-1,-7.272112370E-1,7.615118027E-1,1.058451678E0
2.146131120E1,1.222699434E-1,-7.796762586E-1,6.126756668E-1,9.991078420E-1
2.146632146E1,4.833526537E-2,-7.616185546E-1,5.213203430E-1,9.242153540E-1
2.147134713E1,-3.718508780E-2,-6.777386665E-1,4.395675659E-1,8.086606679E-1
2.147637281E1,-1.296415329E-1,-6.620908380E-1,3.147974014E-1,7.444921818E-1
2.148140115E1,-2.106697112E-1,-5.946211815E-1,2.092676163E-1,6.646420179E-1
2.148642698E1,-2.425891459E-1,-5.661130548E-1,8.189201355E-3,6.159549882E-1
2.149145552E1,-2.019112110E-1,-5.477275848E-1,-1.448383331E-1,6.014580510E-1
2.149648161E1,-1.515965909E-1,-5.489715934E-1,-2.164001465E-1,6.092457305E-1
2.150150463E1,-3.555472195E-2,-5.264732838E-1,-2.544145584E-1,5.858028886E-1
2.150653042E1,4.492840916E-2,-5.660404563E-1,-2.732620239E-1,6.301527544E-1
2.151155620E1,1.950481683E-1,-6.053730845E-1,-2.729673386E-1,6.921210352E-1
2.151659146E1,3.340757489E-1,-7.833166718E-1,-1.674757004E-1,8.678938441E-1
2.152161786E1,4.194069505E-1,-1.047123075E0,1.438808441E-2,1.128085077E0
2.152664427E1,4.279208183E-1,-1.143670797E0,2.007627487E-1,1.237499414E0
2.153167068E1,3.841906786E-1,-1.211950779E0,3.964290619E-1,1.331759426E0
2.153668573E1,3.412319124E-1,-1.194651365E0,6.013774872E-1,1.380320972E0
2.154171151E1,2.227967530E-1,-1.135035753E0,7.964649200E-1,1.404386316E0
2.154673729E1,1.201109067E-1,-1.114453793E0,8.382406235E-1,1.399671829E0
2.155173260E1,-5.045533180E-3,-9.894033074E-1,7.890691757E-1,1.265533297E0
2.155675640E1,-8.077004552E-2,-8.986211419E-1,6.825580597E-1,1.131339587E0
2.156178021E1,-2.125654668E-1,-7.844444513E-1,4.661931992E-1,9.369489174E-1
2.156680401E1,-3.191963136E-1,-6.708190441E-1,3.027162552E-1,8.021979854E-1
2.157182781E1,-4.012235403E-1,-5.337400436E-1,2.398834229E-1,7.095088583E-1
2.157690052E1,-4.362192154E-1,-3.776856065E-1,3.843784332E-2,5.782828798E-1
2.158192625E1,-4.449219704E-1,-1.972557902E-1,-1.962280273E-1,5.247578920E-1
2.158695198E1,-3.511320651E-1,-1.352042556E-1,-4.066362381E-1,5.540098808E-1
2.159195083E1,-2.507705986E-1,-2.385684252E-1,-5.640821457E-1,6.618077166E-1
2.159697469E1,-1.479630768E-1,-3.634794354E-1,-4.868679047E-1,6.253404902E-1
2.160202557E1,-2.767217159E-2,-5.100914240E-1,-3.522329330E-1,6.205054786E-1
2.160705224E1,1.487835050E-1,-6.452150941E-1,-2.511262894E-1,7.081690915E-1
2.161207890E1,2.674714327E-1,-7.790880203E-1,-1.452741623E-1,8.364351098E-1
2.161706854E1,3.530460596E-1,-8.546157479E-1,9.922313690E-2,9.299757135E-1
2.162209276E1,4.577187002E-1,-9.581865072E-1,3.099918365E-1,1.106220019E0
2.162711698E1,5.472332239E-1,-1.056617260E0,5.205001831E-1,1.298778147E0
2.163214922E1,6.882134676E-1,-1.083299160E0,6.350593567E-1,1.431948055E0
2.163717396E1,7.656757832E-1,-1.143607140E0,4.576997757E-1,1.450374358E0
2.164219870E1,7.368501425E-1,-1.012715459E0,2.422628403E-1,1.275630047E0
2.164722614E1,6.269189119E-1,-7.193704844E-1,7.493114471E-2,9.571498798E-1
2.165225104E1,4.079758525E-1,-6.813436747E-2,-9.220027924E-2,4.237776301E-1
2.165727594E1,3.860442638E-1,8.624076843E-3,-3.430652618E-2,3.876615613E-1
2.166233703E1,3.399813175E-1,-9.118711948E-2,7.616138458E-2,3.601429487E-1
2.166736437E1,2.545543909E-1,-4.733657837E-2,5.256080627E-2,2.641994094E-1
2.167239172E1,1.352792233E-1,4.901772738E-2,6.723594666E-2,1.588202707E-1
2.167741885E1,-1.255166531E-2,1.259692907E-1,2.014436722E-1,2.379188088E-1
2.168244620E1,-1.887438595E-1,1.597322822E-1,2.685337067E-1,3.650328726E-1
2.168747354E1,-3.977208138E-1,7.841455936E-2,3.977031708E-1,5.678895147E-1
2.169246292E1,-5.865925550E-1,-7.041245699E-2,4.836273193E-1,7.635077758E-1
2.169748771E1,-7.985758781E-1,-2.055551410E-1,5.598154068E-1,9.966793059E-1
2.170251250E1,-1.157861233E0,-1.216742992E-1,5.927762985E-1,1.306457427E0
2.170757187E1,-1.401576519E0,7.105237246E-2,3.912658691E-1,1.456898816E0
2.171259896E1,-1.324532151E0,-1.004446149E-1,2.903881073E-1,1.359705774E0
2.171762604E1,-1.118391871E0,-2.338736653E-1,2.087278366E-1,1.161492393E0
2.172264724E1,-7.645078897E-1,-3.098784685E-1,7.932662964E-2,8.287277556E-1
2.172767396E1,-4.113890827E-1,-4.051471353E-1,5.526924133E-2,5.800343676E-1
2.173269958E1,-1.117355376E-1,-4.287773371E-1,-1.661300659E-2,4.434081947E-1
2.173772614E1,2.064670622E-1,-4.428632855E-1,-1.123275757E-1,5.013721390E-1
2.174275271E1,4.766237140E-1,-4.712180495E-1,-6.443786621E-2,6.733267064E-1
2.174777927E1,7.182027698E-1,-5.042512417E-1,-6.441497803E-2,8.799055760E-1
2.175280771E1,8.786442876E-1,-4.893922806E-1,-3.090000153E-2,1.006218365E0
2.175783437E1,9.296032190E-1,-4.600728750E-1,4.564476013E-2,1.038225717E0
2.176285411E1,9.425409436E-1,-5.597330928E-1,9.342479706E-2,1.100187601E0
2.176788005E1,8.649489880E-1,-5.445655584E-1,1.124515533E-1,1.028267354E0
2.177290599E1,7.064589858E-1,-5.823059678E-1,1.218700409E-1,9.235891108E-1
2.177794427E1,5.534735918E-1,-5.820258856E-1,1.264791489E-1,8.130707985E-1
2.178297104E1,3.769319355E-1,-5.915447474E-1,4.976272583E-2,7.031921509E-1
2.178799781E1,2.136342824E-1,-5.829382539E-1,2.553176880E-2,6.213762835E-1
2.179302458E1,1.134838983E-1,-5.792942047E-1,-7.923412323E-2,5.955992084E-1
2.179803891E1,-4.785689712E-2,-5.472795963E-1,-2.021389008E-1,5.853762673E-1
2.180306505E1,-1.655035168E-1,-4.440439343E-1,-2.765169144E-1,5.486602169E-1
2.180809120E1,-2.251689285E-1,-3.746566772E-1,-3.170108795E-1,5.399671934E-1
2.181308213E1,-2.650148273E-1,-2.961485982E-1,-2.479228973E-1,4.684043274E-1
2.181810594E1,-2.662648559E-1,-2.704455853E-1,-8.917331696E-2,3.898585237E-1
2.182312974E1,-1.724486053E-1,-2.592234612E-1,1.299829483E-1,3.373883388E-1
2.182816016E1,-1.272243261E-1,-2.674167752E-1,3.567686081E-1,4.636610837E-1
2.183318437E1,-4.013642669E-2,-2.239880562E-1,4.676208496E-1,5.200488833E-1
2.183820859E1,2.683384717E-2,-1.954898238E-1,4.682903290E-1,5.081654837E-1
2.184323281E1,1.264855266E-1,-1.389566064E-1,3.929557800E-1,4.355706280E-1
2.184826474E1,1.685501635E-1,-1.351883411E-1,2.755136490E-1,3.501325691E-1
2.185328937E1,1.584340036E-1,-8.865994215E-2,1.828088760E-1,2.576451125E-1
2.185831401E1,1.630156636E-1,-5.646109581E-2,1.241559982E-1,2.125480506E-1
2.186338818E1,1.627447605E-1,-4.893541336E-4,-2.894973755E-2,1.653002839E-1
2.186841614E1,1.428636014E-1,-1.224219799E-3,-6.200981140E-2,1.557457031E-1
2.187345125E1,9.369497001E-2,-5.335718393E-2,-7.099342346E-2,1.290960985E-1
2.187847995E1,-8.416891098E-3,-6.628865004E-2,-4.186534882E-2,7.885262590E-2
2.188350865E1,-1.011732668E-1,-1.639663577E-1,-7.467365265E-2,2.066328889E-1
2.188850474E1,-1.605661362E-1,-2.602797747E-1,-3.594112396E-2,3.079266302E-1
2.189353125E1,-1.436359286E-1,-2.604569793E-1,3.574180603E-2,2.995773602E-1
2.189855776E1,-1.599942297E-1,-3.650586605E-1,1.828117371E-1,4.385044017E-1
2.190360161E1,-1.095588952E-1,-4.500513077E-1,2.716541290E-1,5.369779296E-1
2.190862927E1,-1.174665987E-2,-5.254703164E-1,3.834447861E-1,6.506050579E-1
2.191365693E1,3.320664167E-2,-5.251628757E-1,3.707590103E-1,6.437087624E-1
2.191866198E1,5.882902443E-2,-5.303794742E-1,3.391075134E-1,6.322635102E-1
2.192368807E1,-7.692922652E-2,-2.989554405E-1,2.696542740E-1,4.098852142E-1
2.192871536E1,-1.673278213E-2,-2.649357319E-1,1.199769974E-1,2.913166798E-1
2.193374161E1,1.003468856E-1,-2.646644711E-1,7.600021362E-2,2.930747553E-1
2.193876786E1,1.694550365E-1,-2.979591489E-1,7.510375977E-2,3.509063102E-1
2.194379411E1,2.239129841E-1,-3.314002752E-1,2.023849487E-1,4.482441682E-1
2.194878911E1,2.586065233E-1,-3.175364137E-1,1.196174622E-1,4.266322130E-1
2.195381380E1,3.068232834E-1,-2.804800868E-1,-5.025863647E-4,4.157040521E-1
2.195883849E1,3.264289498E-1,-2.580835223E-1,-3.238105774E-1,5.272724664E-1
2.196386318E1,3.469163477E-1,-3.255324960E-1,3.623390198E-1,5.980066250E-1
2.196893104E1,3.574260771E-1,-2.594364285E-1,1.785411835E-1,4.763796965E-1
2.197395792E1,3.672938943E-1,-2.701382041E-1,1.386909485E-1,4.765654554E-1
2.197898479E1,3.439454436E-1,-2.758883834E-1,2.796077728E-2,4.418084125E-1
2.198404552E1,3.022871614E-1,-2.815458775E-1,-2.959823608E-2,4.141517410E-1
2.198907463E1,2.526569963E-1,-2.919239402E-1,-1.103992462E-1,4.015509160E-1
2.199410375E1,2.046133578E-1,-2.789232731E-1,-8.133506775E-2,3.553592713E-1
2.199912963E1,1.383833885E-1,-2.141954899E-1,-2.405548096E-2,2.561412428E-1
2.200415854E1,6.761278212E-2,-2.261842489E-1,1.086969376E-1,2.598958003E-1
2.200918745E1,-3.472119570E-3,-2.382733822E-1,2.545518875E-1,3.486874298E-1
2.201421635E1,-1.810708642E-2,-2.078351974E-1,2.471885681E-1,3.234586899E-1
2.201917969E1,-5.127623677E-3,-2.251269817E-1,2.113780975E-1,3.088513405E-1
2.202420526E1,4.991222918E-2,-1.898994446E-1,1.663751602E-1,2.573591335E-1
2.202923083E1,1.046563610E-1,-1.310710907E-1,4.104328156E-2,1.726763901E-1
2.203428469E1,1.644916832E-1,-1.292724609E-1,-3.094959259E-2,2.114870216E-1
2.203931203E1,1.677905917E-1,-2.123687863E-1,-1.204299927E-2,2.709229003E-1
2.204433937E1,2.226431370E-1,-2.421729565E-1,-2.401914597E-1,4.073200763E-1
2.204936864E1,2.663859129E-1,-1.047565937E-1,-5.613508224E-1,6.301191509E-1
2.205439615E1,3.673020005E-1,4.319727421E-3,-7.419881821E-1,8.279347088E-1
2.205942365E1,2.791101635E-1,6.170254946E-2,-6.122951508E-1,6.757329647E-1
2.206445114E1,1.735254079E-1,6.281322241E-2,-3.838319778E-1,4.258914830E-1
2.206947864E1,4.969291389E-2,2.669972181E-2,-1.476984024E-1,1.581046454E-1
2.207447651E1,6.387926638E-2,-7.045048475E-2,-7.495498657E-2,1.210870822E-1
2.207950281E1,-8.993253112E-3,-8.099788427E-2,-1.072750092E-1,1.347199445E-1
2.208451661E1,-2.293050289E-3,-1.288958192E-1,-2.532625198E-1,2.841853167E-1
2.208954167E1,4.133091867E-2,-2.610448003E-1,-1.890277863E-1,3.249371271E-1
2.209453682E1,-1.145778596E-2,-2.678985000E-1,-2.154865265E-1,3.439990265E-1
2.209955885E1,3.021271527E-2,-3.119906187E-1,-2.036724091E-1,3.738093157E-1
2.210458088E1,5.660649389E-2,-3.122615814E-1,-2.251214981E-1,3.890903228E-1
2.210964812E1,1.016544923E-1,-2.499155998E-1,-1.038331985E-1,2.890895639E-1
2.211467318E1,1.609092057E-1,-2.065302134E-1,4.026222229E-2,2.648915779E-1
2.211969974E1,1.394168139E-1,-1.537473202E-1,3.399047852E-1,3.982593997E-1
2.212472495E1,1.471925378E-1,-1.301450729E-1,4.281082153E-1,4.710414284E-1
2.212975016E1,3.171336651E-2,-1.074507236E-1,6.199789047E-1,6.300200298E-1
2.213477536E1,-1.792341471E-3,-1.337566376E-1,7.483863831E-1,7.602474787E-1
2.213980547E1,-2.057112753E-2,-1.232306957E-1,4.719562531E-1,4.882127410E-1
2.214483094E1,-1.056251153E-1,-2.136408091E-1,3.734054565E-1,4.429793395E-1
2.214987776E1,-1.601513177E-1,-2.902206182E-1,3.135471344E-1,4.562765141E-1
2.215490521E1,-2.846421897E-1,-3.956381083E-1,3.300628662E-1,5.886358675E-1
2.215993266E1,-2.464422435E-1,-5.154005289E-1,2.323684692E-1,6.167386724E-1
2.216496010E1,-2.560340762E-1,-5.446151495E-1,2.208862305E-1,6.410536920E-1
2.216994354E1,-2.417728007E-1,-5.596485138E-1,1.857223511E-1,6.373016066E-1
2.217496870E1,-1.185857132E-1,-5.225372314E-1,7.485008240E-2,5.410270460E-1
2.218000896E1,-4.892135412E-2,-4.667989016E-1,-6.616592407E-3,4.694020587E-1
2.218503557E1,-8.882287145E-2,-4.637057781E-1,5.031108856E-2,4.748091793E-1
2.219006219E1,-5.208427459E-2,-5.083814859E-1,1.637191772E-1,5.366269430E-1
2.219508859E1,2.257106453E-2,-4.581788778E-1,2.096529007E-1,5.043725566E-1
2.220011516E1,1.019055098E-1,-2.999483347E-1,1.696462631E-1,3.593516259E-1
2.220514172E1,2.020013332E-2,-2.195732594E-1,3.768377304E-1,4.366086768E-1
2.221016828E1,-2.708643675E-3,-2.545487881E-1,6.012239456E-1,6.528955928E-1
2.221518713E1,5.091758817E-2,-3.328866959E-1,6.147041321E-1,7.009046462E-1
2.222021333E1,-3.452599049E-4,-3.071917295E-1,5.804653168E-1,6.567395693E-1
2.222523953E1,-3.151748329E-2,-3.303308487E-1,5.321455002E-1,6.271288980E-1
2.223023812E1,-1.185462773E-1,-3.067830801E-1,5.221157074E-1,6.170687887E-1
2.223526245E1,-9.589627385E-3,-3.462903500E-1,3.601016998E-1,4.996821006E-1
2.224028677E1,-3.891428560E-2,-3.389161825E-1,3.560447693E-1,4.930987509E-1
2.224531588E1,-1.628969014E-1,-2.991521358E-1,3.566932678E-1,4.932114031E-1
2.225034052E1,-2.950598598E-1,-1.557148695E-1,3.430538177E-1,4.785325102E-1
2.225537198E1,-6.963843703E-1,-2.325177193E-2,5.004625320E-1,8.578779529E-1
2.226039729E1,-8.332679868E-1,9.809029102E-2,3.716125488E-1,9.176345293E-1
2.226542260E1,-8.125928640E-1,1.041749716E-1,2.105836868E-1,8.458753316E-1
2.227044792E1,-7.208964229E-1,6.244111061E-2,6.038475037E-2,7.261107786E-1
2.227547323E1,-7.817986012E-1,1.299352050E-1,-5.533313751E-2,7.944519912E-1
2.228053125E1,-6.950345635E-1,2.299408317E-1,-2.365608215E-1,7.693548290E-1
2.228555792E1,-3.244357109E-1,2.490041852E-1,-6.536245346E-1,7.710296019E-1
2.229058458E1,1.043674871E-1,2.885897160E-1,-1.067033768E0,1.110287196E0
2.229557604E1,3.201279044E-1,3.161368966E-1,-1.253564835E0,1.331859305E0
2.230060036E1,4.999277294E-1,2.467931509E-1,-1.267309189E0,1.384524169E0
2.230562469E1,6.012255549E-1,1.715922356E-1,-1.199934959E0,1.353055790E0
2.231068870E1,6.435614824E-1,9.987813234E-2,-9.381761551E-1,1.142068965E0
2.231571568E1,6.706017256E-1,1.690077782E-2,-7.116184235E-1,9.779535220E-1
2.232073833E1,6.495904922E-1,-4.441845417E-2,-4.392738342E-1,7.854312880E-1
2.232576484E1,6.238984466E-1,2.429664135E-2,-1.500740051E-1,6.421540356E-1
2.233079135E1,5.606315732E-1,2.665257454E-2,1.462898254E-1,5.800162357E-1
2.233578687E1,4.459214509E-1,1.004495025E-1,3.594923019E-1,5.815245120E-1
2.234081135E1,3.133881986E-1,2.068329453E-1,4.237194061E-1,5.661538355E-1
2.234583583E1,1.536098868E-1,2.266170979E-1,5.063886642E-1,5.756568297E-1
2.235086792E1,-8.082115650E-2,3.218730688E-1,4.648761749E-1,5.711778968E-1
2.235589292E1,-1.236268878E-1,2.875545621E-1,4.189023972E-1,5.229249008E-1
2.236091792E1,-2.140196860E-1,2.343237400E-1,3.115568161E-1,4.447242862E-1
2.236596495E1,-2.800824642E-1,1.905910373E-1,2.288036346E-1,4.088058628E-1
2.237099140E1,-3.505061269E-1,5.645292997E-2,1.324377060E-1,3.789211320E-1
2.237601786E1,-3.352381587E-1,-1.531171799E-2,4.631900787E-2,3.387691282E-1
2.238104974E1,-3.204918504E-1,-1.486833096E-1,8.350372314E-3,3.533998888E-1
2.238607656E1,-2.728008628E-1,-2.148468494E-1,-8.632373810E-2,3.578145710E-1
2.239110505E1,-1.685714722E-1,-3.139173985E-1,-9.000873566E-2,3.675078867E-1
2.239613203E1,-6.988057494E-2,-4.074249268E-1,-5.092334747E-2,4.164991633E-1
2.240115901E1,4.302524030E-3,-4.432808161E-1,4.006099701E-2,4.451081634E-1
2.240617963E1,7.795183361E-2,-5.313351154E-1,1.919937134E-1,5.703113880E-1
2.241120620E1,1.177532524E-1,-5.858740807E-1,2.761354446E-1,6.583046792E-1
2.241623276E1,1.289802790E-1,-5.932421684E-1,2.882719040E-1,6.720661228E-1
2.242125687E1,1.406139731E-1,-6.250600815E-1,2.622423172E-1,6.922740988E-1
2.242628328E1,1.195184514E-1,-6.574844122E-1,3.075695038E-1,7.356421767E-1
2.243130969E1,1.228574589E-1,-6.144341230E-1,2.859611511E-1,6.887648559E-1
2.243633609E1,2.165745199E-1,-5.010784864E-1,1.457605362E-1,5.650046957E-1
2.244136448E1,3.239457607E-1,-3.792663813E-1,1.146793365E-2,4.989141783E-1
2.244639094E1,2.977278233E-1,-2.297099829E-1,-1.074275970E-1,3.910872301E-1
2.245141740E1,2.338546515E-1,-1.426059008E-1,-1.635417938E-1,3.190146694E-1
2.245644297E1,1.893300712E-1,-9.823596478E-2,-1.763734818E-1,2.767738891E-1
2.246146937E1,1.258103997E-1,3.206658363E-2,-1.937580109E-1,2.332352658E-1
2.246649578E1,9.588207304E-2,1.049721241E-1,-1.871814728E-1,2.350519571E-1
2.247149146E1,4.355579615E-3,1.065433025E-1,-9.987926483E-2,1.461037780E-1
2.247651583E1,-4.847462475E-2,1.512115002E-1,-3.765106201E-3,1.588360257E-1
2.248154021E1,-7.231649011E-2,1.149879694E-1,3.458976746E-2,1.401726074E-1
2.248659969E1,-6.735711545E-2,1.315789223E-1,-5.555152893E-2,1.579112604E-1
2.249162635E1,-5.216806382E-2,1.195188761E-1,-1.021976471E-1,1.656823095E-1
2.249665302E1,-4.524803162E-2,9.795749187E-2,-1.199617386E-1,1.613501574E-1
2.250167411E1,-8.970846981E-2,6.212210655E-2,4.864692688E-3,1.092265119E-1
2.250670042E1,-1.195164993E-1,2.158451080E-2,1.523666382E-1,1.948478308E-1
2.251172672E1,-9.759632498E-2,1.911437511E-2,3.128490448E-1,3.282756872E-1
2.251672328E1,-1.198846549E-1,-8.316969872E-2,3.722486496E-1,3.998231939E-1
2.252174760E1,-9.602985531E-2,-7.077920437E-2,3.171548843E-1,3.388490070E-1
2.252677193E1,-6.388243288E-2,-1.630123854E-1,2.007732391E-1,2.663904964E-1
2.253180167E1,-6.088462472E-2,-2.260885239E-1,1.470756531E-1,2.765035368E-1
2.253682635E1,-5.299497396E-2,-2.839964628E-1,1.223077774E-1,3.137222507E-1
2.254185104E1,-6.351775676E-2,-4.082638025E-1,1.499452591E-1,4.395422831E-1
2.254690703E1,-6.374946237E-2,-4.799295664E-1,1.582899094E-1,5.093643863E-1
2.255193380E1,-2.073851973E-2,-5.328882933E-1,1.949586868E-1,5.678106276E-1
2.255696057E1,3.660211712E-2,-5.626962185E-1,1.979665756E-1,5.976265676E-1
2.256198479E1,9.357431531E-2,-5.360978842E-1,8.688831329E-2,5.510958836E-1
2.256701141E1,1.027690694E-1,-5.246351957E-1,4.313945770E-2,5.363437172E-1
2.257203802E1,1.026055142E-1,-5.087217093E-1,1.184444427E-1,5.323107692E-1
2.257706661E1,4.529499263E-2,-4.550564289E-1,9.338951111E-2,4.667436027E-1
2.258209333E1,3.074067831E-2,-4.017865658E-1,7.329273224E-2,4.095720429E-1
2.258711562E1,3.490180522E-2,-3.012171984E-1,4.864025116E-2,3.071087928E-1
2.259214187E1,1.965212822E-2,-2.487696409E-1,1.471614838E-2,2.499782099E-1
2.259716812E1,3.770852834E-2,-2.154992819E-1,2.858829498E-2,2.206335519E-1
2.260219328E1,8.878144622E-2,-1.727536917E-1,1.388454437E-2,1.947274088E-1
2.260721948E1,9.688325226E-2,-1.016191244E-1,1.832866669E-2,1.415936123E-1
2.261224963E1,1.336508095E-1,-4.042363167E-2,3.225421906E-2,1.433071650E-1
2.261727620E1,1.371940076E-1,-4.141676426E-2,4.607295990E-2,1.505332579E-1
2.262230276E1,1.551652104E-1,3.811609745E-2,7.400035858E-2,1.760827432E-1
2.262732932E1,1.539011598E-1,3.125452995E-2,1.633939743E-1,2.266274552E-1
2.263234932E1,1.762924492E-1,2.409160137E-2,1.902685165E-1,2.605024785E-1
2.263737557E1,1.889021993E-1,4.496037960E-2,9.814739227E-2,2.175738662E-1
2.264240182E1,2.346272767E-1,5.105030537E-2,-3.123569489E-2,2.421399621E-1
2.264743266E1,2.613412440E-1,6.658804417E-2,-1.073017120E-1,2.902531151E-1
2.265245922E1,2.549389899E-1,9.181129932E-2,-6.872844696E-2,2.795474963E-1
2.265748578E1,2.252337188E-1,1.362890005E-1,-8.740043640E-2,2.773873754E-1
2.266255057E1,1.767345816E-1,1.190688610E-1,-1.201171875E-1,2.446234754E-1
2.266757953E1,1.190312132E-1,1.356618404E-1,-1.477632523E-1,2.332521027E-1
2.267260849E1,5.681221560E-2,1.432936192E-1,-1.228694916E-1,1.971233144E-1
2.267763745E1,-1.478195190E-2,1.656775475E-1,-5.063629150E-2,1.738723378E-1
2.268265234E1,-7.671197504E-2,1.264035702E-1,1.152324677E-2,1.483083777E-1
2.268768057E1,-1.192240641E-1,1.206957102E-1,1.159009933E-1,2.054625809E-1
2.269270880E1,-1.332283318E-1,5.779373646E-2,2.193765640E-1,2.630893027E-1
2.269773703E1,-9.971652925E-2,-4.998326302E-3,2.792053223E-1,2.965197826E-1
2.270276526E1,-1.281689107E-1,-8.192515373E-2,3.479862213E-1,3.797807403E-1
2.270779349E1,-1.184022948E-1,-1.161456108E-1,3.543853760E-1,3.912772687E-1
2.271276880E1,-7.065813243E-2,-1.269353628E-1,3.084316254E-1,3.409328754E-1
2.271779521E1,-3.273081034E-2,-1.664586067E-1,1.868486404E-1,2.523731129E-1
2.272282161E1,2.234950662E-4,-1.346828938E-1,1.184844971E-1,1.793825740E-1
2.272784260E1,1.400718838E-2,-1.411567926E-1,7.918262482E-2,1.624540843E-1
2.273286864E1,3.720673174E-2,-1.757595539E-1,3.074645996E-2,1.822665808E-1
2.273789469E1,8.866986632E-2,-1.670807600E-1,-8.373641968E-2,2.068577133E-1
2.274292073E1,1.395316869E-1,-1.720985174E-1,-2.494306564E-1,3.336205085E-1
2.274791552E1,1.615505219E-1,-1.242119074E-1,-3.471927643E-1,4.025791657E-1
2.275293995E1,1.882109791E-1,-8.555448055E-2,-3.680877686E-1,4.221747827E-1
2.275796437E1,1.863014102E-1,-7.029044628E-2,-3.554916382E-1,4.074595282E-1
2.276304609E1,1.747845709E-1,-7.779610157E-2,-2.953910828E-1,3.519343283E-1
2.276807437E1,1.442991793E-1,-7.013022900E-2,-1.739625931E-1,2.366505566E-1
2.277310266E1,1.139184088E-1,-7.161366940E-2,-7.249259949E-2,1.528433789E-1
2.277810344E1,1.265935451E-1,-2.091848850E-2,1.387977600E-2,1.290587347E-1
2.278312990E1,1.345140338E-1,-6.570577621E-2,-3.343391418E-2,1.533919846E-1
2.278812443E1,1.334144473E-1,3.726482391E-3,-9.135246277E-3,1.337787507E-1
2.279314771E1,1.474453211E-1,-1.282763481E-2,-2.301216125E-2,1.497806079E-1
2.279817099E1,1.239653081E-1,-1.009368896E-2,-1.300811768E-2,1.250539535E-1
2.280321521E1,6.289951503E-2,-1.191282272E-2,2.068233490E-2,6.727572603E-2
2.280823990E1,5.923574418E-2,3.881704807E-2,3.513240814E-2,7.905645269E-2
2.281325198E1,7.946535945E-3,-1.060128212E-2,1.586771011E-1,1.592292594E-1
2.281827542E1,-2.871263772E-2,-9.330379963E-2,2.716426849E-1,2.886516289E-1
2.282329885E1,-5.596406758E-2,-1.425932646E-1,3.456172943E-1,3.780424977E-1
2.282832229E1,-1.026167721E-1,-2.064409256E-1,3.808975220E-1,4.452313780E-1
2.283334573E1,-1.446119547E-1,-2.849320173E-1,3.777828217E-1,4.947916049E-1
2.283846073E1,-1.487135887E-1,-3.065150976E-1,3.508625031E-1,4.890518711E-1
2.284348781E1,-1.529935002E-1,-3.524342775E-1,2.386007309E-1,4.522689906E-1
2.284851490E1,-1.429559588E-1,-3.415596485E-1,1.414527893E-1,3.963688828E-1
2.285348573E1,-1.423014551E-1,-3.596093655E-1,8.781051636E-2,3.965845265E-1
2.285850901E1,-1.130850017E-1,-3.395947218E-1,-3.662014008E-2,3.597969251E-1
2.286351422E1,-9.829828888E-2,-2.911977768E-1,-6.028842926E-2,3.131986486E-1
2.286853573E1,-5.523614585E-2,-2.619471550E-1,-8.847808838E-2,2.819498465E-1
2.287355724E1,-7.460619509E-2,-2.472383976E-1,-3.096961975E-2,2.601000326E-1
2.287862911E1,-5.619397759E-2,-2.707620859E-1,3.553867340E-2,2.788061470E-1
2.288365396E1,-9.029410779E-2,-2.801902294E-1,1.299428940E-1,3.217836948E-1
2.288867880E1,-1.004133299E-1,-2.712697983E-1,1.997318268E-1,3.515152101E-1
2.289370365E1,-1.103785113E-1,-2.630971670E-1,2.403688431E-1,3.730693176E-1
2.289873068E1,-8.224923164E-2,-2.746627331E-1,2.568454742E-1,3.849339563E-1
2.290375562E1,-8.279363811E-2,-2.201693058E-1,2.018976212E-1,3.099870306E-1
2.290878297E1,-1.196412742E-2,-1.756812334E-1,9.517002106E-2,2.001608579E-1
2.291380812E1,1.631036401E-3,-9.811460972E-2,-8.661460876E-2,1.308863147E-1
2.291883328E1,5.826027691E-2,-6.376266479E-3,-2.003335953E-1,2.087306064E-1
2.292385844E1,7.683479786E-2,1.139719486E-1,-3.129968643E-1,3.418482533E-1
2.292885849E1,7.192102820E-2,2.533600330E-1,-4.340925217E-1,5.077403451E-1
2.293388240E1,6.265558302E-2,3.453362584E-1,-4.733076096E-1,5.892392950E-1
2.293890630E1,5.838070810E-2,3.856584430E-1,-4.550561905E-1,5.993470432E-1
2.294397406E1,-1.725165546E-2,4.126539826E-1,-3.465929031E-1,5.391730423E-1
2.294900088E1,-1.165412217E-1,4.070984721E-1,-1.297149658E-1,4.428735652E-1
2.295402771E1,-1.445602775E-1,2.832867503E-1,1.186361313E-1,3.394460021E-1
2.295904036E1,-1.826910824E-1,1.506874561E-1,3.743696213E-1,4.429845983E-1
2.296406625E1,-1.594171524E-1,2.301454544E-2,5.186452866E-1,5.430805014E-1
2.296909198E1,-1.842619777E-1,-1.240394115E-1,5.428361893E-1,5.865231286E-1
2.297411781E1,-1.330263019E-1,-1.858453751E-1,4.859323502E-1,5.369960422E-1
2.297914297E1,-9.658920765E-2,-2.723287344E-1,3.628559113E-1,4.638500048E-1
2.298416875E1,-8.410619944E-2,-2.880572081E-1,1.931838989E-1,3.568904968E-1
2.298919891E1,9.121526033E-3,-2.661895752E-1,-1.128396988E-1,2.892626658E-1
2.299422510E1,2.327196300E-3,-2.158026695E-1,-3.593025208E-1,4.191354309E-1
2.299925130E1,5.850389972E-2,-2.366992235E-1,-5.086898804E-1,5.641051525E-1
2.300427463E1,4.432913661E-2,-1.764353514E-1,-5.190868378E-1,5.500414991E-1
2.300930068E1,5.922847614E-2,-1.776292324E-1,-3.726043701E-1,4.170062029E-1
2.301432672E1,5.938427523E-2,-1.208997965E-1,-1.892490387E-1,2.322895856E-1
2.301935276E1,8.711156249E-2,-7.821726799E-2,-1.403102875E-1,1.827384527E-1
2.302437646E1,1.375243366E-1,-3.521847725E-2,4.599857330E-2,1.492285262E-1
2.302940234E1,1.300061792E-1,-2.519667149E-2,1.690921783E-1,2.147757986E-1
2.303442823E1,1.412108392E-1,-9.598100185E-2,3.006563187E-1,3.457558037E-1
2.303945469E1,1.146495044E-1,-1.383562088E-1,4.073066711E-1,4.451804957E-1
2.304448062E1,9.805861861E-2,-1.292296648E-1,3.799877167E-1,4.131663875E-1
2.304950656E1,8.196726441E-2,-1.450597048E-1,3.195295334E-1,3.603610316E-1
2.305454213E1,6.653153151E-2,-1.571555138E-1,2.452020645E-1,2.987446278E-1
2.305956870E1,4.225104302E-2,-1.464890242E-1,1.286382675E-1,1.994792939E-1
2.306459526E1,1.380356029E-2,-1.842778921E-1,5.093860626E-2,1.916862577E-1
2.306964052E1,-4.257957265E-2,-1.982916594E-1,2.134323120E-2,2.039316937E-1
2.307466833E1,-9.851881862E-2,-2.360159159E-1,-9.823322296E-2,2.739694075E-1
2.307969614E1,-4.015524685E-2,-2.162382603E-1,-1.218185425E-1,2.514183493E-1
2.308472396E1,2.228549495E-2,-1.390231848E-1,-2.733459473E-1,3.074769846E-1
2.308975177E1,1.268033236E-1,-9.001028538E-2,-3.712730408E-1,4.025228008E-1
2.309471333E1,1.976493895E-1,-1.183378696E-2,-4.255228043E-1,4.693346105E-1
2.309973849E1,2.116205394E-1,5.718910694E-2,-3.652420044E-1,4.259760186E-1
2.310478120E1,2.732871473E-1,9.828174114E-2,-2.483539581E-1,3.821319851E-1
2.310980812E1,2.440691590E-1,1.730529070E-1,-1.181097031E-1,3.216628125E-1
2.311483505E1,2.575323582E-1,1.620918512E-1,3.008174896E-2,3.057803057E-1
2.311986198E1,1.993517131E-1,1.417273283E-1,1.437978745E-1,2.837350345E-1
2.312492125E1,1.983608902E-1,1.639056206E-1,2.470273972E-1,3.566996357E-1
2.312994979E1,2.400823534E-1,1.568942070E-1,2.258796692E-1,3.650711623E-1
2.313497328E1,2.290791273E-1,1.113870144E-1,2.808218002E-1,3.791374382E-1
2.314000130E1,1.376460493E-1,3.856539726E-3,3.399820328E-1,3.668093379E-1
2.314502932E1,7.052303851E-2,-4.203021526E-2,3.985424042E-1,4.069104151E-1
2.315005734E1,2.271869034E-2,-8.377027512E-2,3.520412445E-1,3.625832811E-1
2.315505083E1,-8.173304796E-2,-1.736493111E-1,3.248147964E-1,3.772784467E-1
2.316007708E1,-1.426795125E-1,-1.827635765E-1,2.312622070E-1,3.274785132E-1
2.316509516E1,-1.843490899E-1,-2.065579891E-1,1.574306488E-1,3.184889307E-1
2.317012057E1,-1.878462732E-1,-1.972379684E-1,1.770305634E-2,2.729513450E-1
2.317515958E1,-1.723972559E-1,-1.926079988E-1,-1.303396225E-1,2.894945116E-1
2.318018635E1,-8.578568697E-2,-1.970832348E-1,-2.438602448E-1,3.250673845E-1
2.318521312E1,-7.103041559E-2,-1.438639164E-1,-3.516130447E-1,3.864891714E-1
2.319023990E1,-7.022888958E-2,-7.601225376E-2,-3.824005127E-1,3.961566758E-1
2.319524094E1,-5.478803441E-2,-4.111564159E-2,-3.558568954E-1,3.623897829E-1
2.320026646E1,-2.012727037E-2,4.168343544E-2,-2.487316132E-1,2.530020379E-1
2.320529198E1,2.364814281E-4,9.592449665E-2,-2.041635513E-1,2.255755321E-1
2.321035005E1,-3.205347806E-3,1.120756865E-1,-5.546188354E-2,1.250889854E-1
2.321537786E1,-6.642166525E-3,1.091632843E-1,1.603126526E-2,1.105338974E-1
2.322040568E1,1.358357072E-2,1.014752388E-1,1.154146194E-1,1.542798492E-1
2.322543349E1,-4.486199468E-3,8.884257078E-2,1.759557724E-1,1.971637954E-1
2.323040917E1,-3.729261458E-3,5.693459511E-2,2.074604034E-1,2.151633670E-1
2.323543437E1,1.087602973E-2,4.379236698E-2,1.674232483E-1,1.733972419E-1
2.324045958E1,4.421955347E-2,2.110540867E-2,7.547092438E-2,8.998148482E-2
2.324551812E1,1.566580310E-2,6.031525135E-2,-2.046489716E-2,6.559084500E-2
2.325054557E1,4.945193231E-2,9.446984529E-2,-1.393375397E-1,1.754565338E-1
2.325557302E1,4.069165140E-2,1.095530987E-1,-2.192058563E-1,2.484127601E-1
2.326057891E1,2.756038308E-2,1.393375397E-1,-2.651081085E-1,3.007604261E-1
2.326560495E1,4.788206518E-2,1.790345907E-1,-3.485498428E-1,3.947569756E-1
2.327063099E1,5.388693511E-2,2.193853259E-1,-3.599691391E-1,4.249841222E-1
2.327565703E1,5.060310662E-2,1.841487885E-1,-3.379793167E-1,3.882028712E-1
2.328072120E1,5.721219629E-2,1.499351859E-1,-2.876062393E-1,3.293495776E-1
2.328574911E1,4.479683191E-2,6.898403168E-2,-2.186117172E-1,2.335736194E-1
2.329077703E1,2.281684428E-2,4.589742422E-2,-1.216821671E-1,1.320368574E-1
2.329580495E1,2.462793887E-2,3.265774250E-2,-5.403614044E-2,6.777143935E-2
2.330078349E1,-1.645521075E-2,1.502394676E-2,2.256679535E-2,3.171361205E-2
2.330580896E1,-3.813299537E-2,2.404689789E-3,1.175384521E-1,1.235928623E-1
2.331083443E1,-5.024173856E-2,1.838237047E-2,2.069702148E-1,2.137728085E-1
2.331592604E1,-2.914846689E-2,7.495284081E-4,1.531763077E-1,1.559268295E-1
2.332095594E1,-6.529020518E-2,-4.075509310E-2,2.375097275E-1,2.496690993E-1
2.332598583E1,-9.641835839E-2,1.728594303E-2,1.928787231E-1,2.163273110E-1
2.333095917E1,-1.132945195E-1,-1.615554094E-2,1.200494766E-1,1.658569458E-1
2.333598526E1,-1.159463823E-1,-3.543835878E-2,-3.293514252E-2,1.256350447E-1
2.334102859E1,-8.082827926E-2,1.222729683E-2,-1.561241150E-1,1.762312594E-1
2.334605641E1,-3.643631190E-2,5.996006727E-2,-2.877378464E-1,2.961686728E-1
2.335108422E1,-2.081240714E-2,1.034271121E-1,-3.421888351E-1,3.580831226E-1
2.335611203E1,9.112559259E-3,1.240842938E-1,-4.482870102E-1,4.652324088E-1
2.336112781E1,-2.257484943E-2,1.459591389E-1,-4.536390305E-1,4.770765809E-1
2.336615500E1,-2.512773126E-2,1.499606371E-1,-3.923301697E-1,4.207642542E-1
2.337118219E1,-9.848555177E-2,2.167950273E-1,-3.124160767E-1,3.928145780E-1
2.337617724E1,-9.987821430E-2,2.793089747E-1,-2.425594330E-1,3.831765123E-1
2.338120224E1,-1.202397719E-1,3.136273623E-1,-8.297252655E-2,3.459828974E-1
2.338622698E1,-1.024808362E-1,3.001719117E-1,4.204845428E-2,3.199587018E-1
2.339125198E1,-8.015780151E-2,2.724785209E-1,2.657403946E-1,3.889572917E-1
2.339626948E1,-5.349634588E-2,2.302405238E-1,3.688039780E-1,4.380512892E-1
2.340129370E1,-4.654239118E-2,1.827383637E-1,4.709148407E-1,5.072674748E-1
2.340631792E1,7.390573621E-3,1.202512980E-1,5.435628891E-1,5.567545327E-1
2.341139198E1,8.335553110E-3,3.308796883E-2,5.204811096E-1,5.215983901E-1
2.341641953E1,1.396046579E-2,6.950139999E-3,4.262132645E-1,4.264984711E-1
2.342144708E1,1.958495378E-2,-1.540911198E-2,3.231086731E-1,3.240682425E-1
2.342643427E1,8.702285588E-2,-8.584582806E-2,2.492742538E-1,2.776330983E-1
2.343145917E1,3.575284779E-2,-1.612647772E-1,2.139625549E-1,2.703045863E-1
2.343647495E1,7.061639428E-2,-1.654441357E-1,1.978759766E-1,2.674197810E-1
2.344149891E1,5.311455578E-2,-1.652035713E-1,1.296558380E-1,2.166195105E-1
2.344652286E1,4.550347477E-2,-1.654807329E-1,7.619857788E-2,1.877782268E-1
2.345154995E1,4.305733740E-2,-1.232256889E-1,4.175186157E-3,1.305983801E-1
2.345657411E1,5.033963174E-2,-1.003160477E-1,-3.400421143E-2,1.172760604E-1
2.346159828E1,1.967682689E-2,-9.179067612E-2,-7.660579681E-2,1.211658114E-1
2.346663880E1,3.208412230E-2,-8.788502216E-2,-9.508705139E-2,1.333968342E-1
2.347166406E1,7.271981984E-2,-1.170399189E-1,-1.038961411E-1,1.725715009E-1
2.347668932E1,9.386205673E-2,-1.365571022E-1,-6.990814209E-2,1.798473691E-1
2.348174208E1,7.648552209E-2,-1.369247437E-1,-5.995082855E-2,1.679062904E-1
2.348676922E1,1.014958918E-1,-1.801706553E-1,-5.009937286E-2,2.127741249E-1
2.349179635E1,1.591477543E-1,-1.806261539E-1,-7.127761841E-3,2.408414835E-1
2.349681740E1,1.825472713E-1,-2.096605301E-1,6.395816803E-2,2.852572372E-1
2.350184411E1,1.912649274E-1,-2.387531996E-1,1.106739044E-1,3.253214962E-1
2.350687083E1,1.576910913E-1,-2.348668575E-1,-1.469478607E-1,3.187829902E-1
2.351189755E1,1.355827898E-1,-2.312090397E-1,-2.979526520E-1,4.007693797E-1
2.351692427E1,4.954576492E-2,-2.229245901E-1,-2.434835434E-1,3.338179019E-1
2.352195099E1,-4.847645760E-2,-2.100511789E-1,-9.006500244E-3,2.157604731E-1
2.352701109E1,-1.550141871E-1,-1.597243547E-1,1.997375488E-1,2.990591181E-1
2.353203890E1,-2.571066022E-1,-1.528861523E-1,3.069744110E-1,4.286155264E-1
2.353705536E1,-2.985682786E-1,-1.318509579E-1,3.373117447E-1,4.693686240E-1
2.354208208E1,-3.748368025E-1,-7.771360874E-2,3.673667908E-1,5.305661056E-1
2.354710880E1,-3.800142407E-1,-2.925086021E-2,3.638706207E-1,5.269423731E-1
2.355211703E1,-4.040745199E-1,-1.050519943E-2,2.511072159E-1,4.758586037E-1
2.355714245E1,-3.752098680E-1,1.212799549E-2,1.392250061E-1,4.003912282E-1
2.356215432E1,-3.363090754E-1,5.775183439E-2,-3.349113464E-2,3.428712946E-1
2.356717838E1,-3.063911796E-1,5.047768354E-2,-1.620359421E-1,3.502559036E-1
2.357220245E1,-2.141146213E-1,1.051419973E-1,-3.369531631E-1,4.128405804E-1
2.357721140E1,-1.266189665E-1,8.375334740E-2,-4.248762131E-1,4.511837567E-1
2.358223443E1,-1.485881656E-1,2.009599209E-1,-5.119781494E-1,5.697235806E-1
2.358725745E1,-1.133677065E-1,2.660402060E-1,-5.412578583E-1,6.136690453E-1
2.359230948E1,-6.903886795E-2,3.174987435E-1,-5.084447861E-1,6.033969820E-1
2.359733448E1,-8.762249351E-2,3.653395772E-1,-3.950452805E-1,5.451710572E-1
2.360236385E1,-1.309775710E-1,4.188084602E-1,-3.109855652E-1,5.378361016E-1
2.360738927E1,-1.232171059E-1,4.541618824E-1,-2.417812347E-1,5.290591990E-1
2.361241469E1,-8.879652619E-2,4.762923419E-1,-2.158098221E-1,5.303895713E-1
2.361745838E1,-4.186266661E-2,5.184537172E-1,-2.279644012E-1,5.679036080E-1
2.362248495E1,-1.054227352E-3,5.805113912E-1,-3.396415710E-1,6.725704301E-1
2.362751151E1,4.327209294E-2,6.058979630E-1,-5.736942291E-1,8.355297028E-1
2.363253807E1,1.100688577E-1,5.577077866E-1,-9.527673721E-1,1.109467798E0
2.363754370E1,3.175907731E-1,2.717505097E-1,-1.276078224E0,1.342791076E0
2.364256911E1,5.226567984E-1,-3.531861305E-2,-1.263798714E0,1.368066052E0
2.364759453E1,6.837725639E-1,-3.166034222E-1,-1.056446075E0,1.297636681E0
2.365263552E1,7.730359435E-1,-5.352236032E-1,-6.224584579E-1,1.127609599E0
2.365766198E1,5.967762470E-1,-5.841284990E-1,-6.599426270E-3,8.350997215E-1
2.366268844E1,4.378045201E-1,-5.617862940E-1,6.137075424E-1,9.401667860E-1
2.366769828E1,3.286454082E-1,-5.845783949E-1,1.195461273E0,1.370717826E0
2.367272359E1,2.395225018E-1,-6.057174206E-1,1.596361160E0,1.724132703E0
2.367774890E1,1.268511862E-1,-6.214239597E-1,1.770276070E0,1.880461732E0
2.368277422E1,9.664952755E-3,-6.463127136E-1,1.681041718E0,1.801031591E0
2.368779953E1,-9.295348823E-2,-6.089447737E-1,1.492297173E0,1.614436415E0
2.369288635E1,-1.234857589E-1,-5.760773420E-1,1.067191124E0,1.219020398E0
2.369791406E1,-1.486703008E-1,-5.658975840E-1,6.167221069E-1,8.501112228E-1
2.370294177E1,-1.634841710E-1,-5.010586977E-1,1.982307434E-1,5.631006308E-1
2.370796948E1,-2.247095108E-1,-4.000242949E-1,-1.551818848E-1,4.843503051E-1
2.371299719E1,-2.323764861E-1,-2.669675350E-1,-4.344558716E-1,5.603770163E-1
2.371799266E1,-2.015033513E-1,-1.631406546E-1,-5.641422272E-1,6.208662708E-1
2.372301901E1,-2.418153882E-1,-6.882011890E-2,-5.359363556E-1,5.919786043E-1
2.372801338E1,-1.392262876E-1,-2.178406715E-2,-4.603548050E-1,4.814405999E-1
2.373303651E1,-1.422640085E-1,4.008018970E-2,-2.238368988E-1,2.682320395E-1
2.373803844E1,-1.363532096E-1,3.087007999E-2,-3.670406342E-2,1.445418551E-1
2.374305943E1,-1.214651763E-1,1.218192577E-1,2.153854370E-1,2.756530557E-1
2.374808042E1,-1.449600756E-1,2.354456186E-1,4.558334351E-1,5.331343014E-1
2.375310141E1,-1.539562494E-1,3.616476655E-1,6.277093887E-1,7.406150399E-1
2.375812240E1,-1.199423075E-1,4.001821876E-1,6.033267975E-1,7.338495520E-1
2.376321865E1,-6.217743456E-2,4.420183301E-1,4.982900620E-1,6.689837243E-1
2.376824266E1,-2.339579165E-2,4.543187022E-1,1.756238937E-1,4.876439257E-1
2.377326667E1,6.216078997E-3,4.899429679E-1,-2.091598511E-2,4.904286185E-1
2.377827588E1,5.016255379E-2,4.921382070E-1,-1.588134766E-1,5.195555956E-1
2.378329891E1,4.632952809E-2,4.473870397E-1,-3.097372055E-1,5.461123739E-1
2.378832193E1,3.773230314E-2,4.370227456E-1,-3.690872192E-1,5.732695546E-1
2.379336838E1,7.630529255E-2,4.085687995E-1,-4.326000214E-1,5.999114435E-1
2.379839292E1,1.094018742E-1,3.622907996E-1,-4.195051193E-1,5.649849013E-1
2.380345016E1,1.371855289E-1,3.218792081E-1,-3.352098465E-1,4.845531293E-1
2.380847792E1,1.549166292E-1,2.109891176E-1,-2.515745163E-1,3.630500062E-1
2.381350568E1,1.771144271E-1,9.168636799E-2,-1.686191559E-1,2.611672454E-1
2.381853344E1,1.516634524E-1,1.617121696E-2,-6.735515594E-2,1.667334042E-1
2.382349156E1,1.360985339E-1,-4.938197136E-2,7.578563690E-2,1.634161950E-1
2.382851578E1,1.113993451E-1,-3.865242004E-2,1.369857788E-1,1.807454765E-1
2.383355823E1,7.305721939E-2,-6.181538105E-2,2.640953064E-1,2.809000347E-1
2.383858422E1,2.145875990E-2,-4.762434959E-2,3.710660934E-1,3.747247026E-1
2.384361422E1,-2.927030623E-2,-5.822992325E-2,4.343061447E-1,4.391688765E-1
2.384864062E1,-5.549433827E-2,-3.664958477E-2,5.016403198E-1,5.060294696E-1
2.385366703E1,-7.651379704E-2,-7.827937603E-2,5.635166168E-1,5.740496488E-1
2.385869344E1,-1.022708118E-1,-5.892837048E-2,5.820112228E-1,5.938593565E-1
2.386372802E1,-9.949634969E-2,-7.867741585E-2,4.530363083E-1,4.704588781E-1
2.386875484E1,-5.920319259E-2,-2.775788307E-2,3.297948837E-1,3.362144902E-1
2.387377661E1,-5.289685726E-2,-2.515923977E-2,9.831333160E-2,1.144402727E-1
2.387880292E1,-4.195384681E-2,1.545035839E-2,-1.074876785E-1,1.164149469E-1
2.388382922E1,-4.536190629E-2,5.613791943E-2,-2.877788544E-1,2.966914855E-1
2.388885552E1,-3.910934925E-2,6.397628784E-2,-3.999967575E-1,4.069642646E-1
2.389383823E1,-2.797858417E-2,8.717918396E-2,-4.921436310E-1,5.005880190E-1
2.389886234E1,-2.323910594E-3,6.870782375E-2,-5.026464462E-1,5.073259460E-1
2.390388646E1,4.259079695E-3,7.553362846E-2,-4.321746826E-1,4.387464246E-1
2.390893849E1,3.441125154E-2,2.661371231E-2,-3.668956757E-1,3.694656422E-1
2.391396448E1,2.159482241E-2,-6.558537483E-3,-2.593002319E-1,2.602805430E-1
2.391899047E1,1.365038753E-2,-1.962649822E-2,-6.228446960E-2,6.671497333E-2
2.392401646E1,-5.120956898E-2,-4.182469845E-2,1.900997162E-1,2.012700361E-1
2.392901771E1,-1.202398241E-1,-3.550720215E-2,3.833818436E-1,4.033608988E-1
2.393404245E1,-1.507945210E-1,8.015275002E-3,4.894971848E-1,5.122604085E-1
2.393906719E1,-1.622828245E-1,7.397007942E-2,5.376358032E-1,5.664446528E-1
2.394413953E1,-1.640760154E-1,1.476987600E-1,5.187644958E-1,5.637840586E-1
2.394916750E1,-1.229763180E-1,2.008243799E-1,4.049749374E-1,4.684637727E-1
2.395419547E1,-4.417508841E-2,2.763424516E-1,2.635440826E-1,3.844113324E-1
2.395920828E1,8.185207844E-4,2.793701291E-1,1.374711990E-1,3.113626014E-1
2.396423521E1,6.443150342E-2,3.010820746E-1,-3.506469727E-2,3.098892823E-1
2.396926213E1,1.513544619E-1,3.415943980E-1,-1.824159622E-1,4.157769705E-1
2.397427390E1,1.473253667E-1,3.490068316E-1,-3.047418594E-1,4.861873436E-1
2.397929984E1,1.907461882E-1,3.666246533E-1,-3.879747391E-1,5.668528406E-1
2.398433255E1,1.960349977E-1,3.374459147E-1,-3.754472733E-1,5.415349672E-1
2.398935922E1,1.824880838E-1,2.901526093E-1,-2.774772644E-1,4.410034804E-1
2.399439031E1,1.881249249E-1,2.104452252E-1,-1.517829895E-1,3.204937692E-1
2.399941745E1,1.412393302E-1,1.745212674E-1,-2.710151672E-2,2.261431259E-1
2.400444458E1,1.274913847E-1,1.200760603E-1,7.280445099E-2,1.896649718E-1
2.400947172E1,8.010470867E-2,9.470248222E-2,1.196460724E-1,1.723383507E-1
2.401449463E1,5.640405416E-2,-4.915058613E-2,1.470937729E-1,1.650265902E-1
2.401952151E1,3.725150228E-2,-1.205567122E-1,1.458139420E-1,1.928297201E-1
2.402454838E1,5.147862434E-2,-1.868094206E-1,7.329654694E-2,2.071718904E-1
2.402957042E1,4.651626945E-2,-2.669433355E-1,6.309127808E-2,2.782139771E-1
2.403459698E1,5.598230660E-2,-3.321491480E-1,-9.897518158E-2,3.510742966E-1
2.403962588E1,6.617349386E-2,-3.634502888E-1,-1.551914215E-1,4.006986661E-1
2.404465266E1,8.221527934E-2,-4.136260748E-1,-8.746147156E-2,4.306917586E-1
2.404967672E1,3.689424694E-2,-4.017918110E-1,4.618072510E-2,4.061163678E-1
2.405470323E1,-3.746920824E-2,-3.995932341E-1,9.320831299E-2,4.120272854E-1
2.405972974E1,-5.101257563E-2,-4.020507336E-1,6.383895874E-2,4.102712370E-1
2.406475625E1,-9.032338858E-3,-4.326121807E-1,2.996444702E-2,4.337427234E-1
2.406977922E1,-5.421507359E-2,-4.246735573E-1,-4.162311554E-2,4.301388011E-1
2.407480557E1,-9.510740638E-3,-4.116431475E-1,-7.934761047E-2,4.193287235E-1
2.407983016E1,-3.247559071E-3,-4.079135656E-1,-1.879529953E-1,4.491440216E-1
2.408485630E1,5.094122887E-2,-3.804280758E-1,-1.864194870E-1,4.266998416E-1
2.408988245E1,7.222658396E-2,-4.147498608E-1,-1.563711166E-1,4.490947033E-1
2.409490859E1,1.132194176E-1,-4.060522318E-1,-7.431793213E-2,4.280422952E-1
2.409993609E1,1.118984893E-1,-3.834381104E-1,1.653957367E-2,3.997744538E-1
2.410496229E1,1.018675268E-1,-4.184087515E-1,1.303548813E-1,4.499280736E-1
2.410998974E1,7.800787687E-2,-4.060224295E-1,2.811717987E-1,4.999970225E-1
2.411501609E1,8.306780457E-2,-3.609709740E-1,3.879489899E-1,5.363811359E-1
2.412004245E1,7.842180133E-2,-3.597657681E-1,3.987798691E-1,5.427769070E-1
2.412505458E1,1.066098660E-1,-3.544428349E-1,2.764844894E-1,4.619946532E-1
2.413007995E1,1.048699021E-2,-2.448095083E-1,2.786417007E-1,3.710564239E-1
2.413510531E1,2.908872068E-2,-2.410378456E-1,2.474861145E-1,3.466911789E-1
2.414015271E1,7.125324011E-2,-2.192203999E-1,1.690044403E-1,2.858270610E-1
2.414517953E1,1.126236245E-1,-1.408518553E-1,4.840183258E-2,1.867245654E-1
2.415020635E1,8.692204952E-2,-1.200172901E-1,-6.169128418E-2,1.605160651E-1
2.415523318E1,1.705517918E-1,-8.980858326E-2,-1.803598404E-1,2.639756946E-1
2.416024583E1,1.729700863E-1,-6.432926655E-2,-2.885065079E-1,3.424805256E-1
2.416527193E1,1.423166990E-1,-1.000666618E-2,-3.956832886E-1,4.206179276E-1
2.417030458E1,1.501946151E-1,6.655812263E-3,-4.021558762E-1,4.293391095E-1
2.417533135E1,1.253042370E-1,2.381205559E-2,-3.135232925E-1,3.384745497E-1
2.418035812E1,8.687701821E-2,-3.483557701E-2,-1.733493805E-1,1.970054350E-1
2.418538490E1,4.900084436E-2,-1.205670834E-2,-7.705211639E-2,9.210578486E-2
2.419037042E1,2.569679916E-2,1.065254211E-2,1.845550537E-2,3.338274733E-2
2.419539510E1,1.202766597E-2,1.902401447E-2,5.619525909E-2,6.053499005E-2
2.420041979E1,-3.012198210E-2,6.040990353E-2,1.458349228E-1,1.607000776E-1
2.420547969E1,-2.463902533E-2,5.369663239E-2,1.919574738E-1,2.008434257E-1
2.421050677E1,-7.629586756E-2,7.063674927E-2,2.234325409E-1,2.464400740E-1
2.421552385E1,-6.093470752E-2,6.813299656E-2,1.501483917E-1,1.757830576E-1
2.422054995E1,-5.535295606E-2,7.018756866E-2,1.154365540E-1,1.459994607E-1
2.422557604E1,-6.900776923E-2,8.662343025E-2,1.237630844E-1,1.660812811E-1
2.423060213E1,-9.673669934E-2,1.361603737E-1,8.453655243E-2,1.872006011E-1
2.423560682E1,-1.100929976E-1,1.046199799E-1,3.139591217E-2,1.550854977E-1
2.424063182E1,-7.123753428E-2,1.210738420E-1,-9.725379944E-2,1.708565569E-1
2.424565682E1,-6.129498780E-2,1.566946507E-1,-1.868124008E-1,2.514143237E-1
2.425068693E1,-4.183459282E-2,1.542369127E-1,-2.566061020E-1,3.023009262E-1
2.425571229E1,-5.108451843E-2,1.427199841E-1,-2.972850800E-1,3.337020237E-1
2.426073766E1,6.360739470E-3,1.364660263E-1,-3.470735550E-1,3.729926111E-1
2.426578260E1,-2.193745971E-2,1.022400856E-1,-3.346624374E-1,3.506183599E-1
2.427080932E1,2.152112126E-2,7.847285271E-2,-2.368021011E-1,2.503924567E-1
2.427584776E1,-4.470060766E-2,1.124066114E-1,-8.272457123E-2,1.465494637E-1
2.428087562E1,-1.551605761E-2,7.988905907E-2,7.009887695E-2,1.074097870E-1
2.428590349E1,-1.527296007E-2,6.668829918E-2,2.121524811E-1,2.229108965E-1
2.429093135E1,-1.049615443E-2,2.035975456E-2,2.675447464E-1,2.685235189E-1
2.429593099E1,-1.113265753E-3,-7.010340691E-3,3.604164124E-1,3.604863028E-1
2.430095745E1,1.298506558E-2,-3.481757641E-2,2.245178223E-1,2.275722480E-1
2.430598390E1,8.435696363E-2,-4.401957989E-2,1.561746597E-1,1.828779513E-1
2.431102969E1,2.737204731E-2,-2.996993065E-2,9.784889221E-2,1.059331460E-1
2.431605745E1,-5.523547530E-3,-1.613414288E-2,8.748054504E-2,8.912724558E-2
2.432108130E1,-2.437171340E-2,-6.899428368E-2,6.767940521E-2,9.967293255E-2
2.432610864E1,-5.782677233E-2,-4.084587097E-2,5.751132965E-2,9.121334229E-2
2.433113130E1,-1.048541069E-2,-1.293110847E-2,-4.279804230E-2,4.592199722E-2
2.433615818E1,-3.939479589E-2,6.046295166E-4,-1.232643127E-1,1.294079067E-1
2.434118505E1,-2.515470982E-2,3.322529793E-2,-1.555490494E-1,1.610347373E-1
2.434621193E1,-2.494573593E-2,4.652333260E-2,-1.400785446E-1,1.496953870E-1
2.435120713E1,1.846709847E-2,6.915926933E-2,-8.199405670E-2,1.088442171E-1
2.435623240E1,-4.693344235E-3,4.860556126E-2,4.076004028E-3,4.900144767E-2
2.436125766E1,1.032185555E-2,7.545018196E-2,7.990550995E-2,1.103818879E-1
2.436627651E1,6.160080433E-3,7.791733742E-2,7.433414459E-2,1.078639102E-1
2.437130135E1,4.006844759E-2,6.565129757E-2,1.732292175E-1,1.895361052E-1
2.437632620E1,-1.178370416E-2,1.973044872E-2,2.712478638E-1,2.722196721E-1
2.438135104E1,-2.527250350E-2,2.121126652E-2,2.591848373E-1,2.612764765E-1
2.438641693E1,-8.587241173E-4,4.602885246E-2,2.471780777E-1,2.514287071E-1
2.439144385E1,3.268453479E-2,7.061505318E-2,2.257699966E-1,2.388029647E-1
2.439647088E1,4.209716618E-2,1.044418216E-1,1.048145294E-1,1.538387177E-1
2.440149781E1,4.668866098E-2,1.282805204E-1,2.283573151E-2,1.384095142E-1
2.440653552E1,2.760440111E-2,1.614612341E-1,-4.895496368E-2,1.709629245E-1
2.441156354E1,2.782359719E-2,2.279248834E-1,-1.770906448E-1,2.899741394E-1
2.441659156E1,4.749749601E-2,2.374775410E-1,-2.471008301E-1,3.459919288E-1
2.442161958E1,9.101499617E-2,3.189560771E-1,-2.262201309E-1,4.014875543E-1
2.442662161E1,7.251107693E-2,3.624562025E-1,-1.722040176E-1,4.077825140E-1
2.443164833E1,8.270557225E-2,4.059519172E-1,-8.536052704E-2,4.229936055E-1
2.443667505E1,1.069938391E-1,3.923147321E-1,5.527496338E-3,4.066805673E-1
2.444170073E1,8.352282643E-2,3.786928058E-1,1.431322098E-1,4.133656168E-1
2.444672740E1,4.593081772E-2,3.554848433E-1,2.558269501E-1,4.403709143E-1
2.445175406E1,3.686952591E-2,3.508970141E-1,3.485269547E-1,4.959426525E-1
2.445674807E1,5.614444613E-2,3.124011159E-1,4.356327057E-1,5.390014010E-1
2.446177255E1,-5.787029862E-3,2.543901205E-1,4.601945877E-1,5.258582334E-1
2.446679703E1,-1.069118083E-2,1.864306927E-1,4.559612274E-1,4.927183226E-1
2.447182151E1,-1.576565206E-2,1.086567640E-1,4.231853485E-1,4.371963945E-1
2.447690266E1,-2.111631632E-2,5.447888374E-2,3.811063766E-1,3.855592275E-1
2.448193000E1,2.572116256E-2,-3.305369616E-2,2.633504868E-1,2.666600906E-1
2.448695734E1,3.892546892E-2,-2.540820837E-2,8.955001831E-2,1.008958620E-1
2.449198469E1,5.672748387E-2,-1.177568436E-1,-2.108669281E-2,1.323983771E-1
2.449699010E1,5.055452883E-2,-1.333854795E-1,-1.402988434E-1,2.000780147E-1
2.450201635E1,4.382967949E-2,-9.178161621E-2,-2.917556763E-1,3.089761811E-1
2.450704016E1,5.570323765E-2,-1.262919307E-1,-4.656820297E-1,4.857079938E-1
2.451206615E1,6.756336987E-2,-1.980963349E-1,-4.434270859E-1,4.903412560E-1
2.451709213E1,1.505339444E-1,-2.306973338E-1,-5.020227432E-1,5.726330090E-1
2.452211562E1,1.521231532E-1,-3.528363705E-1,-4.271326065E-1,5.745234735E-1
2.452714146E1,1.351529956E-1,-4.309705496E-1,-2.531127930E-1,5.177528685E-1
2.453217177E1,1.099122763E-1,-5.464571118E-1,1.474075317E-1,5.765631483E-1
2.453719802E1,1.238330603E-1,-5.995664597E-1,5.065965652E-1,7.946412060E-1
2.454222427E1,6.695812941E-2,-6.477542520E-1,8.152961731E-1,1.043444686E0
2.454725635E1,6.282034516E-2,-6.059100032E-1,1.021654129E0,1.189474879E0
2.455228302E1,4.444660246E-2,-6.319931746E-1,1.245190620E0,1.397100767E0
2.455730969E1,6.376835704E-2,-5.833051801E-1,1.053612709E0,1.205989667E0
2.456235963E1,8.685085177E-2,-5.459874272E-1,7.115383148E-1,9.010727577E-1
2.456738786E1,9.964799136E-2,-4.815054536E-1,4.339504242E-1,6.558126216E-1
2.457241109E1,1.214298159E-1,-4.706269503E-1,-9.781360626E-2,4.957846590E-1
2.457743880E1,1.576340497E-1,-5.315464735E-1,-4.447259903E-1,7.107540739E-1
2.458246651E1,1.326405108E-1,-6.822281480E-1,-5.085611343E-1,8.611986869E-1
2.458749422E1,1.364969909E-1,-7.654309273E-1,-3.534431458E-1,8.540714199E-1
2.459250333E1,6.186455488E-3,-8.292521834E-1,-1.759166718E-1,8.477288077E-1
2.459753010E1,-1.009358913E-1,-9.264490604E-1,-5.218410492E-2,9.333911809E-1
2.460255687E1,-1.658401936E-1,-1.080340624E0,1.701736450E-1,1.106163597E0
2.460759630E1,-2.311058939E-1,-1.224016309E0,4.191150665E-1,1.314261503E0
2.461262396E1,-3.003067970E-1,-1.386714816E0,6.374073029E-1,1.555458204E0
2.461765161E1,-3.439167142E-1,-1.540302634E0,9.487495422E-1,1.841449593E0
2.462267927E1,-4.334928393E-1,-1.632836699E0,1.252631187E0,2.103130196E0
2.462766146E1,-5.118026137E-1,-1.821861029E0,1.363900185E0,2.332668694E0
2.463268687E1,-4.880969226E-1,-2.116737604E0,1.507308006E0,2.644010990E0
2.463771229E1,-5.201946497E-1,-2.273961782E0,1.559164047E0,2.805797068E0
2.464273896E1,-5.231165886E-1,-2.289576292E0,1.496503830E0,2.784840081E0
2.464776443E1,-5.500286818E-1,-2.211761475E0,1.348803520E0,2.648337461E0
2.465278990E1,-6.249491572E-1,-2.069213629E0,1.202285767E0,2.473397978E0
2.465781896E1,-6.294512153E-1,-1.961898088E0,1.128181458E0,2.349052222E0
2.466284469E1,-6.494059563E-1,-1.864763260E0,1.000028610E0,2.213397238E0
2.466787625E1,-5.703063011E-1,-1.725132585E0,9.916477203E-1,2.069950945E0
2.467290255E1,-4.877555966E-1,-1.653138876E0,1.165065765E0,2.080421088E0
2.467792885E1,-4.253697693E-1,-1.548617601E0,1.323968887E0,2.081357617E0
2.468295516E1,-3.779639304E-1,-1.393069744E0,1.511405945E0,2.089939706E0
2.468797260E1,-3.403522372E-1,-1.287029147E0,1.708235741E0,2.165722285E0
2.469299844E1,-3.126993179E-1,-1.120415926E0,2.048370361E0,2.355617509E0
2.469802687E1,-2.761233449E-1,-1.036737442E0,2.383390427E0,2.613736511E0
2.470305297E1,-1.493232250E-1,-1.012208939E0,2.627228737E0,2.819431715E0
2.470807906E1,-9.560954571E-2,-8.884217143E-1,2.708292007E0,2.851890588E0
2.471310781E1,4.177525640E-3,-8.373677731E-1,2.669843674E0,2.798082822E0
2.471813406E1,-9.831984341E-2,-5.483198166E-1,2.344667435E0,2.409935018E0
2.472316031E1,-1.399442554E-3,-4.660375714E-1,1.886180878E0,1.942902797E0
2.472818396E1,-2.555997372E-1,-1.832460910E-1,1.351959229E0,1.388057676E0
2.473321005E1,-7.102984190E-1,8.432622254E-2,9.477748871E-1,1.187397150E0
2.473823526E1,-9.293809533E-1,1.651396453E-1,8.265209198E-1,1.254654092E0
2.474326125E1,-1.062537789E0,1.601101607E-1,6.434965134E-1,1.252481369E0
2.474828724E1,-1.038530707E0,6.946681440E-2,5.374584198E-1,1.171423588E0
2.475331323E1,-7.374783158E-1,-1.545548439E-1,3.265800476E-1,8.212283444E-1
2.475833922E1,-3.078319430E-1,-4.208560586E-1,8.272457123E-2,5.279428775E-1
2.476340583E1,7.844020426E-2,-7.581138015E-1,-1.079883575E-1,7.697732699E-1
2.476843344E1,2.449783981E-1,-1.031654358E0,-3.269500732E-1,1.109604200E0
2.477346104E1,5.173155069E-1,-1.361471534E0,-2.680587769E-1,1.480903636E0
2.477843781E1,5.803711414E-1,-1.527226925E0,-4.646396637E-2,1.634445362E0
2.478346198E1,5.251334310E-1,-1.578395486E0,3.089685440E-1,1.691909865E0
2.478849667E1,3.802833557E-1,-1.434309244E0,4.346284866E-1,1.546208382E0
2.479352187E1,1.790694296E-1,-1.219862580E0,2.782182693E-1,1.263936700E0
2.479854713E1,9.274742752E-2,-9.113141894E-1,1.318416595E-1,9.254608908E-1
2.480357234E1,6.380453706E-3,-6.141508222E-1,-1.814346313E-1,6.404221014E-1
2.480859995E1,1.145125180E-2,-3.329981863E-1,-5.609617233E-1,6.524545795E-1
2.481362536E1,7.245130837E-3,-9.546196461E-2,-6.288900375E-1,6.361353299E-1
2.481864885E1,1.804098487E-2,8.937698603E-2,-3.712911606E-1,3.823229639E-1
2.482367406E1,5.308925360E-2,2.404667139E-1,-1.185417175E-1,2.733035824E-1
2.482869927E1,7.807491720E-2,4.055313468E-1,-2.365398407E-2,4.136555051E-1
2.483373667E1,1.688434184E-1,4.935171008E-1,-1.868333817E-1,5.540522910E-1
2.483876266E1,2.445463687E-1,5.196929574E-1,-2.539272308E-1,6.279830690E-1
2.484378864E1,2.584565282E-1,5.030430555E-1,-1.246232986E-1,5.791226634E-1
2.484881463E1,1.487836242E-1,5.340015888E-1,1.482629776E-1,5.738259093E-1
2.485380713E1,2.536043525E-2,5.789932013E-1,2.967500687E-1,6.511043557E-1
2.485883135E1,-9.789057076E-2,5.467510223E-1,4.549522400E-1,7.179838333E-1
2.486384953E1,-2.012217790E-1,4.756956100E-1,7.041511536E-1,8.732727895E-1
2.486887312E1,-2.421615124E-1,3.463701010E-1,9.151706696E-1,1.008043550E0
2.487389672E1,-1.739476025E-1,1.301542521E-1,8.680992126E-1,8.948710191E-1
2.487894213E1,-2.532953024E-2,-9.639728069E-2,7.306690216E-1,7.374355836E-1
2.488396719E1,1.466868222E-1,-2.371696234E-1,4.025096893E-1,4.896738752E-1
2.488899224E1,3.043347001E-1,-3.877716064E-1,2.712135315E-1,5.626217274E-1
2.489400745E1,3.047981858E-1,-5.381562710E-1,3.651542664E-1,7.182281979E-1
2.489903182E1,1.963359118E-1,-6.552766562E-1,5.119390488E-1,8.544102504E-1
2.490405620E1,1.232637465E-2,-6.722803116E-1,5.154428482E-1,8.472272934E-1
2.490908057E1,-1.425331533E-1,-7.471047640E-1,4.141244888E-1,8.660140417E-1
2.491410495E1,-2.499120533E-1,-7.935870886E-1,2.320508957E-1,8.637616105E-1
2.491915125E1,-3.143662512E-1,-9.365023375E-1,3.156852722E-2,9.883619478E-1
2.492417651E1,-3.349234760E-1,-1.151366711E0,-6.783199310E-2,1.201008000E0
2.492922245E1,-2.682882249E-1,-1.266401291E0,-2.861824036E-1,1.325764372E0
2.493424974E1,-2.394148260E-1,-1.376436472E0,-4.130640030E-1,1.456886643E0
2.493927703E1,-1.818266809E-1,-1.447844028E0,-4.103479385E-1,1.515816184E0
2.494431859E1,-1.339272410E-1,-1.523616791E0,-3.356075287E-1,1.565879001E0
2.494934687E1,-4.295404255E-2,-1.603326321E0,-2.177257538E-1,1.618612012E0
2.495438552E1,2.377107739E-2,-1.730443001E0,1.028633118E-2,1.730636834E0
2.495941479E1,9.460002184E-2,-1.804308414E0,1.521825790E-1,1.813184369E0
2.496444406E1,1.647649109E-1,-1.868037224E0,1.745862961E-1,1.883398768E0
2.496947333E1,2.061774135E-1,-1.902359486E0,1.349754333E-1,1.918254182E0
2.497450260E1,2.484065592E-1,-1.888502359E0,1.912021637E-2,1.904865497E0
2.497953187E1,2.102351487E-1,-1.841546297E0,-1.583795547E-1,1.860262257E0
2.498454114E1,1.685988307E-1,-1.795038939E0,-4.022245407E-1,1.847261470E0
2.498956974E1,9.462928772E-2,-1.725599647E0,-5.734872818E-1,1.820861473E0
2.499459833E1,-5.525869131E-2,-1.589780331E0,-5.145196915E-1,1.671880838E0
2.499958609E1,-1.285510957E-1,-1.449185371E0,-5.939989090E-1,1.571463754E0
2.500461193E1,-1.685036123E-1,-1.213551044E0,-7.302818298E-1,1.426327857E0
2.500963776E1,-3.037793040E-1,-1.059184909E0,-4.404945374E-1,1.186671806E0
2.501463052E1,-1.179996580E-1,-9.714027643E-1,-7.408142090E-3,9.785714743E-1
2.501965417E1,2.694427967E-4,-8.844187260E-1,-3.818321228E-2,8.852426295E-1
2.502467781E1,9.919163585E-2,-7.830839157E-1,3.187961578E-1,8.512874896E-1
2.502971187E1,2.023457885E-1,-6.677019596E-1,4.988203049E-1,8.576662647E-1
2.503473625E1,2.861926258E-1,-5.574550629E-1,4.208154678E-1,7.548165500E-1
2.503976062E1,3.369705081E-1,-3.953146935E-1,3.721542358E-1,6.390004737E-1
2.504484255E1,3.017488718E-1,-2.536547184E-1,2.095451355E-1,4.464328187E-1
2.504987078E1,3.097487688E-1,-1.406505108E-1,-1.533870697E-1,3.731681379E-1
2.505489901E1,2.943829596E-1,2.460694313E-2,-4.149656296E-1,5.093754041E-1
2.505991036E1,1.937929690E-1,1.230947971E-1,-5.994424820E-1,6.419029001E-1
2.506493750E1,2.710312605E-2,2.501244545E-1,-6.685066223E-1,7.142814055E-1
2.506995266E1,-1.243215948E-1,2.527601719E-1,-6.032161713E-1,6.657426775E-1
2.507497849E1,-2.080610245E-1,3.169691563E-1,-5.708541870E-1,6.852979927E-1
2.507999911E1,-2.240985036E-1,3.948545456E-1,-4.805021286E-1,6.610692453E-1
2.508502443E1,-2.535822093E-1,4.046990871E-1,-3.416328430E-1,5.871952720E-1
2.509005588E1,-2.440327406E-1,3.511152267E-1,-1.398267746E-1,4.498726573E-1
2.509508177E1,-2.054014951E-1,3.010554314E-1,1.201295853E-1,3.837385362E-1
2.510010740E1,-2.532628477E-1,2.398641109E-1,1.992330551E-1,4.017096862E-1
2.510513328E1,-1.772337407E-1,1.149711609E-1,1.407871246E-1,2.538723717E-1
2.511015917E1,-9.208355844E-2,4.150485992E-2,7.879734039E-2,1.281056438E-1
2.511518312E1,5.952373147E-2,-6.177043915E-2,-4.892063141E-2,9.875165790E-2
2.512020885E1,2.059096098E-1,-2.421989441E-1,-1.228885651E-1,3.408235546E-1
2.512523458E1,1.511671543E-1,-1.212215424E-1,-2.964878082E-1,3.541908967E-1
2.513026682E1,7.734000683E-2,-4.294967651E-2,-4.024801254E-1,4.120878580E-1
2.513529297E1,4.210954905E-2,2.685832977E-2,-5.847740173E-1,5.869030885E-1
2.514031911E1,1.299548149E-2,6.401777267E-2,-6.758108139E-1,6.789605393E-1
2.514535250E1,-9.979426861E-3,8.286476135E-2,-6.661319733E-1,6.713404229E-1
2.515037917E1,-7.540607452E-2,1.649012566E-1,-6.085510254E-1,6.349904338E-1
2.515540583E1,-1.123636663E-1,2.472620010E-1,-5.267190933E-1,5.926188437E-1
2.516041713E1,-8.342117071E-2,1.960587502E-1,-5.354347229E-1,5.762711755E-1
2.516544276E1,3.045800328E-2,1.162471771E-1,-4.526348114E-1,4.683154585E-1
2.517046838E1,1.432181001E-1,-1.135587692E-2,-4.744634628E-1,4.957377913E-1
2.517549401E1,2.264551520E-1,-1.822299957E-1,-3.614950180E-1,4.638624314E-1
2.518052318E1,2.370305955E-1,-3.346982002E-1,-3.957281113E-1,5.699185262E-1
2.518554896E1,2.183882296E-1,-4.836268425E-1,-4.762392044E-1,7.130162140E-1
2.519058661E1,1.990791261E-1,-6.820740700E-1,-5.835218430E-1,9.194320402E-1
2.519561359E1,1.744801998E-1,-8.245096207E-1,-7.606706619E-1,1.135288206E0
2.520064057E1,1.022347808E-1,-8.487629890E-1,-8.258628845E-1,1.188654730E0
2.520564823E1,-1.266847551E-2,-8.498921394E-1,-1.004405022E0,1.315791240E0
2.521067390E1,-1.030995548E-1,-7.320623398E-1,-1.128865242E0,1.349400431E0
2.521569958E1,-6.370359659E-2,-6.714534760E-1,-1.070740700E0,1.265461799E0
2.522072635E1,-5.284965038E-2,-5.862541199E-1,-1.007480621E0,1.166835113E0
2.522575208E1,-5.183029175E-2,-5.189385414E-1,-7.673215866E-1,9.277747605E-1
2.523077781E1,-1.138256341E-1,-4.836001396E-1,-8.002071381E-1,9.418900328E-1
2.523580354E1,-1.907845736E-1,-4.944310188E-1,-8.094120026E-1,9.674753618E-1
2.524082984E1,-2.152655721E-1,-5.464863777E-1,-6.564130783E-1,8.808318551E-1
2.524585562E1,-2.255969197E-1,-5.158123970E-1,-6.615715027E-1,8.686962946E-1
2.525088140E1,-2.223387957E-1,-5.131297112E-1,-9.916400909E-1,1.138458041E0
2.525590661E1,-1.332634836E-1,-5.766067505E-1,-1.287598133E0,1.417089783E0
2.526093234E1,-7.711708546E-2,-7.060108185E-1,-1.501821041E0,1.661284070E0
2.526595807E1,-1.106542498E-1,-7.008242607E-1,-1.605431080E0,1.755223051E0
2.527098380E1,-1.047408879E-1,-7.623276711E-1,-1.665327549E0,1.834510828E0
2.527602010E1,-1.174991876E-1,-7.663373947E-1,-1.647869110E0,1.821140210E0
2.528104635E1,-1.259240359E-1,-7.030968666E-1,-1.639403820E0,1.788252485E0
2.528607260E1,-6.820622087E-2,-6.061196327E-1,-1.778631687E0,1.880309490E0
2.529109469E1,-2.993430197E-2,-4.749484062E-1,-1.683203220E0,1.749184133E0
2.529612068E1,-1.052111387E-3,-3.381834030E-1,-1.650069714E0,1.684369075E0
2.530114167E1,5.708184838E-2,-2.433247566E-1,-1.531216621E0,1.551479815E0
2.530616713E1,1.063262522E-1,-1.903686523E-1,-1.422399521E0,1.439015598E0
2.531119260E1,1.371839643E-1,-1.603722572E-1,-1.318649292E0,1.335430513E0
2.531618724E1,1.782915294E-1,-2.104930878E-1,-1.267989159E0,1.297648533E0
2.532121068E1,1.145541519E-1,-2.936658859E-1,-1.307852745E0,1.345303352E0
2.532623411E1,5.112074316E-2,-3.907108307E-1,-1.304221630E0,1.362447189E0
2.533125755E1,-2.967104316E-3,-5.734124184E-1,-1.371849060E0,1.486869345E0
2.533632463E1,6.173627079E-2,-7.370557785E-1,-1.457443714E0,1.634382075E0
2.534135026E1,4.900787771E-2,-9.045734406E-1,-1.461494446E0,1.719482741E0
2.534637588E1,4.545995593E-2,-1.009190083E0,-1.522642612E0,1.827285351E0
2.535140364E1,6.531654298E-2,-1.084249973E0,-1.521468163E0,1.869419596E0
2.535642943E1,-1.131501794E-2,-1.158260822E0,-1.448717594E0,1.854852778E0
2.536145260E1,9.774436057E-2,-1.279059410E0,-1.443180561E0,1.930885047E0
2.536647807E1,1.197893023E-1,-1.284046650E0,-1.499955654E0,1.978128469E0
2.537150807E1,7.966539264E-2,-1.154162884E0,-1.681264877E0,2.040855243E0
2.537653396E1,8.799153566E-2,-1.013551712E0,-1.743485451E0,2.018606227E0
2.538155984E1,8.737891912E-2,-8.764147758E-1,-1.715678692E0,1.928546424E0
2.538658573E1,1.397892237E-1,-7.712182999E-1,-1.669983387E0,1.844766437E0
2.539165083E1,1.254180372E-1,-6.742630005E-1,-1.567933083E0,1.711366246E0
2.539667875E1,1.542394757E-1,-5.609431267E-1,-1.482153416E0,1.592239227E0
2.540170667E1,1.544006765E-1,-5.225291252E-1,-1.464868069E0,1.562918652E0
2.540671286E1,2.218003273E-1,-5.590043068E-1,-1.358150005E0,1.485345965E0
2.541173927E1,3.568160236E-1,-6.470108032E-1,-1.271423340E0,1.470529824E0
2.541676568E1,4.355189502E-1,-6.002206802E-1,-1.204418182E0,1.414413228E0
2.542176807E1,3.049491346E-1,-5.430989265E-1,-1.267181873E0,1.411984532E0
2.542679286E1,1.605773717E-1,-4.949073792E-1,-1.301577568E0,1.401721289E0
2.543181854E1,8.309456706E-2,-4.744868279E-1,-1.341455460E0,1.425322843E0
2.543684338E1,5.326351523E-2,-4.913969040E-1,-1.468100071E0,1.549072541E0
2.544186823E1,7.142844796E-2,-5.839395523E-1,-1.442213535E0,1.557583804E0
2.544689307E1,2.764479816E-2,-5.655531883E-1,-1.455255508E0,1.561532337E0
2.545193177E1,2.720011771E-2,-6.230440140E-1,-1.353965759E0,1.490686743E0
2.545695734E1,1.261995733E-2,-5.410575867E-1,-1.224655151E0,1.338911056E0
2.546198292E1,7.940107584E-2,-5.400681496E-1,-1.186530590E0,1.306075411E0
2.546699917E1,4.584310949E-2,-2.566213608E-1,-1.048049927E0,1.079983686E0
2.547202406E1,-2.588148415E-2,-1.838912964E-1,-1.076848030E0,1.092743126E0
2.547706250E1,1.696734130E-2,-4.891109467E-2,-1.095890522E0,1.097112675E0
2.548208859E1,3.067779541E-2,-2.387237549E-2,-1.110038280E0,1.110718687E0
2.548711469E1,1.014869213E-1,-3.525257111E-3,-1.109603405E0,1.114240431E0
2.549214078E1,1.334998161E-1,6.480598450E-2,-1.109029770E0,1.118914227E0
2.549716687E1,2.225453705E-1,3.767871857E-2,-1.065406322E0,1.089053148E0
2.550217979E1,1.964062750E-1,9.214115143E-2,-1.031369686E0,1.053939679E0
2.550720531E1,2.367681414E-1,9.413433075E-2,-1.092919350E0,1.122226862E0
2.551223083E1,1.044091880E-1,8.680248260E-2,-1.125644207E0,1.133803700E0
2.551728672E1,1.150657982E-1,-9.729385376E-2,-1.186873436E0,1.196400763E0
2.552231427E1,6.809701025E-2,-5.591011047E-2,-1.257896900E0,1.260978888E0
2.552734182E1,-7.919164002E-2,6.232738495E-2,-1.195114136E0,1.199355584E0
2.553234224E1,-1.070399433E-1,6.149578094E-2,-1.180800915E0,1.187236321E0
2.553736797E1,-6.328202039E-2,9.915256500E-2,-1.156910896E0,1.162875173E0
2.554239370E1,-8.648517728E-2,1.466464996E-1,-1.209689617E0,1.221611170E0
2.554739208E1,-1.240671799E-1,2.422647476E-1,-1.219545364E0,1.249550227E0
2.555241599E1,-1.474526823E-1,2.758989334E-1,-1.253405571E0,1.291854497E0
2.555743990E1,-9.924776852E-2,2.716283798E-1,-1.263565063E0,1.296236385E0
2.556249255E1,-5.595955998E-2,2.290821075E-1,-1.182449341E0,1.205734850E0
2.556751838E1,-2.728423476E-2,2.538633347E-1,-1.115921497E0,1.144758407E0
2.557254422E1,-1.795974374E-2,2.595977783E-1,-1.087548733E0,1.118246755E0
2.557754719E1,1.055596918E-1,2.225828171E-1,-1.116703987E0,1.143553127E0
2.558257151E1,1.758133471E-1,2.001142502E-1,-1.174386978E0,1.204217929E0
2.558759583E1,2.265174091E-1,1.444177628E-1,-1.222418785E0,1.251588716E0
2.559265250E1,2.722910643E-1,1.223955154E-1,-1.227188587E0,1.262978588E0
2.559767901E1,2.366771102E-1,1.773147583E-1,-1.208337307E0,1.243999849E0
2.560271479E1,2.252077907E-1,2.228517532E-1,-1.213484287E0,1.254163294E0
2.560774219E1,1.517339647E-1,2.494974136E-1,-1.175729275E0,1.211450157E0
2.561276958E1,4.016157985E-2,3.146286011E-1,-1.114199638E0,1.158466634E0
2.561781453E1,-3.286033869E-2,3.319644928E-1,-1.071706772E0,1.122423998E0
2.562284307E1,-2.930724621E-2,3.064098358E-1,-9.909420013E-1,1.037647316E0
2.562787161E1,-5.450081825E-2,3.191280365E-1,-9.672560692E-1,1.019998699E0
2.563290016E1,-3.167150915E-2,2.887210846E-1,-1.000485897E0,1.041794116E0
2.563792870E1,4.859526455E-2,3.300552368E-1,-1.109736443E0,1.158798054E0
2.564291713E1,1.001674682E-1,3.428993225E-1,-1.209361315E0,1.261018738E0
2.564794401E1,1.617280394E-1,4.370384216E-1,-1.246317148E0,1.330588206E0
2.565297255E1,2.475950718E-1,4.690980911E-1,-1.359744787E0,1.459541786E0
2.565799963E1,2.527327240E-1,4.869890213E-1,-1.348711729E0,1.456041024E0
2.566302672E1,2.298725992E-1,4.429216385E-1,-1.309061289E0,1.400950551E0
2.566805380E1,2.122633308E-1,3.703346252E-1,-1.082773924E0,1.163874060E0
2.567312390E1,1.757160127E-1,2.354316711E-1,-1.080651045E0,1.119870917E0
2.567815312E1,1.585297436E-1,1.246128082E-1,-1.125918627E0,1.143832499E0
2.568318234E1,1.131079793E-1,2.330303192E-2,-1.270717382E0,1.275954197E0
2.568818766E1,2.495369315E-2,-7.791614532E-2,-1.323917627E0,1.326443175E0
2.569321526E1,-4.878920317E-2,-7.867336273E-2,-1.223308802E0,1.226806549E0
2.569824286E1,-1.763136685E-2,-1.272735596E-1,-1.222676039E0,1.229408850E0
2.570327724E1,3.706674278E-2,-1.901998520E-1,-1.307491064E0,1.321772601E0
2.570830531E1,5.820150673E-2,-2.051830292E-1,-1.200433493E0,1.219232571E0
2.571333338E1,8.410997689E-2,-2.201929092E-1,-1.217178583E0,1.239791559E0
2.571836146E1,8.597970009E-2,-1.969804764E-1,-1.300129175E0,1.317774521E0
2.572332390E1,9.725804627E-2,-2.308225632E-1,-1.411870956E0,1.433916937E0
2.572834859E1,5.600205064E-2,-1.833791733E-1,-1.546634197E0,1.558474091E0
2.573337328E1,9.822204709E-3,-1.308917999E-1,-1.662194252E0,1.667368847E0
2.573840062E1,-1.708455384E-2,-8.760452271E-2,-1.739719152E0,1.742007223E0
2.574342552E1,4.084751010E-3,-4.866981506E-2,-1.803322554E0,1.803983833E0
2.574845042E1,4.463186860E-2,5.050659180E-3,-1.867402673E0,1.867942787E0
2.575347531E1,4.736174643E-2,5.453395844E-2,-1.922739863E0,1.924096066E0
2.575852703E1,7.957367599E-2,1.142053604E-1,-1.931313396E0,1.936322872E0
2.576355323E1,8.846576512E-2,9.804439545E-2,-1.874290824E0,1.878937196E0
2.576857943E1,1.265658438E-1,7.299900055E-2,-1.732415318E0,1.738565674E0
2.577357312E1,1.696407497E-1,2.473926544E-2,-1.697143674E0,1.705780368E0
2.577859713E1,1.793843210E-1,-8.664131165E-3,-1.696084619E0,1.705566426E0
2.578359588E1,2.322171926E-1,-7.951736450E-3,-1.667440772E0,1.683551836E0
2.578861734E1,2.134239674E-1,1.714324951E-2,-1.677907348E0,1.691513153E0
2.579363880E1,2.045117617E-1,4.752731323E-2,-1.660701632E0,1.673921688E0
2.579870255E1,1.623676121E-1,3.524208069E-2,-1.668141246E0,1.676395079E0
2.580372682E1,9.167300910E-2,5.227947235E-2,-1.686444879E0,1.689743594E0
2.580875109E1,4.492015392E-2,1.032819748E-1,-1.753602266E0,1.757215381E0
2.581377536E1,-3.050540015E-2,1.690664291E-1,-1.802604675E0,1.810772667E0
2.581886099E1,-8.198752999E-2,1.537971497E-1,-1.818676949E0,1.827008856E0
2.582388823E1,-1.145261899E-1,2.060480118E-1,-1.907723427E0,1.922233260E0
2.582891547E1,-1.278779954E-1,1.773338318E-1,-1.901884794E0,1.914410050E0
2.583394271E1,-1.030409187E-1,2.112541199E-1,-1.873118162E0,1.887807560E0
2.583892338E1,-8.792439103E-2,2.168684006E-1,-1.831056356E0,1.845949615E0
2.584394812E1,-4.404433817E-2,2.227439880E-1,-1.827862501E0,1.841910994E0
2.584897844E1,-2.895312384E-2,2.289075851E-1,-1.810980082E0,1.825619298E0
2.585400375E1,-6.652118266E-2,2.545146942E-1,-1.861829042E0,1.880321829E0
2.585902906E1,-4.198228940E-2,2.708806992E-1,-1.846545935E0,1.866780853E0
2.586405437E1,-1.036715209E-1,2.684946060E-1,-1.841884851E0,1.864236290E0
2.586909745E1,-1.511155963E-1,2.760581970E-1,-1.833466053E0,1.860280038E0
2.587412364E1,-1.557860970E-1,2.696981430E-1,-1.783228397E0,1.810223719E0
2.587913755E1,-1.893383116E-1,2.159090042E-1,-1.753273487E0,1.776635476E0
2.588416255E1,-1.802625358E-1,2.198839188E-1,-1.690735579E0,1.714476689E0
2.588918640E1,-1.620301455E-1,1.715469360E-1,-1.662603617E0,1.679265585E0
2.589421130E1,-1.968376637E-1,2.000637054E-1,-1.659214497E0,1.682784388E0
2.589924927E1,-1.937357485E-1,2.096481323E-1,-1.656489372E0,1.680905387E0
2.590427547E1,-1.766480058E-1,2.147016525E-1,-1.640206575E0,1.663604198E0
2.590930167E1,-1.599835306E-1,2.725906372E-1,-1.662904501E0,1.692675918E0
2.591434078E1,-1.723551750E-1,2.971658707E-1,-1.638470173E0,1.674096284E0
2.591936786E1,-1.514833570E-1,3.171796799E-1,-1.624415636E0,1.662009722E0
2.592439495E1,-1.070269421E-1,3.422203064E-1,-1.620799541E0,1.659988150E0
2.592942203E1,-1.345986724E-1,3.100910187E-1,-1.608429193E0,1.643568591E0
2.593444911E1,-8.586210012E-2,3.643321991E-1,-1.649488211E0,1.691425910E0
2.593944010E1,-9.951233119E-2,3.231496811E-1,-1.657990098E0,1.692116895E0
2.594446573E1,-9.415512532E-2,3.635883331E-1,-1.657817721E0,1.699829774E0
2.594949135E1,-4.588449746E-2,4.281702042E-1,-1.687301993E0,1.741385405E0
2.595451698E1,-7.897362113E-2,4.403314590E-1,-1.688965917E0,1.747207628E0
2.595958713E1,-4.033194482E-2,4.575843811E-1,-1.581756592E0,1.647107783E0
2.596461490E1,-6.394748390E-2,4.273080826E-1,-1.566650629E0,1.625138662E0
2.596964266E1,-2.534680068E-2,4.020700455E-1,-1.514064789E0,1.566746618E0
2.597467042E1,-2.023406513E-2,3.484134674E-1,-1.534143686E0,1.573339827E0
2.597966234E1,-1.514342241E-2,3.428802490E-1,-1.473716736E0,1.513154720E0
2.598468818E1,-4.977690056E-3,3.232345581E-1,-1.461993217E0,1.497307425E0
2.598975604E1,1.007970329E-2,3.037996292E-1,-1.465294361E0,1.496490354E0
2.599478583E1,-8.284322917E-3,2.749519348E-1,-1.473828077E0,1.499278626E0
2.599981562E1,-1.704614982E-2,3.323383331E-1,-1.468410254E0,1.505645380E0
2.600484542E1,-4.006484151E-2,2.941341400E-1,-1.492150545E0,1.521391906E0
2.600985135E1,-1.002846286E-3,3.134784698E-1,-1.516257524E0,1.548323815E0
2.601487990E1,-1.939751580E-2,3.089609146E-1,-1.497555733E0,1.529217539E0
2.601990844E1,-3.287895024E-2,3.379974365E-1,-1.493477821E0,1.531600240E0
2.602493698E1,-1.759198308E-2,2.379446030E-1,-1.489658356E0,1.508644799E0
2.602991120E1,-3.111476451E-2,2.815370560E-1,-1.471666574E0,1.498677333E0
2.603493698E1,-2.084475756E-2,2.581443787E-1,-1.444214582E0,1.467252120E0
2.603996099E1,3.716332465E-2,2.443599701E-1,-1.431193352E0,1.452379881E0
2.604498661E1,2.825311571E-2,2.018985748E-1,-1.399058819E0,1.413834096E0
2.604998042E1,1.947102323E-2,1.547174454E-1,-1.371776342E0,1.380611076E0
2.605500292E1,6.066426635E-3,1.697874069E-1,-1.382855415E0,1.393252908E0
2.606002542E1,-3.124128655E-2,1.513910294E-1,-1.408368349E0,1.416826266E0
2.606507500E1,-5.411449075E-2,1.521520615E-1,-1.400389194E0,1.409669651E0
2.607009932E1,-6.253077090E-2,1.481552124E-1,-1.425979853E0,1.435018677E0
2.607512364E1,-5.195979029E-2,1.298732758E-1,-1.423045158E0,1.429903637E0
2.608016802E1,-7.500648499E-2,1.403989792E-1,-1.386955500E0,1.396059957E0
2.608519364E1,-4.061688483E-2,1.509943008E-1,-1.375110865E0,1.383972146E0
2.609019917E1,-8.293637633E-2,1.951351166E-1,-1.411389828E0,1.427227173E0
2.609522281E1,-8.230332285E-2,1.867046356E-1,-1.457506895E0,1.471719677E0
2.610024646E1,-2.917253599E-2,2.358055115E-1,-1.460979223E0,1.480174168E0
2.610525495E1,-6.224984676E-2,2.132644653E-1,-1.445855379E0,1.462824170E0
2.611027760E1,-1.888084039E-2,2.196550369E-1,-1.426692724E0,1.443626320E0
2.611530026E1,-1.379510015E-2,1.975936890E-1,-1.456237078E0,1.469646215E0
2.612032292E1,-2.321327850E-2,1.710710526E-1,-1.548926353E0,1.558517568E0
2.612537651E1,1.046170294E-2,1.735754013E-1,-1.508608103E0,1.518596811E0
2.613040078E1,1.535195485E-2,2.002725601E-1,-1.474075317E0,1.487697154E0
2.613542500E1,-3.555666655E-3,2.750492096E-1,-1.397500038E0,1.424314244E0
2.614044922E1,-3.660840169E-2,2.783193588E-1,-1.384248495E0,1.412425480E0
2.614547344E1,-8.792721480E-2,2.798957825E-1,-1.310054541E0,1.342503536E0
2.615049766E1,-4.391815513E-2,1.962833405E-1,-1.256473064E0,1.272470242E0
2.615558182E1,-3.703901470E-1,2.894334793E-1,-1.275798559E0,1.359640601E0
2.616060906E1,-3.381794989E-1,2.299728394E-1,-1.043662906E0,1.120930480E0
2.616563630E1,-1.978031099E-1,1.236038208E-1,-1.022637963E0,1.048900557E0
2.617067088E1,-1.016336232E-1,4.683971405E-2,-9.835158587E-1,9.898620088E-1
2.617569859E1,-4.439124838E-2,-1.004314423E-2,-9.075058699E-1,9.086464392E-1
2.618072630E1,2.153257281E-2,5.048751831E-3,-9.754329920E-1,9.756836903E-1
2.618575401E1,-1.776586473E-2,9.151935577E-2,-1.024644494E0,1.028876940E0
2.619072036E1,3.162994981E-4,1.774749756E-1,-1.078789115E0,1.093290182E0
2.619574500E1,3.267429397E-2,2.060537338E-1,-1.052730203E0,1.073203909E0
2.620079088E1,7.432021201E-2,2.726964951E-1,-1.070554852E0,1.107237357E0
2.620581766E1,1.300323308E-1,2.678384781E-1,-1.065293670E0,1.106117742E0
2.621084443E1,1.476035118E-1,3.012895584E-1,-1.132089496E0,1.180757732E0
2.621587156E1,1.701006889E-1,3.204870224E-1,-1.313028932E0,1.362237553E0
2.622089833E1,1.214238256E-1,3.255920410E-1,-1.317646861E0,1.362698489E0
2.622591963E1,1.351194680E-1,2.930240631E-1,-1.209266543E0,1.251577383E0
2.623094588E1,1.675718725E-1,1.945524216E-1,-1.002878070E0,1.035227222E0
2.623597797E1,1.190671623E-1,1.065721512E-1,-7.510836124E-1,7.678940066E-1
2.624100479E1,8.512213081E-2,-8.983802795E-2,-7.530074120E-1,7.631099599E-1
2.624603161E1,6.073813885E-2,-1.516094208E-1,-8.877966404E-1,9.026945290E-1
2.625105844E1,-6.326700747E-2,-1.937017441E-1,-8.745777607E-1,8.980029729E-1
2.625608271E1,-1.723295003E-1,-2.305278778E-1,-8.142864704E-1,8.636567692E-1
2.626110937E1,-2.383285910E-1,-1.623516083E-1,-8.499455452E-1,8.975332817E-1
2.626613604E1,-2.284512669E-1,-9.451675415E-2,-9.475018978E-1,9.792258394E-1
2.627118781E1,-2.049235255E-1,-5.071258545E-2,-9.783742428E-1,1.000890392E0
2.627621615E1,-1.486789435E-1,1.673984528E-2,-9.905669689E-1,1.001802660E0
2.628124448E1,-9.777140617E-2,4.591274261E-2,-9.699769020E-1,9.759725499E-1
2.628627281E1,-7.564885914E-2,8.931446075E-2,-1.006948948E0,1.013728764E0
2.629130115E1,-1.074120775E-2,1.089277267E-1,-1.011026621E0,1.016934340E0
2.629625104E1,3.024686500E-2,6.206035614E-2,-1.034263849E0,1.036565517E0
2.630127625E1,1.893548295E-2,5.411720276E-2,-1.011099815E0,1.012724079E0
2.630630146E1,5.547245592E-2,3.711223602E-2,-1.079093456E0,1.081155492E0
2.631133083E1,7.314178348E-2,1.600646973E-2,-1.024170399E0,1.026903566E0
2.631635630E1,2.937116846E-2,-1.870441437E-2,-9.659080505E-1,9.665355052E-1
2.632141302E1,1.471261960E-2,-3.957748413E-4,-8.901417255E-1,8.902633932E-1
2.632644172E1,1.904832385E-2,-5.614280701E-3,-8.916025162E-1,8.918236404E-1
2.633147042E1,-2.434954047E-2,2.291870117E-2,-8.796741962E-1,8.803095243E-1
2.633646297E1,-1.717297882E-1,1.180315018E-1,-9.205675125E-1,9.438575638E-1
2.634148927E1,-9.974630177E-2,8.932590485E-2,-8.194003105E-1,8.302682162E-1
2.634651557E1,-9.529164433E-2,8.966064453E-2,-7.811799049E-1,7.920615964E-1
2.635156927E1,-1.105366647E-1,5.250072479E-2,-7.915995121E-1,8.010021647E-1
2.635659740E1,-9.802202880E-2,4.928779602E-2,-7.360043526E-1,7.441370922E-1
2.636162286E1,-6.763904542E-2,7.509040833E-2,-7.813682556E-1,7.878768690E-1
2.636665073E1,-4.309083521E-2,8.219051361E-2,-8.223707676E-1,8.275903455E-1
2.637167859E1,-3.827154636E-2,1.277275085E-1,-7.925422192E-1,8.036804072E-1
2.637670646E1,-5.778945237E-2,1.116132736E-1,-6.923241615E-1,7.036404538E-1
2.638172641E1,-4.430034757E-2,6.754493713E-2,-6.693339348E-1,6.741904446E-1
2.638675385E1,-7.850720733E-2,2.427291870E-2,-7.039687634E-1,7.087485986E-1
2.639178078E1,-8.419421315E-2,-4.668617249E-2,-7.767715454E-1,7.827146977E-1
2.639680818E1,6.623176485E-2,2.153396606E-3,-8.162920475E-1,8.189774054E-1
2.640182963E1,-1.078683287E-1,1.462411880E-1,-7.947244644E-1,8.152355707E-1
2.640685646E1,-1.571043581E-1,4.308032990E-2,-6.844732761E-1,7.035917566E-1
2.641188328E1,-2.204656452E-1,7.914924622E-2,-6.804273129E-1,7.196186712E-1
2.641691010E1,-2.786383629E-1,5.377769470E-2,-7.387702465E-1,7.913993018E-1
2.642191740E1,-2.413479388E-1,4.337120056E-2,-7.590615749E-1,7.976868829E-1
2.642694323E1,-2.281685024E-1,-2.330207825E-2,-7.845890522E-1,8.174251239E-1
2.643195521E1,-2.006908506E-1,-6.998729706E-2,-8.196260929E-1,8.467360695E-1
2.643697963E1,-1.938028932E-1,-8.308696747E-2,-7.509176731E-1,7.799617666E-1
2.644200406E1,-1.581883281E-1,-1.291608810E-1,-7.446792126E-1,7.721743391E-1
2.644703052E1,-1.240648329E-2,-2.368249893E-1,-8.630650043E-1,8.950537404E-1
2.645205510E1,3.063703477E-1,-5.066604614E-1,-7.372231483E-1,9.455504130E-1
2.645707969E1,-5.233828723E-2,-3.310976028E-1,-6.783380508E-1,7.566422075E-1
2.646210427E1,-1.468474567E-1,-2.699222565E-1,-5.960421562E-1,6.705881389E-1
2.646714750E1,-1.173155978E-1,-2.941207886E-1,-7.010688782E-1,7.692642977E-1
2.647217302E1,3.135374188E-2,-3.511705399E-1,-6.723732948E-1,7.592033014E-1
2.647719854E1,1.513741463E-1,-3.884439468E-1,-8.018040657E-1,9.037104579E-1
2.648224505E1,-1.443154365E-2,-2.144212723E-1,-7.691950798E-1,7.986525041E-1
2.648727198E1,3.098846972E-2,-1.882419586E-1,-7.465176582E-1,7.705088801E-1
2.649229891E1,5.260527134E-2,-8.967208862E-2,-8.103456497E-1,8.169874357E-1
2.649729245E1,2.274814844E-1,-8.633995056E-2,-9.028987885E-1,9.351088894E-1
2.650231713E1,2.881411910E-1,-1.060495377E-1,-7.760300636E-1,8.345624662E-1
2.650734182E1,3.925854564E-1,-3.116188049E-1,-7.643356323E-1,9.140232924E-1
2.651236828E1,3.779824376E-1,-3.013372421E-1,-5.085639954E-1,7.016496234E-1
2.651739312E1,1.237009913E-1,-3.336634636E-1,-5.877566338E-1,6.870888609E-1
2.652241797E1,3.067214787E-2,-4.415392876E-1,-5.909461975E-1,7.383191258E-1
2.652744281E1,7.888272405E-3,-5.004239082E-1,-8.626828194E-1,9.973504698E-1
2.653250990E1,9.390406311E-2,-5.151619911E-1,-9.052228928E-1,1.045771646E0
2.653753682E1,2.078531384E-1,-7.639575005E-1,-8.898172379E-1,1.191053612E0
2.654258562E1,4.840950668E-1,-9.354624748E-1,-9.603266716E-1,1.425365003E0
2.654761479E1,3.447173834E-1,-9.682726860E-1,-5.991716385E-1,1.189701106E0
2.655264396E1,6.626483798E-2,-9.534401894E-1,-1.464252472E-1,9.668917088E-1
2.655767312E1,3.421644866E-2,-1.015724182E0,-2.520689964E-1,1.047093672E0
2.656266005E1,3.149161339E-1,-8.731966019E-1,-1.125404358E0,1.458828107E0
2.656768708E1,4.370175898E-1,-5.293478966E-1,-1.806521416E0,1.932540606E0
2.657269510E1,3.751191497E-1,-1.416773796E-1,-1.846996784E0,1.890022216E0
2.657772031E1,2.829129994E-1,5.123806000E-2,-1.602322102E0,1.627913149E0
2.658274552E1,2.171091735E-1,3.511285782E-2,-1.086855888E0,1.108884587E0
2.658776042E1,1.864997000E-1,-1.092505455E-1,-3.763465881E-1,4.339983573E-1
2.659278490E1,4.606406391E-2,-2.197198868E-1,-7.271337509E-2,2.359787311E-1
2.659780937E1,-3.343935311E-2,-3.491907120E-1,-2.420368195E-1,4.261856000E-1
2.660286818E1,-2.361908555E-2,-5.164771080E-1,-5.302100182E-1,7.405600095E-1
2.660789500E1,1.141853184E-1,-6.166987419E-1,-8.362059593E-1,1.045273185E0
2.661292182E1,4.529383779E-2,-5.246977806E-1,-1.118096352E0,1.235920201E0
2.661791073E1,9.505361319E-3,-4.698963165E-1,-1.108543873E0,1.204060803E0
2.662293505E1,1.363288164E-1,-6.620297432E-1,-1.004733086E0,1.210932492E0
2.662796594E1,4.029762447E-1,-8.436813354E-1,-5.136876106E-1,1.066800361E0
2.663299094E1,1.791298985E-1,-6.045870781E-1,-2.755928040E-1,6.881601915E-1
2.663801594E1,-1.919119060E-1,-5.192723274E-1,-3.091115952E-1,6.340535529E-1
2.664304094E1,-4.143967927E-1,-5.539751053E-1,-6.379289627E-1,9.410454189E-1
2.664810745E1,-6.320516467E-1,-5.547156334E-1,-8.273863792E-1,1.179731723E0
2.665313453E1,-7.677956820E-1,-6.034092903E-1,-9.105324745E-1,1.335171288E0
2.665815411E1,-8.360623121E-1,-6.375999451E-1,-7.251639366E-1,1.277261373E0
2.666318042E1,-6.603354216E-1,-5.952439308E-1,-9.123387337E-1,1.273860342E0
2.666820672E1,-3.120262921E-1,-4.764986038E-1,-1.012458801E0,1.161672996E0
2.667323302E1,-1.250560135E-1,-5.349383354E-1,-4.661402702E-1,7.204753852E-1
2.667822177E1,1.240677536E-1,-5.989303589E-1,-6.650571823E-1,9.035548893E-1
2.668324625E1,2.775752842E-1,-5.624046326E-1,-9.300837517E-1,1.121785538E0
2.668827073E1,1.933948994E-1,-6.021685600E-1,-7.353987694E-1,9.699587165E-1
2.669330463E1,4.402756393E-1,-1.138823986E0,-3.734278679E-1,1.276797197E0
2.669832974E1,2.427654266E-1,-1.115756512E0,-4.030094147E-1,1.210893981E0
2.670335890E1,-5.467152596E-2,-8.730807304E-1,-6.564140320E-1,1.093681087E0
2.670838443E1,-2.752233446E-1,-6.925420761E-1,-8.183903694E-1,1.106853745E0
2.671340693E1,-4.482110739E-1,-5.303459167E-1,-8.418369293E-1,1.091260452E0
2.671843213E1,-5.212581158E-1,-4.725584984E-1,-8.512363434E-1,1.104366275E0
2.672345734E1,-4.511694908E-1,-4.711198807E-1,-7.079930305E-1,9.626847785E-1
2.672848729E1,-4.147753716E-1,-4.447607994E-1,-7.182621956E-1,9.411436443E-1
2.673351281E1,-3.212265372E-1,-4.606690407E-1,-8.003435135E-1,9.777280771E-1
2.673853833E1,-1.797212958E-1,-3.990640640E-1,-7.725577354E-1,8.879174094E-1
2.674356385E1,-7.624426484E-2,-4.037413597E-1,-7.543888092E-1,8.590243005E-1
2.674859203E1,3.217364848E-2,-3.984251022E-1,-8.077015877E-1,9.011989572E-1
2.675361766E1,1.305390447E-1,-3.688707352E-1,-8.988327980E-1,9.803093697E-1
2.675864328E1,1.894368529E-1,-4.153127670E-1,-6.835656166E-1,8.219689580E-1
2.676368484E1,2.944118381E-1,-5.186376572E-1,-4.060707092E-1,7.214962028E-1
2.676871156E1,3.016225100E-1,-6.027917862E-1,-3.290166855E-1,7.500573680E-1
2.677373828E1,3.261607885E-1,-6.053576469E-1,-4.189047813E-1,8.051831820E-1
2.677878062E1,2.873329520E-1,-5.259447098E-1,-4.846310616E-1,7.707433612E-1
2.678380838E1,2.438078076E-1,-4.560151100E-1,-4.015312195E-1,6.546902686E-1
2.678882943E1,2.057578564E-1,-4.147291183E-1,-3.276009560E-1,5.671498245E-1
2.679385651E1,-3.229750693E-2,-4.307022095E-1,-1.815729141E-1,4.685256080E-1
2.679888411E1,-2.076218724E-1,-5.133247375E-1,-4.489755630E-2,5.555402044E-1
2.680391125E1,-2.532688081E-1,-6.298265457E-1,1.126432419E-2,6.789355285E-1
2.680893838E1,-3.654963970E-1,-5.941972733E-1,-8.914422989E-2,7.032813871E-1
2.681396552E1,-4.013237357E-1,-4.831690788E-1,-3.650646210E-1,7.264883186E-1
2.681898766E1,-2.121215165E-1,-4.505028725E-1,-3.902692795E-1,6.326598504E-1
2.682401453E1,-4.965665340E-1,-5.915870667E-1,4.997730255E-2,7.739840508E-1
2.682903990E1,-5.658178329E-1,-7.040376663E-1,-4.421157837E-1,1.005626781E0
2.683406661E1,-4.484861493E-1,-4.570569992E-1,-8.759956360E-1,1.085084919E0
2.683909172E1,-2.075878978E-1,-5.921874046E-1,-5.393972397E-1,8.274829543E-1
2.684411828E1,-8.091200888E-2,-7.989830971E-1,-3.533172607E-2,8.038464241E-1
2.684914484E1,-5.490526557E-2,-7.434482574E-1,-1.334037781E-1,7.573153027E-1
2.685417172E1,-9.044690430E-2,-7.271671295E-1,-1.012325287E-1,7.397301546E-1
2.685919828E1,-2.000221610E-2,-7.737808228E-1,-1.974010468E-1,7.988141358E-1
2.686422859E1,-4.478976130E-2,-8.064551353E-1,-2.593069077E-1,8.483018805E-1
2.686925552E1,-4.478242993E-2,-7.820234299E-1,-4.257993698E-1,8.915555026E-1
2.687428245E1,-9.691035748E-2,-7.000384331E-1,-6.635751724E-1,9.694211854E-1
2.687930937E1,-1.248503178E-1,-4.829468727E-1,-8.631849289E-1,9.969521078E-1
2.688429984E1,-1.798301935E-2,-2.833337784E-1,-9.676523209E-1,1.008440595E0
2.688932500E1,-3.881281614E-2,-2.624740601E-1,-7.434911728E-1,7.894163609E-1
2.689435016E1,-1.060931683E-1,-1.286520958E-1,-4.826231003E-1,5.106194072E-1
2.689940349E1,-6.230708957E-2,-9.259605408E-2,-1.657857895E-1,1.998527724E-1
2.690443057E1,-5.568709970E-2,-7.441091537E-2,2.132415771E-2,9.535594948E-2
2.690945766E1,-5.736178160E-2,-1.316285133E-1,1.794118881E-1,2.297935271E-1
2.691444838E1,-1.938641071E-2,-1.982641220E-1,1.560506821E-1,2.530539673E-1
2.691947307E1,6.808322668E-2,-2.068367004E-1,-1.492452621E-1,2.639903307E-1
2.692449776E1,1.622191668E-1,-2.581028938E-1,-3.390598297E-1,4.559536489E-1
2.692952390E1,1.478845179E-1,-3.807997704E-1,-3.369493484E-1,5.295405170E-1
2.693454865E1,9.196335077E-2,-5.420136452E-1,-1.476058960E-1,5.692306650E-1
2.693957338E1,1.183229089E-1,-6.848504543E-1,-2.061939240E-1,7.249388870E-1
2.694459812E1,1.118990183E-1,-8.714692593E-1,-9.158802032E-2,8.833846419E-1
2.694963068E1,1.199874580E-1,-1.034496546E0,-3.372859955E-2,1.041977789E0
2.695465583E1,1.466429532E-1,-1.211900234E0,1.251430511E-1,1.227137774E0
2.695968099E1,1.954637766E-1,-1.417540789E0,1.743030548E-1,1.441530274E0
2.696474719E1,2.656309903E-1,-1.612200975E0,8.482551575E-2,1.636137884E0
2.696977510E1,2.949221432E-1,-1.681941748E0,-8.057212830E-2,1.709502554E0
2.697480302E1,2.602949142E-1,-1.602110624E0,-4.704523087E-1,1.689922267E0
2.697981625E1,1.916808486E-1,-1.530379057E0,-6.686201096E-1,1.681027798E0
2.698484318E1,6.069287658E-2,-1.446977377E0,-7.711906433E-1,1.640780961E0
2.698987417E1,1.650035381E-3,-1.251833677E0,-9.885358810E-1,1.595084157E0
2.699490151E1,6.327468157E-2,-1.136998653E0,-7.894306183E-1,1.385629938E0
2.699992302E1,-4.101747274E-2,-1.160377502E0,-6.619644165E-1,1.336546022E0
2.700494974E1,-2.252676934E-1,-1.231360435E0,-6.202144623E-1,1.397018266E0
2.700997646E1,-2.791034281E-1,-1.335855365E0,-4.726600647E-1,1.444235374E0
2.701500318E1,-2.654888630E-1,-1.507458329E0,-3.437013626E-1,1.568771997E0
2.702002365E1,-4.669104218E-1,-1.679823160E0,-5.135440826E-2,1.744261582E0
2.702505005E1,-6.024084091E-1,-1.838092089E0,-8.376789093E-2,1.936103168E0
2.703008036E1,-2.468097806E-1,-2.030038357E0,-2.110052109E-1,2.055843865E0
2.703510713E1,-1.597192883E-1,-2.232326746E0,-6.289005280E-1,2.324716935E0
2.704013390E1,-2.004469782E-1,-2.324671268E0,-8.639335632E-1,2.488103032E0
2.704515844E1,-5.300006270E-2,-2.363934994E0,-9.595861435E-1,2.551823510E0
2.705018505E1,2.431074381E-1,-2.215684652E0,-1.317878723E0,2.589433149E0
2.705520771E1,5.159039497E-1,-1.965201139E0,-1.580082893E0,2.573875357E0
2.706023396E1,6.800556183E-1,-1.693252206E0,-1.488224030E0,2.354652721E0
2.706525838E1,7.447497249E-1,-1.505256295E0,-1.090440750E0,2.002376013E0
2.707028443E1,5.752039552E-1,-1.205367565E0,-9.943017960E-1,1.665054539E0
2.707531047E1,4.348385036E-1,-1.099955559E0,-6.111087799E-1,1.331330423E0
2.708033661E1,6.007569432E-1,-1.193980694E0,2.067565918E-2,1.336759621E0
2.708536266E1,6.129829884E-1,-1.316077352E0,7.097320557E-1,1.616022070E0
2.709038990E1,7.388411164E-1,-1.452783346E0,1.021011353E0,1.923260208E0
2.709541604E1,8.924422264E-1,-1.523181319E0,1.012431145E0,2.035080166E0
2.710044182E1,9.599460363E-1,-1.627188444E0,1.109858513E0,2.191124037E0
2.710546792E1,1.003924131E0,-1.654668689E0,1.227043152E0,2.291599229E0
2.711049401E1,1.039030194E0,-1.620282769E0,1.512239456E0,2.447808851E0
2.711552349E1,9.509462714E-1,-1.595649719E0,2.204303741E0,2.882594634E0
2.712054984E1,7.736904621E-1,-1.552666187E0,3.269332886E0,3.701068324E0
2.712557125E1,5.114631057E-1,-1.530347586E0,4.223947525E0,4.521646927E0
2.713059708E1,2.213545889E-1,-1.381075263E0,4.843573570E0,5.041485066E0
2.713562198E1,9.039078653E-2,-1.220318079E0,5.200373650E0,5.342399536E0
2.714064771E1,2.791567147E-2,-1.038401604E0,5.237199783E0,5.339224545E0
2.714567344E1,-1.335519999E-1,-8.345149755E-1,5.317762375E0,5.384500725E0
2.715068073E1,-5.095034838E-1,-7.756094933E-1,4.987604141E0,5.073200071E0
2.715570521E1,-2.876163125E-1,-4.163102508E-1,4.079796791E0,4.111055731E0
2.716072969E1,1.747161150E-3,-6.727749109E-2,3.364933968E0,3.365606917E0
2.716575417E1,2.844729275E-2,8.064347506E-2,3.210978508E0,3.212116996E0
2.717077865E1,1.061211005E-1,8.867877722E-2,2.746950150E0,2.750429192E0
2.717580312E1,2.342095375E-1,-4.846304655E-2,2.226728439E0,2.239536183E0
2.718085437E1,3.365081847E-1,-2.065145075E-1,1.865565300E0,1.906887487E0
2.718587974E1,4.806580544E-1,-5.495892763E-1,1.859386444E0,1.997598179E0
2.719091266E1,5.381997228E-1,-8.913269639E-1,2.102490425E0,2.346185987E0
2.719593875E1,5.672335625E-1,-1.270254135E0,2.326694489E0,2.710868260E0
2.720095875E1,5.351277590E-1,-1.657822490E0,2.426754951E0,2.987285845E0
2.720598422E1,5.195192695E-1,-2.030058384E0,2.622756958E0,3.357065888E0
2.721100969E1,4.434222877E-1,-2.420252800E0,2.785401344E0,3.716545115E0
2.721604328E1,4.442294836E-1,-2.746303558E0,2.799880028E0,3.947005351E0
2.722106927E1,4.446446896E-1,-3.007881165E0,2.546768188E0,3.966243337E0
2.722609526E1,4.499399364E-1,-3.141961575E0,2.112430573E0,3.812706572E0
2.723112125E1,5.034021735E-1,-3.171318531E0,1.583130836E0,3.580080756E0
2.723611990E1,4.757477641E-1,-3.033083439E0,9.207067490E-1,3.205250692E0
2.724114453E1,5.010402799E-1,-2.917311430E0,1.731290817E-1,2.965083645E0
2.724616365E1,5.738506913E-1,-2.708762884E0,-4.586305618E-1,2.806607021E0
2.725118771E1,6.700302958E-1,-2.470014334E0,-9.029588699E-1,2.713898695E0
2.725621177E1,7.703433037E-1,-2.321205616E0,-1.140944481E0,2.698736487E0
2.726123583E1,8.026686907E-1,-2.223603725E0,-7.902460098E-1,2.492624984E0
2.726628542E1,7.325738668E-1,-2.167852163E0,-2.055025101E-1,2.297494016E0
2.727131078E1,5.929641128E-1,-2.121739864E0,6.416702271E-1,2.294586492E0
2.727633615E1,3.598626852E-1,-2.076287508E0,1.473546982E0,2.571344332E0
2.728137828E1,1.867577434E-1,-2.084874868E0,2.007966042E0,2.900604988E0
2.728640479E1,2.261967957E-2,-1.943184972E0,2.379191399E0,3.071975129E0
2.729143114E1,-1.984471381E-1,-1.785934210E0,2.692613602E0,3.237145390E0
2.729645760E1,-4.910122752E-1,-1.622762680E0,2.953048706E0,3.405135596E0
2.730148036E1,-6.550381184E-1,-1.444090366E0,2.887913704E0,3.294619475E0
2.730650646E1,-7.486695051E-1,-1.301899076E0,2.521509171E0,2.934868946E0
2.731153052E1,-7.187639475E-1,-1.147509217E0,1.978572845E0,2.397529879E0
2.731655640E1,-6.984161139E-1,-9.417630434E-1,1.455447197E0,1.868964751E0
2.732158229E1,-7.302196026E-1,-7.511978149E-1,8.421335220E-1,1.344138272E0
2.732660818E1,-6.996620893E-1,-6.516797543E-1,-1.147089005E-1,9.630013880E-1
2.733160672E1,-7.011535764E-1,-5.134342313E-1,-8.215808868E-1,1.195920650E0
2.733663125E1,-6.913030148E-1,-4.508779049E-1,-1.183115959E0,1.442551253E0
2.734165578E1,-7.471954823E-1,-2.916789949E-1,-1.457998276E0,1.664072323E0
2.734668031E1,-7.739816904E-1,-2.891189158E-1,-1.421559334E0,1.644222717E0
2.735176792E1,-7.339925766E-1,-3.658332527E-1,-1.088506699E0,1.362874134E0
2.735679557E1,-7.090954781E-1,-5.850905776E-1,-4.879674911E-1,1.040797604E0
2.736182323E1,-6.659328341E-1,-8.036944866E-1,2.580261230E-2,1.044058017E0
2.736682448E1,-6.473704576E-1,-1.018031120E0,5.484991074E-1,1.325264933E0
2.737185036E1,-5.668820143E-1,-1.238367319E0,9.222545624E-1,1.644828962E0
2.737688943E1,-5.150096416E-1,-1.388963461E0,1.252417564E0,1.939846433E0
2.738191667E1,-4.581193328E-1,-1.479999781E0,1.452915192E0,2.123966861E0
2.738694391E1,-3.197920620E-1,-1.626199484E0,1.361298561E0,2.144743690E0
2.739197115E1,-2.291629910E-1,-1.669689775E0,1.159652710E0,2.045769788E0
2.739697411E1,-1.666827500E-1,-1.749082804E0,1.039426804E0,2.041441127E0
2.740200010E1,6.330482662E-2,-1.792151213E0,8.522739410E-1,1.985493475E0
2.740702469E1,2.153817117E-1,-1.869668722E0,5.552625656E-1,1.962235187E0
2.741205052E1,2.419846952E-1,-1.856396079E0,3.685836792E-1,1.908040074E0
2.741708240E1,2.633419037E-1,-1.737882018E0,1.486577988E-1,1.763996034E0
2.742210880E1,2.795105875E-1,-1.518433571E0,-1.570339203E-1,1.551910542E0
2.742713521E1,3.008328378E-1,-1.351047516E0,-3.618335724E-1,1.430647867E0
2.743216161E1,3.277103603E-1,-1.206857681E0,-3.319339752E-1,1.293862321E0
2.743714812E1,3.115511835E-1,-1.157675028E0,-3.928642273E-1,1.261593402E0
2.744217250E1,9.438122809E-2,-8.352258801E-1,-3.006172180E-1,8.926818016E-1
2.744719687E1,-1.272423267E-1,-5.799913406E-1,-9.846401215E-2,6.018934512E-1
2.745222125E1,-2.197119892E-1,-5.119684935E-1,1.273221970E-1,5.714858164E-1
2.745724562E1,-2.695817351E-1,-4.734671712E-1,2.092866898E-1,5.836492034E-1
2.746227370E1,-3.247072399E-1,-4.696810842E-1,1.332235336E-1,5.863306425E-1
2.746729823E1,-4.181527793E-1,-3.907876611E-1,-4.328918457E-2,5.739692469E-1
2.747232219E1,-6.361140013E-1,-1.028621793E-1,-2.292594910E-1,6.839455861E-1
2.747734667E1,-8.735594153E-1,1.076583266E-1,-5.250549316E-1,1.024880017E0
2.748237115E1,-9.964842200E-1,4.137538970E-1,-7.822208405E-1,1.332682457E0
2.748744240E1,-1.134020209E0,6.586695910E-1,-9.193992615E-1,1.601606215E0
2.749247000E1,-1.080612421E0,7.618263960E-1,-9.032096863E-1,1.601215288E0
2.749749547E1,-1.052051067E0,8.385816813E-1,-7.959871292E-1,1.563210221E0
2.750252286E1,-8.950026035E-1,8.172872066E-1,-5.739126205E-1,1.341030848E0
2.750755026E1,-7.576712370E-1,7.695350647E-1,-2.945232391E-1,1.119372082E0
2.751254052E1,-6.112517118E-1,6.611278653E-1,1.042242050E-1,9.064112722E-1
2.751756542E1,-4.701936841E-1,4.772597849E-1,4.595317841E-1,8.124213583E-1
2.752259031E1,-3.395286202E-1,2.985238433E-1,8.478956223E-1,9.608970576E-1
2.752761318E1,-2.480731905E-1,1.433072090E-1,1.068337440E0,1.106084152E0
2.753263792E1,-1.576486528E-1,-1.731485128E-2,1.144953728E0,1.155885782E0
2.753767297E1,-4.386076331E-2,-1.739578843E-1,1.101831436E0,1.116341178E0
2.754269880E1,7.451139390E-2,-3.366452456E-1,9.008216858E-1,9.645525796E-1
2.754772463E1,1.694729030E-1,-4.669061899E-1,7.430200577E-1,8.937568244E-1
2.755275047E1,2.267158329E-1,-5.457421541E-1,6.044454575E-1,8.453335902E-1
2.755777630E1,1.978338957E-1,-5.920196772E-1,4.372606277E-1,7.621170547E-1
2.756285859E1,1.637991220E-1,-5.478624105E-1,1.219806671E-1,5.846902226E-1
2.756788661E1,6.303878129E-2,-4.804559946E-1,-9.730434418E-2,4.942468878E-1
2.757291463E1,2.488939464E-2,-4.707213640E-1,-4.119644165E-1,6.260293643E-1
2.757794266E1,1.453369856E-3,-3.891010284E-1,-6.735858917E-1,7.778943862E-1
2.758293364E1,-5.471241474E-2,-2.831705809E-1,-7.626276016E-1,8.153403491E-1
2.758795963E1,-7.685002685E-2,-2.479044199E-1,-8.227033615E-1,8.626722142E-1
2.759298562E1,-3.208726645E-3,-2.160737514E-1,-8.920955658E-1,9.178957787E-1
2.759801328E1,1.802431047E-2,-1.107860804E-1,-8.990020752E-1,9.059818776E-1
2.760303937E1,3.971050680E-2,-6.172931194E-2,-8.291969299E-1,8.324391755E-1
2.760806547E1,3.288173676E-2,-2.390384674E-3,-6.397953033E-1,6.406441701E-1
2.761310198E1,2.087751031E-2,9.445667267E-3,-3.788290024E-1,3.795214146E-1
2.761812875E1,1.244506240E-2,-1.203501225E-2,-1.372966766E-1,1.383838810E-1
2.762315552E1,7.387191057E-3,-2.392816544E-2,3.219127655E-2,4.078487439E-2
2.762817042E1,6.127208471E-3,-5.986571312E-2,2.492818832E-1,2.564427882E-1
2.763319635E1,4.714393616E-2,-1.440658569E-1,3.799705505E-1,4.090906270E-1
2.763822198E1,4.934212565E-2,-2.530560493E-1,6.156034470E-1,6.674126260E-1
2.764324786E1,1.271757483E-2,-2.864760160E-1,7.456054688E-1,7.988477699E-1
2.764827375E1,-5.148127675E-3,-3.879002333E-1,8.657569885E-1,9.486981909E-1
2.765330120E1,5.576595664E-3,-5.667581558E-1,9.139070511E-1,1.075393883E0
2.765832719E1,1.610924304E-2,-7.269489765E-1,9.523582458E-1,1.198207224E0
2.766335318E1,2.657854557E-2,-8.447756767E-1,9.954471588E-1,1.305858878E0
2.766837635E1,1.378521323E-2,-9.203979969E-1,1.067073822E0,1.409244140E0
2.767340213E1,-6.066679955E-2,-1.016294122E0,1.152812958E0,1.538022080E0
2.767842792E1,-9.660479426E-2,-1.084828258E0,1.171306610E0,1.599419898E0
2.768345370E1,-8.008264005E-2,-1.102174520E0,9.361085892E-1,1.448275248E0
2.768846995E1,-4.879102111E-2,-1.101829410E0,6.866693497E-1,1.299201065E0
2.769349526E1,2.472445369E-3,-1.007338405E0,3.273563385E-1,1.059197313E0
2.769852057E1,4.963760823E-2,-9.430654049E-1,-6.038379669E-2,9.462993464E-1
2.770353588E1,9.776735306E-2,-8.032426834E-1,-3.425340652E-1,8.786847271E-1
2.770856052E1,1.559660137E-1,-7.069065571E-1,-4.426279068E-1,8.485055932E-1
2.771358516E1,2.187317759E-1,-5.770195723E-1,-6.430006027E-1,8.912042143E-1
2.771860979E1,2.811889648E-1,-4.801094532E-1,-8.143367767E-1,9.862640148E-1
2.772368505E1,3.393445015E-1,-4.351480007E-1,-6.697015762E-1,8.677607242E-1
2.772871219E1,3.788103461E-1,-3.991037607E-1,-4.342756271E-1,7.009824609E-1
2.773373932E1,3.606004417E-1,-3.863523006E-1,-2.086153030E-1,5.681734976E-1
2.773873963E1,3.853983879E-1,-4.400780201E-1,1.172647476E-1,5.966167968E-1
2.774376495E1,3.959989846E-1,-5.227799416E-1,5.287752151E-1,8.424472038E-1
2.774879266E1,3.540217280E-1,-5.967442989E-1,8.583412170E-1,1.103714088E0
2.775381818E1,2.500443459E-1,-6.866165400E-1,1.101180077E0,1.321575578E0
2.775884505E1,1.272131801E-1,-7.403391600E-1,1.113845825E0,1.343479731E0
2.776387073E1,-7.631574571E-2,-8.014632463E-1,9.300403595E-1,1.230098573E0
2.776889641E1,-3.267370462E-1,-8.412358761E-1,6.743650436E-1,1.126589148E0
2.777390885E1,-5.089548826E-1,-8.977148533E-1,2.799940109E-1,1.069263147E0
2.777893365E1,-6.757414937E-1,-9.654256105E-1,-1.093282700E-1,1.183480395E0
2.778395844E1,-7.075555921E-1,-1.014603257E0,-3.738956451E-1,1.292227781E0
2.778897073E1,-6.861307621E-1,-1.101649523E0,-5.089426041E-1,1.394069463E0
2.779399469E1,-5.017089844E-1,-1.182808280E0,-4.906311035E-1,1.375305861E0
2.779901864E1,-3.411534429E-1,-1.224118590E0,-5.008239746E-1,1.365897744E0
2.780404260E1,-1.185927242E-1,-1.311969757E0,-4.869174957E-1,1.404427828E0
2.780906656E1,7.039852440E-2,-1.341448307E0,-4.442100525E-1,1.414836416E0
2.781413187E1,1.925972402E-1,-1.332168579E0,-3.440980911E-1,1.389305696E0
2.781915750E1,2.719253898E-1,-1.370251894E0,-2.870826721E-1,1.426166235E0
2.782416656E1,3.473290801E-1,-1.384189963E0,-3.305311203E-1,1.464878891E0
2.782919052E1,4.005293548E-1,-1.413239598E0,-4.457406998E-1,1.535042246E0
2.783420187E1,4.410822093E-1,-1.434204102E0,-5.657596588E-1,1.603614328E0
2.783922453E1,4.542354941E-1,-1.452173233E0,-5.232343674E-1,1.609009380E0
2.784424719E1,5.059112906E-1,-1.543032050E0,-3.230743408E-1,1.655678463E0
2.784926984E1,5.175050497E-1,-1.619109631E0,-3.287725449E-1,1.731305536E0
2.785429250E1,5.513054132E-1,-1.770727754E0,-1.717567444E-1,1.862502299E0
2.785938953E1,5.226972103E-1,-1.850411415E0,2.767982483E-1,1.942640484E0
2.786441516E1,5.268475413E-1,-1.925639510E0,5.430059433E-1,2.068939658E0
2.786943156E1,5.294313431E-1,-2.044674158E0,4.692106247E-1,2.163596212E0
2.787445630E1,5.073837638E-1,-2.112578154E0,3.618297577E-1,2.202577016E0
2.787948104E1,4.712845683E-1,-2.268812180E0,5.077857971E-1,2.372227701E0
2.788450578E1,4.786898792E-1,-2.489665508E0,7.919588089E-1,2.656083037E0
2.788950224E1,4.285350144E-1,-2.683923960E0,1.199863434E0,2.970986762E0
2.789452552E1,3.780499697E-1,-2.894630432E0,1.607016563E0,3.332312913E0
2.789954880E1,3.036874533E-1,-3.069314957E0,1.960815430E0,3.654821134E0
2.790457208E1,2.347595394E-1,-3.155992031E0,2.108251572E0,3.802646767E0
2.790962474E1,1.994594932E-1,-3.307894230E0,2.073503494E0,3.909138660E0
2.791464948E1,1.593436748E-1,-3.328302383E0,1.952531815E0,3.862041902E0
2.791969849E1,1.341310292E-1,-3.351065636E0,1.903320312E0,3.856197640E0
2.792472547E1,8.023321629E-2,-3.360926867E0,1.562422752E0,3.707213459E0
2.792975245E1,-2.218048275E-2,-3.276391506E0,1.121521950E0,3.463097567E0
2.793477943E1,-1.294756979E-1,-3.241102219E0,8.342285156E-1,3.349245402E0
2.793977766E1,-2.742458880E-1,-3.255123138E0,8.438463211E-1,3.373887086E0
2.794480307E1,-2.702589631E-1,-3.213191986E0,1.097406387E0,3.406162566E0
2.794983380E1,-2.627508342E-1,-3.200920105E0,1.475074768E0,3.534228783E0
2.795485974E1,-3.526601791E-1,-3.050858974E0,2.029304504E0,3.681057790E0
2.795988568E1,-4.778792262E-1,-2.916533232E0,2.606823921E0,3.940820423E0
2.796492901E1,-4.758384824E-1,-2.712392330E0,3.145412445E0,4.180563821E0
2.796995614E1,-3.899711370E-1,-2.529655933E0,3.458613396E0,4.302701855E0
2.797497687E1,-2.780191302E-1,-2.368800640E0,3.403235435E0,4.155781820E0
2.798000338E1,-1.541860849E-1,-2.187079668E0,3.051508904E0,3.757498824E0
2.798502990E1,-8.445054293E-3,-1.993535280E0,2.585625648E0,3.264921780E0
2.799005640E1,6.836071610E-3,-1.730097413E0,2.177979469E0,2.781524467E0
2.799508292E1,8.344690502E-2,-1.500843048E0,1.804663658E0,2.348681366E0
2.800008932E1,1.019579917E-1,-1.304485083E0,1.599591255E0,2.066583883E0
2.800511500E1,4.829873890E-2,-1.011529565E0,1.524290085E0,1.830023249E0
2.801014068E1,3.340913355E-2,-7.799493670E-1,1.607281685E0,1.786838437E0
2.801515448E1,1.058464795E-1,-6.481119394E-1,1.972694397E0,2.079128603E0
2.802017937E1,8.293290436E-2,-4.348377585E-1,2.232770920E0,2.276231035E0
2.802518854E1,1.167100593E-1,-2.220230252E-1,2.406762123E0,2.419797384E0
2.803021187E1,5.957948416E-2,4.128871858E-2,2.399149895E0,2.400244715E0
2.803523521E1,6.564462930E-2,3.356888592E-1,2.114551544E0,2.142037455E0
2.804025854E1,6.835933030E-2,6.710700989E-1,1.605948448E0,1.741860641E0
2.804532312E1,2.955636755E-2,1.052976131E0,1.088837624E0,1.514991644E0
2.805034854E1,-1.612816602E-1,1.531267166E0,5.249185562E-1,1.626754560E0
2.805537776E1,1.651144326E-1,1.441127062E0,1.007423401E-1,1.454049175E0
2.806040354E1,4.261915088E-1,1.557424426E0,8.872604370E-2,1.617121627E0
2.806542932E1,6.173322201E-1,1.520285845E0,2.014436722E-1,1.653162930E0
2.807047120E1,7.186844945E-1,1.492208958E0,2.426815033E-1,1.673944231E0
2.807549807E1,7.301490307E-1,1.434871912E0,1.981925964E-1,1.622114458E0
2.808052495E1,2.797233164E-1,1.524613857E0,5.033369064E-1,1.629736356E0
2.808552953E1,5.486507416E-1,1.115438223E0,6.268720627E-1,1.392188438E0
2.809055490E1,5.568634272E-1,9.863910079E-1,9.612951279E-1,1.485648821E0
2.809558026E1,3.947015405E-1,7.843821645E-1,9.563179016E-1,1.298302205E0
2.810057729E1,1.174075007E-1,7.115920782E-1,7.270612717E-1,1.024092720E0
2.810560073E1,-6.933412701E-2,5.092496872E-1,3.599271774E-1,6.274472393E-1
2.811062818E1,-2.754339576E-1,2.881865501E-1,9.414386749E-2,4.096076421E-1
2.811565203E1,-5.629312992E-1,6.818616390E-2,8.732509613E-2,5.737304881E-1
2.812067588E1,-6.593962312E-1,-1.892678738E-1,1.813421249E-1,7.095848674E-1
2.812569974E1,-6.843208671E-1,-4.076621532E-1,2.947626114E-1,8.493341376E-1
2.813076932E1,-6.424160004E-1,-5.401823521E-1,4.133367538E-1,9.355974364E-1
2.813579547E1,-5.814588070E-1,-6.673346758E-1,5.130243301E-1,1.023046371E0
2.814082161E1,-4.535702765E-1,-5.692310333E-1,4.025583267E-1,8.317470598E-1
2.814586677E1,-2.537648380E-1,-5.038639307E-1,3.260154724E-1,6.515838717E-1
2.815089417E1,-1.970748901E-1,-3.988828659E-1,3.215017319E-1,5.489165844E-1
2.815592156E1,-1.208521649E-1,-2.594523430E-1,2.693986893E-1,3.930603234E-1
2.816092234E1,-7.341194153E-2,-1.759029627E-1,1.792078018E-1,2.616230144E-1
2.816594786E1,4.020082951E-2,-1.296056509E-1,8.452606201E-2,1.598699052E-1
2.817097338E1,9.537235647E-2,-1.395541430E-1,9.531879425E-2,1.940539042E-1
2.817599890E1,1.401507705E-1,-2.729961872E-1,3.310632706E-1,4.514111716E-1
2.818102521E1,2.274008393E-1,-4.297701120E-1,7.245950699E-1,8.726118875E-1
2.818605078E1,2.903428078E-1,-6.535437107E-1,1.022378922E0,1.247668621E0
2.819105484E1,3.769757748E-1,-9.398276806E-1,1.152884483E0,1.534447600E0
2.819607833E1,4.592899084E-1,-1.237020373E0,1.097443581E0,1.716260189E0
2.820110182E1,5.136086345E-1,-1.434777379E0,9.901514053E-1,1.817355156E0
2.820614276E1,4.109976292E-1,-1.461538434E0,6.159048080E-1,1.638399334E0
2.821116740E1,3.867127299E-1,-1.594114423E0,5.774669647E-1,1.739027206E0
2.821618344E1,3.539886475E-1,-1.756247997E0,3.867235184E-1,1.832831162E0
2.822120724E1,2.790084779E-1,-1.819179296E0,1.051330566E-2,1.840480799E0
2.822623104E1,2.528184950E-1,-1.911386967E0,-3.837156296E-1,1.965847149E0
2.823125484E1,3.185850382E-1,-2.027484179E0,-5.473861694E-1,2.124104550E0
2.823631213E1,3.809255362E-1,-2.162838459E0,-5.333337784E-1,2.259960040E0
2.824133760E1,5.010476708E-1,-2.321149349E0,-3.659915924E-1,2.402651226E0
2.824636370E1,5.970031023E-1,-2.407010078E0,-2.750482559E-1,2.495147644E0
2.825138922E1,6.210306287E-1,-2.416164398E0,-2.746353149E-1,2.509771702E0
2.825641474E1,6.451192498E-1,-2.396483660E0,-2.785673141E-1,2.497381134E0
2.826144021E1,6.163088083E-1,-2.391038895E0,-1.911973953E-1,2.476582320E0
2.826646573E1,5.963549614E-1,-2.351732969E0,-8.446598053E-2,2.427637061E0
2.827149125E1,5.658278465E-1,-2.269140244E0,-7.793807983E-2,2.339921567E0
2.827651677E1,4.770948589E-1,-2.186448097E0,-9.972381592E-2,2.240115985E0
2.828154531E1,4.028683305E-1,-2.036682367E0,-1.689109802E-1,2.083004771E0
2.828657099E1,2.910093069E-1,-1.853477716E0,-2.758407593E-1,1.896352864E0
2.829160047E1,1.844624281E-1,-1.622409225E0,-3.392076492E-1,1.667722971E0
2.829662651E1,1.165404841E-1,-1.530012012E0,-5.121202469E-1,1.617648165E0
2.830165255E1,1.579204202E-2,-1.366164446E0,-6.555671692E-1,1.515395326E0
2.830667479E1,-9.404398501E-2,-1.207468510E0,-9.226188660E-1,1.522514382E0
2.831170057E1,-1.699929237E-1,-1.087485790E0,-1.097867012E0,1.554617289E0
2.831672719E1,-2.407056838E-1,-1.006123066E0,-1.167080879E0,1.559583479E0
2.832175302E1,-3.492389023E-1,-8.243668079E-1,-1.030063629E0,1.364763542E0
2.832678078E1,-4.338192940E-1,-6.184062958E-1,-8.307380676E-1,1.122831806E0
2.833180682E1,-5.570911169E-1,-4.022479057E-1,-4.354505539E-1,8.134931316E-1
2.833683203E1,-5.902934074E-1,-1.757924557E-1,-8.364295959E-2,6.215669224E-1
2.834185797E1,-4.818340242E-1,-8.758234978E-2,3.829383850E-2,4.912240964E-1
2.834688391E1,-4.568248093E-1,9.641242027E-2,3.126621246E-2,4.679335821E-1
2.835190984E1,-2.944891453E-1,1.604409218E-1,2.955150604E-2,3.366577455E-1
2.835693599E1,-1.902794540E-1,2.477083206E-1,-5.271530151E-2,3.167721353E-1
2.836196193E1,-1.291723251E-1,3.197631836E-1,-3.014011383E-1,4.580137873E-1
2.836697547E1,-7.166919112E-2,3.051652908E-1,-3.863792419E-1,4.975452203E-1
2.837200016E1,-9.951475263E-2,2.418127060E-1,-3.650093079E-1,4.490082021E-1
2.837702484E1,-3.698003292E-2,1.348390579E-1,-2.184524536E-1,2.593657049E-1
2.838204953E1,-3.892123699E-3,3.486156464E-3,-6.643962860E-2,6.664477596E-2
2.838709141E1,-3.319084644E-4,-1.618533134E-1,-3.326702118E-2,1.652371022E-1
2.839211698E1,-5.977293849E-2,-2.934565544E-1,-1.430549622E-1,3.318949769E-1
2.839714625E1,-1.530652344E-1,-4.301037788E-1,-2.901411057E-1,5.409252146E-1
2.840217219E1,-2.466657758E-1,-5.954666138E-1,-4.841508865E-1,8.061182134E-1
2.840719453E1,-2.687711120E-1,-6.888418198E-1,-5.864486694E-1,9.437494398E-1
2.841222010E1,-2.814636528E-1,-7.962160110E-1,-5.350723267E-1,9.997420262E-1
2.841724568E1,-2.176870108E-1,-8.406872749E-1,-3.973712921E-1,9.550113469E-1
2.842227125E1,-1.348369718E-1,-8.988547325E-1,-3.217144012E-1,9.641685512E-1
2.842726557E1,-8.529272676E-2,-8.986663818E-1,-3.368949890E-1,9.635218465E-1
2.843228958E1,2.762317657E-3,-9.077367783E-1,-3.898563385E-1,9.879178375E-1
2.843731359E1,6.712025404E-2,-9.640264511E-1,-3.659496307E-1,1.033330179E0
2.844233760E1,1.175207049E-1,-9.484539032E-1,-2.936353683E-1,9.997988058E-1
2.844739969E1,1.826524436E-1,-9.624404907E-1,-3.923883438E-1,1.055283007E0
2.845242568E1,2.333797961E-1,-9.236598015E-1,-4.760961533E-1,1.065026340E0
2.845745375E1,2.695978284E-1,-8.803701401E-1,-6.640968323E-1,1.135235295E0
2.846247995E1,2.242611349E-1,-8.178181648E-1,-7.795696259E-1,1.151889061E0
2.846749495E1,1.738786995E-1,-7.452607155E-1,-7.989177704E-1,1.106307796E0
2.847252000E1,1.615283340E-1,-6.915435791E-1,-7.699928284E-1,1.047479298E0
2.847754505E1,1.394857019E-1,-6.947917938E-1,-6.785802841E-1,9.811539634E-1
2.848258213E1,7.938057184E-2,-7.026467323E-1,-5.436553955E-1,8.919500517E-1
2.848760797E1,-1.402673125E-2,-7.580351830E-1,-4.992575645E-1,9.077842274E-1
2.849263463E1,-1.839133501E-1,-8.227381706E-1,-4.973831177E-1,9.788320507E-1
2.849766052E1,-2.532996833E-1,-8.295521736E-1,-6.242370605E-1,1.068639063E0
2.850268578E1,-2.558709085E-1,-8.499517441E-1,-7.268776894E-1,1.147274625E0
2.850771161E1,-2.346045375E-1,-8.742465973E-1,-8.006458282E-1,1.208461892E0
2.851273260E1,-2.230059803E-1,-8.114204407E-1,-8.074488640E-1,1.166236883E0
2.851775797E1,-1.209892631E-1,-7.907438278E-1,-8.717255592E-1,1.183139744E0
2.852278333E1,3.292807937E-2,-7.116150856E-1,-9.170103073E-1,1.161201185E0
2.852782766E1,1.337098330E-1,-6.796898842E-1,-9.143452644E-1,1.147119837E0
2.853285427E1,2.008659244E-1,-6.277117729E-1,-8.735556602E-1,1.094289121E0
2.853788088E1,2.393207848E-1,-5.371713638E-1,-8.468141556E-1,1.030980953E0
2.854290750E1,2.540796399E-1,-4.273200035E-1,-9.296808243E-1,1.054260539E0
2.854789240E1,2.787915468E-1,-3.456525803E-1,-8.114562035E-1,9.250197852E-1
2.855291687E1,2.697225213E-1,-3.216543198E-1,-7.595291138E-1,8.678111630E-1
2.855794135E1,3.315735757E-1,-3.449769020E-1,-8.222837448E-1,9.513677817E-1
2.856296583E1,3.305099905E-1,-4.058003426E-1,-8.323683739E-1,9.832333811E-1
2.856803990E1,3.149176836E-1,-4.758381844E-1,-8.324651718E-1,1.009253877E0
2.857306687E1,2.040205300E-1,-5.685553551E-1,-7.755427361E-1,9.830290453E-1
2.857809172E1,6.955811381E-2,-6.558794975E-1,-8.715248108E-1,1.092964657E0
2.858311849E1,-4.538774490E-2,-7.425260544E-1,-8.907413483E-1,1.160527957E0
2.858814526E1,-1.791579723E-1,-8.092837334E-1,-9.003343582E-1,1.223780902E0
2.859317203E1,-2.029273808E-1,-8.370656967E-1,-9.146761894E-1,1.256380131E0
2.859818260E1,-1.980175376E-1,-8.161382675E-1,-1.024849892E0,1.324994308E0
2.860320854E1,-1.593498886E-1,-8.280539513E-1,-1.087073803E0,1.375788932E0
2.860822010E1,-9.171780944E-2,-8.056969643E-1,-1.168494701E0,1.422300820E0
2.861324463E1,-3.326776624E-2,-8.306541443E-1,-1.096681595E0,1.376155359E0
2.861826495E1,-5.615395308E-2,-7.927093506E-1,-1.163753510E0,1.409206731E0
2.862328906E1,-6.955018640E-2,-7.588710785E-1,-1.154377937E0,1.383224842E0
2.862831318E1,1.292964816E-2,-7.912192345E-1,-9.874424934E-1,1.265400225E0
2.863333729E1,1.285532713E-1,-7.367596626E-1,-7.682676315E-1,1.072182773E0
2.863836140E1,1.239253581E-1,-8.204522133E-1,-6.307759285E-1,1.042294392E0
2.864345453E1,1.379813403E-1,-7.893166542E-1,-6.028304100E-1,1.002728345E0
2.864848130E1,1.518788785E-1,-8.191943169E-1,-5.469899178E-1,9.966666908E-1
2.865350807E1,6.989866495E-2,-8.434181213E-1,-5.155239105E-1,9.909615800E-1
2.865853484E1,4.520982504E-2,-8.238449097E-1,-6.182937622E-1,1.031043908E0
2.866349760E1,-2.264237404E-2,-7.311911583E-1,-8.080806732E-1,1.090021817E0
2.866852099E1,-1.427778006E-1,-5.903773308E-1,-9.163208008E-1,1.099351947E0
2.867355000E1,-2.767238915E-1,-4.392466545E-1,-9.628162384E-1,1.093859609E0
2.867857390E1,-3.340003788E-1,-3.543758392E-1,-1.196325779E0,1.291639988E0
2.868359781E1,-3.196829259E-1,-2.734665871E-1,-1.324979305E0,1.390162331E0
2.868865094E1,-2.862458527E-1,-1.871147156E-1,-1.386974812E0,1.428512420E0
2.869367682E1,-2.862927616E-1,-1.379680634E-1,-1.387701511E0,1.423627134E0
2.869870271E1,-3.487136364E-1,-9.260463715E-2,-1.370202541E0,1.416909250E0
2.870373495E1,-3.920415640E-1,-8.955955505E-2,-1.133306980E0,1.202539901E0
2.870876125E1,-3.687539399E-1,-5.724859238E-2,-9.640111923E-1,1.033718747E0
2.871377917E1,-2.884237468E-1,-8.201026917E-2,-7.615251541E-1,8.184341772E-1
2.871880463E1,-1.749082804E-1,-1.162247658E-1,-6.163878441E-1,6.511797579E-1
2.872383010E1,-9.999603033E-2,-1.646761894E-1,-5.285091400E-1,5.625294344E-1
2.872881740E1,-1.596441865E-2,-1.697335243E-1,-4.359540939E-1,4.681028775E-1
2.873384036E1,1.342980415E-1,-1.461033821E-1,-3.765912056E-1,4.256795724E-1
2.873886333E1,1.931460202E-1,-1.654353142E-1,-4.222593307E-1,4.929271454E-1
2.874389640E1,2.041746974E-1,-1.367969513E-1,-4.580354691E-1,5.198049671E-1
2.874892005E1,2.009883523E-1,-1.365585327E-1,-5.416069031E-1,5.936182174E-1
2.875394370E1,1.119796187E-1,-1.263866425E-1,-6.060132980E-1,6.290986694E-1
2.875896734E1,3.277760744E-2,-1.348786354E-1,-7.423200607E-1,7.551858648E-1
2.876402953E1,6.278097630E-3,-1.095318794E-1,-8.259248734E-1,8.331797786E-1
2.876905510E1,-6.302055717E-2,-1.074023247E-1,-8.430962563E-1,8.522430095E-1
2.877408068E1,-9.392672777E-2,-9.029579163E-2,-8.655486107E-1,8.752999244E-1
2.877912448E1,-2.909371257E-2,-8.242607117E-2,-8.067836761E-1,8.115050224E-1
2.878415125E1,1.025750786E-1,-5.986785889E-2,-8.343043327E-1,8.427155670E-1
2.878916917E1,2.964525223E-1,-3.710460663E-2,-8.521614075E-1,9.030171173E-1
2.879419505E1,4.761385322E-1,3.839492798E-2,-9.845857620E-1,1.094345099E0
2.879921792E1,6.227480173E-1,4.234695435E-2,-9.781441689E-1,1.160333733E0
2.880424349E1,6.217428446E-1,2.754116058E-2,-8.761925697E-1,1.074726058E0
2.880926906E1,5.876958370E-1,7.047557831E-2,-9.896721840E-1,1.153171382E0
2.881429463E1,5.497348309E-1,5.140018463E-2,-8.733353615E-1,1.033230379E0
2.881932151E1,4.839039445E-1,3.238677979E-2,-7.854380608E-1,9.231061035E-1
2.882434713E1,4.041194022E-1,6.140899658E-2,-8.075132370E-1,9.050752367E-1
2.882937276E1,3.675075471E-1,7.629871368E-2,-8.247675896E-1,9.061594052E-1
2.883441937E1,2.927239835E-1,8.656120300E-2,-7.414336205E-1,8.018129370E-1
2.883944630E1,1.656692624E-1,1.115541458E-1,-9.310321808E-1,9.522140272E-1
2.884447323E1,-4.686769843E-2,1.083059311E-1,-8.864345551E-1,8.942555430E-1
2.884948193E1,-2.255351245E-1,1.294450760E-1,-8.518514633E-1,8.906587650E-1
2.885450755E1,-2.611276805E-1,1.364231110E-1,-8.651413918E-1,9.139302810E-1
2.885953318E1,-2.064221799E-1,1.724481583E-1,-9.073839188E-1,9.464111473E-1
2.886455880E1,-1.666240990E-1,2.709074020E-1,-1.021491528E0,1.069859501E0
2.886958448E1,-9.408324957E-2,2.356376648E-1,-1.059128761E0,1.089096185E0
2.887461010E1,-5.537548661E-2,2.484245300E-1,-1.187543154E0,1.214512220E0
2.887963573E1,-5.017727613E-2,2.565593719E-1,-1.330003023E0,1.355451405E0
2.888464463E1,2.870947123E-3,2.553138733E-1,-1.424406767E0,1.447110242E0
2.888966917E1,8.160650730E-3,2.637758255E-1,-1.513742208E0,1.536574032E0
2.889468922E1,-5.391150713E-3,1.910991669E-1,-1.521548510E0,1.533511599E0
2.889971328E1,-6.622111797E-2,1.089982986E-1,-1.466793776E0,1.472328036E0
2.890473734E1,-9.803831577E-2,9.387683868E-2,-1.440184832E0,1.446567220E0
2.890976140E1,-1.583886743E-1,6.911945343E-2,-1.283830881E0,1.295409666E0
2.891480052E1,-1.372368336E-1,-1.318550110E-2,-1.107671976E0,1.116219070E0
2.891982536E1,-1.019260585E-1,-9.545516968E-2,-9.884994030E-1,9.983144197E-1
2.892485021E1,-8.111619949E-2,-1.825628281E-1,-9.068977833E-1,9.286401958E-1
2.892989354E1,-9.878876805E-2,-2.315759659E-1,-8.912584782E-1,9.261362338E-1
2.893491958E1,-5.466187000E-2,-2.854747772E-1,-1.023007154E0,1.063497723E0
2.893994495E1,-3.001835942E-2,-3.154802322E-1,-1.110795259E0,1.155116872E0
2.894497094E1,-5.606293678E-3,-3.597183228E-1,-1.269776106E0,1.319757577E0
2.894999693E1,2.339589596E-2,-3.320178986E-1,-1.461740017E0,1.499155472E0
2.895502292E1,4.280811548E-2,-2.945261002E-1,-1.667741060E0,1.694089255E0
2.896004890E1,5.268576741E-2,-2.329063416E-1,-1.796897888E0,1.812695003E0
2.896507490E1,3.392770886E-2,-1.758213043E-1,-1.849448800E0,1.858097168E0
2.897010396E1,3.424012661E-2,-1.328659058E-1,-1.854120135E0,1.859189934E0
2.897513026E1,3.914883733E-2,-9.925937653E-2,-1.830070376E0,1.833178289E0
2.898015406E1,2.948766947E-2,-8.453464508E-2,-1.763042808E0,1.765314581E0
2.898518010E1,2.907192707E-2,-4.560756683E-2,-1.796630740E0,1.797444643E0
2.899020615E1,4.303187132E-3,3.128051758E-3,-1.787211776E0,1.787219694E0
2.899523406E1,5.066350102E-2,8.565235138E-2,-1.840285420E0,1.842974103E0
2.900026021E1,8.198812604E-2,1.637268066E-1,-1.908129096E0,1.916894668E0
2.900528338E1,3.175169230E-2,2.087268829E-1,-1.947830439E0,1.959239265E0
2.901030922E1,2.463823557E-2,2.494010925E-1,-1.945119619E0,1.961198175E0
2.901533505E1,-4.924631119E-2,3.623132706E-1,-1.943211555E0,1.977313140E0
2.902036031E1,-5.600190163E-2,4.326114655E-1,-1.927859306E0,1.976595659E0
2.902538609E1,-4.349839687E-2,5.225715637E-1,-1.956651449E0,2.025699396E0
2.903041187E1,7.234454155E-3,6.225528717E-1,-1.929018259E0,2.027001692E0
2.903544443E1,5.228936672E-3,6.943178177E-1,-1.945611000E0,2.065794457E0
2.904047068E1,6.054916978E-2,7.666654587E-1,-1.963585615E0,2.108817345E0
2.904549693E1,1.254249364E-1,8.252506256E-1,-2.030823231E0,2.195680533E0
2.905052318E1,1.378027648E-1,8.988046646E-1,-2.075627804E0,2.266069330E0
2.905554380E1,1.169598252E-1,9.586286545E-1,-2.112468719E0,2.322751082E0
2.906056974E1,1.057298332E-1,9.425525665E-1,-2.117489338E0,2.320203705E0
2.906559568E1,1.663728654E-1,9.320163727E-1,-2.090919018E0,2.295272705E0
2.907063823E1,1.745003760E-1,8.934555054E-1,-2.075651646E0,2.266504550E0
2.907566526E1,1.256372482E-1,9.034109116E-1,-2.019054413E0,2.215517257E0
2.908069229E1,9.135635197E-2,8.756904602E-1,-1.968923926E0,2.156812739E0
2.908571932E1,1.001549214E-1,7.577152252E-1,-1.953954339E0,2.098118426E0
2.909074635E1,1.233157963E-1,6.691141129E-1,-1.892702222E0,2.011278743E0
2.909572068E1,1.083791405E-1,6.098728180E-1,-1.833147526E0,1.934973060E0
2.910074552E1,1.175285429E-1,5.702486038E-1,-1.808334351E0,1.899755129E0
2.910577036E1,1.506345570E-1,4.832630157E-1,-1.799130201E0,1.868984589E0
2.911079521E1,1.550306380E-1,4.781370163E-1,-1.772193909E0,1.842096837E0
2.911582443E1,1.163499802E-1,4.494953156E-1,-1.717818141E0,1.779461301E0
2.912084948E1,1.447061896E-1,3.782119751E-1,-1.655091405E0,1.703910719E0
2.912590854E1,1.824386418E-1,4.172935486E-1,-1.660301805E0,1.721632901E0
2.913093703E1,1.580956876E-1,4.279766083E-1,-1.647478700E0,1.709486557E0
2.913596552E1,1.434735656E-1,4.246635437E-1,-1.674114823E0,1.733085177E0
2.914098401E1,1.144831926E-1,4.217834473E-1,-1.697387218E0,1.752749568E0
2.914601182E1,9.015689790E-2,4.145107269E-1,-1.812821031E0,1.861791475E0
2.915103578E1,7.045316696E-2,4.698181152E-1,-1.795595050E0,1.857378339E0
2.915606323E1,7.911288738E-2,4.728832245E-1,-1.803851962E0,1.866483135E0
2.916108781E1,8.747108281E-2,4.524831772E-1,-1.722835422E0,1.783410807E0
2.916611495E1,1.243351847E-1,4.803409576E-1,-1.614675403E0,1.689190140E0
2.917113703E1,1.371930242E-1,4.797945023E-1,-1.536492348E0,1.615497888E0
2.917616370E1,1.070204526E-1,5.129814148E-1,-1.435390234E0,1.528053806E0
2.918119245E1,1.582713723E-1,4.984588623E-1,-1.358865499E0,1.456031082E0
2.918621932E1,1.809277534E-1,5.414590836E-1,-1.321080446E0,1.439154730E0
2.919124594E1,2.039260119E-1,5.652980804E-1,-1.359890699E0,1.486758371E0
2.919627276E1,2.366665304E-1,5.939626694E-1,-1.370188475E0,1.512024853E0
2.920129656E1,2.744974494E-1,6.179132462E-1,-1.361667871E0,1.520297675E0
2.920632307E1,2.361044288E-1,6.419839859E-1,-1.430160046E0,1.585322206E0
2.921134958E1,1.885582060E-1,6.375093460E-1,-1.446545601E0,1.592000797E0
2.921637724E1,1.365818083E-1,7.001714706E-1,-1.473058224E0,1.636702541E0
2.922140385E1,1.277196854E-1,6.817102432E-1,-1.352173328E0,1.519675585E0
2.922642651E1,1.522603333E-1,6.300220490E-1,-1.337443829E0,1.486225752E0
2.923145271E1,1.048431844E-1,6.216688156E-1,-1.371364117E0,1.509338845E0
2.923647750E1,4.694700241E-3,6.039438248E-1,-1.439362288E0,1.560940094E0
2.924150354E1,-5.259141326E-2,5.768852234E-1,-1.455412626E0,1.566457255E0
2.924652958E1,5.712491274E-2,5.453262329E-1,-1.515375614E0,1.611523257E0
2.925155562E1,1.139581650E-1,5.858469009E-1,-1.418482542E0,1.538926826E0
2.925658370E1,2.091691643E-1,5.500164032E-1,-1.327182293E0,1.451786011E0
2.926160984E1,2.423653007E-1,5.526523590E-1,-1.284302950E0,1.419013614E0
2.926662557E1,2.710275948E-1,4.884748459E-1,-1.189281106E0,1.313945654E0
2.927165068E1,2.999165654E-1,4.579982758E-1,-1.109135270E0,1.236888602E0
2.927667578E1,2.954351306E-1,4.419384003E-1,-1.100861192E0,1.222492057E0
2.928171141E1,2.814452052E-1,4.020519257E-1,-1.097545505E0,1.202274215E0
2.928673719E1,2.818682194E-1,3.191814423E-1,-1.041593432E0,1.125274795E0
2.929176297E1,2.489432991E-1,2.364311218E-1,-9.665685892E-1,1.025732557E0
2.929679292E1,2.018582225E-1,2.159614563E-1,-9.298421144E-1,9.757010046E-1
2.930181896E1,1.549364924E-1,1.476478577E-1,-8.929480314E-1,9.182382008E-1
2.930684234E1,1.032270044E-1,1.224098206E-1,-8.845807314E-1,8.989566446E-1
2.931186812E1,8.486248553E-2,7.802104950E-2,-8.760210276E-1,8.835732943E-1
2.931689390E1,5.688911676E-2,2.889728546E-2,-8.769737482E-1,8.792919764E-1
2.932191958E1,1.931959391E-2,3.723239899E-2,-9.639946222E-1,9.649067986E-1
2.932694536E1,2.462798357E-2,3.604221344E-2,-1.051047444E0,1.051953568E0
2.933197114E1,1.120597124E-3,6.841373444E-2,-1.104748845E0,1.106865713E0
2.933699693E1,2.066969872E-2,1.104736328E-1,-1.125387788E0,1.130986000E0
2.934202370E1,4.477137327E-2,1.240129471E-1,-1.204082370E0,1.211279505E0
2.934704953E1,6.870594621E-2,1.617097855E-1,-1.187819600E0,1.200743921E0
2.935207536E1,7.809278369E-2,2.426958084E-1,-1.158117890E0,1.185848551E0
2.935710630E1,9.665106237E-2,2.664909363E-1,-1.134145617E0,1.169035983E0
2.936213245E1,1.293189079E-1,2.905731201E-1,-1.092004418E0,1.137378463E0
2.936715240E1,1.187885553E-1,3.005857468E-1,-1.089048505E0,1.135996989E0
2.937217792E1,6.990802288E-2,3.108930588E-1,-1.067822814E0,1.114355055E0
2.937720344E1,6.407383084E-2,3.358545303E-1,-1.076192498E0,1.129200609E0
2.938223224E1,6.303867698E-2,2.845668793E-1,-1.004035473E0,1.045485253E0
2.938725797E1,8.109743893E-2,3.053417206E-1,-1.028281689E0,1.075720034E0
2.939228573E1,9.917832911E-2,2.545843124E-1,-9.860816002E-1,1.023233324E0
2.939731167E1,7.384435833E-2,1.836938858E-1,-1.051760674E0,1.070232193E0
2.940233437E1,8.200289309E-2,1.706333160E-1,-1.074808836E0,1.091354313E0
2.940735995E1,5.684682727E-2,1.199769974E-1,-1.088895082E0,1.096958770E0
2.941238625E1,1.126346141E-1,1.128158569E-1,-1.060992002E0,1.072901675E0
2.941741193E1,4.450500011E-2,1.108226776E-1,-1.148199916E0,1.154393957E0
2.942243849E1,7.668422163E-2,1.283416748E-1,-1.307220340E0,1.315742023E0
2.942746422E1,8.956436813E-2,1.985263824E-1,-1.437949061E0,1.454349340E0
2.943249156E1,2.647066116E-2,2.450656891E-1,-1.483894229E0,1.504227367E0
2.943751745E1,-3.630414605E-2,2.492990494E-1,-1.222969890E0,1.248648613E0
2.944254333E1,-6.592825055E-2,1.830797195E-1,-8.238644600E-1,8.465325548E-1
2.944757187E1,-1.053959131E-1,1.228046417E-1,-6.005692482E-1,6.219909167E-1
2.945259792E1,-2.226263285E-3,1.583299637E-1,-4.176731110E-1,4.466812748E-1
2.945762052E1,1.932546496E-2,1.744966507E-1,-1.360030174E-1,2.220796601E-1
2.946264620E1,7.095009089E-3,1.807680130E-1,-4.553484917E-2,1.865498222E-1
2.946767187E1,-1.493811607E-2,1.391887665E-1,-8.759188652E-2,1.651332753E-1
2.947269771E1,1.054733992E-2,8.342170715E-2,-2.611551285E-1,2.743582124E-1
2.947772338E1,3.111535311E-2,1.361370087E-2,-4.465124607E-1,4.478022729E-1
2.948275057E1,3.277876973E-2,-4.617977142E-2,-7.058298588E-1,7.080980219E-1
2.948777640E1,6.145209074E-3,-7.684326172E-2,-9.013471603E-1,9.046376921E-1
2.949280224E1,-5.765467882E-3,-1.020984650E-1,-1.105499268E0,1.110218883E0
2.949783068E1,-8.014976978E-3,-1.121873856E-1,-1.186041355E0,1.191362390E0
2.950285672E1,-3.407362103E-2,-1.166629791E-1,-1.182146788E0,1.188378008E0
2.950788276E1,-7.406678796E-2,-1.630125046E-1,-1.094563246E0,1.109111205E0
2.951290880E1,-1.090937555E-1,-1.606292725E-1,-9.525232315E-1,9.721130167E-1
2.951793432E1,-1.391786337E-1,-1.527061462E-1,-8.560011387E-1,8.805837885E-1
2.952296031E1,-1.361702383E-1,-1.630325317E-1,-7.238476276E-1,7.543721417E-1
2.952798630E1,-1.146201193E-1,-1.725616455E-1,-5.798025131E-1,6.156998031E-1
2.953301458E1,-8.404260874E-2,-1.766757965E-1,-4.473395348E-1,4.882521444E-1
2.953804073E1,-2.104127407E-2,-1.672716141E-1,-3.760917187E-1,4.121498622E-1
2.954306687E1,-3.003022075E-2,-1.862773895E-1,-3.815505505E-1,4.256546753E-1
2.954809088E1,1.832522452E-2,-2.433729172E-1,-3.054382801E-1,3.909715253E-1
2.955311687E1,7.624849677E-2,-2.286462784E-1,-2.575602531E-1,3.527467050E-1
2.955814219E1,8.658960462E-2,-2.092170715E-1,-3.094489574E-1,3.834425640E-1
2.956316812E1,1.069356799E-1,-2.281160355E-1,-3.223481178E-1,4.091215887E-1
2.956819052E1,8.447177708E-2,-2.613649368E-1,-3.920235634E-1,4.786748224E-1
2.957321609E1,3.348360956E-2,-2.753887177E-1,-5.520832539E-1,6.178640766E-1
2.957824167E1,-1.560233384E-1,-3.559970856E-1,-6.500122547E-1,7.573593192E-1
2.958326979E1,-1.158377677E-1,-3.307704926E-1,-9.540550709E-1,1.016389977E0
2.958829552E1,-1.137330979E-1,-3.815221786E-1,-8.614313602E-1,9.489775439E-1
2.959332125E1,-1.738669574E-1,-4.316215515E-1,-8.126461506E-1,9.364404138E-1
2.959835047E1,-1.288467795E-1,-4.954566956E-1,-8.362290859E-1,9.804886098E-1
2.960337641E1,2.070531249E-3,-5.061511993E-1,-7.071065903E-1,8.695936141E-1
2.960840031E1,1.042302847E-1,-5.355587006E-1,-5.448980331E-1,7.711037158E-1
2.961342604E1,1.872742027E-1,-5.312137604E-1,-4.258313179E-1,7.061104712E-1
2.961845307E1,1.892360747E-1,-5.028162003E-1,-2.253217697E-1,5.825841768E-1
2.962347896E1,2.059819400E-1,-4.984283447E-1,-1.678562164E-1,5.648319076E-1
2.962850479E1,2.231436670E-1,-4.367713928E-1,-2.436141968E-1,5.476405962E-1
2.963353068E1,2.166916579E-1,-3.512325287E-1,-3.905797005E-1,5.682183262E-1
2.963855677E1,2.153030038E-1,-2.943315506E-1,-4.462914467E-1,5.763354063E-1
2.964358266E1,1.997850686E-1,-2.083692551E-1,-3.348398209E-1,4.420967380E-1
2.964861203E1,2.226739228E-1,-2.177562714E-1,-2.572302818E-1,4.039416882E-1
2.965363828E1,1.740593910E-1,-1.360349655E-1,-2.322220802E-1,3.205140839E-1
2.965866140E1,1.497858763E-1,-1.212434769E-1,-2.643475533E-1,3.271321114E-1
2.966368729E1,1.020320952E-1,-1.062955856E-1,-4.397087097E-1,4.637381259E-1
2.966871318E1,8.806692064E-2,-9.115695953E-2,-5.238528252E-1,5.389686041E-1
2.967373906E1,6.925730407E-2,-1.234712601E-1,-5.363435745E-1,5.547126789E-1
2.967876432E1,1.027932316E-1,-1.599493027E-1,-6.975665092E-1,7.230140128E-1
2.968379021E1,7.391800731E-2,-2.004117966E-1,-8.497781754E-1,8.762144186E-1
2.968881609E1,5.942276120E-2,-2.303605080E-1,-9.357995987E-1,9.655661122E-1
2.969381224E1,1.630766690E-2,-3.312554359E-1,-1.008043289E0,1.061200913E0
2.969883614E1,-5.059427023E-2,-3.687653542E-1,-1.028769493E0,1.094035802E0
2.970386005E1,-6.467221677E-2,-4.532704353E-1,-9.688177109E-1,1.071561636E0
2.970888396E1,-8.846132457E-2,-4.749636650E-1,-8.709354401E-1,9.959640705E-1
2.971391448E1,-1.121681333E-1,-4.675173759E-1,-6.823577881E-1,8.347253068E-1
2.971893870E1,-1.214995235E-1,-4.839081764E-1,-4.887771606E-1,6.984499769E-1
2.972396292E1,-5.912783742E-2,-4.572887421E-1,-3.760910034E-1,5.950239807E-1
2.972899172E1,-6.396001577E-2,-4.977221489E-1,-3.776755333E-1,6.280581419E-1
2.973401625E1,-7.842692733E-2,-5.047235489E-1,-4.359693527E-1,6.715399618E-1
2.973904078E1,-4.524348676E-2,-4.828953743E-1,-5.225453377E-1,7.129435781E-1
2.974407745E1,1.641511917E-2,-4.367175102E-1,-6.617636681E-1,7.930465259E-1
2.974910281E1,9.724929929E-2,-3.997159004E-1,-6.861271858E-1,8.000004640E-1
2.975412818E1,2.116216719E-1,-3.142018318E-1,-8.018078804E-1,8.867933244E-1
2.975918125E1,2.733129263E-1,-2.467207909E-1,-8.945322037E-1,9.673463536E-1
2.976420844E1,2.967167497E-1,-2.020311356E-1,-9.403758049E-1,1.006560512E0
2.976923562E1,2.483540624E-1,-1.368622780E-1,-8.391828537E-1,8.857984451E-1
2.977427703E1,1.521234363E-1,-1.278791428E-1,-7.583122253E-1,7.839209438E-1
2.977930516E1,5.120339990E-2,-8.451986313E-2,-7.019844055E-1,7.089058478E-1
2.978433328E1,-1.608008146E-2,-1.264352798E-1,-6.557278633E-1,6.679996106E-1
2.978936140E1,-2.101486921E-2,-1.101980209E-1,-5.619196892E-1,5.730086959E-1
2.979436349E1,-6.914542615E-2,-1.365799904E-1,-5.254893303E-1,5.473337373E-1
2.979939031E1,-7.532760501E-3,-1.237411499E-1,-4.895648956E-1,5.050172291E-1
2.980439281E1,2.011610568E-2,-1.819601059E-1,-5.351405144E-1,5.655877544E-1
2.980941719E1,7.153781503E-2,-2.437229156E-1,-7.056856155E-1,7.500071377E-1
2.981444156E1,9.420317411E-2,-2.563610077E-1,-8.289012909E-1,8.727385372E-1
2.981949219E1,1.360996664E-1,-2.100453377E-1,-9.051761627E-1,9.391411228E-1
2.982451838E1,1.063825861E-1,-2.201013565E-1,-9.004936218E-1,9.330866116E-1
2.982954693E1,1.005086228E-1,-2.287731171E-1,-9.013452530E-1,9.353407868E-1
2.983457333E1,8.007706702E-2,-2.503633499E-1,-8.933796883E-1,9.312472341E-1
2.983959640E1,4.985922575E-2,-3.184251785E-1,-8.381977081E-1,8.980289164E-1
2.984462245E1,4.337605834E-2,-3.709249496E-1,-5.777812004E-1,6.879665081E-1
2.984964620E1,1.267085969E-2,-4.465661049E-1,-4.371094704E-1,6.250172204E-1
2.985467203E1,-1.818673313E-2,-4.931292534E-1,-3.725419044E-1,6.182998370E-1
2.985969864E1,-1.550628245E-2,-4.775543213E-1,-4.266400337E-1,6.405624817E-1
2.986472453E1,-3.211735189E-2,-5.098395348E-1,-6.184911728E-1,8.021840227E-1
2.986975042E1,-1.397342533E-1,-5.800023079E-1,-6.948285103E-1,9.158138443E-1
2.987477630E1,-9.909287095E-2,-5.870494843E-1,-9.241142273E-1,1.099287769E0
2.987980234E1,3.739486635E-2,-6.170368195E-1,-6.797351837E-1,9.187887312E-1
2.988482823E1,6.827706099E-2,-6.364526749E-1,-5.744209290E-1,8.600541657E-1
2.988985411E1,1.225865036E-1,-7.602996826E-1,-5.216979980E-1,9.301891525E-1
2.989488010E1,1.192178279E-1,-8.642520905E-1,-4.065675735E-1,9.625184456E-1
2.989990599E1,1.588143408E-1,-9.391479492E-1,-1.283226013E-1,9.610866534E-1
2.990492198E1,2.125927359E-1,-1.038172722E0,9.330987930E-2,1.063816246E0
2.990994687E1,2.710533440E-1,-1.065753460E0,6.238746643E-2,1.101450203E0
2.991497177E1,3.344046175E-1,-9.788641930E-1,-2.304306030E-1,1.059764039E0
2.992001146E1,3.264351189E-1,-9.349303246E-1,-4.600911140E-1,1.091942504E0
2.992503734E1,2.524204850E-1,-8.192534447E-1,-5.500478745E-1,1.018550427E0
2.993006323E1,1.884660423E-1,-7.607431412E-1,-5.342240334E-1,9.484961222E-1
2.993508995E1,1.389696151E-1,-7.210659981E-1,-4.988446236E-1,8.877469718E-1
2.994011588E1,1.512782723E-1,-7.242183685E-1,-4.534211159E-1,8.677373274E-1
2.994514182E1,1.297815442E-1,-7.605404854E-1,-4.840831757E-1,9.108246813E-1
2.995016937E1,1.133539602E-1,-7.248845100E-1,-3.515248299E-1,8.135578524E-1
2.995519542E1,4.985471815E-2,-7.370672226E-1,6.851911545E-2,7.419221339E-1
2.996021740E1,2.533128858E-2,-6.686830521E-1,3.888778687E-1,7.739539360E-1
2.996524302E1,1.431621611E-3,-5.775632858E-1,4.520668983E-1,7.334479390E-1
2.997026864E1,-2.780541778E-3,-5.305905342E-1,3.826313019E-1,6.541718120E-1
2.997530135E1,-2.127200365E-3,-4.602394104E-1,-1.410007477E-3,4.602464861E-1
2.998032745E1,1.472547501E-1,-3.090677261E-1,-7.324695587E-2,3.501027525E-1
2.998535354E1,2.102305293E-1,-3.156881332E-1,-4.315176010E-1,5.745113688E-1
2.999037922E1,2.770382762E-1,-3.163275719E-1,-7.369847298E-1,8.485044673E-1
2.999540526E1,3.958175182E-1,-3.342881203E-1,-6.935806274E-1,8.657217462E-1
3.000043130E1,5.142757893E-1,-4.417438507E-1,-4.592075348E-1,8.188337909E-1
3.000545734E1,4.504311681E-1,-5.242605209E-1,-4.163713455E-1,8.069091822E-1
3.001045078E1,2.956008911E-1,-5.632591248E-1,-4.066619873E-1,7.549931790E-1
3.001547521E1,1.548357010E-1,-6.441469193E-1,-1.339826584E-1,6.759073166E-1
3.002049963E1,1.185467765E-1,-7.291598320E-1,-7.176494598E-2,7.422112949E-1
3.002555458E1,7.230336964E-2,-7.417016029E-1,5.282592773E-2,7.470874271E-1
3.003058104E1,7.317751646E-3,-7.401704788E-1,1.152038574E-3,7.402075482E-1
3.003560750E1,-7.640448958E-2,-8.007116318E-1,-1.120309830E-1,8.121131106E-1
3.004063344E1,-2.024510652E-1,-8.516130447E-1,5.135536194E-3,8.753614028E-1
3.004565990E1,-1.938970238E-1,-8.885841370E-1,9.437370300E-2,9.143764105E-1
3.005068635E1,-1.801731586E-1,-9.214515686E-1,2.790451050E-3,9.389052918E-1
3.005571010E1,-1.662706882E-1,-8.686094284E-1,-3.700170517E-1,9.586662085E-1
3.006073635E1,-4.672650248E-2,-7.773509026E-1,-6.271123886E-1,9.998638606E-1
3.006575120E1,8.744144440E-2,-7.235112190E-1,-6.351146698E-1,9.666877128E-1
3.007077630E1,2.168835998E-1,-7.352786064E-1,-3.036870956E-1,8.245598686E-1
3.007580396E1,3.415343165E-1,-8.132932186E-1,1.232376099E-1,8.906621454E-1
3.008082932E1,3.606174290E-1,-9.100720882E-1,3.396863937E-1,1.036177100E0
3.008585469E1,3.699019253E-1,-1.106910944E0,3.650617599E-1,1.222844782E0
3.009089833E1,3.170352876E-1,-1.240985632E0,3.908586502E-1,1.339151671E0
3.009592490E1,2.548812032E-1,-1.384670258E0,4.460372925E-1,1.476897226E0
3.010095146E1,2.017747909E-1,-1.484854221E0,2.385892868E-1,1.517376016E0
3.010597068E1,8.143562824E-2,-1.570247889E0,-8.291339874E-2,1.574542735E0
3.011099677E1,-1.198638156E-1,-1.698125124E0,-3.557777405E-1,1.739130263E0
3.011602286E1,-3.207546771E-1,-1.806311250E0,-5.848188400E-1,1.925527712E0
3.012104911E1,-5.212667584E-1,-1.914106250E0,-6.504650116E-1,2.087732382E0
3.012607521E1,-6.401515007E-1,-2.059827805E0,-5.481138229E-1,2.225559096E0
3.013110474E1,-5.197784305E-1,-2.162513256E0,-4.930295944E-1,2.278093804E0
3.013613114E1,-3.040001690E-1,-2.226857424E0,-5.330438614E-1,2.309858404E0
3.014115755E1,-1.170030162E-1,-2.243160248E0,-4.863777161E-1,2.298264755E0
3.014618109E1,2.222459018E-2,-2.254225492E0,-4.202041626E-1,2.293163326E0
3.015120729E1,2.139767706E-1,-2.274042368E0,-1.146812439E-1,2.286964481E0
3.015623016E1,3.386523128E-1,-2.331607819E0,1.430721283E-1,2.360413108E0
3.016125604E1,4.726364911E-1,-2.331474781E0,1.810426712E-1,2.385777935E0
3.016628193E1,5.397552252E-1,-2.316804886E0,1.387310028E-2,2.378889036E0
3.017130781E1,6.073611975E-1,-2.239410400E0,-1.239624023E-1,2.323620718E0
3.017633370E1,5.561287999E-1,-2.175791025E0,-2.325201035E-1,2.257744765E0
3.018136088E1,5.056142807E-1,-2.035339832E0,-3.930416107E-1,2.133714072E0
3.018638682E1,3.980805874E-1,-1.952150226E0,-5.863056183E-1,2.076803538E0
3.019141276E1,3.244237602E-1,-1.882900596E0,-7.262468338E-1,2.044015629E0
3.019644094E1,2.701490819E-1,-1.827248931E0,-5.834589005E-1,1.937070848E0
3.020146703E1,2.347858250E-1,-1.770894170E0,-5.265140533E-1,1.862366127E0
3.020649312E1,2.280615270E-1,-1.689799190E0,-5.409727097E-1,1.788878094E0
3.021148588E1,2.358975112E-1,-1.584299684E0,-2.823114395E-1,1.626454079E0
3.021650974E1,1.953937262E-1,-1.506317496E0,-5.233860016E-2,1.519838951E0
3.022153359E1,1.967509091E-1,-1.442478538E0,-5.640316010E-2,1.456927098E0
3.022656391E1,1.731488407E-1,-1.388138413E0,-6.939697266E-2,1.400615834E0
3.023158818E1,6.690717489E-2,-1.405655384E0,1.048059464E-1,1.411144187E0
3.023661307E1,-3.605327010E-2,-1.413888931E0,2.508125305E-1,1.436415216E0
3.024163740E1,-1.549299359E-1,-1.437091827E0,2.252378464E-1,1.462863047E0
3.024666172E1,-1.698191166E-1,-1.398782611E0,-3.986358643E-4,1.409053400E0
3.025168604E1,-8.040533960E-2,-1.289137602E0,-1.772365570E-1,1.303745977E0
3.025675526E1,1.138327569E-1,-1.145445824E0,-2.337942123E-1,1.174590893E0
3.026178187E1,2.320343554E-1,-9.736276269E-1,-3.610324860E-2,1.001545876E0
3.026680849E1,3.936813474E-1,-7.824509144E-1,1.427726746E-1,8.874674491E-1
3.027184573E1,5.411806107E-1,-5.620608330E-1,4.749774933E-1,9.134508484E-1
3.027687302E1,5.743101835E-1,-3.175818920E-1,9.842920303E-1,1.183013629E0
3.028190031E1,5.265247226E-1,-5.891227722E-2,1.670541763E0,1.752543501E0
3.028690484E1,5.416629314E-1,1.509088278E-1,2.380578041E0,2.446083403E0
3.029193057E1,6.060405374E-1,2.398601770E-1,2.856145859E0,2.929571164E0
3.029695630E1,6.338312626E-1,2.984288931E-1,3.102354050E0,3.180472060E0
3.030198469E1,7.067787051E-1,2.118566036E-1,3.382487297E0,3.462028260E0
3.030701057E1,7.578742504E-1,1.426973939E-1,3.553015709E0,3.635747042E0
3.031203646E1,7.193098664E-1,8.653467894E-2,3.503999710E0,3.578115272E0
3.031704500E1,6.097379923E-1,-8.780658245E-3,3.388676643E0,3.443107160E0
3.032206974E1,4.337382913E-1,-1.185882688E-1,3.417479515E0,3.446934626E0
3.032708411E1,2.484563738E-1,-2.671443224E-1,3.609375000E0,3.627765779E0
3.033210781E1,1.779990792E-1,-4.833485484E-1,3.720254898E0,3.755743069E0
3.033713151E1,1.080915183E-1,-6.003709435E-1,3.778941154E0,3.827861713E0
3.034219104E1,-4.694989324E-2,-7.328799367E-1,3.570253372E0,3.645000197E0
3.034721713E1,-1.294175237E-1,-8.675333261E-1,3.257142067E0,3.373179125E0
3.035224568E1,-2.586616874E-1,-1.013564467E0,3.002293587E0,3.179305833E0
3.035727203E1,-3.573991656E-1,-1.176012039E0,3.154733658E0,3.385717491E0
3.036229484E1,-3.623721600E-1,-1.336363316E0,3.594396591E0,3.851865437E0
3.036732083E1,-2.824112773E-1,-1.485607147E0,4.120047569E0,4.388801283E0
3.037234682E1,-2.362468839E-1,-1.628777981E0,4.583313942E0,4.869855952E0
3.037737281E1,-2.859908938E-1,-1.775238037E0,4.792952538E0,5.119145916E0
3.038239896E1,-3.329877555E-1,-1.857824564E0,4.490969658E0,4.871468097E0
3.038742495E1,-3.079245687E-1,-2.000256300E0,3.534442902E0,4.072852739E0
3.039245547E1,-1.502388418E-1,-2.234999418E0,2.569738388E0,3.409010046E0
3.039748187E1,9.630477428E-2,-2.575972080E0,2.022458076E0,3.276468135E0
3.040250828E1,3.831340373E-1,-3.003898382E0,1.892025948E0,3.570708525E0
3.040753469E1,6.238683462E-1,-3.413464069E0,1.871805191E0,3.942664497E0
3.041255917E1,9.617741108E-1,-3.747298002E0,1.818142891E0,4.274680728E0
3.041758547E1,1.066590309E0,-3.924237967E0,1.797998428E0,4.446353208E0
3.042260667E1,9.053524733E-1,-3.949269772E0,1.701317787E0,4.394414300E0
3.042763245E1,6.180701256E-1,-3.770159006E0,1.752986908E0,4.203459612E0
3.043265823E1,2.821246684E-1,-3.463809490E0,1.570236206E0,3.813556379E0
3.043768708E1,4.583194852E-2,-3.054278851E0,1.100734711E0,3.246896482E0
3.044271307E1,-5.176427960E-2,-2.574782848E0,6.366109848E-1,2.652821103E0
3.044774031E1,-2.914524078E-2,-2.111108303E0,3.022441864E-1,2.132833622E0
3.045276641E1,7.017406821E-2,-1.634029388E0,1.166009903E-1,1.639686626E0
3.045779177E1,1.784062684E-1,-1.272362471E0,-1.832008362E-3,1.284810651E0
3.046281781E1,1.761185229E-1,-9.013936520E-1,-9.138107300E-2,9.229727788E-1
3.046784385E1,1.072012484E-1,-6.791069508E-1,-7.075405121E-2,6.911472303E-1
3.047287193E1,5.330002308E-2,-4.952663481E-1,1.221017838E-1,5.128727850E-1
3.047789807E1,-2.895718813E-2,-4.647285938E-1,3.291282654E-1,5.702075059E-1
3.048292422E1,-1.068246365E-1,-4.774072170E-1,4.785242081E-1,6.843351310E-1
3.048795036E1,-2.138746381E-1,-5.047234893E-1,6.325168610E-1,8.369980531E-1
3.049297599E1,-3.979229927E-1,-4.942336679E-1,7.384767532E-1,9.736311117E-1
3.049800213E1,-5.971910954E-1,-4.607118368E-1,6.338071823E-1,9.851924407E-1
3.050302828E1,-7.066681385E-1,-4.711762667E-1,5.483045578E-1,1.010952432E0
3.050807620E1,-7.840700150E-1,-5.157536864E-1,3.432540894E-1,9.992952633E-1
3.051310380E1,-8.341341019E-1,-5.656483173E-1,8.097743988E-2,1.011086082E0
3.051813141E1,-9.090587497E-1,-6.209532619E-1,-6.148815155E-2,1.102611245E0
3.052312682E1,-1.004066467E0,-6.909720302E-1,-1.321058273E-1,1.225986854E0
3.052815224E1,-1.051951408E0,-8.134651184E-1,-2.122182846E-1,1.346611995E0
3.053318245E1,-1.095288634E0,-8.926447630E-1,-2.204771042E-1,1.430063642E0
3.053820833E1,-1.172160625E0,-1.009858131E0,-3.261566162E-2,1.547526335E0
3.054322969E1,-1.200857639E0,-1.165263414E0,3.128652573E-1,1.702287450E0
3.054825510E1,-1.129066229E0,-1.349750519E0,6.818094254E-1,1.887188678E0
3.055328052E1,-1.009676456E0,-1.486921310E0,9.115610123E-1,2.015272937E0
3.055831068E1,-8.954182863E-1,-1.605812788E0,9.974794388E-1,2.091739431E0
3.056333640E1,-7.048988342E-1,-1.692054272E0,9.397506714E-1,2.059869255E0
3.056836245E1,-4.619747400E-1,-1.654665947E0,8.533487320E-1,1.918213782E0
3.057338823E1,-2.387560606E-1,-1.670407772E0,7.287559509E-1,1.838029330E0
3.057841401E1,7.931804657E-2,-1.581162453E0,4.273319244E-1,1.639810546E0
3.058343979E1,2.771781683E-1,-1.482367992E0,1.549882889E-1,1.516002629E0
3.058844885E1,4.315769374E-1,-1.354463935E0,-8.348464966E-2,1.424008740E0
3.059347375E1,5.471232533E-1,-1.288228750E0,-1.398725510E-1,1.406570829E0
3.059849865E1,5.426844358E-1,-1.168901086E0,-1.004848480E-1,1.292645872E0
3.060353651E1,5.663579106E-1,-1.063528180E0,-1.902341843E-1,1.219853482E0
3.060856229E1,5.177537799E-1,-8.859235048E-1,-3.515529633E-1,1.084674568E0
3.061358807E1,4.356572032E-1,-7.175425291E-1,-5.508537292E-1,1.004043979E0
3.061862177E1,2.729601264E-1,-5.247809291E-1,-5.058755875E-1,7.783394916E-1
3.062364807E1,1.498125494E-1,-4.086687565E-1,-3.078212738E-1,5.331115165E-1
3.062867437E1,5.645322800E-2,-2.878990769E-1,-1.099348068E-1,3.133025809E-1
3.063367187E1,2.431690693E-3,-2.824901342E-1,9.729862213E-2,2.987868989E-1
3.063869625E1,-1.602916718E-1,-2.584190369E-1,2.995309830E-1,4.268402844E-1
3.064372062E1,-2.454669476E-1,-3.117463589E-1,4.297485352E-1,5.849133424E-1
3.064874812E1,-3.873450160E-1,-3.520205021E-1,4.831857681E-1,7.123363544E-1
3.065377271E1,-4.327520132E-1,-3.505854607E-1,5.077610016E-1,7.536615321E-1
3.065879729E1,-4.490532875E-1,-3.648836613E-1,4.365329742E-1,7.248103054E-1
3.066385318E1,-3.980956674E-1,-4.135714769E-1,3.987922668E-1,6.989683820E-1
3.066887990E1,-2.609211206E-1,-4.246064425E-1,4.710378647E-1,6.857456760E-1
3.067390953E1,-1.813502312E-1,-4.696173668E-1,5.144453049E-1,7.197793754E-1
3.067893651E1,-1.598390937E-1,-4.814045429E-1,5.099134445E-1,7.192430679E-1
3.068396818E1,-1.628413200E-1,-5.078208447E-1,4.431543350E-1,6.933866673E-1
3.068899562E1,-1.568011045E-1,-6.111338139E-1,3.381471634E-1,7.158314249E-1
3.069402307E1,-1.607828140E-1,-6.717952490E-1,1.231946945E-1,7.016672307E-1
3.069903797E1,-1.358823180E-1,-6.900334358E-1,-1.728591919E-1,7.242171271E-1
3.070406458E1,-1.100684404E-1,-7.378140688E-1,-4.972820282E-1,8.965344819E-1
3.070909120E1,-1.022807956E-1,-7.861545086E-1,-4.674081802E-1,9.203100996E-1
3.071411766E1,-7.530951500E-2,-8.203507662E-1,-5.141153336E-1,9.710620365E-1
3.071914427E1,-1.057543755E-1,-9.117943048E-1,-4.459714890E-1,1.020511348E0
3.072417088E1,-2.268152833E-1,-9.504694939E-1,-2.487678528E-1,1.008326770E0
3.072919516E1,-4.197000265E-1,-1.051432729E0,-4.016876221E-3,1.132110874E0
3.073422161E1,-4.786739349E-1,-1.190920591E0,1.925449371E-1,1.297880635E0
3.073924578E1,-4.851372838E-1,-1.331047177E0,4.078845978E-1,1.474250527E0
3.074427198E1,-4.389234185E-1,-1.362442851E0,6.562623978E-1,1.574669687E0
3.074929917E1,-3.638816476E-1,-1.462489843E0,9.328260422E-1,1.772413840E0
3.075432547E1,-3.224902153E-1,-1.487573147E0,1.065363884E0,1.857921961E0
3.075934896E1,-3.004830480E-1,-1.562375069E0,9.870653152E-1,1.872325787E0
3.076437495E1,-2.308418155E-1,-1.572003722E0,6.790752411E-1,1.727896649E0
3.076940094E1,-1.657531261E-1,-1.520843983E0,3.952388763E-1,1.580080469E0
3.077442693E1,-1.675680280E-1,-1.523375154E0,1.546916962E-1,1.540350747E0
3.077941594E1,-1.885325909E-1,-1.555068612E0,-1.386737823E-2,1.566516910E0
3.078444010E1,-1.947103739E-1,-1.587146521E0,-7.701873779E-2,1.600899152E0
3.078947500E1,-1.813156605E-1,-1.610091209E0,-3.967857361E-2,1.620753979E0
3.079450026E1,-1.577526331E-1,-1.615022540E0,4.535675049E-2,1.623342519E0
3.079952552E1,-8.146917820E-2,-1.697494030E0,1.541032791E-1,1.706420531E0
3.080456411E1,6.596875191E-2,-1.833624005E0,1.860513687E-1,1.844219071E0
3.080959026E1,1.604119539E-1,-1.990307808E0,4.377765656E-1,2.044188222E0
3.081461641E1,3.117778301E-1,-2.225509882E0,7.606830597E-1,2.372496231E0
3.081966026E1,3.567845821E-1,-2.419849873E0,7.863759995E-1,2.569310385E0
3.082468760E1,3.868775368E-1,-2.582602978E0,8.500738144E-1,2.746295297E0
3.082971583E1,3.453230858E-1,-2.747262478E0,9.039621353E-1,2.912704362E0
3.083474323E1,3.127235174E-1,-2.836981535E0,9.384841919E-1,3.004498761E0
3.083977062E1,2.400961816E-1,-2.879856110E0,8.580236435E-1,3.014535115E0
3.084479802E1,1.652852297E-1,-2.860567570E0,5.575895309E-1,2.919087548E0
3.084982010E1,4.105412960E-2,-2.797478676E0,2.766962051E-1,2.811429027E0
3.085484724E1,-4.471927881E-2,-2.738669634E0,2.640905380E-1,2.751736722E0
3.085986599E1,-1.346403360E-1,-2.713435411E0,4.141979218E-1,2.748166602E0
3.086489229E1,-1.143471599E-1,-2.674615383E0,5.163002014E-1,2.726391135E0
3.086991859E1,-1.036748886E-1,-2.708590269E0,7.665100098E-1,2.816868354E0
3.087495068E1,3.117746115E-2,-2.743612528E0,1.059423447E0,2.941217397E0
3.087997734E1,5.570226908E-2,-2.851545811E0,1.213253021E0,3.099419163E0
3.088500401E1,1.997193396E-1,-2.941963196E0,1.256847382E0,3.205417383E0
3.089002760E1,2.575634718E-1,-2.990931511E0,1.228628159E0,3.243691939E0
3.089505406E1,2.909958363E-1,-2.988410711E0,1.033057213E0,3.175292799E0
3.090008052E1,3.470913172E-1,-2.999994516E0,8.377914429E-1,3.134060303E0
3.090510016E1,4.302149415E-1,-2.886213779E0,7.480678558E-1,3.012460853E0
3.091012615E1,3.920594156E-1,-2.694668531E0,7.350759506E-1,2.820511608E0
3.091515213E1,3.954612315E-1,-2.430109739E0,7.509002686E-1,2.574038489E0
3.092017729E1,2.825582623E-1,-2.068717241E0,9.341878891E-1,2.287386545E0
3.092520323E1,1.635566652E-1,-1.649260998E0,1.169930458E0,2.028681813E0
3.093022917E1,1.058542132E-1,-1.196468115E0,1.271530151E0,1.749151220E0
3.093525828E1,5.685657263E-2,-8.443533182E-1,1.459152222E0,1.686798862E0
3.094028443E1,-2.616384625E-2,-3.635095954E-1,1.742259979E0,1.779970114E0
3.094530812E1,1.149786711E-1,4.015195370E-2,1.929430962E0,1.933270832E0
3.095033401E1,1.363047957E-1,2.806974053E-1,2.441674232E0,2.461532671E0
3.095536448E1,-4.781469703E-2,3.916881680E-1,2.829046249E0,2.856432836E0
3.096039083E1,-1.416624784E-1,5.547878146E-1,2.670802116E0,2.731490751E0
3.096541719E1,-1.841985285E-1,6.314813495E-1,2.412378311E0,2.500453341E0
3.097044588E1,-2.748476863E-1,6.498482227E-1,2.293051720E0,2.399151965E0
3.097547240E1,-3.931632340E-1,7.281593084E-1,2.317451477E0,2.460767087E0
3.098049890E1,-5.776851773E-1,8.224505186E-1,2.399304390E0,2.601308627E0
3.098551500E1,-7.765589356E-1,8.226121664E-1,2.342460632E0,2.601318199E0
3.099054078E1,-7.316805124E-1,7.762164474E-1,2.190163612E0,2.436120891E0
3.099556906E1,-9.680314064E-1,6.829490662E-1,2.047828674E0,2.365820473E0
3.100059510E1,-1.101753592E0,5.619182587E-1,1.705088615E0,2.106404589E0
3.100562115E1,-1.152109623E0,4.858055115E-1,1.305712700E0,1.807829979E0
3.101064719E1,-1.085781932E0,3.843849301E-1,1.165438652E0,1.638572986E0
3.101564208E1,-9.800537825E-1,2.589116395E-1,1.169147491E0,1.547399919E0
3.102066656E1,-8.451988101E-1,5.636760592E-2,1.350130081E0,1.593859960E0
3.102569307E1,-6.621832848E-1,-1.421318948E-1,1.536012650E0,1.678696827E0
3.103071776E1,-4.793178141E-1,-2.987089753E-1,1.463774681E0,1.568951540E0
3.103574245E1,-2.635539770E-1,-3.608736992E-1,1.382440567E0,1.452870416E0
3.104076713E1,-1.436963677E-1,-4.347307682E-1,1.344694138E0,1.420507589E0
3.104580052E1,-2.861690521E-2,-5.061729550E-1,1.245324135E0,1.344567659E0
3.105082562E1,8.131144196E-2,-6.656395793E-1,8.261718750E-1,1.064071223E0
3.105585073E1,1.096805334E-1,-6.685806513E-1,4.750213623E-1,8.274510265E-1
3.106087583E1,1.712595522E-1,-6.526767015E-1,2.156438828E-1,7.083918373E-1
3.106590094E1,1.415557712E-1,-5.836355090E-1,2.343807220E-1,6.446726042E-1
3.107096135E1,1.259417683E-1,-5.096949339E-1,5.117759705E-1,7.331881741E-1
3.107598786E1,4.678212106E-3,-3.824532926E-1,5.692081451E-1,6.857771644E-1
3.108100917E1,-9.342302382E-2,-2.118632197E-1,3.113164902E-1,3.879843326E-1
3.108603516E1,-1.870656461E-1,-6.443452835E-2,1.104354858E-2,1.981598454E-1
3.109106526E1,-3.383439779E-1,5.618429184E-2,-1.069221497E-1,3.592571059E-1
3.109609167E1,-4.849100113E-1,1.977905035E-1,7.194232941E-2,5.286156459E-1
3.110111193E1,-4.495756626E-1,3.305983543E-1,4.851913452E-1,7.394756181E-1
3.110613766E1,-2.848989069E-1,4.292751551E-1,8.505363464E-1,9.944127023E-1
3.111116338E1,-1.347476840E-1,4.022886753E-1,1.115535736E0,1.193487786E0
3.111619417E1,5.777012184E-2,3.021383286E-1,1.342546463E0,1.377336546E0
3.112122026E1,3.110893071E-1,1.914697886E-1,1.474200249E0,1.518783596E0
3.112624344E1,5.769006610E-1,1.470074654E-1,1.194974899E0,1.335062013E0
3.113126922E1,6.970520020E-1,9.733712673E-2,1.155755043E0,1.353190943E0
3.113629890E1,7.629069686E-1,1.381158829E-2,1.155393600E0,1.384612644E0
3.114132510E1,7.751864791E-1,-1.755782366E-1,1.141303062E0,1.390796346E0
3.114635130E1,6.914253831E-1,-3.029938936E-1,9.795522690E-1,1.236687918E0
3.115137750E1,5.220687985E-1,-4.734116793E-1,7.276582718E-1,1.012996056E0
3.115640140E1,3.206129074E-1,-6.911182404E-1,4.143304825E-1,8.672409165E-1
3.116142745E1,2.074279785E-1,-9.079239368E-1,1.830301285E-1,9.491323771E-1
3.116643927E1,2.257935554E-1,-1.051577330E0,-4.778385162E-2,1.076606198E0
3.117146391E1,2.607615590E-1,-1.223207355E0,-3.889465332E-2,1.251297573E0
3.117648854E1,3.793675303E-1,-1.332213998E0,2.094430923E-1,1.400921221E0
3.118152927E1,4.853583574E-1,-1.479772568E0,5.536108017E-1,1.652811092E0
3.118655495E1,5.490146875E-1,-1.704267740E0,8.787775040E-1,1.994541441E0
3.119158062E1,5.839724541E-1,-2.005990028E0,1.084658623E0,2.354039963E0
3.119661234E1,5.897610188E-1,-2.289415836E0,9.419336319E-1,2.544893298E0
3.120163844E1,6.093084812E-1,-2.530288696E0,6.518363953E-1,2.683003615E0
3.120666453E1,5.616606474E-1,-2.670871973E0,4.009714127E-1,2.758586205E0
3.121168594E1,4.759978056E-1,-2.734574318E0,2.651596069E-2,2.775819466E0
3.121671172E1,3.856145740E-1,-2.754629135E0,-3.423385620E-1,2.802476755E0
3.122173578E1,3.007613420E-1,-2.758846283E0,-3.089542389E-1,2.792336462E0
3.122676135E1,2.503912747E-1,-2.723428726E0,1.615810394E-2,2.734962687E0
3.123178901E1,1.674474180E-1,-2.682823420E0,1.259479523E-1,2.690992944E0
3.123681479E1,1.334855855E-1,-2.622946739E0,1.068296432E-1,2.628512996E0
3.124183932E1,4.692375660E-4,-2.500839949E0,-2.768516541E-3,2.500841525E0
3.124686500E1,-5.474527180E-2,-2.373596668E0,-2.937126160E-1,2.392326334E0
3.125189130E1,-8.506216109E-2,-2.255024910E0,-4.933605194E-1,2.309930198E0
3.125691703E1,-1.052845418E-1,-2.164277077E0,-2.718296051E-1,2.183820376E0
3.126194302E1,-9.648746252E-2,-2.011165857E0,7.119178772E-3,2.013491649E0
3.126696875E1,-4.941514134E-2,-1.839394331E0,8.537292480E-2,1.842037431E0
3.127199448E1,2.514868975E-3,-1.687785983E0,3.033542633E-2,1.688060451E0
3.127702021E1,1.155206561E-2,-1.451344848E0,9.096813202E-2,1.454238811E0
3.128204781E1,3.986585140E-2,-1.231059790E0,1.190700531E-1,1.237447037E0
3.128707365E1,6.353229284E-2,-1.002839327E0,-1.148939133E-1,1.011396895E0
3.129210182E1,2.986893058E-2,-7.614026070E-1,-4.433670044E-1,8.815896911E-1
3.129712786E1,-2.791616321E-2,-5.533947945E-1,-6.992807388E-1,8.921987796E-1
3.130215151E1,-1.483261585E-1,-4.162883759E-1,-7.443275452E-1,8.656328065E-1
3.130717734E1,-3.263531327E-1,-3.356618881E-1,-7.318296432E-1,8.687634299E-1
3.131220318E1,-4.037372470E-1,-2.401657104E-1,-6.330041885E-1,7.882751016E-1
3.131722901E1,-5.429592729E-1,-1.302001476E-1,-5.386810303E-1,7.758441227E-1
3.132225630E1,-5.811930895E-1,-1.161751747E-1,-4.152097702E-1,7.236582286E-1
3.132728219E1,-5.855138302E-1,-1.164939404E-1,-1.813974380E-1,6.239409539E-1
3.133230807E1,-5.180618763E-1,-1.742887497E-1,-1.768674850E-1,5.744969828E-1
3.133733359E1,-5.372732282E-1,-1.840772629E-1,-5.305252075E-1,7.771769144E-1
3.134235943E1,-4.994429946E-1,-6.888103485E-2,-8.404436111E-1,9.800680412E-1
3.134738526E1,-4.953866899E-1,7.109594345E-2,-8.868837357E-1,1.018344424E0
3.135237922E1,-4.535004497E-1,1.789050102E-1,-1.033881187E0,1.143057291E0
3.135740297E1,-4.453556240E-1,2.679576874E-1,-8.982706070E-1,1.037802022E0
3.136242672E1,-3.226438165E-1,2.618279457E-1,-5.569667816E-1,6.948848115E-1
3.136748672E1,-2.383038700E-1,1.643877029E-1,-4.544820786E-1,5.388562063E-1
3.137251292E1,-1.393285692E-1,7.695722580E-2,-6.626567841E-1,6.815048630E-1
3.137753911E1,-9.742493927E-2,-1.975584030E-2,-7.888698578E-1,7.951085238E-1
3.138256646E1,-1.362958550E-1,-1.879272461E-1,-8.045253754E-1,8.373495623E-1
3.138759271E1,-1.505442262E-1,-3.464078903E-1,-7.622385025E-1,8.506876778E-1
3.139261896E1,-6.847648323E-2,-4.572267532E-1,-6.523561478E-1,7.995710576E-1
3.139765026E1,3.789275885E-2,-4.964509010E-1,-4.606399536E-1,6.782982568E-1
3.140267687E1,2.254101336E-1,-5.500845909E-1,-2.733440399E-1,6.543086043E-1
3.140770349E1,3.741297126E-1,-5.560364723E-1,-3.773288727E-1,7.691077158E-1
3.141269359E1,4.458292425E-1,-6.330037117E-1,-5.623397827E-1,9.569134985E-1
3.141771776E1,4.458896816E-1,-6.905136108E-1,-6.415023804E-1,1.042665794E0
3.142274193E1,3.887976706E-1,-7.326192856E-1,-7.301902771E-1,1.105021487E0
3.142776609E1,3.132632077E-1,-6.729960442E-1,-7.759838104E-1,1.073875406E0
3.143283219E1,1.620139778E-1,-6.319751740E-1,-8.407306671E-1,1.064175363E0
3.143785844E1,-5.544602871E-2,-6.375932693E-1,-8.339529037E-1,1.051226372E0
3.144290338E1,-1.668791324E-1,-6.666030884E-1,-7.218189240E-1,9.966096935E-1
3.144793151E1,-2.348458767E-1,-7.092504501E-1,-6.289081573E-1,9.765829495E-1
3.145295963E1,-2.499420941E-1,-8.091678619E-1,-5.547981262E-1,1.012435005E0
3.145798776E1,-2.173374295E-1,-8.134126663E-1,-5.136852264E-1,9.862799987E-1
3.146298187E1,-7.023327053E-2,-6.977872849E-1,-4.914464951E-1,8.563640959E-1
3.146800828E1,8.604571223E-2,-5.681800842E-1,-4.542179108E-1,7.324932649E-1
3.147303354E1,1.081173122E-1,-4.385948181E-1,-4.500865936E-1,6.376775905E-1
3.147805984E1,8.677169681E-2,-3.138303757E-1,-5.268101692E-1,6.193123497E-1
3.148308693E1,-2.019494772E-3,-2.269296646E-1,-6.702418327E-1,7.076194354E-1
3.148811333E1,-3.342945874E-2,-1.395692825E-1,-9.520678520E-1,9.628241315E-1
3.149314427E1,-8.827975392E-2,-1.090650558E-1,-1.032646179E0,1.042135612E0
3.149817109E1,-2.191016078E-1,-7.774496078E-2,-7.832756042E-1,8.170498551E-1
3.150319792E1,-2.589775324E-1,-7.472181320E-2,-4.336037636E-1,5.105535579E-1
3.150821625E1,-2.469219416E-1,-1.959419250E-1,-1.986913681E-1,3.726150064E-1
3.151324250E1,-2.213874757E-1,-3.555297852E-1,-3.028750420E-1,5.168627802E-1
3.151826875E1,-1.918058693E-1,-4.291305542E-1,-4.539637566E-1,6.534719706E-1
3.152329375E1,-1.391431242E-1,-4.451994896E-1,-6.760721207E-1,8.213628351E-1
3.152831990E1,-4.398347437E-2,-4.226741791E-1,-8.354215622E-1,9.372924806E-1
3.153334604E1,8.468598127E-2,-3.950352669E-1,-8.365011215E-1,9.289557061E-1
3.153837219E1,1.994087994E-1,-3.814640045E-1,-7.320952415E-1,8.492597357E-1
3.154341547E1,2.573056519E-1,-3.868932724E-1,-6.656723022E-1,8.117956742E-1
3.154844250E1,2.682572901E-1,-4.254446030E-1,-6.469283104E-1,8.194396394E-1
3.155346953E1,3.374901414E-1,-4.445090294E-1,-6.996836662E-1,8.950112321E-1
3.155846583E1,3.500475585E-1,-4.914488792E-1,-7.286305428E-1,9.460220727E-1
3.156349078E1,3.109651804E-1,-5.188593864E-1,-7.381944656E-1,9.543822481E-1
3.156850703E1,2.439429760E-1,-5.883488655E-1,-7.241468430E-1,9.643916286E-1
3.157353109E1,2.438876778E-1,-5.802683830E-1,-5.622034073E-1,8.439580955E-1
3.157855516E1,2.528657317E-1,-7.049298286E-1,-4.870963097E-1,8.933811933E-1
3.158358375E1,2.371002734E-1,-7.185058594E-1,-4.889469147E-1,9.008530929E-1
3.158860812E1,2.827852666E-1,-7.261333466E-1,-6.109328270E-1,9.901899126E-1
3.159362838E1,3.234599829E-1,-7.086701393E-1,-7.860207558E-1,1.106647349E0
3.159865234E1,3.067555428E-1,-6.854276657E-1,-8.370847702E-1,1.124553672E0
3.160367713E1,2.473495901E-1,-6.757521629E-1,-8.167119026E-1,1.088504082E0
3.160870120E1,1.980467737E-1,-6.653132439E-1,-8.110675812E-1,1.067564920E0
3.161372526E1,1.920520514E-1,-6.494479179E-1,-8.343677521E-1,1.074633023E0
3.161874932E1,2.148527205E-1,-6.187133789E-1,-9.438586235E-1,1.148841607E0
3.162380146E1,1.854609251E-1,-5.781908035E-1,-1.010036469E0,1.178504997E0
3.162882693E1,1.421469897E-1,-5.228204727E-1,-1.023694515E0,1.158230320E0
3.163385240E1,1.041845381E-1,-5.056014061E-1,-8.936491013E-1,1.032034842E0
3.163889458E1,1.379235089E-2,-5.217819214E-1,-7.873668671E-1,9.446656476E-1
3.164392114E1,-4.320684075E-2,-5.280466080E-1,-7.720112801E-1,9.363233778E-1
3.164894771E1,-6.684985757E-2,-5.579237938E-1,-6.083106995E-1,8.281242481E-1
3.165394198E1,-5.728639662E-2,-5.682215691E-1,-5.452713966E-1,7.896064708E-1
3.165896640E1,-1.439949870E-2,-6.215023994E-1,-4.723725319E-1,7.807742228E-1
3.166399083E1,2.828845382E-2,-6.457643509E-1,-5.285515785E-1,8.349722179E-1
3.166901526E1,1.089667678E-1,-6.600718498E-1,-6.563744545E-1,9.372278421E-1
3.167410562E1,1.416810304E-1,-6.693954468E-1,-8.603420258E-1,1.099250736E0
3.167913338E1,1.600463688E-1,-6.295423508E-1,-9.838910103E-1,1.178974101E0
3.168416114E1,1.735700369E-1,-6.031746864E-1,-9.931774139E-1,1.174881967E0
3.168915172E1,2.203965485E-1,-5.373220444E-1,-1.046600819E0,1.196938967E0
3.169417698E1,2.481866330E-1,-4.468050003E-1,-1.057556152E0,1.174587727E0
3.169920588E1,3.189113140E-1,-3.460216522E-1,-9.352240562E-1,1.046938129E0
3.170423151E1,3.082497716E-1,-2.684998512E-1,-8.519148827E-1,9.449174880E-1
3.170925443E1,3.215589523E-1,-1.474022865E-1,-6.830792427E-1,7.692365343E-1
3.171427974E1,2.679168880E-1,-3.099632263E-2,-5.192198753E-1,5.850893178E-1
3.171930505E1,3.100231588E-1,4.234600067E-2,-3.410544395E-1,4.628451939E-1
3.172431849E1,2.564024925E-1,1.442246437E-1,-3.253054619E-1,4.385962033E-1
3.172934302E1,2.363907695E-1,1.883368492E-1,-3.041429520E-1,4.287823456E-1
3.173436755E1,2.401751876E-1,2.083330154E-1,-4.402875900E-1,5.430837210E-1
3.173941083E1,1.816141009E-1,2.233729362E-1,-6.044030190E-1,6.694640839E-1
3.174443661E1,1.756057739E-1,2.145977020E-1,-8.446187973E-1,8.889715824E-1
3.174946240E1,2.269921452E-1,1.534700394E-1,-1.051012516E0,1.086142622E0
3.175448818E1,2.545719445E-1,1.213860512E-1,-1.061068535E0,1.097910690E0
3.175951463E1,2.343468368E-1,5.144214630E-2,-9.086289406E-1,9.397719330E-1
3.176454042E1,2.618119121E-1,5.766868591E-3,-7.372512817E-1,7.823798224E-1
3.176956620E1,2.938755155E-1,-3.967666626E-2,-5.563974380E-1,6.304880376E-1
3.177459312E1,3.353282213E-1,-6.116342545E-2,-4.853777885E-1,5.931084034E-1
3.177961901E1,3.385930061E-1,-6.827592850E-2,-4.666819572E-1,5.806021662E-1
3.178464229E1,3.708197474E-1,-3.704786301E-2,-4.620833397E-1,5.936335924E-1
3.178966792E1,3.123826981E-1,-6.786394119E-2,-4.525651932E-1,5.540791628E-1
3.179469354E1,2.541615963E-1,-7.933092117E-2,-5.003242493E-1,5.667590903E-1
3.179972302E1,1.724500954E-1,-6.662416458E-2,-6.340851784E-1,6.604860545E-1
3.180474890E1,1.344255507E-1,-5.837059021E-2,-7.725849152E-1,7.863617524E-1
3.180977594E1,1.353375316E-1,-3.059482574E-2,-8.920044899E-1,9.027315774E-1
3.181480193E1,1.417515874E-1,-7.195472717E-3,-9.446053505E-1,9.552091685E-1
3.181982620E1,1.728559732E-1,-3.118419647E-2,-9.305214882E-1,9.469540018E-1
3.182485198E1,1.999741942E-1,6.489086151E-2,-8.833336830E-1,9.080082036E-1
3.182988010E1,2.276672870E-1,1.037273407E-1,-7.501673698E-1,7.907862148E-1
3.183490614E1,2.174643278E-1,1.857099533E-1,-6.361560822E-1,6.974765096E-1
3.183993203E1,1.739559472E-1,2.292556763E-1,-5.313448906E-1,6.042733069E-1
3.184495802E1,1.735118628E-1,2.725963593E-1,-5.025382042E-1,5.974611186E-1
3.184998766E1,1.443433762E-1,3.012676239E-1,-4.490017891E-1,5.596425628E-1
3.185501401E1,1.295157969E-1,2.961215973E-1,-4.041595459E-1,5.175009957E-1
3.186004036E1,1.193194762E-1,3.002662659E-1,-3.345360756E-1,4.650928442E-1
3.186505594E1,1.614380926E-1,3.041877747E-1,-3.693709373E-1,5.050023261E-1
3.187008156E1,1.700085104E-1,2.552452087E-1,-3.841032982E-1,4.915163821E-1
3.187510719E1,1.596148908E-1,2.492904663E-1,-4.220113754E-1,5.154767220E-1
3.188013974E1,1.156954020E-1,2.385492325E-1,-5.693116188E-1,6.280182176E-1
3.188516583E1,8.625235409E-2,2.088298798E-1,-6.874256134E-1,7.236044232E-1
3.189019193E1,4.734650627E-2,1.697950363E-1,-8.865094185E-1,9.038644783E-1
3.189522036E1,-1.007221639E-3,1.503419876E-1,-1.013768673E0,1.024856405E0
3.190024661E1,-8.752134442E-2,1.074695587E-1,-1.088557482E0,1.097345471E0
3.190527286E1,-1.165185496E-1,6.032180786E-2,-1.087013006E0,1.094902995E0
3.191029286E1,-1.265962124E-1,5.196475983E-2,-1.014071703E0,1.023263581E0
3.191531870E1,-1.225437522E-1,1.055145264E-2,-9.701569080E-1,9.779226608E-1
3.192034599E1,-7.088772953E-2,2.998352051E-3,-9.216115475E-1,9.243386310E-1
3.192537193E1,1.871717721E-2,1.965999603E-2,-8.540298939E-1,8.544611798E-1
3.193039948E1,5.074040592E-2,7.839202881E-3,-7.816674709E-1,7.833518220E-1
3.193542557E1,1.306454539E-1,5.797386169E-3,-7.761971951E-1,7.871365383E-1
3.194044865E1,1.675725579E-1,-5.617141724E-3,-8.040301800E-1,8.213261501E-1
3.194547443E1,1.663912535E-1,-5.517482758E-2,-8.745019436E-1,8.918990751E-1
3.195050156E1,1.512015909E-1,-7.105636597E-2,-9.110996723E-1,9.262902035E-1
3.195552750E1,9.789773822E-2,-1.249618530E-1,-9.044644833E-1,9.182894061E-1
3.196055323E1,3.028719127E-2,-1.737823486E-1,-9.694731236E-1,9.853911690E-1
3.196557911E1,1.021736860E-2,-2.796392441E-1,-1.000967264E0,1.039344969E0
3.197060500E1,-3.428708017E-2,-3.372955322E-1,-1.123243809E0,1.173294734E0
3.197563088E1,-3.612622619E-2,-3.562488556E-1,-1.202565670E0,1.254744015E0
3.198065677E1,-2.412296832E-2,-3.221464157E-1,-1.263041735E0,1.303700370E0
3.198568604E1,1.617483795E-2,-3.019437790E-1,-1.237905741E0,1.274300708E0
3.199071224E1,8.475230634E-2,-2.716341019E-1,-1.203988075E0,1.237156144E0
3.199573469E1,1.003980339E-1,-1.929578781E-1,-1.333526611E0,1.351149781E0
3.200076052E1,7.305836678E-2,-1.425457001E-1,-1.516210556E0,1.524647911E0
3.200578635E1,-5.427294970E-2,-8.685874939E-2,-1.642041683E0,1.645232775E0
3.201081219E1,-1.096166372E-1,-8.797740936E-2,-1.544006824E0,1.550391211E0
3.201580599E1,-1.316170692E-1,-9.306621552E-2,-1.289794207E0,1.299828246E0
3.202083021E1,-8.217191696E-2,-1.502847672E-1,-1.079680443E0,1.093182324E0
3.202585875E1,-8.098000288E-2,-1.496782303E-1,-8.464193344E-1,8.633579925E-1
3.203088338E1,-2.272510529E-2,-2.206325531E-1,-6.900038719E-1,7.247761704E-1
3.203590802E1,6.866602600E-2,-2.197465897E-1,-6.816623211E-1,7.194908664E-1
3.204093266E1,1.360468864E-1,-2.140359879E-1,-7.064635754E-1,7.506070495E-1
3.204595729E1,1.270348132E-1,-2.224826813E-1,-7.695350647E-1,8.110614052E-1
3.205098990E1,8.942659199E-2,-2.068166733E-1,-9.377777576E-1,9.644674045E-1
3.205601484E1,5.680292845E-2,-1.622076035E-1,-1.091707945E0,1.105153436E0
3.206103979E1,3.860372305E-2,-1.221094131E-1,-1.212401628E0,1.219146695E0
3.206608255E1,-7.997763157E-2,-4.820156097E-2,-1.285721183E0,1.289107743E0
3.207110870E1,-1.507494450E-1,-6.472969055E-2,-1.264345050E0,1.274944600E0
3.207615609E1,-2.313322127E-1,-4.247760773E-2,-1.205781579E0,1.228506474E0
3.208118437E1,-2.835608125E-1,-3.882312775E-2,-1.076823473E0,1.114209478E0
3.208620208E1,-2.934041023E-1,-7.775020599E-2,-1.030399561E0,1.074176111E0
3.209122927E1,-2.511517704E-1,-5.886936188E-2,-9.561479092E-1,9.903341041E-1
3.209625646E1,-2.094642520E-1,-1.372337341E-3,-9.306757450E-1,9.539572834E-1
3.210128104E1,-1.297710538E-1,7.073688507E-2,-9.298789501E-1,9.415514299E-1
3.210630807E1,-5.525481701E-2,1.430730820E-1,-1.106737971E0,1.117314610E0
3.211133401E1,3.786399961E-2,1.679906845E-1,-1.753350019E0,1.761786265E0
3.211636088E1,1.162105203E-1,3.037357330E-1,-1.976000667E0,2.002583061E0
3.212138422E1,1.086155772E-1,4.833545685E-1,-1.732615709E0,1.802050548E0
3.212641073E1,4.412069917E-2,6.396255493E-1,-1.424863577E0,1.562467181E0
3.213143724E1,-5.805429816E-2,7.244758606E-1,-9.180744886E-1,1.170938231E0
3.213646375E1,-1.453983486E-1,7.472686768E-1,-4.220240116E-1,8.704340420E-1
3.214148776E1,-8.428150415E-2,7.603187561E-1,-1.459631920E-1,7.787767564E-1
3.214651417E1,-5.201596022E-2,7.156257629E-1,-1.177041531E-1,7.271039543E-1
3.215154557E1,-5.791413784E-2,6.610546112E-1,-2.124373913E-1,6.967617179E-1
3.215657245E1,-8.285710216E-2,5.775651932E-1,-3.441567421E-1,6.774147289E-1
3.216159932E1,-1.126399040E-1,5.274839401E-1,-5.945107937E-1,8.027266900E-1
3.216660984E1,-1.521176398E-1,4.535102844E-1,-8.059660196E-1,9.372260022E-1
3.217163562E1,-1.390549541E-1,4.035892487E-1,-9.740906954E-1,1.063519273E0
3.217666141E1,-1.787189245E-1,3.969440460E-1,-1.128053188E0,1.209135652E0
3.218169609E1,-1.323961318E-1,4.336462021E-1,-1.191813231E0,1.275145694E0
3.218672245E1,-4.783582687E-2,4.754161835E-1,-1.251683712E0,1.339783911E0
3.219174901E1,4.638913274E-2,4.839515686E-1,-1.264492989E0,1.354733771E0
3.219677542E1,6.902420521E-2,5.502567291E-1,-1.321523666E0,1.433168381E0
3.220179979E1,1.398327351E-1,5.499134064E-1,-1.250559568E0,1.373265154E0
3.220682599E1,1.247332096E-1,5.547590256E-1,-1.286199093E0,1.406280220E0
3.221185130E1,6.205147505E-2,5.790472031E-1,-1.270208836E0,1.397346247E0
3.221687740E1,-1.955017447E-2,5.222721100E-1,-1.264662981E0,1.368401557E0
3.222190391E1,-9.137177467E-2,4.802398682E-1,-1.188485384E0,1.285097911E0
3.222693005E1,-1.728149056E-1,4.193983078E-1,-1.051175833E0,1.144871418E0
3.223195875E1,-1.635211110E-1,3.492708206E-1,-9.578163624E-1,1.032541255E0
3.223698510E1,-1.592803597E-1,2.841873169E-1,-8.508697748E-1,9.111048446E-1
3.224200906E1,-1.649559438E-1,2.384271622E-1,-7.779752016E-1,8.302429701E-1
3.224703521E1,-1.899846792E-1,2.358675003E-1,-7.533763647E-1,8.119751246E-1
3.225206135E1,-1.770795584E-1,2.285308838E-1,-7.814449072E-1,8.332104643E-1
3.225708745E1,-1.550724506E-1,2.355632782E-1,-9.530382156E-1,9.938910219E-1
3.226211114E1,-1.382107735E-1,2.856721878E-1,-1.000262976E0,1.049398322E0
3.226713703E1,-1.025649309E-1,2.975931168E-1,-1.028847694E0,1.075922305E0
3.227216292E1,-9.593477845E-2,3.383855820E-1,-1.058159590E0,1.115082957E0
3.227718880E1,-3.705707192E-2,3.362302780E-1,-1.131085157E0,1.180583610E0
3.228221594E1,-6.936809421E-2,3.533782959E-1,-1.209399223E0,1.261877424E0
3.228724187E1,-1.064209342E-1,3.850240707E-1,-1.183053017E0,1.248672651E0
3.229226781E1,-1.531172991E-1,3.498535156E-1,-1.147879601E0,1.209739628E0
3.229726385E1,-1.808430552E-1,3.339719772E-1,-1.084545374E0,1.149121473E0
3.230228781E1,-2.040222287E-1,3.229131699E-1,-1.016637087E0,1.086024379E0
3.230731177E1,-2.321670353E-1,3.166303635E-1,-9.726777077E-1,1.048931953E0
3.231233573E1,-2.269994318E-1,2.959642410E-1,-1.005141258E0,1.072115909E0
3.231740057E1,-2.078682482E-1,2.704877853E-1,-1.027854919E0,1.082985958E0
3.232242656E1,-2.034689486E-1,2.689590454E-1,-1.069747448E0,1.121649760E0
3.232745271E1,-1.609783769E-1,2.197036743E-1,-1.111990213E0,1.144860680E0
3.233247870E1,-1.523677707E-1,2.711000443E-1,-1.159673691E0,1.200647426E0
3.233750469E1,-1.393602192E-1,2.747926712E-1,-1.145942926E0,1.186641257E0
3.234252729E1,-8.357557654E-2,2.547969818E-1,-1.104498386E0,1.136583945E0
3.234755307E1,-6.167557836E-2,2.924356461E-1,-1.087986469E0,1.128289432E0
3.235257885E1,1.732400060E-2,2.920179367E-1,-1.024735928E0,1.065672707E0
3.235757995E1,8.185252547E-2,3.730983734E-1,-9.814977646E-1,1.053204678E0
3.236260411E1,1.463269889E-1,4.112377167E-1,-9.247746468E-1,1.022612436E0
3.236762828E1,1.153111458E-1,4.304008484E-1,-9.119279385E-1,1.014965081E0
3.237268323E1,5.108261108E-2,4.927825928E-1,-8.855147362E-1,1.014682445E0
3.237770948E1,-1.762494445E-2,4.596424103E-1,-8.694789410E-1,9.836541124E-1
3.238273552E1,-8.622246981E-2,4.075765610E-1,-8.349790573E-1,9.331361066E-1
3.238776172E1,-3.517478704E-2,4.131536484E-1,-8.634448051E-1,9.578466132E-1
3.239278896E1,-2.728402615E-2,3.854341507E-1,-8.782801628E-1,9.595206861E-1
3.239781526E1,-4.808592796E-2,3.579521179E-1,-8.986761570E-1,9.685353945E-1
3.240283864E1,-1.621788740E-2,3.498411179E-1,-9.150621891E-1,9.797911193E-1
3.240786463E1,-8.191078901E-3,3.562726974E-1,-9.416844845E-1,1.006859969E0
3.241289156E1,-2.539157867E-5,3.868093491E-1,-9.403202534E-1,1.016771190E0
3.241791766E1,-2.982932329E-2,3.553724289E-1,-8.967537880E-1,9.650630591E-1
3.242294281E1,-2.601933479E-2,3.241643906E-1,-9.160995483E-1,9.721100454E-1
3.242796880E1,-4.598823190E-2,3.266525269E-1,-8.834471703E-1,9.430247576E-1
3.243299406E1,-3.243035078E-2,2.862482071E-1,-7.844222784E-1,8.356482960E-1
3.243801995E1,-4.473865032E-3,2.489938736E-1,-7.284427881E-1,7.698356059E-1
3.244304583E1,2.801054716E-2,2.453613281E-1,-6.351863146E-1,6.815045314E-1
3.244807172E1,2.217328548E-2,2.133016586E-1,-6.425250769E-1,6.773682356E-1
3.245309760E1,2.108114958E-2,2.052612305E-1,-5.690859556E-1,6.053390888E-1
3.245812536E1,-2.280196548E-2,1.593217850E-1,-5.390497446E-1,5.625637635E-1
3.246315135E1,-3.801652789E-2,1.232919693E-1,-5.283569098E-1,5.438815957E-1
3.246817734E1,-4.378300905E-2,5.430126190E-2,-5.319010019E-1,5.364552682E-1
3.247320510E1,-7.820519805E-2,4.881858826E-3,-5.116759539E-1,5.176409637E-1
3.247823125E1,-1.316088736E-1,-2.034473419E-2,-4.632730484E-1,4.820339420E-1
3.248325365E1,-1.658701599E-1,-7.384300232E-2,-4.295544624E-1,4.663504424E-1
3.248827937E1,-1.669685245E-1,-9.361648560E-2,-4.817433357E-1,5.183813037E-1
3.249330510E1,-1.779876649E-1,-1.226377487E-1,-6.098116636E-1,6.469852327E-1
3.249833495E1,-2.034792900E-1,-1.418161392E-1,-8.179234266E-1,8.547013342E-1
3.250336094E1,-2.383663952E-1,-8.946514130E-2,-9.820678234E-1,1.014534258E0
3.250838448E1,-1.973527372E-1,-7.050514221E-2,-8.799968958E-1,9.046068840E-1
3.251341021E1,-4.804882407E-2,-3.712463379E-2,-6.043487787E-1,6.073914506E-1
3.251843667E1,1.709282994E-1,-1.799297333E-2,-1.135261059E-1,2.059815704E-1
3.252346250E1,2.742409408E-1,1.528167725E-2,1.547188759E-1,3.152452281E-1
3.252848833E1,3.818803132E-1,5.766391754E-2,1.411941051E-1,4.112097716E-1
3.253351536E1,4.226069748E-1,1.137933731E-1,8.577108383E-2,4.459846026E-1
3.253854125E1,3.495287001E-1,1.694173813E-1,-7.806968689E-2,3.961911626E-1
3.254356713E1,2.727919519E-1,1.913461685E-1,-2.878830433E-1,4.403469676E-1
3.254859411E1,1.685714573E-1,2.131786346E-1,-4.818575382E-1,5.532161907E-1
3.255362005E1,4.178893566E-2,1.922349930E-1,-5.368835926E-1,5.717906957E-1
3.255864792E1,-6.484282017E-2,1.336441040E-1,-5.824382305E-1,6.010820495E-1
3.256367406E1,-1.420270503E-1,1.468992233E-1,-5.045087337E-1,5.443162015E-1
3.256870021E1,-1.805955768E-1,1.031627655E-1,-4.702267647E-1,5.141697470E-1
3.257372786E1,-1.524557769E-1,1.216526031E-1,-4.318506718E-1,4.738534821E-1
3.257875411E1,-1.862717569E-1,1.116056442E-1,-4.177961349E-1,4.708573007E-1
3.258378338E1,-1.345928311E-1,9.707069397E-2,-3.046710491E-1,3.469328436E-1
3.258880995E1,-7.585018873E-3,1.730871201E-1,-2.738282681E-1,3.240348809E-1
3.259383651E1,8.027225733E-2,1.726856232E-1,-1.962821484E-1,2.734787771E-1
3.259885333E1,1.058520973E-1,1.962881088E-1,-1.533105373E-1,2.706248492E-1
3.260387922E1,1.455468684E-1,2.342090607E-1,-1.066689491E-1,2.956620363E-1
3.260890510E1,1.612689048E-1,2.720632553E-1,-1.465218067E-1,3.485609192E-1
3.261393099E1,1.673192829E-1,2.386369705E-1,-1.487410069E-1,3.272112976E-1
3.261895719E1,1.306997091E-1,2.010917664E-1,-1.281278133E-1,2.719136793E-1
3.262398307E1,6.076264381E-2,1.404285431E-1,-1.322669983E-1,2.022543780E-1
3.262900896E1,3.385168314E-2,9.948825836E-2,-1.036636829E-1,1.476143935E-1
3.263400302E1,3.070908785E-2,6.380081177E-2,2.410817146E-2,7.479836623E-2
3.263902682E1,4.186084867E-2,9.024238586E-2,1.459989548E-1,1.766683720E-1
3.264406281E1,1.966565847E-2,8.308792114E-2,2.057986259E-1,2.228080232E-1
3.264908786E1,-3.568115830E-2,8.051490784E-2,2.042815685E-1,2.224561860E-1
3.265411292E1,-4.783436656E-2,-7.724761963E-3,1.181666851E-1,1.277151676E-1
3.265913797E1,5.407640338E-2,-5.276393890E-2,1.478362083E-2,7.698601234E-2
3.266415646E1,6.002756953E-2,-1.071386337E-1,-4.421091080E-2,1.305243294E-1
3.266918114E1,1.042901725E-1,-1.754055023E-1,-5.473160744E-2,2.112796232E-1
3.267421068E1,1.533399522E-1,-2.383928299E-1,-9.335279465E-2,2.984275902E-1
3.267923583E1,1.881316900E-1,-2.724170685E-1,-9.332633018E-2,3.439685973E-1
3.268426099E1,1.896229237E-1,-3.108558655E-1,-9.328198433E-2,3.758852896E-1
3.268928615E1,1.628052592E-1,-3.156337738E-1,-1.598467827E-1,3.894627396E-1
3.269434505E1,1.456468105E-1,-3.201789856E-1,-1.787865162E-1,3.945785025E-1
3.269937193E1,1.236614585E-1,-3.006916046E-1,-2.171499729E-1,3.909753293E-1
3.270439927E1,1.348143220E-1,-2.904434204E-1,-1.897730827E-1,3.722178190E-1
3.270942620E1,1.264493465E-1,-2.797870636E-1,-5.940103531E-2,3.127278708E-1
3.271445266E1,1.318528056E-1,-2.545061111E-1,3.075242043E-2,2.882780504E-1
3.271947953E1,1.036188751E-1,-2.670097351E-1,8.121919632E-2,2.977039264E-1
3.272450640E1,1.228389442E-1,-2.268056870E-1,1.399736404E-1,2.934669417E-1
3.272953151E1,1.560035199E-1,-1.628732681E-1,2.783405781E-1,3.582433211E-1
3.273455828E1,1.231860220E-1,-1.287212372E-1,4.661917686E-1,4.990778678E-1
3.273958187E1,1.431508958E-1,-8.984565735E-2,5.154223442E-1,5.424247543E-1
3.274460828E1,1.730367988E-1,-4.636478424E-2,4.312961102E-1,4.670200869E-1
3.274963469E1,1.219677031E-1,1.111412048E-2,2.239482403E-1,2.552497965E-1
3.275466109E1,3.782798350E-2,4.920387268E-2,1.562674046E-1,1.681412476E-1
3.275968474E1,2.073286474E-2,4.411220551E-2,1.321403980E-1,1.408432574E-1
3.276471099E1,1.779969037E-2,-4.063606262E-3,1.179065704E-1,1.193117816E-1
3.276973693E1,4.231333733E-4,-1.000986099E-1,7.540750504E-2,1.253243894E-1
3.277476318E1,-2.166020870E-2,-1.673927307E-1,1.050612926E-1,1.988149042E-1
3.277978943E1,-3.888726234E-2,-2.395219803E-1,6.063699722E-3,2.427339421E-1
3.278481568E1,-6.080964208E-2,-2.590131760E-1,-7.336759567E-2,2.759863076E-1
3.278980437E1,-3.003053367E-2,-2.689857483E-1,-4.237246513E-2,2.739536303E-1
3.279482875E1,-2.800473571E-2,-3.602294922E-1,-1.743793488E-3,3.613206237E-1
3.279985823E1,1.231466234E-2,-4.037322998E-1,1.398885250E-1,4.274578579E-1
3.280488312E1,5.746877193E-2,-4.664678574E-1,1.862196922E-1,5.055419819E-1
3.280990802E1,3.583137691E-2,-3.858394623E-1,8.482909203E-2,3.966761312E-1
3.281493870E1,6.673274934E-2,-4.056673050E-1,6.002640724E-2,4.154785094E-1
3.281996396E1,5.426768959E-2,-4.585876465E-1,1.301739216E-1,4.797841822E-1
3.282498922E1,5.084890127E-2,-5.253982544E-1,3.189926147E-1,6.167537797E-1
3.283001448E1,8.496783674E-2,-5.918979645E-1,4.928083420E-1,7.748695345E-1
3.283507516E1,1.138348728E-1,-5.912418365E-1,6.184442043E-1,8.631329686E-1
3.284010219E1,1.520523429E-1,-5.763692856E-1,7.013263702E-1,9.204238947E-1
3.284512922E1,1.135767102E-1,-5.282964706E-1,7.226605415E-1,9.023497594E-1
3.285011948E1,1.038403362E-1,-4.902582169E-1,6.493804455E-1,8.202627004E-1
3.285514406E1,9.417495131E-2,-4.286231995E-1,5.530133247E-1,7.059819445E-1
3.286016864E1,9.417392313E-2,-3.530979156E-1,4.242527485E-1,5.599439797E-1
3.286522833E1,1.660722345E-1,-2.634582520E-1,2.530317307E-1,4.012671109E-1
3.287025531E1,1.808872074E-1,-1.454143524E-1,1.925315857E-1,3.015525281E-1
3.287528469E1,1.722304970E-1,-2.284049988E-2,4.636478424E-2,1.798185912E-1
3.288031187E1,1.402718425E-1,2.301502228E-2,3.928756714E-2,1.474767574E-1
3.288533906E1,6.579466164E-2,4.496097565E-2,1.087121964E-1,1.347915742E-1
3.289036625E1,-8.292391896E-3,4.285049438E-2,2.214388847E-1,2.256991544E-1
3.289535323E1,-4.396398365E-2,2.303123474E-3,2.579770088E-1,2.617064640E-1
3.290037838E1,-5.084219575E-2,-4.776000977E-2,2.228145599E-1,2.334786404E-1
3.290540354E1,-2.404803038E-2,-1.025333405E-1,1.303706169E-1,1.675944254E-1
3.291046125E1,-2.594405413E-2,-1.858787537E-1,1.193032265E-1,2.223898938E-1
3.291548864E1,-8.575022221E-3,-2.596120834E-1,1.514925957E-1,3.007024633E-1
3.292051375E1,3.756680340E-2,-3.237285614E-1,1.742372513E-1,3.695538742E-1
3.292554088E1,5.523873866E-2,-3.783435822E-1,1.495094299E-1,4.105462873E-1
3.293056802E1,5.884644389E-2,-4.331073761E-1,6.316661835E-2,4.416275862E-1
3.293559516E1,3.879757971E-2,-4.402189255E-1,5.401945114E-2,4.452146175E-1
3.294061792E1,5.248706043E-2,-4.570465088E-1,7.875585556E-2,4.667428494E-1
3.294564484E1,6.138177216E-2,-4.310569763E-1,1.661882401E-1,4.660433133E-1
3.295067333E1,8.459667116E-2,-4.004297256E-1,2.681374550E-1,4.892834115E-1
3.295570042E1,1.027767807E-1,-4.226131439E-1,2.555570602E-1,5.044545045E-1
3.296072750E1,1.255147606E-1,-3.588047028E-1,2.337083817E-1,4.462223409E-1
3.296575740E1,1.098531485E-1,-3.715982437E-1,1.880202293E-1,4.307024212E-1
3.297078463E1,9.400838614E-2,-3.315963745E-1,1.420755386E-1,3.727991295E-1
3.297581187E1,1.018223912E-1,-2.722663879E-1,1.435527802E-1,3.241977576E-1
3.298082776E1,8.061618358E-2,-2.891569138E-1,2.543191910E-1,3.934322568E-1
3.298585422E1,7.355072349E-2,-2.674303055E-1,4.408459663E-1,5.208395562E-1
3.299088193E1,5.686069280E-2,-2.072830200E-1,4.403100014E-1,4.899717197E-1
3.299590854E1,1.171024144E-2,-8.504009247E-2,1.911611557E-1,2.095507922E-1
3.300093088E1,-7.082359493E-2,4.663562775E-2,-9.806156158E-3,8.536406781E-2
3.300595703E1,-1.143600643E-1,1.543588638E-1,7.625770569E-2,2.066884632E-1
3.301098318E1,-3.820359707E-2,1.473579407E-1,3.818998337E-1,4.111220749E-1
3.301600932E1,4.731282592E-2,1.116962433E-1,6.823883057E-1,6.930861086E-1
3.302103224E1,2.767379582E-2,1.044206619E-1,9.019503593E-1,9.083963696E-1
3.302605823E1,-1.505464315E-3,6.780052185E-2,8.834400177E-1,8.860391877E-1
3.303108698E1,6.476401538E-2,7.845306396E-2,6.557073593E-1,6.635521095E-1
3.303611323E1,7.817853987E-2,2.181720734E-2,3.667325974E-1,3.756070721E-1
3.304113682E1,5.793031305E-2,-1.400947571E-3,1.023092270E-1,1.175800228E-1
3.304616281E1,-9.537339211E-4,-7.703876495E-2,-3.293943405E-2,8.379073475E-2
3.305118880E1,-7.442033291E-2,-1.427383423E-1,-2.504730225E-2,1.629109808E-1
3.305621708E1,-1.049194485E-1,-2.416458130E-1,3.990459442E-2,2.664454283E-1
3.306124323E1,-1.785539687E-1,-3.548135757E-1,1.574878693E-1,4.272898574E-1
3.306626937E1,-1.758673787E-1,-4.153928757E-1,2.609062195E-1,5.211071209E-1
3.307129552E1,-8.722226322E-2,-4.283552170E-1,3.456234932E-1,5.572714905E-1
3.307628573E1,2.521218359E-2,-4.225635529E-1,3.879575729E-1,5.742009133E-1
3.308131005E1,1.615785360E-1,-3.979682922E-1,3.591265678E-1,5.598734470E-1
3.308633437E1,2.408840656E-1,-3.975706100E-1,3.643198013E-1,5.906068410E-1
3.309136240E1,2.632658184E-1,-3.495769501E-1,4.130058289E-1,6.017364455E-1
3.309638698E1,2.381486297E-1,-3.543891907E-1,3.806142807E-1,5.719909955E-1
3.310141156E1,1.976685822E-1,-3.425617218E-1,2.843804359E-1,4.871279442E-1
3.310643614E1,1.530748457E-1,-3.404626846E-1,1.654825211E-1,4.083273353E-1
3.311146073E1,7.598805428E-2,-3.288726807E-1,5.708122253E-2,3.423297978E-1
3.311649890E1,4.729031771E-2,-3.837404251E-1,-2.686452866E-2,3.875755293E-1
3.312152401E1,3.311306238E-2,-3.905982971E-1,-1.007189751E-1,4.047317835E-1
3.312658250E1,-2.848969400E-2,-4.019651413E-1,-1.457800865E-1,4.285317621E-1
3.313161099E1,-4.308491945E-3,-3.465824127E-1,-1.290392876E-1,3.698500637E-1
3.313663948E1,6.208425760E-2,-2.914085388E-1,-1.746106148E-1,3.453436815E-1
3.314165635E1,2.314405143E-2,-1.842670441E-1,-1.584067345E-1,2.440956455E-1
3.314668406E1,-2.535354346E-2,-1.347827911E-1,-1.569595337E-1,2.084358371E-1
3.315171125E1,-6.905302405E-2,-6.653594971E-2,-1.083483696E-1,1.446883614E-1
3.315673891E1,-1.411848962E-1,-4.148578644E-2,1.412391663E-3,1.471605934E-1
3.316176083E1,-2.034670413E-1,-3.553485870E-2,1.195940971E-1,2.386719739E-1
3.316678786E1,-1.849687099E-1,-1.154899597E-3,2.368330956E-1,3.005073586E-1
3.317181490E1,-1.623866856E-1,-3.423690796E-4,2.819623947E-1,3.253803081E-1
3.317683771E1,-5.987642705E-2,1.948642731E-2,3.171863556E-1,3.233760837E-1
3.318186448E1,2.215991169E-2,3.926753998E-2,3.994178772E-1,4.019547761E-1
3.318689510E1,1.125913486E-1,5.428123474E-2,4.617447853E-1,4.783633671E-1
3.319192224E1,1.878385395E-1,1.356916428E-1,4.997735023E-1,5.508802887E-1
3.319694937E1,1.909711659E-1,1.166505814E-1,5.376191139E-1,5.823329426E-1
3.320196750E1,1.704306602E-1,1.213960648E-1,4.614281654E-1,5.066552737E-1
3.320699401E1,1.597129405E-1,1.022377014E-1,3.576350212E-1,4.048006662E-1
3.321202427E1,8.762682974E-2,6.883716583E-2,2.740087509E-1,2.958002912E-1
3.321705114E1,4.492912814E-2,5.462169647E-2,1.390347481E-1,1.559897992E-1
3.322207802E1,-3.516998142E-2,7.274627686E-3,8.121109009E-2,8.879802337E-2
3.322710490E1,-3.367573023E-2,-7.760143280E-2,7.127285004E-2,1.106158051E-1
3.323209094E1,-3.677550703E-2,-1.569499969E-1,1.420502663E-1,2.148581337E-1
3.323711578E1,-5.870449916E-2,-2.165622711E-1,2.453699112E-1,3.324933515E-1
3.324214062E1,5.151677877E-3,-2.947363853E-1,3.527193069E-1,4.596813963E-1
3.324716547E1,7.333786786E-2,-3.487086296E-1,4.215469360E-1,5.519764221E-1
3.325223140E1,-2.515149489E-2,-4.119334221E-1,4.237012863E-1,5.914765608E-1
3.325725828E1,-1.181894988E-1,-3.467907906E-1,3.837461472E-1,5.305598133E-1
3.326228068E1,-1.586714685E-1,-3.156609535E-1,2.875494957E-1,4.555251749E-1
3.326730708E1,-1.187169328E-1,-2.278747559E-1,1.875367165E-1,3.181047540E-1
3.327233349E1,-2.241100930E-2,-1.359853745E-1,5.974292755E-2,1.502114936E-1
3.327732672E1,3.523025662E-2,-9.199905396E-2,-1.121703148E0,1.126020847E0
3.328235094E1,6.526875496E-1,-4.211425781E-3,-2.119968176E0,2.218171283E0
3.328737516E1,8.058055639E-1,2.136116028E-1,-9.298248291E-1,1.248810128E0
3.329239937E1,7.187906504E-1,3.647956848E-1,3.236923218E-1,8.686268531E-1
3.329743484E1,3.413445354E-1,3.912706375E-1,1.433868408E0,1.524987677E0
3.330245963E1,1.064486802E-1,3.735446930E-1,2.104819775E0,2.140358204E0
3.330748443E1,6.375803053E-2,2.447175980E-1,2.004327297E0,2.020217737E0
3.331250922E1,4.970466346E-2,4.345512390E-2,1.547532082E0,1.548939781E0
3.331753187E1,-4.996421188E-2,-1.818046570E-1,8.887457848E-1,9.085254128E-1
3.332255656E1,-6.716046482E-3,-3.019328117E-1,3.038854599E-1,4.284330762E-1
3.332758125E1,7.864934206E-2,-4.073290825E-1,-6.633806229E-2,4.201231236E-1
3.333264729E1,1.108069941E-1,-4.405550957E-1,-3.196134567E-1,5.554455365E-1
3.333767474E1,9.471082687E-2,-4.446148872E-1,-4.479494095E-1,6.382093795E-1
3.334269490E1,5.902669579E-2,-4.148364067E-1,-5.191378593E-1,6.671412985E-1
3.334772161E1,-1.489872858E-2,-3.703494072E-1,-5.291323662E-1,6.460353833E-1
3.335274422E1,-1.170263365E-1,-3.445229530E-1,-4.309444427E-1,5.640073948E-1
3.335777052E1,-9.041002393E-2,-2.518858910E-1,-2.964496613E-1,3.993781118E-1
3.336279870E1,-2.151362970E-2,-1.786026955E-1,-1.589694023E-1,2.400688026E-1
3.336782521E1,3.746109456E-2,-1.247014999E-1,-4.671239853E-2,1.383323746E-1
3.337285172E1,4.425725341E-2,-9.495639801E-2,7.882070541E-2,1.311034920E-1
3.337788755E1,-1.032197848E-2,-9.881782532E-2,1.655306816E-1,1.930593494E-1
3.338291463E1,-1.637072414E-1,-1.741471291E-1,1.949901581E-1,3.084614161E-1
3.338794172E1,-3.062496483E-1,-2.301497459E-1,1.724543571E-1,4.201169575E-1
3.339295516E1,-3.529972434E-1,-2.765259743E-1,5.092906952E-2,4.512952896E-1
3.339798135E1,-3.331931829E-1,-3.038125038E-1,-1.688480377E-2,4.512259204E-1
3.340300719E1,-3.993119597E-1,-3.404517174E-1,-6.500196457E-2,5.287557739E-1
3.340803333E1,-3.609942794E-1,-3.151116371E-1,-1.031289101E-1,4.901507785E-1
3.341305948E1,-3.331138492E-1,-3.231987953E-1,-1.599693298E-1,4.909302234E-1
3.341808562E1,-2.493005097E-1,-2.930417061E-1,-1.833939552E-1,4.262130083E-1
3.342311250E1,-2.097052187E-1,-2.961287498E-1,-2.449979782E-1,4.378270487E-1
3.342813870E1,-1.238762364E-1,-1.659293175E-1,-3.018136024E-1,3.660181839E-1
3.343316562E1,-3.452853858E-2,-1.172327995E-1,-3.396334648E-1,3.609524064E-1
3.343819187E1,2.518032491E-2,-4.006004333E-2,-2.922601700E-1,2.960656393E-1
3.344321510E1,1.221226603E-1,7.484912872E-2,-2.601199150E-1,2.969489963E-1
3.344824104E1,2.369904816E-1,1.369953156E-1,-2.526354790E-1,3.725008592E-1
3.345326698E1,3.464300036E-1,2.417373657E-1,-1.507954597E-1,4.485420516E-1
3.345829568E1,4.412427545E-1,3.983364105E-1,-9.326839447E-2,6.017192516E-1
3.346332177E1,4.317235351E-1,4.780082703E-1,-2.722501755E-2,6.446846661E-1
3.346834510E1,3.710295558E-1,4.907779694E-1,-2.379179001E-2,6.157044711E-1
3.347337094E1,3.021811843E-1,5.606164932E-1,3.099441528E-3,6.368782671E-1
3.347839677E1,2.155511826E-1,4.829149246E-1,4.367685318E-2,5.306381104E-1
3.348342260E1,1.395522803E-1,4.107151031E-1,8.854389191E-2,4.427208553E-1
3.348845146E1,9.755668789E-2,3.439474106E-1,7.596731186E-2,3.654971424E-1
3.349347745E1,2.744804695E-2,2.778077126E-1,-6.478595734E-2,2.865793794E-1
3.349850224E1,-1.803686470E-2,2.266225815E-1,-4.324932098E-1,4.886036221E-1
3.350352807E1,-1.287844777E-1,1.570868492E-1,-5.409984589E-1,5.778763297E-1
3.350855208E1,-2.285017818E-1,1.027565002E-1,-3.499703407E-1,4.304081807E-1
3.351357771E1,-2.564981282E-1,3.508043289E-2,-5.669355392E-2,2.650209154E-1
3.351860667E1,-1.804585755E-1,-2.708482742E-2,1.579108238E-1,2.413186972E-1
3.352363266E1,-1.101735085E-1,1.368522644E-3,4.279398918E-1,4.418966235E-1
3.352865693E1,-6.935174763E-2,-3.246498108E-2,4.493184090E-1,4.557967448E-1
3.353368271E1,-1.477046311E-2,-2.527236938E-5,2.101163864E-1,2.106349047E-1
3.353871068E1,6.335362792E-2,3.179597855E-2,-8.351802826E-2,1.095441804E-1
3.354373672E1,8.914940804E-2,6.802940369E-2,-3.318209648E-1,3.502581468E-1
3.354876276E1,1.389852017E-1,1.390171051E-2,-4.595365524E-1,4.802957286E-1
3.355378823E1,1.365809739E-1,-6.171703339E-3,-4.917049408E-1,5.103588945E-1
3.355881422E1,9.644681215E-2,-1.152372360E-2,-4.670286179E-1,4.770225505E-1
3.356384021E1,4.241321981E-2,-7.353448868E-2,-4.334230423E-1,4.416579399E-1
3.356884719E1,-3.036268800E-2,-1.110439301E-1,-4.099035263E-1,4.257623141E-1
3.357387187E1,-1.217527613E-1,-1.291103363E-1,-3.582439423E-1,3.997898648E-1
3.357889656E1,-1.462784410E-1,-2.086253166E-1,-3.926348686E-1,4.680641463E-1
3.358392943E1,-1.235569566E-1,-2.540044785E-1,-3.178172112E-1,4.251968677E-1
3.358895463E1,-1.250500679E-1,-3.320069313E-1,-2.913980484E-1,4.591066810E-1
3.359397984E1,-1.364479661E-1,-3.283820152E-1,-2.132744789E-1,4.146550358E-1
3.359902146E1,-6.284704804E-2,-3.196616173E-1,-2.122597694E-1,3.888283821E-1
3.360404776E1,-4.238493741E-2,-2.584657669E-1,-2.401270866E-1,3.553337211E-1
3.360907406E1,1.102393121E-2,-1.309189796E-1,-3.347096443E-1,3.595717624E-1
3.361409651E1,4.494238645E-2,5.555629730E-3,-4.433689117E-1,4.456755266E-1
3.361912255E1,4.534856230E-2,1.841425896E-1,-5.375194550E-1,5.699931139E-1
3.362414859E1,9.830865264E-2,3.380379677E-1,-7.075295448E-1,7.902735701E-1
3.362918073E1,9.413065016E-2,4.153800011E-1,-7.820472717E-1,8.905049465E-1
3.363420719E1,1.139445677E-1,5.117802620E-1,-8.520884514E-1,1.000478451E0
3.363922974E1,8.642666042E-2,5.700178146E-1,-8.273510933E-1,1.008414453E0
3.364425578E1,1.019927114E-1,5.618553162E-1,-7.512688637E-1,9.436571491E-1
3.364928099E1,6.037070602E-2,5.543785095E-1,-6.718173027E-1,8.731086085E-1
3.365430693E1,5.708686262E-2,5.282940865E-1,-6.076126099E-1,8.071843874E-1
3.365933047E1,6.275415421E-3,4.361138344E-1,-5.108237267E-1,6.716960154E-1
3.366435614E1,-1.303300261E-3,3.732557297E-1,-5.050358772E-1,6.279990252E-1
3.366938182E1,-3.243909776E-2,3.252830505E-1,-5.183300972E-1,6.128029436E-1
3.367440750E1,-5.843393505E-2,2.256546021E-1,-5.601224899E-1,6.066891526E-1
3.367943766E1,-2.234639227E-2,1.081166267E-1,-5.163073540E-1,5.279790242E-1
3.368446359E1,-6.549209356E-4,-3.658008575E-2,-5.349206924E-1,5.361703822E-1
3.368948953E1,-2.662372589E-2,7.119178772E-4,-6.059226990E-1,6.065077466E-1
3.369451396E1,-1.449647546E-2,2.399969101E-2,-7.149028778E-1,7.154524846E-1
3.369953979E1,-3.125737607E-2,9.061431885E-2,-8.238511086E-1,8.294086010E-1
3.370455838E1,-1.528251171E-2,1.101565361E-1,-8.237843513E-1,8.312572858E-1
3.370958349E1,3.302329779E-2,1.020765305E-1,-8.153934479E-1,8.224212005E-1
3.371460859E1,4.690711200E-2,1.283512115E-1,-7.275152206E-1,7.402382771E-1
3.371964500E1,5.050425231E-2,2.029132843E-1,-6.937065125E-1,7.245365456E-1
3.372467083E1,6.142511964E-3,2.775950432E-1,-6.371641159E-1,6.950358617E-1
3.372969844E1,-1.934078336E-2,3.238415718E-1,-6.671981812E-1,7.418900474E-1
3.373472448E1,-2.598403394E-2,3.465666771E-1,-6.595215797E-1,7.454879917E-1
3.373974906E1,1.480621099E-2,3.173251152E-1,-6.142463684E-1,6.915295031E-1
3.374477495E1,4.567620158E-2,3.030481339E-1,-6.219177246E-1,6.933297506E-1
3.374980276E1,6.674691290E-2,2.228956223E-1,-5.823740959E-1,6.271341136E-1
3.375482880E1,8.768743277E-2,1.533160210E-1,-5.766253471E-1,6.030685526E-1
3.375985354E1,9.899954498E-2,8.951234818E-2,-5.664377213E-1,5.819493642E-1
3.376487948E1,7.699007541E-2,8.382034302E-2,-3.715682030E-1,3.886080945E-1
3.376990542E1,9.269203246E-2,5.497121811E-2,-2.878799438E-1,3.073898336E-1
3.377493198E1,4.107372463E-2,7.429647446E-2,-3.428235054E-1,3.531783867E-1
3.377995792E1,1.314893365E-2,5.113506317E-2,-4.022297859E-1,4.056802803E-1
3.378498385E1,-3.365344554E-2,3.801107407E-2,-4.849710464E-1,4.876210742E-1
3.379000979E1,-6.095440686E-2,7.764482498E-2,-5.006985664E-1,5.103363724E-1
3.379499818E1,-9.777160734E-2,6.961107254E-2,-4.829177856E-1,4.976088588E-1
3.380002224E1,-8.719698340E-2,1.493310928E-2,-5.038185120E-1,5.115265435E-1
3.380504630E1,-1.102214828E-1,4.674291611E-2,-5.153384209E-1,5.290627217E-1
3.381007844E1,-1.141994298E-1,2.182006836E-2,-3.797883987E-1,3.971861691E-1
3.381510307E1,-1.749795526E-1,-6.437587738E-2,-3.545088768E-1,4.005479262E-1
3.382012771E1,-1.687787473E-1,-9.271192551E-2,-2.770338058E-1,3.373862716E-1
3.382515505E1,-1.865600049E-1,-1.396994591E-1,-2.806992531E-1,3.648460566E-1
3.383017984E1,-1.237156019E-1,-1.245632172E-1,-3.267331123E-1,3.709124855E-1
3.383520463E1,-1.136977449E-1,-7.629871368E-2,-3.625659943E-1,3.875600226E-1
3.384026578E1,-1.133648232E-1,-1.383352280E-2,-4.028835297E-1,4.187577915E-1
3.384529302E1,-1.225258112E-1,-4.301548004E-3,-3.236479759E-1,3.460911586E-1
3.385032026E1,-1.554192305E-1,2.893829346E-2,-1.545763016E-1,2.211026798E-1
3.385534854E1,-1.503703594E-1,2.860927582E-2,8.708953857E-3,1.533153010E-1
3.386037588E1,-1.315468550E-1,2.350902557E-2,9.025382996E-2,1.612544671E-1
3.386539901E1,-8.481575549E-2,3.286552429E-2,5.078792572E-3,9.110241050E-2
3.387042588E1,-1.241702139E-1,2.819061279E-2,-1.363296509E-1,1.865441674E-1
3.387545276E1,-1.392455548E-1,-2.355670929E-2,-1.863741875E-1,2.338366542E-1
3.388047359E1,-1.681867540E-1,-3.669977188E-2,-1.883702278E-1,2.551803288E-1
3.388550005E1,-1.540885121E-1,-8.274650574E-2,-1.570024490E-1,2.350319612E-1
3.389053078E1,-9.815298021E-2,-1.195039749E-1,-8.366823196E-2,1.758282702E-1
3.389555766E1,-1.235680655E-1,-6.536817551E-2,3.774023056E-2,1.447977561E-1
3.390058453E1,-1.009151787E-1,-6.390047073E-2,1.067070961E-1,1.601672495E-1
3.390560328E1,-1.544400752E-1,-3.850078583E-2,1.089315414E-1,1.928733472E-1
3.391062963E1,-2.075797170E-1,-5.122423172E-2,1.323223114E-3,2.138106914E-1
3.391565599E1,-1.839203537E-1,-1.067070961E-1,-4.868268967E-2,2.181355201E-1
3.392068161E1,-1.552164853E-1,-1.331653595E-1,-1.702761650E-1,2.661186627E-1
3.392570792E1,-1.024055779E-1,-2.359547615E-1,-2.341508865E-1,3.478335658E-1
3.393073708E1,-4.935786873E-2,-3.527545929E-1,-2.834658623E-1,4.552196141E-1
3.393576364E1,-2.958228067E-2,-3.878993988E-1,-2.656302452E-1,4.710631402E-1
3.394079021E1,-1.425252482E-2,-3.942370415E-1,-8.496475220E-2,4.035405661E-1
3.394581677E1,2.037423849E-2,-4.008517265E-1,1.581850052E-1,4.314159387E-1
3.395084224E1,7.884661108E-2,-4.318637848E-1,3.443417549E-1,5.579375959E-1
3.395586875E1,1.083274782E-1,-4.396090508E-1,3.589377403E-1,5.777778652E-1
3.396088828E1,1.136155128E-1,-4.147362709E-1,2.979631424E-1,5.231602942E-1
3.396591406E1,9.458584338E-2,-4.334073067E-1,1.994376183E-1,4.863781850E-1
3.397093953E1,3.674292937E-2,-4.092574120E-1,6.800079346E-2,4.164922328E-1
3.397596526E1,-7.354073226E-3,-4.473123550E-1,-5.345678329E-2,4.505552719E-1
3.398099099E1,-3.286356106E-2,-3.990821838E-1,-9.811639786E-2,4.122783412E-1
3.398601672E1,-5.895058811E-2,-3.599972725E-1,-1.906623840E-1,4.116131105E-1
3.399101969E1,-9.005412459E-3,-3.730401993E-1,-2.067198753E-1,4.265831626E-1
3.399604427E1,-1.223001629E-2,-3.419027328E-1,-1.515998840E-1,3.742052603E-1
3.400106885E1,-1.191981137E-3,-3.149290085E-1,-1.398077011E-1,3.445691433E-1
3.400612312E1,-1.045346633E-1,-3.112702370E-1,-1.330051422E-1,3.542697053E-1
3.401114974E1,-1.594363898E-1,-3.507676125E-1,-1.586341858E-2,3.856287442E-1
3.401617635E1,-1.708262265E-1,-3.233780861E-1,5.365848541E-2,3.696406624E-1
3.402120078E1,-1.150129884E-1,-3.630294800E-1,1.473083496E-1,4.083113282E-1
3.402622724E1,-7.357619703E-2,-4.506015778E-1,2.507743835E-1,5.209059705E-1
3.403125812E1,-2.316639572E-2,-4.902906418E-1,1.535549164E-1,5.142963228E-1
3.403628500E1,8.856195211E-2,-5.059633255E-1,5.669260025E-2,5.167747643E-1
3.404131187E1,2.187506855E-1,-4.305033684E-1,-7.342433929E-2,4.884425720E-1
3.404633875E1,2.243263870E-1,-3.501954079E-1,-9.322834015E-2,4.262049683E-1
3.405132682E1,2.778447568E-1,-2.702851295E-1,-1.690435410E-2,3.879916460E-1
3.405635177E1,3.074089587E-1,-2.094783783E-1,1.120996475E-1,3.885199993E-1
3.406137073E1,3.753044605E-1,-2.399282455E-1,2.277374268E-3,4.454482995E-1
3.406639505E1,3.429710865E-1,-2.034554482E-1,-1.453828812E-1,4.244519616E-1
3.407141937E1,2.107704878E-1,-2.527961731E-1,-2.019667625E-1,3.861614647E-1
3.407644370E1,8.439901471E-2,-3.109374046E-1,-1.056671143E-1,3.390734468E-1
3.408151187E1,-7.740885019E-3,-3.823971748E-1,-1.941967010E-2,3.829682026E-1
3.408653844E1,5.896911025E-3,-4.919214249E-1,1.429462433E-2,4.921644015E-1
3.409156609E1,-4.249182343E-2,-5.577068329E-1,-8.603096008E-2,5.659008682E-1
3.409659276E1,-1.416701078E-2,-5.893034935E-1,-9.548950195E-2,5.971578992E-1
3.410161536E1,-3.383894265E-2,-6.393389702E-1,-4.622459412E-3,6.402505447E-1
3.410664161E1,3.496736288E-3,-6.980719566E-1,1.194181442E-1,7.082212768E-1
3.411166786E1,-7.824167609E-3,-7.274265289E-1,1.284761429E-1,7.387263985E-1
3.411669411E1,6.127700210E-2,-7.036118507E-1,1.184101105E-1,7.161322935E-1
3.412171974E1,1.203218102E-1,-7.131795883E-1,1.659851074E-1,7.420603204E-1
3.412674599E1,9.327253699E-2,-6.560044289E-1,2.713117599E-1,7.159969608E-1
3.413177401E1,4.776304960E-2,-5.946888924E-1,3.005790710E-1,6.680448829E-1
3.413680042E1,3.465741873E-3,-5.437994003E-1,3.065729141E-1,6.242729778E-1
3.414182390E1,-9.678226709E-2,-5.129952431E-1,3.084831238E-1,6.063767511E-1
3.414685000E1,-1.238571405E-1,-5.310840607E-1,2.394170761E-1,5.955765334E-1
3.415187844E1,-1.785914898E-1,-6.645193100E-1,9.443569183E-2,6.945494464E-1
3.415690474E1,-1.511061341E-1,-7.070112228E-1,-1.185989380E-2,7.230757844E-1
3.416192766E1,-9.423705935E-2,-7.632708549E-1,-1.563577652E-1,7.847998293E-1
3.416695364E1,-4.142101109E-2,-6.798381805E-1,-1.527004242E-1,6.980064981E-1
3.417197963E1,5.071377754E-2,-6.149568558E-1,-5.354785919E-2,6.193635402E-1
3.417701140E1,1.436192989E-1,-5.450501442E-1,6.944465637E-2,5.679161232E-1
3.418203776E1,2.081921399E-1,-4.656157494E-1,1.351003647E-1,5.276306489E-1
3.418706411E1,1.452901959E-2,-4.053640366E-1,-1.051807404E-1,4.190394763E-1
3.419208646E1,2.268677056E-1,-4.734716415E-1,-5.652914047E-1,7.714912335E-1
3.419711255E1,4.376064539E-1,-5.157132149E-1,-7.480478287E-1,1.008481573E0
3.420213495E1,5.086758137E-1,-6.036612988E-1,-5.869255066E-1,9.836867374E-1
3.420716062E1,4.406454861E-1,-6.325724125E-1,-2.064218521E-1,7.980766144E-1
3.421218906E1,3.104018271E-1,-6.656515598E-1,5.888271332E-2,7.368232266E-1
3.421721500E1,1.993713379E-1,-7.705755234E-1,8.512687683E-2,8.004886962E-1
3.422224000E1,9.824901819E-2,-8.948121071E-1,2.092456818E-2,9.004329037E-1
3.422726583E1,4.066157341E-2,-9.955606461E-1,-1.873207092E-2,9.965667333E-1
3.423229667E1,-1.145285368E-2,-9.771723747E-1,-1.104249954E-1,9.834585387E-1
3.423732302E1,-8.216729760E-2,-9.927823544E-1,-2.302074432E-1,1.022430308E0
3.424234937E1,-1.526932269E-1,-1.027543068E0,-3.064985275E-1,1.083098022E0
3.424739870E1,-1.661009938E-1,-9.756267071E-1,-4.352340698E-1,1.081140928E0
3.425242651E1,-1.514800340E-1,-9.664809704E-1,-4.871177673E-1,1.092847375E0
3.425745432E1,-8.487266302E-2,-9.995257854E-1,-5.581045151E-1,1.147926746E0
3.426248213E1,-1.851546764E-2,-1.007999420E0,-4.711217880E-1,1.112816873E0
3.426750995E1,1.097065210E-1,-9.918854237E-1,-3.889780045E-1,1.071063071E0
3.427249807E1,2.610903084E-1,-9.181222916E-1,-3.641023636E-1,1.021610113E0
3.427752427E1,3.353699744E-1,-8.769466877E-1,-4.301662445E-1,1.032739808E0
3.428255094E1,3.663791120E-1,-8.828883171E-1,-4.865350723E-1,1.072586505E0
3.428757719E1,2.542845607E-1,-8.212239742E-1,-3.179769516E-1,9.166126747E-1
3.429260344E1,1.187836230E-1,-8.547251225E-1,-1.590681076E-1,8.774777757E-1
3.429763156E1,9.844028950E-2,-7.871630192E-1,-2.250032425E-1,8.245863014E-1
3.430265792E1,4.494667053E-2,-7.906248569E-1,-3.481788635E-1,8.650643841E-1
3.430768161E1,-6.529845297E-2,-7.359030247E-1,-5.667772293E-1,9.311571174E-1
3.431270771E1,-2.677187324E-2,-7.807343006E-1,-5.842008591E-1,9.754759992E-1
3.431773380E1,3.097775578E-2,-8.343391418E-1,-4.771270752E-1,9.616296953E-1
3.432275990E1,9.372380376E-2,-8.729418516E-1,-1.882677078E-1,8.979177899E-1
3.432778672E1,1.707399487E-1,-9.158674479E-1,-1.428413391E-2,9.317560564E-1
3.433281286E1,2.187750936E-1,-9.634643793E-1,1.359529495E-1,9.973010359E-1
3.433783901E1,2.523738146E-1,-1.015964627E0,6.645774841E-2,1.048948663E0
3.434286302E1,2.527164221E-1,-9.824274778E-1,-9.340572357E-2,1.018702100E0
3.434788901E1,2.201799452E-1,-9.871200323E-1,-2.862005234E-1,1.051092720E0
3.435291911E1,1.787287295E-1,-1.001080513E0,-5.119466782E-1,1.138505843E0
3.435794552E1,1.472600102E-1,-9.857382774E-1,-6.845893860E-1,1.209143536E0
3.436297193E1,6.832501292E-2,-1.050883293E0,-6.799030304E-1,1.253511920E0
3.436799297E1,6.101915240E-2,-1.076961279E0,-5.793495178E-1,1.224424272E0
3.437301901E1,2.896606922E-2,-1.112015009E0,-4.547109604E-1,1.201739768E0
3.437804505E1,6.288352609E-2,-1.137147546E0,-4.494161606E-1,1.224350344E0
3.438307156E1,1.390802860E-1,-1.209903836E0,-4.006872177E-1,1.282092378E0
3.438809760E1,2.625572681E-1,-1.268110633E0,-2.463998795E-1,1.318238900E0
3.439312422E1,3.470085859E-1,-1.354868889E0,-7.275295258E-2,1.400491934E0
3.439815031E1,4.594301581E-1,-1.365046740E0,-2.799892426E-2,1.440559826E0
3.440317344E1,5.140419006E-1,-1.289318085E0,-1.966476440E-3,1.388014433E0
3.440819922E1,5.254722834E-1,-1.146716118E0,-1.620693207E-1,1.271748969E0
3.441322844E1,4.990021884E-1,-1.018331170E0,-2.546787262E-1,1.162266239E0
3.441825458E1,5.401098132E-1,-8.416111469E-1,-1.890840530E-1,1.017733124E0
3.442327797E1,5.534473658E-1,-7.169932127E-1,-2.766513824E-2,9.061725076E-1
3.442830380E1,5.536283255E-1,-6.061447263E-1,2.055511475E-1,8.462665219E-1
3.443333281E1,5.027819872E-1,-4.902024269E-1,4.579143524E-1,8.383159906E-1
3.443835896E1,4.779122472E-1,-4.363461733E-1,9.828996658E-1,1.176813431E0
3.444338510E1,4.263115227E-1,-3.780018091E-1,1.641551018E0,1.737618090E0
3.444839328E1,3.952077031E-1,-2.872983217E-1,2.151670456E0,2.206448550E0
3.445341823E1,4.701376259E-1,-1.401332617E-1,2.460803032E0,2.509226630E0
3.445844318E1,5.935127735E-1,-9.459733963E-2,2.640945435E0,2.708467991E0
3.446348062E1,6.986720562E-1,-4.491269588E-2,2.668266296E0,2.758587468E0
3.446850640E1,7.952293158E-1,4.713177681E-2,2.581211090E0,2.701344436E0
3.447353219E1,7.776818275E-1,2.896261215E-2,2.585506439E0,2.700087296E0
3.447856849E1,6.890785694E-1,2.980196476E-2,2.709740639E0,2.796142300E0
3.448359495E1,5.483813882E-1,-3.469884396E-3,2.705129623E0,2.760155877E0
3.448862140E1,4.228527844E-1,-3.228235245E-2,2.581359863E0,2.615963565E0
3.449364786E1,2.981111407E-1,-6.147474051E-2,2.615960121E0,2.633609073E0
3.449866969E1,1.642526090E-1,-1.340880990E-1,2.641348839E0,2.649845699E0
3.450369588E1,1.500607878E-1,-2.118562758E-1,2.475808144E0,2.489382913E0
3.450872198E1,1.022198647E-1,-3.906752467E-1,2.334795952E0,2.369461581E0
3.451374818E1,8.328384906E-2,-5.415967107E-1,2.323494911E0,2.387235179E0
3.451877437E1,9.809912741E-2,-7.702792287E-1,2.346098900E0,2.471261535E0
3.452377943E1,2.182488143E-1,-9.046801925E-1,2.292560577E0,2.474249946E0
3.452880422E1,2.243544012E-1,-1.049415946E0,2.162910461E0,2.414495887E0
3.453382901E1,3.132870793E-1,-1.180717945E0,2.244181633E0,2.555111517E0
3.453885380E1,3.464758992E-1,-1.332290292E0,2.536106110E0,2.885632889E0
3.454388552E1,2.719838619E-1,-1.509237289E0,2.837559700E0,3.225448413E0
3.454891062E1,1.767818481E-1,-1.683366776E0,3.091144562E0,3.524223351E0
3.455392344E1,8.095432818E-2,-1.821405172E0,3.191709518E0,3.675742109E0
3.455894734E1,-2.528581768E-2,-1.918530107E0,3.134664536E0,3.675257663E0
3.456397125E1,-9.579000622E-2,-2.056397915E0,2.872379303E0,3.533908738E0
3.456899516E1,-2.565746009E-1,-2.081626415E0,2.452899933E0,3.227339018E0
3.457405792E1,-2.066275775E-1,-2.189847231E0,2.182470322E0,3.098596869E0
3.457908380E1,-5.291602015E-2,-2.385885715E0,2.060853004E0,3.153151734E0
3.458410969E1,5.053362250E-2,-2.568857670E0,1.619132042E0,3.036967557E0
3.458910500E1,4.035816789E-1,-2.709343672E0,1.197187424E0,2.989427877E0
3.459412885E1,6.333691478E-1,-2.710277081E0,2.028844833E0,3.444266205E0
3.459915271E1,6.548169255E-1,-2.558784723E0,2.964749336E0,3.970630062E0
3.460417656E1,5.872764587E-1,-2.352314472E0,3.091260910E0,3.928634754E0
3.460920890E1,4.688292146E-1,-2.033600807E0,2.600637436E0,3.334463697E0
3.461423318E1,2.856897712E-1,-1.736057401E0,1.919284821E0,2.603683576E0
3.461925745E1,1.343170851E-1,-1.406091332E0,1.181378365E0,1.841409448E0
3.462430151E1,-2.274236083E-2,-1.076208591E0,5.209455490E-1,1.195878929E0
3.462932713E1,-8.386403322E-2,-7.938873768E-1,9.576702118E-2,8.040283984E-1
3.463433943E1,-1.150538325E-1,-4.967721701E-1,4.907512665E-2,5.122776019E-1
3.463936375E1,-2.452749610E-1,-3.144905865E-1,2.034482956E-1,4.477223967E-1
3.464438807E1,-3.789931536E-1,-1.713015735E-1,3.242578506E-1,5.273738648E-1
3.464941719E1,-5.217298865E-1,-8.683729172E-2,4.449663162E-1,6.911858016E-1
3.465444182E1,-5.689419508E-1,-9.928405285E-2,3.694543839E-1,6.856010562E-1
3.465946646E1,-5.354316235E-1,-1.225295365E-1,1.218509674E-1,5.626261361E-1
3.466450724E1,-3.735478222E-1,-1.944422424E-1,-7.763576508E-2,4.282208229E-1
3.466953297E1,-3.036879301E-1,-2.713108361E-1,-1.668834686E-1,4.400977400E-1
3.467454807E1,-2.636631727E-1,-3.669914603E-1,-9.340953827E-2,4.614394245E-1
3.467957276E1,-2.917115092E-1,-5.098684430E-1,1.234645844E-1,6.002540607E-1
3.468459880E1,-4.116182923E-1,-6.188784838E-1,4.931097031E-1,8.919626537E-1
3.468962359E1,-5.754917264E-1,-7.899863124E-1,8.909730911E-1,1.322536257E0
3.469464838E1,-7.404567599E-1,-9.709911346E-1,1.034811974E0,1.600604829E0
3.469967318E1,-8.154750466E-1,-1.162051201E0,1.125800133E0,1.811846705E0
3.470473328E1,-9.106109738E-1,-1.343965292E0,1.025312424E0,1.920083492E0
3.470975984E1,-9.871585965E-1,-1.459613681E0,8.148937225E-1,1.941392792E0
3.471478641E1,-1.006436586E0,-1.494317532E0,5.425539017E-1,1.881558988E0
3.471981354E1,-9.589995742E-1,-1.485825777E0,2.562322617E-1,1.786900499E0
3.472484016E1,-8.926109076E-1,-1.371864557E0,1.137847900E-1,1.640644256E0
3.472986677E1,-8.646992445E-1,-1.272007942E0,3.374004364E-2,1.538456167E0
3.473489073E1,-8.039852381E-1,-1.171649694E0,6.443977356E-3,1.420984446E0
3.473991719E1,-7.008551955E-1,-1.022937059E0,-1.598358154E-2,1.240102297E0
3.474494364E1,-6.410627961E-1,-8.832076192E-1,-8.133697510E-2,1.094364158E0
3.474996687E1,-5.815175772E-1,-7.479324937E-1,-1.417551041E-1,9.579458321E-1
3.475499307E1,-5.364046097E-1,-5.644823313E-1,-2.307071686E-1,8.121551608E-1
3.476001854E1,-4.866240025E-1,-4.812411666E-1,-2.429494858E-1,7.262371740E-1
3.476504469E1,-4.088239074E-1,-4.263964295E-1,-3.036117554E-2,5.915003832E-1
3.477007083E1,-2.176116705E-1,-3.903027773E-1,8.153915405E-2,4.542463327E-1
3.477509698E1,-7.563346624E-2,-4.161789417E-1,2.172098160E-1,4.755054541E-1
3.478012312E1,3.226774931E-2,-4.182102084E-1,2.331647873E-1,4.799029111E-1
3.478513213E1,1.566261053E-2,-4.492446780E-1,1.391220093E-1,4.705539624E-1
3.479015760E1,-9.977817535E-3,-5.044718385E-1,1.074171066E-1,5.158777253E-1
3.479519943E1,-8.307790756E-2,-4.884357452E-1,7.098197937E-2,5.005095977E-1
3.480022651E1,-1.226750016E-1,-5.350036621E-1,4.893684387E-2,5.510652313E-1
3.480525359E1,-1.429035068E-1,-5.624358654E-1,7.957553864E-2,5.857369557E-1
3.481027901E1,-1.102147698E-1,-6.280469894E-1,2.106723785E-1,6.715453578E-1
3.481530599E1,-5.816984177E-2,-6.885224581E-1,3.560428619E-1,7.773116655E-1
3.482033130E1,-1.088082790E-2,-6.435395479E-1,4.295644760E-1,7.738134021E-1
3.482535807E1,5.041277409E-2,-6.846061945E-1,4.982500076E-1,8.482217631E-1
3.483038484E1,3.050518036E-2,-7.207581997E-1,5.716981888E-1,9.204682328E-1
3.483540943E1,4.422271252E-2,-7.330834866E-1,6.116161346E-1,9.557412530E-1
3.484043604E1,-8.954763412E-3,-7.601107359E-1,4.697580338E-1,8.936000945E-1
3.484546266E1,-9.510761499E-2,-6.965692043E-1,2.324581146E-1,7.404666704E-1
3.485048927E1,-1.997857690E-1,-6.907824278E-1,1.007051468E-1,7.261103515E-1
3.485551302E1,-2.992016673E-1,-6.037993431E-1,-1.121349335E-1,6.831321452E-1
3.486053953E1,-3.742768764E-1,-5.644739866E-1,-2.385292053E-1,7.180600557E-1
3.486555240E1,-4.249238372E-1,-5.391159058E-1,-2.737741470E-1,7.390253790E-1
3.487057750E1,-4.750905633E-1,-5.320782661E-1,-1.557540894E-1,7.301216755E-1
3.487560260E1,-3.623608351E-1,-5.673592091E-1,-9.032344818E-2,6.792349904E-1
3.488064161E1,-1.207049489E-1,-6.307039261E-1,-5.748214722E-1,8.618450278E-1
3.488566766E1,6.726688147E-2,-6.350811720E-1,-1.068058014E0,1.244427921E0
3.489069370E1,5.799233913E-3,-5.841104984E-1,-9.863605499E-1,1.146353279E0
3.489572177E1,-1.415481567E-1,-5.304569006E-1,-4.929838181E-1,7.378708891E-1
3.490074792E1,-3.127079010E-1,-5.037201643E-1,1.449298859E-2,5.930685306E-1
3.490577406E1,-4.984042048E-1,-4.524450302E-1,4.736957550E-1,8.231044436E-1
3.491079703E1,-4.593218565E-1,-4.257440567E-1,1.023189545E0,1.199646370E0
3.491582297E1,-3.390213847E-1,-4.628573656E-1,1.442712784E0,1.552608327E0
3.492084932E1,-2.572836876E-1,-5.453850031E-1,1.627057076E0,1.735210196E0
3.492587531E1,-1.325356364E-1,-6.402853727E-1,1.629032135E0,1.755356588E0
3.493090130E1,1.143586636E-2,-7.048207521E-1,1.319677353E0,1.496145510E0
3.493592729E1,1.027525067E-1,-7.338672876E-1,9.146251678E-1,1.177139954E0
3.494095359E1,1.365289092E-1,-7.648645639E-1,5.958499908E-1,9.791297952E-1
3.494597958E1,5.551254749E-2,-7.634159327E-1,4.255695343E-1,8.757824831E-1
3.495100557E1,-3.924453259E-2,-8.105185032E-1,6.954126358E-1,1.068681015E0
3.495603521E1,-4.276275635E-3,-7.962659597E-1,8.165607452E-1,1.140539002E0
3.496106140E1,1.160430908E-2,-7.257897854E-1,1.004330635E0,1.239187434E0
3.496607766E1,6.573069096E-2,-6.858479977E-1,1.024180412E0,1.234363608E0
3.497110286E1,1.671460569E-1,-6.573240757E-1,8.858366013E-1,1.115669857E0
3.497612807E1,-6.706500053E-2,-7.163853645E-1,4.747600555E-1,8.620341148E-1
3.498115328E1,-1.293314099E-1,-6.996898651E-1,-7.945728302E-2,7.159650695E-1
3.498615573E1,-1.825988889E-1,-6.349072456E-1,-6.425294876E-1,9.215713251E-1
3.499117979E1,-2.316001654E-1,-5.592010021E-1,-9.846706390E-1,1.155820343E0
3.499620932E1,-3.329472542E-1,-5.387129784E-1,-9.911699295E-1,1.176215701E0
3.500123390E1,-2.614928484E-1,-6.212401390E-1,-8.680706024E-1,1.099028840E0
3.500625776E1,-2.085728645E-1,-6.876485348E-1,-5.917062759E-1,9.308487870E-1
3.501128229E1,-2.127536535E-1,-7.436317205E-1,-1.528892517E-1,7.884334951E-1
3.501630682E1,-1.838302612E-1,-7.996284962E-1,8.928585052E-2,8.253310002E-1
3.502133135E1,-1.789496541E-1,-8.131923676E-1,2.114849091E-1,8.590871156E-1
3.502638057E1,-1.638176441E-1,-8.327314854E-1,2.855348587E-1,8.954373807E-1
3.503140635E1,-2.295468450E-1,-8.828648329E-1,5.313262939E-1,1.055674996E0
3.503641922E1,-1.425075531E-1,-9.352344275E-1,6.376523972E-1,1.140864767E0
3.504144370E1,-1.232672334E-1,-1.118571281E0,6.716880798E-1,1.310557667E0
3.504646818E1,-9.576356411E-2,-1.192862988E0,5.475473404E-1,1.316017043E0
3.505149609E1,-1.026278138E-1,-1.296488166E0,6.003112793E-1,1.432406250E0
3.505652078E1,-9.584867954E-2,-1.419949055E0,6.623630524E-1,1.569766575E0
3.506154547E1,-1.953144073E-1,-1.462699652E0,6.236925125E-1,1.602070641E0
3.506658885E1,-2.716532946E-1,-1.486861229E0,5.083770752E-1,1.594678362E0
3.507161479E1,-3.768329620E-1,-1.468673825E0,4.934759140E-1,1.594529512E0
3.507664073E1,-3.528426886E-1,-1.456060529E0,4.114809036E-1,1.553681679E0
3.508167042E1,-2.953358293E-1,-1.386729002E0,3.055496216E-1,1.450379657E0
3.508669661E1,-1.609535813E-1,-1.232256413E0,1.517810822E-1,1.251958233E0
3.509172281E1,-9.784066677E-2,-1.102781296E0,7.626533508E-3,1.107139353E0
3.509674901E1,1.359212399E-2,-1.007683396E0,-1.412448883E-1,1.017625025E0
3.510175896E1,1.684892476E-1,-8.941332102E-1,-2.804431915E-1,9.521088214E-1
3.510678432E1,2.233351767E-1,-8.764895201E-1,-3.429374695E-1,9.673254819E-1
3.511180969E1,2.449157238E-1,-8.540289402E-1,-3.144578934E-1,9.424610916E-1
3.511681901E1,1.567799151E-1,-8.696473837E-1,-1.855220795E-1,9.029313128E-1
3.512184328E1,8.804821968E-2,-9.332187176E-1,6.227493286E-4,9.373633509E-1
3.512686755E1,-7.156419754E-2,-1.025805831E0,2.294902802E-1,1.053596140E0
3.513190656E1,-1.833279729E-1,-1.109499216E0,4.244241714E-1,1.201970687E0
3.513693182E1,-3.141661882E-1,-1.198896646E0,6.189022064E-1,1.385313504E0
3.514195708E1,-3.015583754E-1,-1.255857110E0,7.507228851E-1,1.493887340E0
3.514698234E1,-1.549585462E-1,-1.294881225E0,6.908349991E-1,1.475798947E0
3.515204432E1,-5.636316538E-2,-1.349622011E0,5.733537674E-1,1.467443669E0
3.515707146E1,6.113702059E-2,-1.338816643E0,2.644281387E-1,1.366049040E0
3.516209536E1,1.642784774E-1,-1.333918691E0,8.290290833E-3,1.344022031E0
3.516712213E1,1.529168189E-1,-1.382347941E0,-1.998081207E-1,1.405059668E0
3.517215182E1,9.862968326E-2,-1.397854924E0,-2.881870270E-1,1.430656481E0
3.517717891E1,3.942936659E-2,-1.442286611E0,-1.995515823E-1,1.456559706E0
3.518220599E1,-1.012184024E-1,-1.568077803E0,-7.278633118E-2,1.573026068E0
3.518723307E1,-2.464031577E-1,-1.603172660E0,1.551723480E-2,1.622072094E0
3.519228500E1,-3.480524421E-1,-1.662883997E0,2.040328979E-1,1.711126270E0
3.519731328E1,-3.342504501E-1,-1.709299207E0,3.586692810E-1,1.778221245E0
3.520232776E1,-2.481126785E-1,-1.704457641E0,3.311710358E-1,1.753969785E0
3.520735463E1,-4.203957319E-2,-1.681978822E0,3.321771622E-1,1.714981560E0
3.521238151E1,1.639072001E-1,-1.660809994E0,2.660293579E-1,1.689948823E0
3.521740838E1,2.884380817E-1,-1.669432163E0,2.332906723E-1,1.710153447E0
3.522240656E1,3.793106377E-1,-1.654860139E0,1.957168579E-1,1.709018352E0
3.522743198E1,3.932916224E-1,-1.674685240E0,2.365112305E-4,1.720246787E0
3.523245740E1,3.928080499E-1,-1.700311303E0,-1.234045029E-1,1.749452875E0
3.523751807E1,4.160269499E-1,-1.808670163E0,-2.757997513E-1,1.876281345E0
3.524254583E1,3.480105102E-1,-1.870464444E0,-3.755979538E-1,1.939283985E0
3.524757359E1,2.845882773E-1,-1.947938085E0,-4.324169159E-1,2.015548972E0
3.525260135E1,1.488569677E-1,-2.060160160E0,-3.937072754E-1,2.102718170E0
3.525759151E1,-1.823365688E-3,-2.220983744E0,-1.973371506E-1,2.229734080E0
3.526261734E1,-1.240064502E-1,-2.363479137E0,1.995534897E-1,2.375127960E0
3.526764318E1,-1.787170768E-1,-2.588020802E0,5.815677643E-1,2.658573401E0
3.527266901E1,-2.606405020E-1,-2.746776581E0,9.534912109E-1,2.919222593E0
3.527769484E1,-2.930940390E-1,-2.950126648E0,1.243575096E0,3.214907522E0
3.528267719E1,-2.241829038E-1,-3.125880480E0,1.538045883E0,3.490984372E0
3.528770130E1,-1.784525514E-1,-3.265029669E0,1.736402512E0,3.702344897E0
3.529272542E1,-2.302044630E-2,-3.309877396E0,1.456184387E0,3.616115497E0
3.529774953E1,1.843302548E-1,-3.365993023E0,9.083862305E-1,3.491282317E0
3.530287974E1,3.055689335E-1,-3.328973293E0,6.145772934E-1,3.398991146E0
3.530790917E1,4.789642096E-1,-3.330045938E0,6.226243973E-1,3.421443234E0
3.531291640E1,5.699904561E-1,-3.283019781E0,8.316926956E-1,3.434358855E0
3.531794359E1,6.217874885E-1,-3.269255638E0,1.150660515E0,3.521174765E0
3.532297286E1,7.342139482E-1,-3.221650600E0,1.646318436E0,3.691675379E0
3.532800021E1,7.012677193E-1,-3.203186989E0,2.136610985E0,3.913730931E0
3.533302755E1,7.623422146E-1,-3.214863300E0,2.717095375E0,4.277746950E0
3.533805490E1,8.594540358E-1,-3.142780542E0,3.158006668E0,4.537481338E0
3.534308620E1,8.056470156E-1,-3.106787443E0,3.397347450E0,4.673667193E0
3.534811375E1,7.826019526E-1,-3.054163218E0,2.976299286E0,4.335750940E0
3.535314130E1,7.476086617E-1,-3.065968275E0,2.345324516E0,3.931873251E0
3.535811068E1,6.442399025E-1,-2.987459660E0,1.949671745E0,3.625076576E0
3.536313417E1,5.873931646E-1,-2.890574455E0,1.526024818E0,3.321024414E0
3.536815760E1,4.811295271E-1,-2.687570572E0,1.218020439E0,2.989664695E0
3.537318109E1,3.791054487E-1,-2.431185007E0,1.369878769E0,2.816194120E0
3.537820458E1,2.341313064E-1,-2.074130297E0,1.866235733E0,2.799941029E0
3.538323167E1,1.417176872E-1,-1.616534472E0,2.414918900E0,2.909484644E0
3.538825542E1,-4.177701473E-2,-1.178127766E0,2.982374191E0,3.206912248E0
3.539329333E1,-2.820284963E-1,-6.878135204E-1,3.434660912E0,3.514188824E0
3.539831849E1,-4.975857735E-1,-1.221537888E-1,3.446710587E0,3.484584196E0
3.540334161E1,-5.793904066E-1,2.696971595E-1,2.842090607E0,2.913058327E0
3.540836656E1,-5.944740772E-1,7.315174341E-1,1.932444572E0,2.150083536E0
3.541339151E1,-8.331890106E-1,1.301306486E0,1.220362663E0,1.968981343E0
3.541842208E1,-9.689080119E-1,1.668575764E0,9.639062881E-1,2.156859557E0
3.542344740E1,-1.380028725E0,2.221535206E0,5.551404953E-1,2.673551743E0
3.542847443E1,-1.474229932E0,2.372714758E0,4.963941574E-1,2.837170487E0
3.543349990E1,-1.571697712E0,2.342335224E0,7.585344315E-1,2.920983137E0
3.543852729E1,-1.667397499E0,2.344703674E0,1.054215431E0,3.064183401E0
3.544355297E1,-1.441063285E0,2.010638714E0,9.338703156E-1,2.644134111E0
3.544857865E1,-1.227196813E0,1.737491846E0,7.423887253E-1,2.253004872E0
3.545360432E1,-1.259963274E0,1.607119560E0,3.411779404E-1,2.070445150E0
3.545867469E1,-1.324711680E0,1.495708227E0,-1.356134415E-1,2.002597099E0
3.546370255E1,-1.516635656E0,1.433713317E0,-2.431898117E-1,2.101156556E0
3.546873042E1,-1.352630734E0,1.430061817E0,-1.685266495E-1,1.975623430E0
3.547375828E1,-9.342634678E-1,1.422200441E0,4.031085968E-2,1.702094970E0
3.547873396E1,-3.911249638E-1,1.400722742E0,3.544416428E-1,1.496874015E0
3.548375922E1,6.548252702E-2,1.321012616E0,7.977256775E-1,1.544580380E0
3.548878943E1,3.870734572E-1,1.173532367E0,1.145234108E0,1.684804214E0
3.549381516E1,6.306693554E-1,1.005534768E0,1.086289406E0,1.608996171E0
3.549883958E1,7.100620866E-1,7.931571007E-1,5.688190460E-1,1.206996877E0
3.550386516E1,6.259397268E-1,6.089954972E-1,1.002931595E-1,8.790533403E-1
3.550889151E1,4.557772875E-1,4.578112960E-1,8.718204498E-2,6.518625833E-1
3.551391719E1,2.765306830E-1,3.203459978E-1,3.157520294E-2,4.243674945E-1
3.551894266E1,1.738809347E-1,2.493857145E-1,-5.692291260E-2,3.093024928E-1
3.552396828E1,9.463754296E-2,1.161758900E-1,7.993221283E-2,1.698300933E-1
3.552899484E1,-1.913267374E-2,-5.978083611E-2,5.374650955E-1,5.411178582E-1
3.553402057E1,-2.913363278E-2,-2.501332760E-1,8.036003113E-1,8.421335313E-1
3.553904292E1,-1.636290550E-2,-4.599137306E-1,7.877645493E-1,9.123384073E-1
3.554406828E1,-1.954192221E-1,-6.027302742E-1,8.633155823E-1,1.070881063E0
3.554909364E1,-3.036527634E-1,-7.596154213E-1,7.192268372E-1,1.089269403E0
3.555411901E1,-2.827190161E-1,-8.876121640E-1,8.149137497E-1,1.237687285E0
3.555915026E1,-1.467272341E-1,-9.816367030E-1,8.774261475E-1,1.324770222E0
3.556417594E1,7.463318855E-2,-1.122161388E0,1.169670105E0,1.622635033E0
3.556920161E1,2.809592783E-1,-1.180278778E0,1.337488174E0,1.805788118E0
3.557422818E1,5.540022254E-1,-1.161595345E0,1.428982735E0,1.923074067E0
3.557925390E1,6.877040267E-1,-9.419392347E-1,9.947128296E-1,1.532853536E0
3.558427963E1,8.312882185E-1,-8.611191511E-1,1.245292664E0,1.727229027E0
3.558927411E1,8.504447341E-1,-9.090008736E-1,1.366769791E0,1.848674794E0
3.559429776E1,8.063074350E-1,-1.062730551E0,1.091740608E0,1.723782312E0
3.559932141E1,8.101316690E-1,-1.298595548E0,9.325151443E-1,1.792274592E0
3.560434838E1,7.917804718E-1,-1.535580397E0,8.125438690E-1,1.909227857E0
3.560937229E1,6.747941375E-1,-1.730344534E0,7.078208923E-1,1.987573835E0
3.561439620E1,5.214063525E-1,-1.925408602E0,7.234210968E-1,2.121886178E0
3.561942010E1,2.070073932E-1,-2.139744759E0,8.448171616E-1,2.309778286E0
3.562448792E1,-5.510185845E-3,-2.373926163E0,7.755308151E-1,2.497399414E0
3.562951401E1,-2.172081918E-1,-2.635911942E0,6.827840805E-1,2.731557296E0
3.563453979E1,-2.556086183E-1,-2.839746475E0,5.714187622E-1,2.907922834E0
3.563956583E1,-1.636160910E-1,-2.990291357E0,2.884149551E-1,3.008620250E0
3.564459187E1,3.976145759E-2,-2.948816538E0,1.208925247E-1,2.951561443E0
3.564961792E1,2.681626081E-1,-2.787146807E0,1.451759338E-1,2.803778621E0
3.565461432E1,5.021306872E-1,-2.538471460E0,2.508869171E-1,2.599791689E0
3.565963890E1,7.224598527E-1,-2.285109758E0,3.138437271E-1,2.417058694E0
3.566466349E1,9.344104528E-1,-2.012595892E0,3.579759598E-1,2.247623613E0
3.566972854E1,9.999101758E-1,-1.602756739E0,4.841871262E-1,1.950150429E0
3.567475583E1,1.019099116E0,-1.351687312E0,3.383140564E-1,1.726290242E0
3.567977396E1,9.440557361E-1,-1.230898976E0,1.934518814E-1,1.563258505E0
3.568480031E1,5.356724262E-1,-1.316864610E0,5.445766449E-2,1.422688647E0
3.568982667E1,-6.741506606E-2,-1.504128814E0,-1.599416733E-1,1.514110174E0
3.569485302E1,-6.788347960E-1,-1.744724393E0,-3.970212936E-1,1.913767435E0
3.569984187E1,-1.107733607E0,-1.856121182E0,-5.230951309E-1,2.223935274E0
3.570486635E1,-1.192229390E0,-1.781493306E0,-7.629137039E-1,2.275338796E0
3.570989083E1,-1.167635441E0,-1.672929406E0,-7.055006027E-1,2.158656161E0
3.571491531E1,-1.134536505E0,-1.491879940E0,-3.752861023E-1,1.911470244E0
3.572001833E1,-9.064292908E-1,-1.297145367E0,-1.833772659E-1,1.593055989E0
3.572504672E1,-6.842783689E-1,-1.024605513E0,-1.782360077E-1,1.244918237E0
3.573007510E1,-3.808284402E-1,-6.799714565E-1,-1.918983459E-1,8.026309599E-1
3.573506109E1,-5.325503647E-2,-3.726103306E-1,-3.814506531E-2,3.783247327E-1
3.574008667E1,1.115862131E-1,-1.803646088E-1,1.558017731E-2,2.126631538E-1
3.574509411E1,1.564626694E-1,-8.852624893E-2,1.271162033E-1,2.201726432E-1
3.575011781E1,7.684648037E-2,-6.893873215E-2,-3.297929764E-1,3.455739249E-1
3.575516255E1,-1.653176993E-1,-9.277296066E-2,-3.979549408E-1,4.408002936E-1
3.576018838E1,-4.745552242E-1,-7.358837128E-2,-4.892835617E-1,6.855773574E-1
3.576521422E1,-8.078441620E-1,-2.144813538E-2,-4.409227371E-1,9.205895245E-1
3.577023255E1,-9.455974102E-1,6.261825562E-3,-4.874000549E-1,1.063838562E0
3.577525786E1,-1.108230114E0,9.521818161E-2,-5.374946594E-1,1.235370793E0
3.578028318E1,-1.205038190E0,1.741538048E-1,-6.201553345E-1,1.366396438E0
3.578529963E1,-1.216993809E0,2.530798912E-1,-5.586080551E-1,1.362778897E0
3.579032437E1,-1.120910764E0,2.600107193E-1,-5.489969254E-1,1.274929072E0
3.579534911E1,-9.941296577E-1,2.624344826E-1,-5.771684647E-1,1.179105199E0
3.580039364E1,-7.841469646E-1,9.317398071E-2,-5.475473404E-1,9.609245250E-1
3.580541969E1,-5.387139916E-1,-1.272335052E-1,-5.276021957E-1,7.646994224E-1
3.581045099E1,-3.046811521E-1,-3.847284317E-1,-5.314550400E-1,7.233885748E-1
3.581547755E1,-1.622723639E-1,-6.410818100E-1,-4.251022339E-1,7.861489149E-1
3.582050411E1,-1.154895723E-1,-8.537468910E-1,-3.279380798E-1,9.218269791E-1
3.582553068E1,-1.111110747E-1,-1.042426109E0,-2.922210693E-1,1.088297302E0
3.583052083E1,-5.598217249E-3,-1.149406910E0,-4.711208344E-1,1.242224789E0
3.583554557E1,1.389959455E-1,-1.213980198E0,-5.242071152E-1,1.329609301E0
3.584057031E1,2.265845537E-1,-1.235480309E0,-6.385984421E-1,1.409099047E0
3.584559505E1,3.046354055E-1,-1.098872185E0,-8.048620224E-1,1.395752730E0
3.585063526E1,4.019803405E-1,-9.096398354E-1,-8.650522232E-1,1.318085040E0
3.585566078E1,5.181483030E-1,-7.628140450E-1,-8.771696091E-1,1.272709493E0
3.586068630E1,6.670156717E-1,-6.391444206E-1,-8.987393379E-1,1.288855265E0
3.586571182E1,8.056505919E-1,-5.721645355E-1,-9.297041893E-1,1.356759010E0
3.587073734E1,9.154333472E-1,-5.234537125E-1,-9.127287865E-1,1.394666928E0
3.587581823E1,9.392802715E-1,-5.463867188E-1,-8.999085426E-1,1.410893781E0
3.588084594E1,9.205514193E-1,-5.727605820E-1,-8.299241066E-1,1.365373071E0
3.588583614E1,8.356423378E-1,-6.315808296E-1,-8.891468048E-1,1.373963064E0
3.589086005E1,6.701431274E-1,-6.998229027E-1,-9.284725189E-1,1.341978064E0
3.589589276E1,2.662104666E-1,-6.431446075E-1,-9.052090645E-1,1.141887231E0
3.590091755E1,3.696315885E-1,-9.061641693E-1,-8.436107635E-1,1.292068161E0
3.590594187E1,3.486083150E-1,-1.062856674E0,-6.719965935E-1,1.304902866E0
3.591096661E1,2.460990399E-1,-1.194664001E0,-5.866041183E-1,1.353473755E0
3.591599135E1,1.241140217E-1,-1.248858452E0,-6.592149734E-1,1.417609292E0
3.592100146E1,-1.221869886E-2,-1.220411777E0,-7.464628220E-1,1.430650533E0
3.592602521E1,-1.911776364E-1,-1.109636784E0,-7.955641747E-1,1.378682355E0
3.593104896E1,-3.410801888E-1,-8.880181313E-1,-6.582736969E-1,1.156821575E0
3.593609953E1,-3.909385204E-1,-6.662201881E-1,-6.404728889E-1,1.003437984E0
3.594112505E1,-3.268130124E-1,-5.205063820E-1,-7.279067039E-1,9.526708815E-1
3.594615057E1,-2.207216173E-1,-4.079604149E-1,-8.198280334E-1,9.419489036E-1
3.595114375E1,-8.246333897E-2,-3.614635468E-1,-7.493686676E-1,8.360678788E-1
3.595616708E1,6.863102317E-3,-4.246692657E-1,-6.356587410E-1,7.644953384E-1
3.596119042E1,7.113505900E-2,-3.867106438E-1,-7.181649208E-1,8.187589218E-1
3.596622745E1,1.925168931E-1,-4.394369125E-1,-6.136240959E-1,7.789108327E-1
3.597125167E1,2.617162764E-1,-4.965415001E-1,-5.949535370E-1,8.179355609E-1
3.597628495E1,2.978792489E-1,-6.156768799E-1,-6.187400818E-1,9.222956989E-1
3.598131010E1,2.962839007E-1,-6.339159012E-1,-7.473425865E-1,1.023794150E0
3.598633672E1,2.572968304E-1,-7.090706825E-1,-8.516330719E-1,1.137656267E0
3.599136203E1,1.808303297E-1,-7.355775833E-1,-9.175925255E-1,1.189852946E0
3.599638734E1,8.092503995E-2,-7.468533516E-1,-8.784685135E-1,1.155874440E0
3.600143260E1,-9.163245559E-3,-7.714428902E-1,-7.776417732E-1,1.095415367E0
3.600645927E1,1.072942466E-2,-8.232884407E-1,-6.921629906E-1,1.075643334E0
3.601148594E1,6.406806409E-3,-9.120721817E-1,-6.027688980E-1,1.093273550E0
3.601651276E1,-3.616353869E-2,-8.944005966E-1,-5.858802795E-1,1.069820513E0
3.602153943E1,2.746865153E-3,-7.563519478E-1,-5.932874680E-1,9.612834305E-1
3.602656609E1,1.717811078E-2,-6.319751740E-1,-6.584815979E-1,9.128448514E-1
3.603159318E1,6.892123073E-2,-4.830088615E-1,-8.053131104E-1,9.415821271E-1
3.603661990E1,1.481721401E-1,-3.284797668E-1,-8.712573051E-1,9.428378610E-1
3.604164661E1,2.215528190E-1,-1.494779587E-1,-9.279232025E-1,9.656452669E-1
3.604669333E1,3.324478567E-1,-3.246164322E-2,-8.984036446E-1,9.584907116E-1
3.605172135E1,4.670962691E-1,3.794193268E-3,-8.644371033E-1,9.825705196E-1
3.605674937E1,4.679480195E-1,3.570795059E-2,-9.118804932E-1,1.025561524E0
3.606177740E1,4.648655951E-1,-3.737449646E-3,-7.823028564E-1,9.100064556E-1
3.606680734E1,4.150486887E-1,-7.633829117E-2,-6.431384087E-1,7.692333595E-1
3.607183547E1,5.958338976E-1,-3.065929413E-1,-4.845919609E-1,8.269502003E-1
3.607686359E1,7.680178285E-1,-5.079894066E-1,-4.020786285E-1,1.004774525E0
3.608189172E1,8.506485224E-1,-6.519861221E-1,-4.670724869E-1,1.169121687E0
3.608691984E1,8.198534250E-1,-6.811909676E-1,-4.212155342E-1,1.146125342E0
3.609187177E1,7.518490553E-1,-7.145881653E-1,-5.142703056E-1,1.157750921E0
3.609689682E1,7.080931664E-1,-7.195687294E-1,-5.966558456E-1,1.172677827E0
3.610195151E1,6.931430101E-1,-6.860795021E-1,-6.595039368E-1,1.177326530E0
3.610697963E1,6.541898251E-1,-6.901240349E-1,-6.414370537E-1,1.147029644E0
3.611200776E1,5.622718334E-1,-6.266012192E-1,-5.280156136E-1,9.937701901E-1
3.611705552E1,4.362928271E-1,-5.961909294E-1,-4.626188278E-1,8.716715179E-1
3.612208490E1,3.146361709E-1,-4.983315468E-1,-4.453234673E-1,7.386766823E-1
3.612711427E1,2.024870813E-1,-3.618040085E-1,-4.665107727E-1,6.241277591E-1
3.613211328E1,1.575473249E-1,-1.530013084E-1,-4.403233528E-1,4.920520450E-1
3.613714057E1,1.320883483E-1,2.718925476E-2,-3.997764587E-1,4.219097111E-1
3.614216026E1,1.119855493E-1,1.455402374E-1,-3.643412590E-1,4.080040159E-1
3.614718677E1,1.215308458E-1,2.831687927E-1,-3.240647316E-1,4.471825823E-1
3.615220437E1,1.130068898E-1,3.491935730E-1,-2.598357201E-1,4.496902378E-1
3.615722995E1,1.101140156E-1,3.674907684E-1,-2.384462357E-1,4.516980946E-1
3.616225552E1,9.825209528E-2,3.666667938E-1,-2.739582062E-1,4.681357823E-1
3.616728484E1,8.233069628E-2,3.706741333E-1,-3.280477524E-1,5.017897812E-1
3.617231068E1,4.305301607E-2,3.317289352E-1,-3.242359161E-1,4.658611145E-1
3.617733651E1,9.122230113E-3,2.976951599E-1,-2.147369385E-1,3.671751300E-1
3.618236234E1,8.963279426E-3,2.158327103E-1,-1.620631218E-1,2.700528738E-1
3.618739880E1,1.829848439E-2,1.577529907E-1,-1.227760315E-1,2.007356334E-1
3.619242516E1,7.037758827E-2,9.005737305E-2,-1.543993950E-1,1.921002565E-1
3.619744531E1,9.341741353E-2,6.062698364E-2,-2.281990051E-1,2.539236701E-1
3.620247104E1,1.113907844E-1,-2.153205872E-2,-3.296065331E-1,3.485857183E-1
3.620749677E1,1.195418090E-1,-6.531238556E-2,-4.397315979E-1,4.603475100E-1
3.621252250E1,1.609681994E-1,-1.904115677E-1,-4.436025620E-1,5.088718496E-1
3.621751776E1,2.164788842E-1,-3.152332306E-1,-5.903606415E-1,7.033923400E-1
3.622254198E1,2.288218290E-1,-3.875274658E-1,-7.213201523E-1,8.501998167E-1
3.622756620E1,2.459512353E-1,-4.740304947E-1,-8.082909584E-1,9.687781962E-1
3.623259583E1,2.343567610E-1,-5.268936157E-1,-7.987051010E-1,9.851242623E-1
3.623762042E1,2.370376885E-1,-5.413045883E-1,-7.167100906E-1,9.289084331E-1
3.624264500E1,2.492178530E-1,-5.698642731E-1,-6.724696159E-1,9.160077578E-1
3.624766958E1,2.373595834E-1,-6.173534393E-1,-6.563243866E-1,9.317867467E-1
3.625273724E1,2.446226180E-1,-6.026811600E-1,-7.203366756E-1,9.705409482E-1
3.625776396E1,2.663292885E-1,-6.354274750E-1,-7.458264828E-1,1.015360285E0
3.626278297E1,2.402942777E-1,-6.344356537E-1,-6.845800877E-1,9.637944983E-1
3.626780890E1,2.621390522E-1,-6.620121002E-1,-5.843093395E-1,9.210832252E-1
3.627283484E1,2.598126531E-1,-6.510753632E-1,-5.217592716E-1,8.738618202E-1
3.627784510E1,2.095295489E-1,-6.016550064E-1,-4.586331844E-1,7.850068640E-1
3.628287000E1,2.545275688E-1,-6.573886871E-1,-4.663848877E-1,8.452567851E-1
3.628788099E1,3.424827456E-1,-6.601886749E-1,-5.977947712E-1,9.542023402E-1
3.629290448E1,3.734510541E-1,-7.154369354E-1,-6.372041702E-1,1.028272752E0
3.629792797E1,3.763266802E-1,-7.033233643E-1,-7.859866619E-1,1.119848453E0
3.630295146E1,3.510937095E-1,-6.764898300E-1,-9.197566509E-1,1.194511440E0
3.630802297E1,3.074753582E-1,-6.637954712E-1,-9.807450771E-1,1.223530314E0
3.631304890E1,2.261298299E-1,-6.216344833E-1,-1.080423117E0,1.266837891E0
3.631807484E1,1.356270462E-1,-5.741777420E-1,-1.156024694E0,1.297870513E0
3.632309531E1,1.660706848E-2,-4.783163071E-1,-1.179106712E0,1.272538771E0
3.632812083E1,-1.629403234E-2,-4.249143600E-1,-1.154721737E0,1.230528341E0
3.633314635E1,-4.918737710E-2,-3.660812378E-1,-1.097350121E0,1.157848072E0
3.633817583E1,-4.380607605E-2,-2.827615738E-1,-1.049931049E0,1.088222536E0
3.634320161E1,5.240038037E-2,-2.323656082E-1,-1.002942324E0,1.030840861E0
3.634822740E1,1.247356236E-1,-1.862459183E-1,-1.008750558E0,1.033355798E0
3.635322000E1,1.208748072E-1,-1.633911133E-1,-1.034246325E0,1.054026962E0
3.635824359E1,1.702438742E-1,-1.545314789E-1,-1.073608041E0,1.097951356E0
3.636326719E1,2.058201134E-1,-1.117267609E-1,-1.117556930E0,1.141831108E0
3.636829078E1,2.132688910E-1,-1.832704544E-1,-1.032179475E0,1.069797246E0
3.637333500E1,1.876484752E-1,-2.208585739E-1,-9.464579821E-1,9.898349214E-1
3.637835963E1,2.052903771E-1,-2.244501114E-1,-9.419764280E-1,9.898694775E-1
3.638338427E1,2.040079832E-1,-2.037048340E-1,-9.658253193E-1,1.007935248E0
3.638840083E1,2.028518617E-1,-1.586360931E-1,-9.128108025E-1,9.484396918E-1
3.639342495E1,2.543857694E-1,-9.892368317E-2,-8.783216476E-1,9.197537341E-1
3.639844906E1,2.198676765E-1,-9.149265289E-2,-7.955286503E-1,8.304086549E-1
3.640349573E1,2.236023545E-1,-5.502986908E-2,-8.077151775E-1,8.398988674E-1
3.640852135E1,2.177472115E-1,-1.759777069E-1,-7.716856003E-1,8.209023493E-1
3.641356198E1,2.121479511E-1,-1.767892838E-1,-7.829625607E-1,8.302358553E-1
3.641858911E1,1.446430236E-1,-2.153177261E-1,-7.845838070E-1,8.263504569E-1
3.642361625E1,6.773476303E-2,-2.484874725E-1,-8.578265905E-1,8.956564529E-1
3.642860974E1,8.166162670E-2,-2.761869431E-1,-9.314893484E-1,9.749975667E-1
3.643363463E1,3.343385458E-2,-2.746419907E-1,-1.052750230E0,1.088498549E0
3.643865953E1,3.781977296E-2,-2.724294662E-1,-1.203265667E0,1.234299969E0
3.644371578E1,5.635875463E-2,-2.743911743E-1,-1.315832496E0,1.345318543E0
3.644874281E1,1.743280888E-2,-1.703634262E-1,-1.444126606E0,1.454245252E0
3.645376354E1,-2.162265778E-2,-1.183099747E-1,-1.578719735E0,1.583294285E0
3.645878995E1,-8.008360863E-2,4.439258575E-2,-1.566565633E0,1.569239296E0
3.646381635E1,-1.533710361E-1,1.740875244E-1,-1.608691812E0,1.625336422E0
3.646884276E1,-1.602007747E-1,2.421131134E-1,-1.600036383E0,1.626160962E0
3.647384187E1,-1.197447479E-1,3.728981018E-1,-1.536207914E0,1.585347456E0
3.647886693E1,-1.659479737E-1,4.179420471E-1,-1.569358230E0,1.632513258E0
3.648389151E1,-1.695548892E-1,4.347391129E-1,-1.474781752E0,1.546844585E0
3.648891651E1,-2.404464483E-1,4.328651428E-1,-1.458223343E0,1.540000664E0
3.649394583E1,-2.399280369E-1,4.792213440E-1,-1.318325996E0,1.423095918E0
3.649897125E1,-1.968541443E-1,4.493989944E-1,-1.299290895E0,1.388836866E0
3.650399667E1,-1.780999899E-1,4.725856781E-1,-1.305118442E0,1.399425231E0
3.650902208E1,-1.644469500E-1,5.295400620E-1,-1.244604588E0,1.362532956E0
3.651404750E1,-1.032530963E-1,5.436840057E-1,-1.390338302E0,1.496427109E0
3.651911036E1,-9.483978152E-2,5.294151306E-1,-1.603327155E0,1.691133623E0
3.652413729E1,-6.265094876E-2,5.346689224E-1,-1.769784927E0,1.849847206E0
3.652916422E1,-6.703019142E-3,5.020036697E-1,-1.837087989E0,1.904453962E0
3.653415651E1,1.269429922E-3,4.410352707E-1,-1.953973293E0,2.003128891E0
3.653918114E1,1.288243532E-1,3.995761871E-1,-2.019512415E0,2.062689322E0
3.654420578E1,7.464757562E-2,4.684858322E-1,-2.024751186E0,2.079583757E0
3.654926729E1,6.285101175E-3,4.275856018E-1,-1.978945017E0,2.024621527E0
3.655429437E1,3.827518225E-2,4.204807281E-1,-1.973576546E0,2.018235223E0
3.655931750E1,6.541761756E-2,4.088439941E-1,-1.869765520E0,1.915060306E0
3.656434417E1,1.020784378E-1,4.452552795E-1,-1.791718841E0,1.849034525E0
3.656937083E1,7.650950551E-2,4.865903854E-1,-1.806332827E0,1.872287955E0
3.657439864E1,4.121661186E-2,5.184593201E-1,-1.807936907E0,1.881258817E0
3.657942542E1,5.980044603E-3,5.982561111E-1,-1.782108784E0,1.879855806E0
3.658445219E1,2.812126279E-2,5.633068085E-1,-1.714654207E0,1.805033079E0
3.658947240E1,6.930428743E-2,5.333013535E-1,-1.572082520E0,1.661522454E0
3.659449870E1,9.134745598E-2,5.703964233E-1,-1.402316213E0,1.516636805E0
3.659952578E1,7.982933521E-2,5.644893646E-1,-1.310211182E0,1.428871690E0
3.660455213E1,1.161437035E-1,5.395355225E-1,-1.309771419E0,1.421298388E0
3.660958010E1,1.332354546E-1,5.194625854E-1,-1.310040474E0,1.415556112E0
3.661460661E1,7.383865118E-2,4.660072327E-1,-1.349346876E0,1.429458597E0
3.661963312E1,1.945361495E-2,4.318199158E-1,-1.399043798E0,1.464298615E0
3.662465963E1,-4.925957322E-2,4.216423035E-1,-1.526018739E0,1.583963992E0
3.662967984E1,-1.180409193E-1,4.258699417E-1,-1.630019069E0,1.688863828E0
3.663470604E1,-1.342243552E-1,4.923057556E-1,-1.763624549E0,1.835960970E0
3.663973281E1,-1.887971461E-1,5.156517029E-1,-1.812196732E0,1.893567542E0
3.664475906E1,-1.766528785E-1,5.102930069E-1,-1.838006377E0,1.915691164E0
3.664978531E1,-1.027096212E-1,5.432100296E-1,-1.831407547E0,1.913029013E0
3.665481156E1,-1.248148680E-1,5.856571198E-1,-1.811480999E0,1.907887948E0
3.665983687E1,-1.375340819E-1,5.898008347E-1,-1.821538329E0,1.919578738E0
3.666486307E1,-1.504950821E-1,5.078554153E-1,-1.789707065E0,1.866445089E0
3.666988927E1,-1.591722369E-1,4.977302551E-1,-1.735171437E0,1.812150966E0
3.667491323E1,-1.205286086E-1,4.923791885E-1,-1.681681275E0,1.756421454E0
3.667993927E1,-9.185978770E-2,4.631061554E-1,-1.705785036E0,1.769917546E0
3.668496531E1,-7.299816608E-2,4.577693939E-1,-1.702240705E0,1.764229285E0
3.668996052E1,2.975106239E-3,5.002460480E-1,-1.814586759E0,1.882280549E0
3.669498453E1,2.619218826E-2,4.326667786E-1,-1.827416778E0,1.878121043E0
3.670000854E1,5.421456695E-2,4.082069397E-1,-1.894075513E0,1.938322515E0
3.670505818E1,1.251882613E-1,3.598508835E-1,-1.875893235E0,1.914194397E0
3.671008391E1,1.627562046E-1,3.450269699E-1,-1.930877566E0,1.968202573E0
3.671510963E1,1.289051771E-1,4.115266800E-1,-1.991986990E0,2.038132214E0
3.672014604E1,1.527457535E-1,4.348993301E-1,-1.958935499E0,2.012435585E0
3.672517250E1,1.384049654E-1,4.056253433E-1,-2.004003763E0,2.049321580E0
3.673019896E1,1.098937690E-1,4.481201172E-1,-2.036132097E0,2.087755301E0
3.673519411E1,6.244179606E-2,4.379501343E-1,-2.017173529E0,2.065112186E0
3.674021849E1,4.853001237E-2,4.756078720E-1,-1.956842303E0,2.014395644E0
3.674524911E1,2.028912306E-2,4.558248520E-1,-1.912340283E0,1.966019660E0
3.675027411E1,-6.047195196E-2,4.599819183E-1,-1.864396691E0,1.921253561E0
3.675530010E1,-1.171180308E-1,4.689273834E-1,-1.822592258E0,1.885590641E0
3.676032521E1,-1.019077003E-1,4.252653122E-1,-1.796323061E0,1.848786711E0
3.676535031E1,-1.394797564E-1,4.342718124E-1,-1.761603355E0,1.819695851E0
3.677037542E1,-1.292353570E-1,4.241523743E-1,-1.723274827E0,1.779405278E0
3.677540052E1,-8.069673181E-2,4.379854202E-1,-1.657275915E0,1.716073032E0
3.678047844E1,-6.574568152E-2,4.183530807E-1,-1.592371225E0,1.647722038E0
3.678550568E1,-5.087357759E-2,3.939924240E-1,-1.590200782E0,1.639071895E0
3.679053292E1,-4.558950663E-2,3.553533554E-1,-1.579142094E0,1.619272726E0
3.679556016E1,-5.939620733E-2,3.215894699E-1,-1.568981767E0,1.602701307E0
3.680056208E1,-9.710729122E-2,2.879114151E-1,-1.545010924E0,1.574605209E0
3.680558802E1,-1.109182835E-1,2.495422363E-1,-1.569735765E0,1.593312451E0
3.681061620E1,-1.248754263E-1,2.303972244E-1,-1.590335965E0,1.611783247E0
3.681564234E1,-1.388249397E-1,1.778593063E-1,-1.592601299E0,1.608504024E0
3.682066609E1,-1.529210806E-1,2.115306854E-1,-1.662735343E0,1.683098009E0
3.682569198E1,-1.862396002E-1,1.687097549E-1,-1.724097013E0,1.742314174E0
3.683071786E1,-2.339686751E-1,1.451511383E-1,-1.757697463E0,1.779131970E0
3.683575615E1,-2.387083769E-1,1.312808990E-1,-1.749564290E0,1.770647217E0
3.684078281E1,-1.622523069E-1,1.031866074E-1,-1.728466630E0,1.739129144E0
3.684581490E1,-1.674053669E-1,1.374177933E-1,-1.622877359E0,1.637265748E0
3.685084219E1,-1.823348999E-1,1.430377960E-1,-1.580951571E0,1.597846582E0
3.685586948E1,-1.733918786E-1,1.822719574E-1,-1.564265251E0,1.584365357E0
3.686089677E1,-1.359323263E-1,1.833477020E-1,-1.486659169E0,1.504077612E0
3.686589229E1,-4.613053799E-2,1.797904968E-1,-1.314515233E0,1.327555252E0
3.687091797E1,-8.100885153E-2,1.859750748E-1,-1.263381004E0,1.279562708E0
3.687594364E1,-4.433307052E-2,2.114477158E-1,-1.155744314E0,1.175763785E0
3.688096932E1,-3.190198541E-2,2.179231644E-1,-1.091959476E0,1.113949613E0
3.688595510E1,-3.399720788E-2,2.245435715E-1,-1.100250721E0,1.123444380E0
3.689097880E1,6.602853537E-3,2.217674255E-1,-1.051843405E0,1.074987878E0
3.689600250E1,-1.535677910E-2,2.622089386E-1,-1.037486672E0,1.070218648E0
3.690102620E1,-6.149622798E-2,2.405948639E-1,-9.612888098E-1,9.928463378E-1
3.690607536E1,-6.006512046E-2,2.239770889E-1,-1.010041237E0,1.036318897E0
3.691110031E1,-6.359130144E-2,1.884136200E-1,-1.025315881E0,1.044421467E0
3.691612526E1,-4.343500733E-2,1.913309097E-1,-1.036036015E0,1.054449971E0
3.692115021E1,4.318010807E-2,2.025451660E-1,-1.082287431E0,1.101923386E0
3.692620172E1,1.385135651E-1,1.758527756E-1,-1.090608358E0,1.113344869E0
3.693122802E1,2.475991994E-1,2.065382004E-1,-1.080033779E0,1.127136352E0
3.693623109E1,3.133946061E-1,1.706571579E-1,-1.031636715E0,1.091610900E0
3.694125500E1,3.268281519E-1,1.827793121E-1,-1.045918941E0,1.110932649E0
3.694629703E1,3.407088518E-1,1.570510864E-1,-1.027429104E0,1.093781573E0
3.695132276E1,3.313533068E-1,1.507577896E-1,-1.009491801E0,1.073124700E0
3.695634656E1,2.799769938E-1,8.777999878E-2,-9.637215734E-1,1.007398489E0
3.696137208E1,2.201531082E-1,7.308578491E-2,-9.760103822E-1,1.003197483E0
3.696639557E1,2.184503525E-1,2.554607391E-2,-9.460634589E-1,9.712925547E-1
3.697142088E1,1.462843418E-1,-7.069587708E-3,-8.694617748E-1,8.817101937E-1
3.697644620E1,1.085023880E-1,-6.760120392E-2,-8.322021961E-1,8.419638865E-1
3.698147151E1,5.247190595E-2,-1.225852966E-1,-7.911189795E-1,8.022778169E-1
3.698649661E1,6.853491068E-3,-1.245555878E-1,-7.985831499E-1,8.082673519E-1
3.699152193E1,-1.904433966E-2,-1.499242783E-1,-7.972093225E-1,8.114078382E-1
3.699654969E1,-7.784995437E-2,-7.503032684E-2,-8.203378320E-1,8.274323682E-1
3.700157521E1,-9.813171625E-2,-1.941299438E-2,-8.630260825E-1,8.688041881E-1
3.700660073E1,-1.239714622E-1,4.594135284E-2,-8.697693944E-1,8.797603826E-1
3.701162453E1,-1.499079466E-1,9.248638153E-2,-9.394962192E-1,9.558657170E-1
3.701664995E1,-1.950735152E-1,1.107072830E-1,-9.622140527E-1,9.880109625E-1
3.702167536E1,-2.310080230E-1,1.771240234E-1,-9.473236203E-1,9.910396904E-1
3.702670078E1,-2.337140739E-1,1.864862442E-1,-9.570910335E-1,1.002707651E0
3.703172521E1,-2.845205963E-1,2.009935379E-1,-9.002972841E-1,9.653422045E-1
3.703675057E1,-2.544213235E-1,2.254009247E-1,-8.725712299E-1,9.364381122E-1
3.704177594E1,-2.104779780E-1,1.974811554E-1,-8.258024454E-1,8.747853821E-1
3.704680130E1,-1.910591424E-1,1.507740021E-1,-8.078337908E-1,8.437012677E-1
3.705188766E1,-1.101791263E-1,1.428127289E-1,-8.048864603E-1,8.248497617E-1
3.705691609E1,-9.228372574E-2,1.541452408E-1,-8.347322941E-1,8.538472018E-1
3.706192588E1,-5.613690615E-2,7.488346100E-2,-8.980169296E-1,9.028805518E-1
3.706695250E1,-5.452004075E-2,9.180641174E-2,-9.858255386E-1,9.915910673E-1
3.707197911E1,-2.983635664E-2,4.226112366E-2,-1.012252808E0,1.013573854E0
3.707703240E1,1.783093810E-2,5.562973022E-2,-1.116718292E0,1.118245212E0
3.708206073E1,9.316539764E-2,-2.606010437E-2,-1.246101260E0,1.249850900E0
3.708708906E1,8.171492815E-2,-1.120948792E-2,-1.386580825E0,1.389031809E0
3.709211740E1,9.384733438E-2,1.886844635E-2,-1.457077861E0,1.460218899E0
3.709714573E1,4.854828119E-2,-2.189064026E-2,-1.361957312E0,1.362998112E0
3.710209500E1,6.536507607E-2,-4.286003113E-2,-1.291383743E0,1.293747096E0
3.710712010E1,1.012364626E-1,-8.179283142E-2,-1.103673458E0,1.111320832E0
3.711217260E1,1.752917618E-1,-4.802513123E-2,-9.223328829E-1,9.400699771E-1
3.711720047E1,2.637879550E-1,-5.191040039E-2,-9.328149557E-1,9.707844851E-1
3.712222833E1,3.858076632E-1,-5.024814606E-2,-9.678281546E-1,1.043102951E0
3.712725620E1,4.219518602E-1,-1.430130005E-2,-1.108717322E0,1.186381895E0
3.713230750E1,4.441171885E-1,-1.086521149E-2,-1.193304896E0,1.273316420E0
3.713733651E1,4.190039039E-1,-1.616096497E-2,-1.225789428E0,1.295525056E0
3.714236552E1,3.897071779E-1,-1.398086548E-3,-1.292518497E0,1.349991742E0
3.714739453E1,2.988670468E-1,-9.636878967E-3,-1.297739148E0,1.331743698E0
3.715238240E1,2.038914859E-1,-3.151988983E-2,-1.264722466E0,1.281439877E0
3.715740932E1,1.477231532E-1,-6.193542480E-2,-1.203924656E0,1.214533945E0
3.716245531E1,1.301036924E-1,-3.398799896E-2,-1.215563774E0,1.222978922E0
3.716748411E1,1.077769846E-1,-1.490020752E-2,-1.169872999E0,1.174921584E0
3.717251292E1,1.666266918E-1,-7.620143890E-2,-1.210887194E0,1.224670939E0
3.717752771E1,2.061804235E-1,-1.459836960E-1,-1.185574293E0,1.212191409E0
3.718255552E1,2.312813848E-1,-1.952486038E-1,-1.152041912E0,1.191139649E0
3.718756802E1,2.562897801E-1,-2.528409958E-1,-1.152929783E0,1.207832813E0
3.719259432E1,2.526277900E-1,-3.088941574E-1,-1.112251043E0,1.181667798E0
3.719761672E1,2.298339903E-1,-3.921413422E-1,-1.025064707E0,1.121318933E0
3.720264260E1,1.880517900E-1,-4.403877258E-1,-9.630165100E-1,1.075502498E0
3.720766849E1,1.654228866E-1,-4.538221359E-1,-9.400141239E-1,1.056856573E0
3.721272354E1,1.138951033E-1,-4.609031677E-1,-9.660913944E-1,1.076446193E0
3.721775130E1,1.339472234E-1,-5.051889420E-1,-9.874317646E-1,1.117219412E0
3.722277906E1,1.062002033E-1,-5.146999359E-1,-9.995954037E-1,1.129329659E0
3.722780682E1,8.319945633E-2,-5.518469810E-1,-1.049988985E0,1.189089613E0
3.723283458E1,7.466264069E-2,-5.401387215E-1,-1.176665545E0,1.296867824E0
3.723782630E1,5.215235054E-2,-5.516467094E-1,-1.268999338E0,1.384699707E0
3.724285255E1,4.879151285E-2,-5.617175102E-1,-1.309221506E0,1.425471194E0
3.724787823E1,1.687270403E-2,-5.610184669E-1,-1.167788982E0,1.295668752E0
3.725290443E1,-4.389402270E-2,-6.357550621E-1,-9.212322235E-1,1.120169627E0
3.725793062E1,-5.206823349E-2,-7.001395226E-1,-6.407270432E-1,9.504933434E-1
3.726299120E1,-4.097545147E-2,-6.919693947E-1,-4.985566139E-1,8.538497105E-1
3.726801963E1,-2.505305409E-2,-6.694951057E-1,-4.311575890E-1,7.967108752E-1
3.727304807E1,1.002797484E-2,-6.946702003E-1,-4.484586716E-1,8.269113783E-1
3.727804927E1,4.034985602E-2,-7.677741051E-1,-4.207715988E-1,8.764439090E-1
3.728307583E1,1.377933323E-1,-8.403925896E-1,-4.972829819E-1,9.861729418E-1
3.728810240E1,2.065262496E-1,-8.887281418E-1,-7.016468048E-1,1.150999149E0
3.729312896E1,2.897030711E-1,-9.125690460E-1,-8.714895248E-1,1.294683021E0
3.729811151E1,3.729664683E-1,-9.647903442E-1,-9.969739914E-1,1.436621570E0
3.730313594E1,3.846910000E-1,-1.044373035E0,-9.743351936E-1,1.479199538E0
3.730815635E1,4.206127524E-1,-1.075297832E0,-8.938508034E-1,1.460188267E0
3.731318031E1,3.948008716E-1,-1.105426311E0,-7.986555099E-1,1.419748457E0
3.731820427E1,3.742555976E-1,-1.206538200E0,-6.265358925E-1,1.410088262E0
3.732326281E1,3.399646878E-1,-1.211030960E0,-3.920907974E-1,1.317538299E0
3.732828911E1,2.395347059E-1,-1.253970623E0,-2.518973351E-1,1.301257648E0
3.733331656E1,1.115174294E-1,-1.311308861E0,-2.633886337E-1,1.342140320E0
3.733834297E1,-2.484810352E-2,-1.301981449E0,-1.726512909E-1,1.313613943E0
3.734337338E1,-8.393326402E-2,-1.259502888E0,-7.081651688E-2,1.264281336E0
3.734840021E1,-7.540827990E-2,-1.212760448E0,-4.864788055E-2,1.216076038E0
3.735342703E1,-5.223968625E-2,-1.161621571E0,-2.688817978E-1,1.193478563E0
3.735844687E1,-9.706974030E-3,-1.062715530E0,-4.973111153E-1,1.173361355E0
3.736347323E1,2.787379920E-2,-9.919118881E-1,-7.251906395E-1,1.229051507E0
3.736849958E1,5.539245903E-2,-1.006325722E0,-6.467113495E-1,1.197495450E0
3.737352594E1,5.410332978E-2,-1.000971794E0,-4.053320885E-1,1.081279707E0
3.737858948E1,2.903942764E-2,-9.903635979E-1,-1.971707344E-1,1.010217622E0
3.738361776E1,-1.948398352E-2,-1.014166832E0,-2.359447479E-1,1.041433585E0
3.738864604E1,-7.204350829E-2,-9.668712616E-1,-4.212350845E-1,1.057104205E0
3.739367432E1,-1.333488226E-1,-9.438157082E-1,-7.007055283E-1,1.183029263E0
3.739870260E1,-2.275916338E-1,-1.002058983E0,-7.780714035E-1,1.288920194E0
3.740364338E1,-3.170841634E-1,-1.080245495E0,-6.192717552E-1,1.284900853E0
3.740866818E1,-4.070996940E-1,-1.138226032E0,-5.133929253E-1,1.313339620E0
3.741369297E1,-3.978929818E-1,-1.152985096E0,-3.447837830E-1,1.267505153E0
3.741871776E1,-4.049394131E-1,-1.153112411E0,-1.184883118E-1,1.227877698E0
3.742381755E1,-3.137695789E-1,-1.108993053E0,-2.831459045E-3,1.152529808E0
3.742884609E1,-1.437730491E-1,-1.065140724E0,-6.333780289E-2,1.076664817E0
3.743387463E1,7.660032809E-2,-1.020724297E0,-1.235728264E-1,1.031026645E0
3.743886370E1,2.093180269E-1,-9.521284103E-1,-1.162848473E-1,9.817763044E-1
3.744388958E1,3.166139424E-1,-8.633141518E-1,-5.662584305E-2,9.212829095E-1
3.744891547E1,4.035568237E-1,-8.362941742E-1,1.769542694E-2,9.287406440E-1
3.745393208E1,4.371889234E-1,-7.565917969E-1,3.047800064E-2,8.743535957E-1
3.745895734E1,4.278496802E-1,-7.055935860E-1,-1.999015808E-1,8.490455226E-1
3.746396875E1,4.239279032E-1,-6.644988060E-1,-4.958996773E-1,9.312303798E-1
3.746899255E1,3.496635556E-1,-6.712098122E-1,-6.664109230E-1,1.008410002E0
3.747403901E1,2.579615712E-1,-7.255978584E-1,-7.642641068E-1,1.084959008E0
3.747906500E1,1.437826306E-1,-7.516083717E-1,-7.365708351E-1,1.062132376E0
3.748408406E1,-2.670620382E-2,-8.256959915E-1,-6.649036407E-1,1.060464023E0
3.748910937E1,-1.442423612E-1,-8.756837845E-1,-7.026791573E-1,1.131983192E0
3.749413469E1,-1.378010660E-1,-9.348745346E-1,-6.586380005E-1,1.151860905E0
3.749917338E1,-8.412881196E-2,-1.031549931E0,-4.853429794E-1,1.143123232E0
3.750419963E1,6.908734143E-2,-1.070241928E0,-2.688722610E-1,1.105659594E0
3.750922588E1,2.542064488E-1,-1.103222370E0,-1.004300117E-1,1.136576748E0
3.751425213E1,4.088322222E-1,-1.163836479E0,-7.089519501E-2,1.235591059E0
3.751927885E1,6.097110510E-1,-1.184819698E0,-8.459234238E-2,1.335178321E0
3.752430510E1,7.521160841E-1,-1.204517365E0,-1.844329834E-1,1.431976330E0
3.752933135E1,8.414864540E-1,-1.218297482E0,-1.023530960E-1,1.484191484E0
3.753439276E1,8.832673430E-1,-1.206939697E0,-2.989673615E-2,1.495913917E0
3.753942135E1,9.067243338E-1,-1.195369244E0,4.315185547E-2,1.500972594E0
3.754444995E1,8.737771511E-1,-1.173714638E0,2.409467697E-1,1.482952429E0
3.754947854E1,7.174270749E-1,-1.218729496E0,2.621717453E-1,1.438310542E0
3.755447713E1,5.004599690E-1,-1.216010809E0,9.296703339E-2,1.318250863E0
3.755950422E1,2.947785258E-1,-1.227005243E0,-1.760253906E-1,1.274135466E0
3.756453130E1,8.602386713E-2,-1.218530893E0,-4.536352158E-1,1.303074270E0
3.756957323E1,-1.925529540E-1,-1.276140451E0,-6.636352539E-1,1.451214265E0
3.757460130E1,-4.076011181E-1,-1.309112787E0,-7.103338242E-1,1.544179103E0
3.757961734E1,-4.689179063E-1,-1.374673128E0,-5.940332413E-1,1.569230927E0
3.758464422E1,-3.530123234E-1,-1.453232050E0,-4.394788742E-1,1.558731142E0
3.758968177E1,-1.941242367E-1,-1.592679739E0,-3.662071228E-1,1.645727993E0
3.759470963E1,-3.517046571E-2,-1.635684490E0,-1.825113297E-1,1.646211134E0
3.759973750E1,1.717756987E-1,-1.750195980E0,1.882143021E-1,1.768648490E0
3.760476536E1,3.734993935E-1,-1.922148228E0,3.633050919E-1,1.991518565E0
3.760979323E1,5.460590720E-1,-2.060839176E0,1.613683701E-1,2.138054810E0
3.761482109E1,6.515093446E-1,-2.175979614E0,-2.066707611E-1,2.280803479E0
3.761984896E1,6.615565419E-1,-2.310422659E0,-3.294353485E-1,2.425744745E0
3.762486901E1,6.001469493E-1,-2.449736595E0,-5.276947021E-1,2.576790144E0
3.762989661E1,5.005311370E-1,-2.550338507E0,-8.685522079E-1,2.740281164E0
3.763492422E1,3.577126265E-1,-2.645125866E0,-1.069923401E0,2.875653883E0
3.763988766E1,3.434004784E-1,-2.715332508E0,-1.074440956E0,2.940302346E0
3.764491099E1,3.663211465E-1,-2.734968662E0,-1.050537109E0,2.952604441E0
3.764993432E1,3.456193805E-1,-2.695423841E0,-9.117507935E-1,2.866365635E0
3.765497979E1,4.058094621E-1,-2.711087465E0,-9.070281982E-1,2.887451595E0
3.766000453E1,4.845229983E-1,-2.715665340E0,-9.163236618E-1,2.906759335E0
3.766502771E1,4.433281124E-1,-2.660886288E0,-8.345212936E-1,2.823699956E0
3.767005229E1,3.972119689E-1,-2.618596077E0,-5.803651810E-1,2.711391987E0
3.767507338E1,3.890761733E-1,-2.579627514E0,-1.777992249E-1,2.614855817E0
3.768009766E1,3.854025006E-1,-2.530181170E0,-3.330135345E-2,2.559582157E0
3.768512193E1,4.486579895E-1,-2.423085213E0,-5.068588257E-2,2.464793094E0
3.769012953E1,4.353902042E-1,-2.320983887E0,-7.181549072E-2,2.362559692E0
3.769515266E1,4.606276453E-1,-2.208957195E0,-2.259759903E-1,2.267759878E0
3.770017578E1,4.339765906E-1,-2.120783567E0,-3.981361389E-1,2.201038620E0
3.770521786E1,3.463158906E-1,-2.013404608E0,-5.404453278E-1,2.113247256E0
3.771024229E1,2.743086815E-1,-1.849499941E0,-7.005472183E-1,1.996662638E0
3.771526672E1,2.032570839E-1,-1.724393606E0,-7.733335495E-1,1.900760777E0
3.772031510E1,1.135912165E-1,-1.575158596E0,-8.069162369E-1,1.773454646E0
3.772534109E1,1.244955212E-1,-1.502796292E0,-6.481943130E-1,1.641356664E0
3.773036708E1,1.875905544E-1,-1.401016474E0,-3.693561554E-1,1.460979584E0
3.773539307E1,2.927796543E-1,-1.327049375E0,-9.013557434E-2,1.361948747E0
3.774041906E1,4.591459334E-1,-1.218593478E0,4.620742798E-1,1.381773387E0
3.774542000E1,5.434132218E-1,-1.119445920E0,1.392296791E0,1.867336995E0
3.775044500E1,6.179087758E-1,-9.769679308E-1,2.585289955E0,2.831960760E0
3.775546734E1,6.926022768E-1,-7.404507995E-1,3.978839874E0,4.105987341E0
3.776049208E1,7.295120955E-1,-5.117542744E-1,5.276320457E0,5.351040824E0
3.776551682E1,7.961689830E-1,-3.060210943E-1,5.923112869E0,5.984212565E0
3.777057620E1,8.354948759E-1,-6.513035297E-2,6.092012405E0,6.149382798E0
3.777560328E1,9.095203280E-1,1.249927282E-1,5.974806786E0,6.044928993E0
3.778063036E1,8.790304661E-1,1.801078916E-1,5.652894020E0,5.723665278E0
3.778565693E1,8.394542336E-1,1.445204616E-1,5.236394882E0,5.305223929E0
3.779068396E1,7.617155910E-1,-3.364330530E-2,4.974059105E0,5.032157240E0
3.779570698E1,7.172607780E-1,-1.917748451E-1,4.660080910E0,4.718855232E0
3.780073359E1,5.822572112E-1,-4.736061692E-1,4.361518860E0,4.425626851E0
3.780575797E1,3.479318321E-1,-6.598514915E-1,4.303197861E0,4.367375915E0
3.781078437E1,9.672139585E-2,-9.334719777E-1,4.489660263E0,4.586695351E0
3.781581078E1,-2.177147418E-1,-1.310327649E0,4.786746979E0,4.967625680E0
3.782083490E1,-5.696035028E-1,-1.648288250E0,5.227815628E0,5.511021552E0
3.782586115E1,-8.382876515E-1,-1.900552630E0,5.654834747E0,6.024282738E0
3.783088740E1,-9.153240919E-1,-2.144315720E0,5.450798988E0,5.928500460E0
3.783591365E1,-7.551666498E-1,-2.465461254E0,4.975048065E0,5.603559504E0
3.784093823E1,-6.085205674E-1,-2.829403400E0,4.366477013E0,5.238505740E0
3.784596437E1,-2.962462902E-1,-3.249673128E0,3.978997231E0,5.145926181E0
3.785099052E1,1.666525006E-2,-3.716171741E0,3.582627296E0,5.161921008E0
3.785602745E1,1.720566452E-1,-4.070443153E0,3.124680519E0,5.134368442E0
3.786105432E1,7.893222570E-2,-4.331144333E0,2.538209915E0,5.020712211E0
3.786608120E1,-4.224160314E-2,-4.502499580E0,2.043328285E0,4.944641272E0
3.787110807E1,-2.044284046E-1,-4.555925846E0,1.716455460E0,4.872829838E0
3.787611323E1,-3.251723349E-1,-4.377119064E0,1.428266525E0,4.615718104E0
3.788113901E1,-4.468813837E-1,-4.123869896E0,1.126114845E0,4.298155480E0
3.788617245E1,-4.825706184E-1,-3.667270422E0,8.913316727E-1,3.804762660E0
3.789119896E1,-4.032772481E-1,-3.213011980E0,7.620954514E-1,3.326690247E0
3.789622656E1,-2.182001770E-1,-2.626818180E0,7.956800461E-1,2.753341934E0
3.790125318E1,1.475566626E-2,-2.042746067E0,8.675127029E-1,2.219370973E0
3.790627979E1,2.951259315E-1,-1.580040693E0,7.957954407E-1,1.793576954E0
3.791130266E1,4.697199464E-1,-1.041987896E0,7.289695740E-1,1.355644586E0
3.791632901E1,5.482134819E-1,-5.524048805E-1,5.331401825E-1,9.433597553E-1
3.792135385E1,5.542982221E-1,-7.739642262E-2,2.371616364E-1,6.078506124E-1
3.792638005E1,5.217770934E-1,2.783824205E-1,2.190065384E-1,6.306440923E-1
3.793140625E1,3.788465261E-1,4.338265061E-1,3.061609268E-1,6.522765065E-1
3.793643588E1,1.010193229E-1,5.757043958E-1,2.641248703E-1,6.414065809E-1
3.794146234E1,-1.919764280E-1,6.275710464E-1,3.800144196E-1,7.583609472E-1
3.794648880E1,-6.819227934E-1,6.087486744E-1,5.532093048E-1,1.068472826E0
3.795151229E1,-9.097287655E-1,6.146078706E-1,4.870986938E-1,1.201088839E0
3.795653854E1,-1.105069160E0,6.739451885E-1,4.546041489E-1,1.371876415E0
3.796156141E1,-1.215111732E0,6.865798235E-1,3.313808441E-1,1.434469114E0
3.796658729E1,-1.206507444E0,6.906349659E-1,1.414518356E-1,1.397370921E0
3.797161318E1,-1.127528429E0,5.907589793E-1,-2.633419037E-1,1.299871335E0
3.797663906E1,-1.093179226E0,5.165393353E-1,-6.100988388E-1,1.354279992E0
3.798167698E1,-1.054730177E0,4.151625037E-1,-8.079833984E-1,1.391995985E0
3.798670344E1,-9.068034291E-1,2.342129946E-1,-1.024525642E0,1.388092568E0
3.799171995E1,-8.982522488E-1,-3.077065945E-2,-1.149670601E0,1.459296552E0
3.799674542E1,-1.023573995E0,-3.939556479E-1,-9.873971939E-1,1.475756753E0
3.800176917E1,-1.220371723E0,-6.932843924E-1,-5.907068253E-1,1.522788542E0
3.800679448E1,-1.283378124E0,-9.676560760E-1,-2.134199142E-1,1.621408570E0
3.801181979E1,-1.222270846E0,-1.303728342E0,1.444473267E-1,1.792907873E0
3.801684510E1,-9.747868776E-1,-1.596834660E0,4.589548111E-1,1.926325493E0
3.802187427E1,-6.891732812E-1,-1.837881207E0,6.775102615E-1,2.076484360E0
3.802689974E1,-2.889492810E-1,-2.051232338E0,8.958263397E-1,2.256889590E0
3.803192552E1,2.983158827E-2,-2.246593952E0,1.075625420E0,2.490992644E0
3.803695104E1,2.289356291E-1,-2.343017578E0,1.164288521E0,2.626349301E0
3.804197833E1,3.994441628E-1,-2.416915894E0,1.176287651E0,2.717478742E0
3.804700401E1,4.742738008E-1,-2.430330276E0,1.164265633E0,2.736230135E0
3.805203182E1,4.819789529E-1,-2.416876793E0,1.109084129E0,2.702529324E0
3.805705771E1,4.515849054E-1,-2.323699474E0,9.438762665E-1,2.548413346E0
3.806208359E1,3.067640066E-1,-2.150697231E0,5.635833740E-1,2.244377187E0
3.806711651E1,9.105432034E-2,-2.012321949E0,2.267856598E-1,2.027106867E0
3.807214286E1,-5.670905113E-2,-1.864959121E0,-6.650161743E-2,1.867005866E0
3.807716937E1,-2.897335887E-1,-1.775291204E0,-3.210792542E-1,1.827209977E0
3.808219573E1,-6.509376764E-1,-1.676247478E0,-5.895977020E-1,1.892392907E0
3.808722208E1,-9.446161985E-1,-1.639530659E0,-4.990262985E-1,1.956882160E0
3.809223979E1,-1.117786169E0,-1.593989015E0,-7.337856293E-1,2.080549987E0
3.809726557E1,-1.165008307E0,-1.449408531E0,-7.770481110E-1,2.015399020E0
3.810229135E1,-1.047985911E0,-1.321587563E0,-7.583284378E-1,1.849305322E0
3.810731713E1,-7.243683338E-1,-1.272858024E0,-5.390777588E-1,1.560603044E0
3.811235625E1,-3.385888636E-1,-1.283516049E0,-9.559631348E-2,1.330862323E0
3.811738271E1,-2.604022622E-2,-1.348008990E0,2.897272110E-1,1.379038864E0
3.812240917E1,1.458435804E-1,-1.432226896E0,7.652845383E-1,1.630400152E0
3.812742083E1,2.398502529E-1,-1.532004952E0,1.330865860E0,2.043470395E0
3.813244630E1,2.418864965E-1,-1.581045508E0,1.694516182E0,2.330150010E0
3.813747177E1,1.760729849E-1,-1.570286989E0,1.822930336E0,2.412442317E0
3.814249724E1,3.811213374E-2,-1.533353925E0,1.730743408E0,2.312595844E0
3.814752271E1,-9.491020441E-2,-1.518170118E0,1.518663406E0,2.149462025E0
3.815254818E1,-2.180763781E-1,-1.481280684E0,1.191692352E0,1.913604044E0
3.815757364E1,-2.929141819E-1,-1.431684494E0,7.692146301E-1,1.651426764E0
3.816264557E1,-3.864101470E-1,-1.387836337E0,3.471183777E-1,1.481854807E0
3.816767333E1,-4.504744112E-1,-1.349262118E0,1.636219025E-2,1.422569218E0
3.817270109E1,-4.468145669E-1,-1.291298985E0,-1.847782135E-1,1.378854349E0
3.817772885E1,-3.515015244E-1,-1.304481268E0,-2.516126633E-1,1.374239292E0
3.818274599E1,-2.364990413E-1,-1.269046187E0,-4.560375214E-2,1.291700323E0
3.818777323E1,-2.024006248E-1,-1.261716843E0,2.367982864E-1,1.299603337E0
3.819280047E1,-9.175926447E-2,-1.264035940E0,6.527433395E-1,1.425580755E0
3.819782771E1,1.372066140E-2,-1.257408857E0,9.245777130E-1,1.560804036E0
3.820288062E1,1.329013556E-1,-1.223225474E0,1.104986191E0,1.653764739E0
3.820790911E1,3.090698123E-1,-1.152344346E0,1.093593597E0,1.618446353E0
3.821293760E1,3.891174197E-1,-1.035434246E0,9.719076157E-1,1.472460817E0
3.821789000E1,3.015916348E-1,-9.153473377E-1,7.496824265E-1,1.221000411E0
3.822291338E1,6.552645564E-2,-8.254292011E-1,3.170642853E-1,8.866548615E-1
3.822790552E1,-1.323501766E-1,-7.032006979E-1,-2.156391144E-1,7.473339404E-1
3.823292578E1,-2.342661321E-1,-5.533335209E-1,-8.482551575E-1,1.039516916E0
3.823794604E1,-2.924611866E-1,-3.944026232E-1,-1.322288513E0,1.410508379E0
3.824296630E1,-2.975423336E-1,-2.686048746E-1,-1.470408440E0,1.524067255E0
3.824804229E1,-2.215763330E-1,-2.850656509E-1,-1.364640236E0,1.411595363E0
3.825306536E1,-5.093365908E-2,-3.952667713E-1,-1.096102715E0,1.166306657E0
3.825809635E1,-1.984974742E-2,-4.845831394E-1,-6.459112167E-1,8.077228060E-1
3.826312026E1,-2.271944284E-2,-6.444963217E-1,-1.913366318E-1,6.726822343E-1
3.826815307E1,-7.337304950E-2,-7.944949865E-1,2.866115570E-1,8.477924703E-1
3.827317786E1,-1.810102165E-1,-9.161118269E-1,6.634569168E-1,1.145513273E0
3.827819818E1,-2.641078532E-1,-1.038798809E0,8.818206787E-1,1.387971049E0
3.828322255E1,-2.510819435E-1,-1.139063239E0,9.944334030E-1,1.532776891E0
3.828824693E1,-3.476446271E-1,-1.221764445E0,8.866443634E-1,1.549097600E0
3.829327130E1,-2.573273182E-1,-1.277059793E0,5.157365799E-1,1.401100740E0
3.829829568E1,-1.237441301E-1,-1.318923473E0,2.080249786E-2,1.324879044E0
3.830336219E1,-1.856064796E-2,-1.351892710E0,-2.823143005E-1,1.381180568E0
3.830838828E1,1.056524068E-1,-1.404137492E0,-6.950654984E-1,1.570312254E0
3.831340364E1,1.386960745E-1,-1.461037874E0,-8.968582153E-1,1.719948525E0
3.831842865E1,1.046796292E-1,-1.517744064E0,-9.931583405E-1,1.816829205E0
3.832345364E1,1.327776909E-2,-1.574484825E0,-1.008044243E0,1.869580691E0
3.832848807E1,-1.010184288E-1,-1.655442834E0,-7.455539703E-1,1.818391163E0
3.833351370E1,-2.567881346E-1,-1.766005516E0,-2.491579056E-1,1.801886592E0
3.833853932E1,-2.346339226E-1,-1.887947559E0,3.467769623E-1,1.933818328E0
3.834358911E1,-1.170119345E-1,-2.002619982E0,7.694253922E-1,2.148532992E0
3.834861635E1,1.053004116E-1,-2.148703337E0,1.152852058E0,2.440713436E0
3.835364359E1,2.889217436E-1,-2.302724361E0,1.430103302E0,2.726024709E0
3.835867083E1,3.944956958E-1,-2.373388290E0,1.477016449E0,2.823150088E0
3.836369807E1,4.211010337E-1,-2.407850742E0,1.246155739E0,2.743715620E0
3.836869734E1,4.080367088E-1,-2.386457443E0,8.910417557E-1,2.579850479E0
3.837372344E1,3.416139185E-1,-2.428747654E0,4.644813538E-1,2.496248819E0
3.837873703E1,2.755755186E-1,-2.409607172E0,1.101846695E-1,2.427815737E0
3.838376187E1,1.673092544E-1,-2.405329704E0,-1.718788147E-1,2.417259957E0
3.838876516E1,3.127354383E-2,-2.382421494E0,-2.909259796E-1,2.400322506E0
3.839378786E1,-1.801203191E-1,-2.346113682E0,-1.659049988E-1,2.358859302E0
3.839882432E1,-2.133229375E-1,-2.372559071E0,-6.009769440E-2,2.382887944E0
3.840384844E1,-1.883576214E-1,-2.437545300E0,-2.127933502E-2,2.444904598E0
3.840887255E1,-2.098874450E-1,-2.488557339E0,2.184562683E-1,2.506929099E0
3.841389667E1,-2.686350942E-1,-2.535236359E0,5.966739655E-1,2.618321605E0
3.841892776E1,-2.847130299E-1,-2.587059498E0,8.836126328E-1,2.748583206E0
3.842395219E1,-2.019714117E-1,-2.644184589E0,8.928194046E-1,2.798147795E0
3.842897661E1,-1.105096936E-2,-2.759507656E0,9.785118103E-1,2.927881485E0
3.843400667E1,6.461977959E-2,-2.851629734E0,1.403687477E0,3.179041741E0
3.843903146E1,1.152955145E-1,-2.858061075E0,1.990992546E0,3.485090743E0
3.844404411E1,1.735614836E-1,-2.893632889E0,2.534561157E0,3.850614905E0
3.844906766E1,1.053075641E-1,-2.954678297E0,2.823918343E0,4.088487291E0
3.845409120E1,5.415503681E-2,-2.878836155E0,2.907206535E0,4.091757595E0
3.845913547E1,3.036931157E-2,-2.757480860E0,2.555148125E0,3.759442103E0
3.846416042E1,1.989525557E-2,-2.580232859E0,1.969261169E0,3.245918511E0
3.846918536E1,-2.454349399E-2,-2.423171520E0,1.451204300E0,2.824598471E0
3.847421318E1,-5.436652899E-2,-2.175317526E0,1.350108147E0,2.560811212E0
3.847923828E1,-1.279072911E-1,-1.965127468E0,1.244625092E0,2.329630413E0
3.848426338E1,-1.840822846E-1,-1.720373392E0,1.201704025E0,2.106576241E0
3.848928849E1,-8.911402524E-2,-1.454919815E0,1.541707039E0,2.121695919E0
3.849431698E1,-4.371097684E-2,-1.140014172E0,2.245022774E0,2.518267304E0
3.849934224E1,-7.684540749E-2,-8.762495518E-1,3.076833725E0,3.200097540E0
3.850437828E1,-3.136435747E-1,-4.776222706E-1,3.386523247E0,3.434390052E0
3.850940463E1,-5.571056604E-1,-6.476104259E-3,3.375617981E0,3.421287098E0
3.851442984E1,-7.580679059E-1,3.931420743E-1,3.465373039E0,3.569038798E0
3.851945609E1,-1.021124363E0,7.922613621E-1,3.894759178E0,4.103598675E0
3.852448234E1,-1.297743440E0,1.198632479E0,4.299841881E0,4.648601731E0
3.852949917E1,-1.591650009E0,1.648235083E0,4.269331932E0,4.845330101E0
3.853452479E1,-1.802105308E0,2.010379314E0,3.727270126E0,4.602363645E0
3.853954880E1,-1.723004937E0,2.237280607E0,2.956534386E0,4.088430763E0
3.854457427E1,-1.493535280E0,2.372588634E0,2.163141251E0,3.541045683E0
3.854959974E1,-1.190052986E0,2.340648174E0,1.681974411E0,3.118316518E0
3.855462604E1,-7.313678265E-1,2.133136988E0,1.484020233E0,2.699534841E0
3.855965156E1,-2.908295393E-1,1.765788198E0,1.492458344E0,2.330240693E0
3.856467864E1,8.725241572E-2,1.273599863E0,1.587491035E0,2.037105148E0
3.856970432E1,5.931997895E-1,7.487787008E-1,1.702043533E0,1.951796025E0
3.857473000E1,1.016277432E0,2.394238412E-1,1.749996185E0,2.037800344E0
3.857975604E1,1.338169336E0,-3.223409653E-1,1.707541466E0,2.193239323E0
3.858478172E1,1.492770791E0,-6.266398430E-1,1.407459259E0,2.145223460E0
3.858980740E1,1.572139859E0,-9.469290972E-1,1.194452286E0,2.189752204E0
3.859481516E1,1.577062607E0,-1.163784981E0,8.819370270E-1,2.149263796E0
3.859983963E1,1.283231258E0,-1.201014757E0,3.887872696E-1,1.800076235E0
3.860486411E1,9.780797958E-1,-1.129844427E0,-4.087543488E-2,1.494944587E0
3.860988109E1,5.944117308E-1,-1.006770492E0,-2.828388214E-1,1.202875691E0
3.861490505E1,2.558566928E-1,-8.071083426E-1,-2.943449020E-1,8.963958084E-1
3.861992901E1,-8.646736294E-2,-5.544722080E-1,-2.574434280E-1,6.174084167E-1
3.862495297E1,-3.517789841E-1,-2.917400599E-1,-1.100540161E-1,4.700772305E-1
3.863002010E1,-5.360785127E-1,-8.646738529E-2,6.166648865E-2,5.464975172E-1
3.863504625E1,-6.645271778E-1,1.295565367E-1,6.146717072E-2,6.798231236E-1
3.864006859E1,-7.334490418E-1,2.265282869E-1,1.526699066E-1,7.826689352E-1
3.864509432E1,-8.054969311E-1,3.337190151E-1,3.781929016E-1,9.503807436E-1
3.865012005E1,-7.566753030E-1,2.739608288E-1,5.322504044E-1,9.648329093E-1
3.865515068E1,-6.592727900E-1,1.955462694E-1,7.106122971E-1,9.888623725E-1
3.866017672E1,-5.328554511E-1,-6.385397911E-2,6.071472168E-1,8.103332680E-1
3.866519896E1,-4.436807334E-1,-4.088287354E-1,4.900970459E-1,7.772957240E-1
3.867022463E1,-3.757096231E-1,-1.002366900E0,5.078086853E-1,1.184806645E0
3.867525031E1,-3.945281804E-1,-1.638901830E0,6.745185852E-1,1.815661591E0
3.868027614E1,-4.563758373E-1,-2.155915737E0,6.170406342E-1,2.288447228E0
3.868530182E1,-3.452616334E-1,-2.529623270E0,3.978185654E-1,2.583884497E0
3.869032750E1,-6.584422290E-2,-2.773970604E0,1.843175888E-1,2.780867013E0
3.869535318E1,4.003432095E-1,-2.878893852E0,9.875297546E-3,2.906613497E0
3.870037958E1,9.003469944E-1,-2.834580183E0,-1.017627716E-1,2.975873853E0
3.870540531E1,1.257552385E0,-2.746440887E0,-2.320108414E-1,3.029555179E0
3.871043490E1,1.385961533E0,-2.576982021E0,-5.193786621E-1,2.971780595E0
3.871546099E1,1.405899167E0,-2.455488443E0,-6.336936951E-1,2.899576463E0
3.872048453E1,1.260635734E0,-2.262197256E0,-5.130691528E-1,2.640071748E0
3.872551036E1,1.045472622E0,-2.097686052E0,-1.816806793E-1,2.350809998E0
3.873053578E1,7.500067949E-1,-1.990612984E0,1.498193741E-1,2.132485894E0
3.873556156E1,5.315026045E-1,-1.859690785E0,9.888935089E-2,1.936678584E0
3.874058766E1,3.130201995E-1,-1.614063740E0,-1.570262909E-1,1.651617588E0
3.874561349E1,7.575672865E-2,-1.401694536E0,-3.165245056E-1,1.438983814E0
3.875063932E1,-1.321808696E-1,-1.207632184E0,-1.551465988E-1,1.224711289E0
3.875566990E1,-2.874900103E-1,-1.146541476E0,-5.590820312E-2,1.183356916E0
3.876069604E1,-2.564567626E-1,-1.132297397E0,2.433586121E-2,1.161231975E0
3.876572219E1,-1.011004448E-1,-1.174980283E0,-2.901935577E-2,1.179678807E0
3.877075432E1,1.647430658E-1,-1.193616390E0,-6.268119812E-2,1.206560938E0
3.877578083E1,4.986085296E-1,-1.255359173E0,-5.274486542E-2,1.351783688E0
3.878081005E1,8.336482644E-1,-1.307702780E0,-1.331272125E-1,1.556527817E0
3.878583682E1,1.093184710E0,-1.297780514E0,-4.329271317E-1,1.751203293E0
3.879086359E1,1.157638550E0,-1.220459223E0,-7.511596680E-1,1.842250953E0
3.879587719E1,1.027695656E0,-1.094505787E0,-9.780178070E-1,1.791820334E0
3.880090307E1,8.041353226E-1,-9.729325771E-1,-7.691717148E-1,1.478126024E0
3.880592896E1,6.256019473E-1,-8.417351246E-1,-4.550132751E-1,1.143211659E0
3.881095375E1,4.579493999E-1,-6.913394928E-1,-1.743354797E-1,8.473846864E-1
3.881597958E1,2.957108021E-1,-4.741463661E-1,4.433631897E-2,5.605580828E-1
3.882100542E1,1.244627833E-1,-3.626551628E-1,2.011947632E-1,4.330000973E-1
3.882603010E1,-3.287434578E-3,-2.039961815E-1,1.386470795E-1,2.466744047E-1
3.883105583E1,-1.355048418E-1,-1.609756947E-1,1.248741150E-1,2.446799563E-1
3.883608156E1,-1.767490506E-1,-1.566071510E-1,1.549253464E-1,2.824320973E-1
3.884110687E1,-2.035201192E-1,-2.241592407E-1,1.091175079E-1,3.218298225E-1
3.884613260E1,-2.061412334E-1,-3.442239761E-1,1.165828705E-1,4.178228327E-1
3.885115833E1,-1.944987178E-1,-4.496598244E-1,4.331493378E-2,4.918331957E-1
3.885618406E1,-1.209441423E-1,-5.694108009E-1,4.319190979E-3,5.821295399E-1
3.886121104E1,-8.103194833E-2,-5.937209129E-1,-9.886741638E-3,5.993066383E-1
3.886623682E1,-8.418157697E-2,-6.183004379E-1,-1.906480789E-1,6.524788575E-1
3.887127713E1,-3.460729122E-2,-6.048173904E-1,-2.938785553E-1,6.733248441E-1
3.887630432E1,2.923887968E-2,-5.955343246E-1,-2.579202652E-1,6.496452163E-1
3.888133151E1,5.949860811E-2,-5.427551270E-1,-1.880931854E-1,5.774965442E-1
3.888635870E1,5.637741089E-2,-5.090274811E-1,-1.464529037E-1,5.326686043E-1
3.889133766E1,2.975046635E-2,-4.560394287E-1,-3.256225586E-2,4.581673835E-1
3.889636240E1,-8.679130673E-2,-3.949532509E-1,6.349086761E-2,4.093310293E-1
3.890138713E1,-2.071174979E-1,-3.443455696E-1,7.552146912E-3,4.019061634E-1
3.890644458E1,-3.552400470E-1,-4.383554459E-1,-3.739356995E-2,5.654637627E-1
3.891147151E1,-5.172410607E-1,-5.174942017E-1,-3.447809219E-1,8.088340051E-1
3.891649844E1,-6.028668284E-1,-6.487231255E-1,-8.281631470E-1,1.212495074E0
3.892152536E1,-6.267310381E-1,-7.453007698E-1,-1.148129463E0,1.505478760E0
3.892655229E1,-5.791499615E-1,-9.025797844E-1,-1.075580597E0,1.518860943E0
3.893156156E1,-4.220835865E-1,-1.034479618E0,-6.588077545E-1,1.297046758E0
3.893658781E1,-1.557669044E-1,-1.123032093E0,-2.562036514E-1,1.162370303E0
3.894161406E1,9.535485506E-2,-1.178300381E0,8.206367493E-3,1.182180900E0
3.894665370E1,3.072603345E-1,-1.224583149E0,1.061677933E-1,1.266998186E0
3.895168083E1,5.036320686E-1,-1.290142059E0,5.676221848E-2,1.386121836E0
3.895670797E1,6.605896950E-1,-1.302864075E0,-1.092958450E-2,1.460805599E0
3.896178193E1,7.161601782E-1,-1.315706253E0,-1.349377632E-1,1.504053372E0
3.896681208E1,6.375102401E-1,-1.279530048E0,-4.261660576E-1,1.491721810E0
3.897182984E1,4.396055937E-1,-1.223729610E0,-7.309484482E-1,1.491661111E0
3.897685870E1,2.375854850E-1,-1.162767410E0,-9.344372749E-1,1.510512474E0
3.898188755E1,2.677047253E-2,-1.048418522E0,-1.060994625E0,1.491847060E0
3.898691640E1,-1.351351142E-1,-9.620070457E-1,-1.134698868E0,1.493740465E0
3.899194526E1,-2.672626078E-1,-7.984032631E-1,-1.141198158E0,1.418171467E0
3.899690271E1,-3.457128406E-1,-6.718792915E-1,-1.042822838E0,1.287796033E0
3.900192875E1,-3.705235124E-1,-5.461249352E-1,-9.959111214E-1,1.194729710E0
3.900696172E1,-3.514591455E-1,-4.157886505E-1,-8.860468864E-1,1.039943661E0
3.901198849E1,-2.409687340E-1,-4.241738319E-1,-7.421169281E-1,8.881029813E-1
3.901701526E1,-5.360126495E-2,-3.844628334E-1,-6.168661118E-1,7.288405626E-1
3.902204203E1,1.288295984E-1,-4.781389236E-1,-5.200729370E-1,7.181154194E-1
3.902707172E1,2.296861112E-1,-5.470623970E-1,-5.331401825E-1,7.976662398E-1
3.903209859E1,1.915848255E-1,-6.149306297E-1,-6.370320320E-1,9.058996824E-1
3.903712302E1,1.483966410E-1,-6.578326225E-1,-8.364262581E-1,1.074418079E0
3.904214963E1,1.000685096E-1,-6.949062347E-1,-9.351654053E-1,1.169377064E0
3.904717625E1,7.545503974E-2,-7.356634140E-1,-9.525980949E-1,1.205959059E0
3.905216078E1,7.935109735E-2,-7.222924232E-1,-9.801316261E-1,1.220106940E0
3.905718469E1,8.301073313E-2,-6.796422005E-1,-1.069544315E0,1.269932811E0
3.906221661E1,1.345958114E-1,-5.931010246E-1,-1.048926353E0,1.212489733E0
3.906724130E1,1.624008715E-1,-5.200057030E-1,-9.902887344E-1,1.130244112E0
3.907226599E1,1.520734131E-1,-4.988336563E-1,-8.169417381E-1,9.692033549E-1
3.907729203E1,1.755067706E-1,-4.676260948E-1,-7.152762413E-1,8.724086728E-1
3.908231682E1,1.894657314E-1,-4.408888817E-1,-6.611275673E-1,8.169271262E-1
3.908735156E1,2.323407829E-1,-4.808645248E-1,-6.830534935E-1,8.670495981E-1
3.909237740E1,2.896864116E-1,-5.395188332E-1,-6.950049400E-1,9.262994414E-1
3.909740172E1,3.374721706E-1,-6.071600914E-1,-7.497096062E-1,1.022054468E0
3.910242740E1,3.328241408E-1,-7.219014168E-1,-7.229399681E-1,1.074502565E0
3.910745208E1,3.380006254E-1,-7.830944061E-1,-7.489032745E-1,1.135049508E0
3.911247766E1,3.288299441E-1,-8.098545074E-1,-7.558960915E-1,1.155583124E0
3.911750323E1,3.102652729E-1,-8.596110344E-1,-6.483325958E-1,1.120504719E0
3.912252880E1,2.678201497E-1,-8.891677856E-1,-5.078244209E-1,1.058410424E0
3.912756380E1,2.873650491E-1,-9.370093346E-1,-3.485341072E-1,1.040212088E0
3.913258984E1,3.303165138E-1,-9.409542084E-1,-2.900376320E-1,1.038569039E0
3.913761588E1,3.730474710E-1,-9.441633224E-1,-2.795653343E-1,1.052979378E0
3.914264193E1,3.534099758E-1,-8.367486000E-1,-3.599824905E-1,9.770538491E-1
3.914766323E1,3.001747429E-1,-7.478675842E-1,-4.261131287E-1,9.115827984E-1
3.915268901E1,2.612510622E-1,-7.253408432E-1,-5.975308418E-1,9.754048202E-1
3.915771479E1,1.792722344E-1,-6.924390793E-1,-6.638674736E-1,9.758741902E-1
3.916277042E1,8.784568310E-2,-6.303763390E-1,-7.204837799E-1,9.613470080E-1
3.916779823E1,-5.612280965E-2,-5.866026878E-1,-6.675305367E-1,8.904209681E-1
3.917280422E1,-1.281809062E-1,-5.949354172E-1,-6.290154457E-1,8.752364973E-1
3.917782990E1,-1.190312356E-1,-5.649275780E-1,-6.090202332E-1,8.391765296E-1
3.918285557E1,-6.698521972E-2,-6.018042564E-1,-5.597333908E-1,8.245949621E-1
3.918786625E1,-1.029843092E-2,-6.241469383E-1,-5.003604889E-1,8.000162980E-1
3.919289088E1,4.639574885E-2,-6.464514732E-1,-4.737606049E-1,8.028083105E-1
3.919791552E1,5.985361338E-2,-6.972079277E-1,-5.184183121E-1,8.708839738E-1
3.920294016E1,8.290535212E-2,-7.332768440E-1,-5.482587814E-1,9.193236203E-1
3.920802823E1,1.012401283E-1,-7.644715309E-1,-4.864187241E-1,9.117397986E-1
3.921305609E1,1.577206254E-1,-8.138442039E-1,-3.295564651E-1,8.920906051E-1
3.921809443E1,2.044926882E-1,-8.149352074E-1,-2.778706551E-1,8.849569214E-1
3.922312328E1,2.127786875E-1,-7.579646111E-1,-3.460168839E-1,8.599493039E-1
3.922815213E1,2.159899473E-1,-7.147850990E-1,-4.333558083E-1,8.633461946E-1
3.923318099E1,2.286807001E-1,-6.613430977E-1,-5.448813438E-1,8.868851303E-1
3.923820984E1,1.745631695E-1,-5.737004280E-1,-6.328449249E-1,8.718355236E-1
3.924318568E1,1.255680025E-1,-5.472559929E-1,-6.739101410E-1,8.771609448E-1
3.924821240E1,4.830586910E-2,-4.487690926E-1,-7.195000648E-1,8.493571091E-1
3.925322151E1,5.285260081E-2,-4.071407318E-1,-7.940812111E-1,8.939362073E-1
3.925824646E1,7.225853205E-2,-3.412065506E-1,-8.111863136E-1,8.829872259E-1
3.926327141E1,6.825909019E-2,-3.179826736E-1,-7.756214142E-1,8.410474792E-1
3.926832380E1,1.555677354E-1,-2.754774094E-1,-7.157101631E-1,7.825152784E-1
3.927335057E1,2.001888752E-1,-2.421731949E-1,-6.845235825E-1,7.531905317E-1
3.927837734E1,2.212926447E-1,-1.751852036E-1,-7.151851654E-1,7.688628688E-1
3.928341042E1,1.950016320E-1,-1.942405701E-1,-6.973652840E-1,7.497155293E-1
3.928843760E1,1.592447758E-1,-1.891984940E-1,-6.024618149E-1,6.512412818E-1
3.929346479E1,1.284368932E-1,-2.606563568E-1,-5.928778648E-1,6.602589905E-1
3.929844651E1,1.403263807E-1,-2.982444763E-1,-6.068458557E-1,6.905817500E-1
3.930347068E1,1.566830426E-1,-3.407030106E-1,-7.008101940E-1,7.948352315E-1
3.930849484E1,1.873256862E-1,-3.638391495E-1,-7.365143299E-1,8.425694022E-1
3.931357042E1,1.940908581E-1,-4.252099991E-1,-7.041375637E-1,8.451535441E-1
3.931859802E1,2.292671055E-1,-3.997917175E-1,-6.959481239E-1,8.347098983E-1
3.932363213E1,2.740092278E-1,-4.267520905E-1,-7.446124554E-1,9.009140427E-1
3.932866042E1,3.044244647E-1,-4.771966934E-1,-7.929587364E-1,9.742558681E-1
3.933368870E1,3.013097048E-1,-4.793052673E-1,-8.697955608E-1,1.037817612E0
3.933870703E1,3.460770547E-1,-4.808912277E-1,-9.704811573E-1,1.137039743E0
3.934373458E1,3.955671191E-1,-4.772539139E-1,-1.051753998E0,1.220832141E0
3.934876213E1,4.021252990E-1,-4.156904221E-1,-1.046945333E0,1.196076007E0
3.935378969E1,3.322383463E-1,-3.776159286E-1,-1.070850611E0,1.183087968E0
3.935878547E1,2.575632334E-1,-3.629026413E-1,-9.897751808E-1,1.085215211E0
3.936381140E1,1.923426390E-1,-3.623437881E-1,-9.080722332E-1,9.964355936E-1
3.936883734E1,1.460053176E-1,-3.710441589E-1,-8.020517826E-1,8.956999401E-1
3.937382890E1,1.280420125E-1,-3.936614990E-1,-8.394141197E-1,9.359381375E-1
3.937885260E1,7.638274133E-2,-4.305458069E-1,-7.176697254E-1,8.403891062E-1
3.938387630E1,7.553696632E-4,-4.049816132E-1,-6.335411072E-1,7.519208815E-1
3.938891458E1,-3.208122402E-2,-4.414529800E-1,-6.297845840E-1,7.697652635E-1
3.939393922E1,-9.392898530E-2,-4.966983795E-1,-6.875345707E-1,8.533672834E-1
3.939896385E1,-1.033369452E-1,-4.750461578E-1,-8.114666939E-1,9.459522036E-1
3.940398849E1,-1.034107879E-1,-5.104694366E-1,-9.489411116E-1,1.082479593E0
3.940901312E1,-1.131640896E-1,-4.736833572E-1,-9.519354105E-1,1.069281562E0
3.941407542E1,-7.966020703E-2,-4.174470901E-1,-9.351834059E-1,1.027217516E0
3.941910156E1,-5.097594485E-2,-4.180688858E-1,-8.994601965E-1,9.931811443E-1
3.942412771E1,-6.026352197E-2,-3.847036362E-1,-8.923319578E-1,9.735938079E-1
3.942914896E1,-6.927272677E-2,-3.461093903E-1,-9.184664488E-1,9.839568274E-1
3.943417479E1,-7.814065367E-2,-4.123058319E-1,-9.203518629E-1,1.011508582E0
3.943923208E1,-1.250313818E-1,-3.919305801E-1,-8.786243200E-1,9.701665434E-1
3.944426104E1,-1.287985742E-1,-4.283695221E-1,-8.466660976E-1,9.575661863E-1
3.944929000E1,-1.181924492E-1,-4.260301590E-1,-8.909339905E-1,9.946026980E-1
3.945427620E1,-1.603123844E-1,-4.469718933E-1,-8.732883930E-1,9.940405180E-1
3.945930229E1,-1.353619099E-1,-5.057973862E-1,-9.647834301E-1,1.097707115E0
3.946431234E1,-1.151697040E-1,-5.592489243E-1,-9.842321873E-1,1.137864851E0
3.946933698E1,-6.157599017E-2,-5.451850891E-1,-1.012900829E0,1.151948989E0
3.947436161E1,-1.284138486E-2,-5.592803955E-1,-1.074949026E0,1.211806449E0
3.947936766E1,4.542379454E-2,-5.871105194E-1,-1.122727394E0,1.267785031E0
3.948439094E1,7.039579004E-2,-6.335144043E-1,-1.155905247E0,1.320004927E0
3.948942818E1,3.323493153E-2,-6.745157242E-1,-1.284700990E0,1.451389905E0
3.949445286E1,3.434848785E-2,-6.670227051E-1,-1.294113278E0,1.456306384E0
3.949947755E1,4.997899756E-2,-6.541681290E-1,-1.332426906E0,1.485192008E0
3.950450083E1,7.053167373E-2,-6.503009796E-1,-1.351857901E0,1.501794215E0
3.950952542E1,8.171208203E-2,-6.410913467E-1,-1.385772824E0,1.529065499E0
3.951455000E1,1.505545080E-1,-5.595626831E-1,-1.453509688E0,1.564757959E0
3.951957458E1,1.671684980E-1,-5.014905930E-1,-1.459178925E0,1.551979786E0
3.952461177E1,1.604188979E-1,-4.047002792E-1,-1.517467022E0,1.578677517E0
3.952963698E1,1.017719433E-1,-3.074455261E-1,-1.518754244E0,1.552898816E0
3.953466219E1,-3.962073475E-3,-1.619586945E-1,-1.567908883E0,1.576256509E0
3.953968740E1,-1.091312170E-1,-7.825946808E-2,-1.579148412E0,1.584848218E0
3.954472885E1,-1.900761425E-1,1.544475555E-2,-1.719793320E0,1.730334229E0
3.954975490E1,-2.566984892E-1,1.000661850E-1,-1.708204508E0,1.730280323E0
3.955478094E1,-3.234876394E-1,1.755838394E-1,-1.687944412E0,1.727608253E0
3.955982422E1,-3.665805757E-1,2.324151993E-1,-1.682822943E0,1.737898501E0
3.956485146E1,-2.953398228E-1,3.758068085E-1,-1.755426407E0,1.819334559E0
3.956986823E1,-1.673555076E-1,4.286718369E-1,-1.776506305E0,1.835140883E0
3.957489443E1,-2.550718933E-2,4.723958969E-1,-1.832067490E0,1.892162727E0
3.957992510E1,5.385398120E-2,5.022001266E-1,-1.774086595E0,1.844583547E0
3.958495172E1,8.537660539E-2,5.611333847E-1,-1.827744842E0,1.913847185E0
3.958997833E1,4.532068968E-2,5.821781158E-1,-1.882964969E0,1.971431560E0
3.959500495E1,2.932307124E-2,5.940475464E-1,-1.868064761E0,1.960463793E0
3.960003114E1,2.285411954E-2,6.636762619E-1,-1.883623242E0,1.997254368E0
3.960505776E1,4.010278732E-2,6.713981628E-1,-1.891335011E0,2.007369385E0
3.961008849E1,9.463533759E-3,7.081289291E-1,-1.905474663E0,2.032823118E0
3.961511547E1,-1.645889878E-2,7.116327286E-1,-1.926171780E0,2.053492089E0
3.962014245E1,-1.190612167E-1,6.962690353E-1,-2.005988359E0,2.126724110E0
3.962516943E1,-1.739507765E-1,7.289876938E-1,-2.207177639E0,2.330947245E0
3.963018667E1,-2.673843503E-1,7.188310623E-1,-2.328904152E0,2.451939444E0
3.963521312E1,-2.988066673E-1,7.662582397E-1,-2.347141504E0,2.487068627E0
3.964023865E1,-2.444491684E-1,6.846532822E-1,-2.357959747E0,2.467484485E0
3.964526500E1,-9.948034585E-2,7.180557251E-1,-2.241796255E0,2.356088032E0
3.965029068E1,-5.525878072E-2,6.941299438E-1,-2.089586496E0,2.202553436E0
3.965531698E1,-3.020547330E-2,7.038021088E-1,-1.944044828E0,2.067742748E0
3.966034036E1,9.998700023E-2,6.896314621E-1,-1.833569527E0,1.961521390E0
3.966536635E1,1.582893133E-1,6.325206757E-1,-1.815004468E0,1.928569193E0
3.967039234E1,2.309191823E-1,5.707693100E-1,-1.787921786E0,1.890969484E0
3.967541833E1,2.367648035E-1,5.617666245E-1,-1.800210595E0,1.900630816E0
3.968044573E1,1.710780263E-1,5.528278351E-1,-1.856597543E0,1.944695540E0
3.968547177E1,1.387522519E-1,5.295886993E-1,-1.971342564E0,2.045949139E0
3.969049906E1,1.351105273E-1,5.207500458E-1,-2.063206434E0,2.132195173E0
3.969552526E1,7.886032760E-2,5.406179428E-1,-2.146831989E0,2.215259421E0
3.970055088E1,8.125573397E-3,5.604467392E-1,-2.188700914E0,2.259331376E0
3.970557703E1,-4.365584254E-2,5.180559158E-1,-2.313199520E0,2.370902736E0
3.971060411E1,-8.131232858E-2,4.804372787E-1,-2.281553507E0,2.333006232E0
3.971563031E1,-1.239742637E-1,4.953937531E-1,-2.266193628E0,2.323019188E0
3.972065177E1,-1.336149871E-1,4.671964645E-1,-2.310060024E0,2.360614923E0
3.972567750E1,-1.150084734E-1,4.819726944E-1,-2.288754463E0,2.341777449E0
3.973070323E1,-7.775571942E-2,4.392242432E-1,-2.255030155E0,2.298722447E0
3.973573469E1,-6.958740950E-2,3.916320801E-1,-2.270965338E0,2.305537174E0
3.974076078E1,-9.077608585E-3,3.487615585E-1,-2.259997368E0,2.286767398E0
3.974578687E1,1.782998443E-2,2.819137573E-1,-2.313013554E0,2.330198484E0
3.975081297E1,5.411243439E-2,2.772035599E-1,-2.338963509E0,2.355954215E0
3.975583734E1,-6.299316883E-4,2.341146469E-1,-2.323582172E0,2.335346693E0
3.976086333E1,-7.580846548E-3,2.483558655E-1,-2.386279583E0,2.399180767E0
3.976589130E1,3.320741653E-2,2.624626160E-1,-2.378759384E0,2.393425488E0
3.977091750E1,1.173636317E-2,2.381629944E-1,-2.435174465E0,2.446821209E0
3.977594370E1,9.418219328E-3,2.998647690E-1,-2.454799891E0,2.473064917E0
3.978096635E1,-2.474904060E-3,2.944335938E-1,-2.389748096E0,2.407819186E0
3.978599229E1,-2.398660779E-2,3.176164627E-1,-2.325954437E0,2.347662586E0
3.979101979E1,-4.086503386E-2,3.502483368E-1,-2.287326813E0,2.314348244E0
3.979604588E1,-7.193470001E-2,2.919063568E-1,-2.249816418E0,2.269814494E0
3.980106870E1,-6.471899152E-2,3.626995087E-1,-2.213319302E0,2.243774011E0
3.980609448E1,-7.192054391E-2,3.616075516E-1,-2.173011780E0,2.204067327E0
3.981112026E1,-2.651384473E-2,3.748064041E-1,-2.148076057E0,2.180691077E0
3.981615026E1,-3.366920352E-2,3.592491150E-1,-2.147967815E0,2.178063194E0
3.982117630E1,-2.170860767E-2,3.914861679E-1,-2.143983603E0,2.179540862E0
3.982619812E1,-5.271375179E-2,3.662528992E-1,-2.150479317E0,2.182081854E0
3.983122375E1,-4.531899095E-2,3.744859695E-1,-2.172302008E0,2.204810551E0
3.983624937E1,-7.140648365E-2,3.252677917E-1,-2.156973839E0,2.182529304E0
3.984127562E1,-5.930092931E-2,3.191061020E-1,-2.161881447E0,2.186109946E0
3.984630125E1,-9.997123480E-2,3.033409119E-1,-2.201392412E0,2.224441168E0
3.985132687E1,-1.215059757E-1,2.684192657E-1,-2.194323063E0,2.214015878E0
3.985635250E1,-1.814067364E-1,2.574129105E-1,-2.183732510E0,2.206322162E0
3.986138068E1,-1.792954504E-1,2.224760056E-1,-2.155188560E0,2.174046955E0
3.986640646E1,-2.109152377E-1,1.779909134E-1,-2.094386816E0,2.112491926E0
3.987143224E1,-2.236688435E-1,1.670217514E-1,-2.053933382E0,2.072816045E0
3.987645771E1,-2.269936204E-1,1.656332016E-1,-2.024080276E0,2.043492458E0
3.988148344E1,-2.544890046E-1,1.690340042E-1,-2.066982508E0,2.089438641E0
3.988650917E1,-2.727059722E-1,1.963539124E-1,-1.991245389E0,2.019401299E0
3.989150573E1,-2.336832285E-1,2.284564972E-1,-1.954617858E0,1.981749528E0
3.989652948E1,-1.806803048E-1,2.653198242E-1,-1.828347087E0,1.856311680E0
3.990155323E1,-1.470878124E-1,2.686948776E-1,-1.760752678E0,1.787199417E0
3.990657698E1,-1.136409640E-1,2.625494003E-1,-1.770951033E0,1.793910259E0
3.991164047E1,-1.521317363E-1,3.425474167E-1,-1.815956116E0,1.854232837E0
3.991666625E1,-1.619859934E-1,3.316593170E-1,-1.847443819E0,1.883954890E0
3.992169365E1,-1.478149891E-1,3.495674133E-1,-1.837099791E0,1.875895063E0
3.992671958E1,-1.719699800E-1,3.579864502E-1,-1.803938031E0,1.847138434E0
3.993174604E1,-1.579876542E-1,3.282403946E-1,-1.805443883E0,1.841827753E0
3.993677203E1,-9.151667356E-2,2.986497879E-1,-1.827274561E0,1.853779738E0
3.994179802E1,-6.349086761E-2,2.740125656E-1,-1.854955196E0,1.876159044E0
3.994682401E1,1.710519195E-2,2.399921417E-1,-1.831192374E0,1.846931056E0
3.995182052E1,2.128869295E-2,2.253160477E-1,-1.832529306E0,1.846451783E0
3.995684500E1,6.382164359E-2,1.917152405E-1,-1.802123189E0,1.813415541E0
3.996186948E1,4.422613978E-2,1.679286957E-1,-1.801904082E0,1.810252557E0
3.996691057E1,5.827519298E-2,1.157093048E-1,-1.736446023E0,1.741272360E0
3.997193620E1,2.925398946E-2,1.116209030E-1,-1.657977581E0,1.661988171E0
3.997696073E1,3.862237930E-2,1.651935577E-1,-1.643156648E0,1.651891149E0
3.998198625E1,1.469457150E-2,1.615982056E-1,-1.505259991E0,1.513980697E0
3.998701177E1,1.953044534E-2,1.630859375E-1,-1.392525792E0,1.402179212E0
3.999202328E1,-1.848903298E-2,1.840028763E-1,-1.313978553E0,1.326928235E0
3.999704781E1,-8.022940159E-2,1.860837936E-1,-1.231594324E0,1.248154043E0
4.000207234E1,-7.967898250E-2,1.502199173E-1,-1.188176632E0,1.200282664E0
4.000709687E1,-1.221883893E-1,1.386337280E-1,-1.174012423E0,1.188467282E0
4.001216005E1,-1.838323474E-1,1.130647659E-1,-1.198991299E0,1.218260279E0
4.001718656E1,-2.023726106E-1,1.022005081E-1,-1.267232418E0,1.287352950E0
4.002221146E1,-1.686045825E-1,2.953815460E-2,-1.374483705E0,1.385101246E0
4.002723776E1,-9.207534790E-2,-3.783988953E-2,-1.511532307E0,1.514806800E0
4.003226406E1,-3.490978479E-2,-3.293991089E-2,-1.692976832E0,1.693657074E0
4.003729036E1,-4.490664601E-2,-2.272987366E-2,-1.766232014E0,1.766949003E0
4.004231578E1,-8.377206326E-2,-5.977439880E-2,-1.870258331E0,1.873087548E0
4.004734203E1,-7.438698411E-2,-8.595466614E-2,-1.891201258E0,1.894614427E0
4.005236828E1,-4.183158278E-2,-5.950832367E-2,-1.808486938E0,1.809949206E0
4.005739354E1,-4.277271032E-2,-5.624103546E-2,-1.742720246E0,1.744152062E0
4.006241974E1,-7.251572609E-2,-4.743289948E-2,-1.602578402E0,1.604919295E0
4.006743547E1,-1.215369403E-1,-1.879692078E-2,-1.430448294E0,1.435725208E0
4.007246062E1,-1.323644221E-1,9.660720825E-4,-1.250153303E0,1.257141422E0
4.007748578E1,-1.623809040E-1,-1.208591461E-2,-1.085111737E0,1.097260730E0
4.008251094E1,-1.973241568E-1,-5.798339844E-4,-1.001794338E0,1.021043121E0
4.008754995E1,-1.653973460E-1,-5.062866211E-2,-9.617862105E-1,9.772165872E-1
4.009257578E1,-1.431754529E-1,-7.613468170E-2,-1.022017241E0,1.034801884E0
4.009760161E1,-1.355460584E-1,-1.057577133E-1,-1.139718771E0,1.152612817E0
4.010265333E1,-1.713342369E-1,-1.489391327E-1,-1.229371548E0,1.250157065E0
4.010768083E1,-1.452473402E-1,-1.961441040E-1,-1.381523013E0,1.402916653E0
4.011270833E1,-1.390140951E-1,-1.994180679E-1,-1.386275291E0,1.407427322E0
4.011775281E1,-1.334674358E-1,-2.256174088E-1,-1.344807148E0,1.370117892E0
4.012278146E1,-1.525461674E-1,-2.700281143E-1,-1.356972933E0,1.391963023E0
4.012781010E1,-1.818547845E-1,-2.704286575E-1,-1.398772836E0,1.436234057E0
4.013283875E1,-2.117572129E-1,-3.129901886E-1,-1.407725692E0,1.457564955E0
4.013781000E1,-2.421460152E-1,-2.926969528E-1,-1.277554870E0,1.332836315E0
4.014283578E1,-1.250281036E-1,-3.144655228E-1,-1.186871052E0,1.234173199E0
4.014786156E1,-7.087561488E-2,-3.593311310E-1,-1.125098467E0,1.183211213E0
4.015285292E1,2.104067802E-2,-4.321880341E-1,-1.053367376E0,1.138776552E0
4.015787646E1,1.361337900E-1,-4.944353104E-1,-9.536689520E-1,1.082812613E0
4.016290000E1,2.697524130E-1,-5.319118500E-1,-9.209910631E-1,1.097233393E0
4.016792354E1,3.742529154E-1,-5.590629578E-1,-9.358628988E-1,1.152586657E0
4.017294708E1,3.638350368E-1,-5.519599915E-1,-9.409166574E-1,1.149939095E0
4.017800172E1,3.007993996E-1,-4.817028046E-1,-9.990887642E-1,1.149215484E0
4.018302651E1,2.570778728E-1,-4.586668015E-1,-1.061524391E0,1.184608923E0
4.018807198E1,2.036872804E-1,-4.729423523E-1,-1.038212776E0,1.158899800E0
4.019309890E1,1.407373846E-1,-4.577064514E-1,-1.076955318E0,1.178615699E0
4.019812312E1,1.067183763E-1,-4.415569305E-1,-1.149324179E0,1.235842790E0
4.020314979E1,4.413370788E-2,-4.578380585E-1,-1.212551594E0,1.296859607E0
4.020817646E1,1.977141201E-2,-5.159835815E-1,-1.199881077E0,1.306271244E0
4.021316667E1,1.457971334E-2,-5.395641327E-1,-1.096614838E0,1.222254525E0
4.021819088E1,1.905450225E-2,-6.140861511E-1,-8.756291866E-1,1.069668803E0
4.022321510E1,4.285079986E-2,-6.487817764E-1,-6.656405926E-1,9.305006088E-1
4.022824682E1,9.532516450E-2,-7.107391357E-1,-5.906608105E-1,9.290410104E-1
4.023327156E1,1.384548396E-1,-6.901092529E-1,-6.404449940E-1,9.516250910E-1
4.023829630E1,1.819429100E-1,-6.109180450E-1,-8.817069530E-1,1.087994132E0
4.024332104E1,1.588764489E-1,-5.592012405E-1,-1.056171179E0,1.205589197E0
4.024836838E1,1.410623044E-1,-5.106868744E-1,-1.068888426E0,1.192988736E0
4.025339422E1,6.625208259E-2,-5.088529587E-1,-9.286258221E-1,1.060974359E0
4.025844448E1,5.368237197E-2,-5.486412048E-1,-6.646599770E-1,8.635171415E-1
4.026347286E1,3.142303973E-2,-5.876994133E-1,-3.808674812E-1,7.010264232E-1
4.026849469E1,8.556575328E-2,-6.501488686E-1,-2.299466133E-1,6.949032266E-1
4.027352240E1,9.643139690E-2,-7.121586800E-1,-1.924624443E-1,7.439830591E-1
4.027853818E1,7.854711264E-2,-7.358555794E-1,-3.250494003E-1,8.082760638E-1
4.028356469E1,5.101651698E-2,-7.830901146E-1,-4.991264343E-1,9.300322629E-1
4.028859120E1,3.320953250E-2,-8.441176414E-1,-5.906128883E-1,1.030757512E0
4.029361771E1,2.531669103E-2,-9.427523613E-1,-6.141352654E-1,1.125426619E0
4.029868146E1,-2.524135262E-2,-9.686560631E-1,-6.468033791E-1,1.165026311E0
4.030370979E1,-3.714573756E-2,-1.004003048E0,-8.403921127E-1,1.309832367E0
4.030873812E1,1.841723919E-2,-1.019574642E0,-9.229779243E-1,1.375412627E0
4.031376646E1,4.568100721E-2,-1.091785908E0,-8.901314735E-1,1.409403158E0
4.031879479E1,9.266598523E-2,-1.182257652E0,-7.277278900E-1,1.391369118E0
4.032380385E1,1.783702970E-1,-1.257781029E0,-5.120177269E-1,1.369668293E0
4.032883135E1,2.642766833E-1,-1.308686733E0,-3.867340088E-1,1.389987887E0
4.033386703E1,3.121138215E-1,-1.344692230E0,-3.994288445E-1,1.437064937E0
4.033889536E1,3.457217813E-1,-1.351561546E0,-5.928649902E-1,1.515826857E0
4.034392370E1,3.222010136E-1,-1.300484657E0,-8.140139580E-1,1.567702957E0
4.034895203E1,2.941038311E-1,-1.320580482E0,-9.051413536E-1,1.627793213E0
4.035398036E1,1.898123771E-1,-1.282737255E0,-9.332375526E-1,1.597615703E0
4.035898713E1,9.569877386E-2,-1.235358238E0,-9.025349617E-1,1.532917998E0
4.036401458E1,3.085720539E-2,-1.139876842E0,-9.092025757E-1,1.458396622E0
4.036904203E1,-4.314774647E-2,-1.087372780E0,-1.005634785E0,1.481736350E0
4.037404146E1,-1.075412929E-1,-1.049073219E0,-1.287430763E0,1.664210840E0
4.037906693E1,-8.622634411E-2,-1.152792931E0,-1.239406586E0,1.694843712E0
4.038406057E1,-9.930987656E-2,-1.236202240E0,-9.666075706E-1,1.572383104E0
4.038908286E1,-8.976384997E-2,-1.322810173E0,-7.041006088E-1,1.501213499E0
4.039410516E1,-1.197363958E-1,-1.351275444E0,-5.608806610E-1,1.467947290E0
4.039915354E1,-1.605696678E-1,-1.355318069E0,-5.748662949E-1,1.480925705E0
4.040417750E1,-2.695875466E-1,-1.331061363E0,-5.440697670E-1,1.463015280E0
4.040921932E1,-3.989735544E-1,-1.321308136E0,-4.880218506E-1,1.463967354E0
4.041424521E1,-4.527356625E-1,-1.293107033E0,-5.592713356E-1,1.479824248E0
4.041927109E1,-4.165007770E-1,-1.265272141E0,-6.767692566E-1,1.494122858E0
4.042426271E1,-3.906731606E-1,-1.147120476E0,-9.503192902E-1,1.540005733E0
4.042928635E1,-3.320679069E-1,-1.033175945E0,-1.227954865E0,1.638778441E0
4.043431000E1,-3.887443542E-1,-1.076601982E0,-1.423454762E0,1.826586286E0
4.043933365E1,-4.598982930E-1,-1.100332260E0,-1.441198826E0,1.870639350E0
4.044435729E1,-4.923861623E-1,-1.128612041E0,-1.496343613E0,1.937847641E0
4.044942552E1,-5.150125623E-1,-1.117702961E0,-1.780782223E0,2.164643891E0
4.045445094E1,-5.418204665E-1,-1.125519276E0,-1.959026814E0,2.323391726E0
4.045947635E1,-6.018308401E-1,-1.189233303E0,-1.764328957E0,2.211183592E0
4.046446245E1,-5.230178237E-1,-1.151484489E0,-1.340116501E0,1.842654718E0
4.046948536E1,-3.919250667E-1,-1.073983192E0,-1.017128468E0,1.530227263E0
4.047450828E1,-2.803786397E-1,-9.096183777E-1,-8.615875244E-1,1.283881161E0
4.047957510E1,-2.026794255E-1,-7.295084000E-1,-6.873445511E-1,1.022596688E0
4.048460120E1,-5.803811550E-2,-6.111359596E-1,-3.836321831E-1,7.238986365E-1
4.048962729E1,8.137422800E-2,-5.873689651E-1,-2.752828598E-2,5.936176149E-1
4.049470526E1,3.969114125E-1,-5.138993263E-1,1.508431435E-1,6.666219625E-1
4.049973479E1,6.732659340E-1,-4.207935333E-1,3.797626495E-2,7.948562211E-1
4.050476432E1,9.248186946E-1,-3.978433609E-1,9.732246399E-2,1.011454705E0
4.050979385E1,1.118368506E0,-4.352245331E-1,1.038146019E-1,1.204552191E0
4.051475990E1,1.206751466E0,-5.198769569E-1,-8.495378494E-2,1.316714964E0
4.051978625E1,1.156605005E0,-5.687689781E-1,-3.503403664E-1,1.335654020E0
4.052481234E1,9.353564978E-1,-6.260175705E-1,-5.480451584E-1,1.251855931E0
4.052983865E1,6.728791595E-1,-6.919050217E-1,-8.166542053E-1,1.264287552E0
4.053486495E1,4.789906144E-1,-6.995844841E-1,-1.089032650E0,1.380160343E0
4.053992521E1,3.437342048E-1,-7.820849419E-1,-9.831676483E-1,1.302470224E0
4.054495380E1,2.480445206E-1,-9.119648933E-1,-6.421298981E-1,1.142600918E0
4.054998240E1,2.108798325E-1,-1.075080395E0,-4.103889465E-1,1.169909076E0
4.055501099E1,2.368018925E-1,-1.209707737E0,-4.740438461E-1,1.320676158E0
4.055999240E1,2.682432532E-1,-1.321645975E0,-4.830751419E-1,1.432502747E0
4.056501859E1,3.101984560E-1,-1.552545786E0,-2.760810852E-1,1.607122355E0
4.057006516E1,3.384772539E-1,-1.787769556E0,-8.749389648E-2,1.821631691E0
4.057509338E1,3.720153868E-1,-1.951575756E0,1.139736176E-2,1.986749425E0
4.058012161E1,3.772181273E-1,-2.129568100E0,8.732795715E-2,2.164481458E0
4.058512396E1,3.780200779E-1,-2.322049618E0,1.500406265E-1,2.357398099E0
4.059015047E1,3.120859861E-1,-2.480176926E0,-1.139068604E-2,2.499760987E0
4.059517510E1,2.226568758E-1,-2.603969574E0,-1.671400070E-1,2.618810686E0
4.060020140E1,1.382362843E-1,-2.678836107E0,-1.690721512E-1,2.687723489E0
4.060522771E1,3.015512228E-2,-2.786354542E0,-1.129102707E-1,2.788804348E0
4.061025995E1,-7.734054327E-2,-2.788022995E0,3.006839752E-2,2.789257587E0
4.061528661E1,-1.270230114E-1,-2.670052528E0,-1.704626083E-1,2.678501979E0
4.062031328E1,-1.954004467E-1,-2.628868103E0,-6.183595657E-1,2.707673797E0
4.062533995E1,-2.582306266E-1,-2.525383711E0,-8.065404892E-1,2.663597850E0
4.063032135E1,-2.868965268E-1,-2.489633083E0,-7.302160263E-1,2.610325258E0
4.063534562E1,-1.763426065E-1,-2.453225613E0,-6.102638245E-1,2.534133887E0
4.064036990E1,-2.247154713E-2,-2.469701290E0,-5.754919052E-1,2.535965372E0
4.064539417E1,1.551504731E-1,-2.462303638E0,-6.832408905E-1,2.560044725E0
4.065041844E1,2.655422390E-1,-2.454853058E0,-8.712158203E-1,2.618364608E0
4.065550729E1,2.614291310E-1,-2.445880651E0,-9.581232071E-1,2.639825265E0
4.066053417E1,2.529106438E-1,-2.422981977E0,-9.864416122E-1,2.628283187E0
4.066556104E1,2.778118253E-1,-2.432562590E0,-7.414970398E-1,2.558194289E0
4.067063594E1,3.022942245E-1,-2.459385633E0,-3.768901825E-1,2.506392966E0
4.067566594E1,3.406273723E-1,-2.486043453E0,-1.169624329E-1,2.511995077E0
4.068069594E1,2.588701844E-1,-2.425968409E0,-2.391042709E-1,2.451429653E0
4.068572594E1,8.637142181E-2,-2.231352568E0,-6.281042099E-1,2.319678685E0
4.069075594E1,-1.523336172E-1,-2.007290125E0,-7.624368668E-1,2.152609847E0
4.069589125E1,-3.469332457E-1,-1.780599356E0,-6.859436035E-1,1.939436869E0
4.070092547E1,-3.349849284E-1,-1.655713558E0,-6.369380951E-1,1.805351053E0
4.070595969E1,-2.267372310E-1,-1.520740271E0,-6.301918030E-1,1.661686628E0
4.071099390E1,-9.851035476E-2,-1.452110529E0,-5.652446747E-1,1.561355443E0
4.071602812E1,-3.131812811E-2,-1.378024101E0,-3.465166092E-1,1.421268803E0
4.072106234E1,7.058086991E-2,-1.308407784E0,-4.584407806E-2,1.311111844E0
4.072585359E1,2.205536067E-1,-1.243292570E0,2.037334442E-1,1.279033864E0
4.073087953E1,4.381658137E-1,-1.164220810E0,5.822467804E-1,1.373466668E0
4.073586745E1,6.660023928E-1,-1.067498922E0,1.315431595E0,1.820294871E0
4.074088963E1,9.190319777E-1,-9.623560309E-1,2.048810959E0,2.443025839E0
4.074594437E1,1.049470067E0,-8.259223104E-1,2.768135071E0,3.073451944E0
4.075096984E1,1.148868918E0,-7.747201324E-1,3.942248344E0,4.178685569E0
4.075603266E1,1.337144256E0,-8.799390793E-1,5.326507568E0,5.561827975E0
4.076106161E1,1.393629432E0,-1.100471854E0,6.346959114E0,6.590685191E0
4.076606792E1,1.432642102E0,-1.258966565E0,6.635679245E0,6.904324677E0
4.077109437E1,1.415151238E0,-1.353718042E0,6.231567383E0,6.532046970E0
4.077612083E1,1.273928404E0,-1.445374846E0,5.713943481E0,6.030020907E0
4.078114729E1,9.994162321E-1,-1.494076967E0,5.254944801E0,5.553876453E0
4.078614380E1,8.401033878E-1,-1.504014015E0,4.993141174E0,5.281977910E0
4.079116875E1,6.813114285E-1,-1.392861009E0,5.038207054E0,5.271411326E0
4.079621927E1,5.418084264E-1,-1.280959487E0,4.964208603E0,5.155364258E0
4.080124667E1,3.303298354E-1,-1.260676742E0,4.843142509E0,5.015421519E0
4.080628844E1,6.179897487E-2,-1.356190443E0,4.852006912E0,5.038357144E0
4.081131734E1,-9.160614014E-2,-1.410882711E0,4.679818153E0,4.888729862E0
4.081635240E1,-2.303407937E-1,-1.592495322E0,4.498929024E0,4.778018480E0
4.082138187E1,-3.214645088E-1,-1.757713079E0,4.285397530E0,4.643008366E0
4.082641135E1,-3.463402689E-1,-2.026004791E0,4.364409447E0,4.824180429E0
4.083144083E1,-3.914409280E-1,-2.273163557E0,4.692504883E0,5.228776208E0
4.083647031E1,-7.307145000E-1,-2.384858847E0,5.192801476E0,5.760788363E0
4.084144557E1,-1.562789202E0,-2.198893070E0,5.444166183E0,6.075885636E0
4.084647276E1,-1.711928248E0,-1.809375167E0,4.652949333E0,5.277733824E0
4.085146828E1,-6.304068565E-1,-1.815065980E0,3.312982559E0,3.829847354E0
4.085649234E1,1.738766134E-1,-2.219470263E0,2.400527000E0,3.273959560E0
4.086151640E1,3.330484629E-1,-2.552699327E0,1.757214546E0,3.116889170E0
4.086655140E1,1.769734621E-1,-2.856871843E0,1.301419258E0,3.144316845E0
4.087157620E1,-1.218321472E-1,-2.926504850E0,1.166813850E0,3.152892049E0
4.087661656E1,-5.115841031E-1,-2.694672823E0,1.008666992E0,2.922394398E0
4.088164286E1,-9.015895128E-1,-2.319715500E0,8.556966782E-1,2.631759954E0
4.088667932E1,-1.104802847E0,-2.007672310E0,6.409320831E-1,2.379523349E0
4.089170672E1,-1.035048366E0,-1.802132845E0,2.735538483E-1,2.096148759E0
4.089673411E1,-7.831366658E-1,-1.717036486E0,-1.840734482E-1,1.896154098E0
4.090175667E1,-4.444243610E-1,-1.823909163E0,-4.831533432E-1,1.938451651E0
4.090678370E1,-2.379635721E-2,-2.026328802E0,-5.999460220E-1,2.113411912E0
4.091181073E1,3.443748951E-1,-2.233393669E0,-5.346832275E-1,2.322181626E0
4.091683781E1,6.502805352E-1,-2.435217381E0,-2.875747681E-1,2.536897261E0
4.092186484E1,7.356660366E-1,-2.536460400E0,1.220026016E-1,2.643807957E0
4.092689005E1,7.340074182E-1,-2.547180176E0,5.694665909E-1,2.711307053E0
4.093191693E1,7.019934654E-1,-2.553852558E0,8.729982376E-1,2.788742304E0
4.093694172E1,5.774324536E-1,-2.408615351E0,1.204900742E0,2.754385947E0
4.094196838E1,3.415118456E-1,-2.193493128E0,1.507687569E0,2.683498509E0
4.094699505E1,1.955537498E-1,-1.918357968E0,1.661798477E0,2.545567273E0
4.095202172E1,7.705055177E-2,-1.611932993E0,1.385234833E0,2.126767571E0
4.095701260E1,-8.112032712E-2,-1.340559125E0,7.311820984E-1,1.529152228E0
4.096203745E1,-3.072746992E-1,-1.054977417E0,-1.467199326E-1,1.108567467E0
4.096706229E1,-5.192809105E-1,-8.071023822E-1,-6.455240250E-1,1.156619292E0
4.097208713E1,-8.598782420E-1,-5.961759090E-1,-8.134326935E-1,1.325326017E0
4.097711198E1,-1.060845375E0,-4.361981153E-1,-6.699380875E-1,1.328336835E0
4.098213995E1,-1.136865020E0,-3.465766907E-1,-5.071773529E-1,1.292209868E0
4.098716495E1,-1.164753914E0,-2.990927696E-1,-2.391414642E-1,1.226090048E0
4.099218995E1,-1.168517590E0,-4.617232084E-1,1.435365677E-1,1.264604454E0
4.099722146E1,-1.138377905E0,-6.770036221E-1,5.354280472E-1,1.428608187E0
4.100224687E1,-9.407613873E-1,-9.410991669E-1,9.746437073E-1,1.649433232E0
4.100727229E1,-7.338691950E-1,-1.192390323E0,1.164516449E0,1.821114284E0
4.101232812E1,-4.748036861E-1,-1.421587706E0,1.095735550E0,1.856606189E0
4.101735557E1,-2.021049112E-1,-1.633875012E0,8.307199478E-1,1.844041644E0
4.102237990E1,8.923317492E-2,-1.881247640E0,4.749975204E-1,1.942338252E0
4.102740703E1,2.369432747E-1,-1.966978908E0,2.726612091E-1,1.999873064E0
4.103243417E1,3.656165004E-1,-1.957722664E0,1.279382706E-1,1.995675739E0
4.103743052E1,5.086516738E-1,-1.944157243E0,1.268787384E-1,2.013596813E0
4.104245562E1,5.652762651E-1,-1.901965380E0,2.263174057E-1,1.997055114E0
4.104748073E1,5.734339952E-1,-1.807416797E0,5.121831894E-1,1.964157235E0
4.105251547E1,5.238065124E-1,-1.728144765E0,6.732864380E-1,1.927218778E0
4.105754120E1,3.780418038E-1,-1.655113220E0,7.766380310E-1,1.866944565E0
4.106256693E1,9.856049716E-2,-1.516995788E0,9.083194733E-1,1.770885275E0
4.106759266E1,-1.854672432E-1,-1.443207026E0,1.006072998E0,1.769018794E0
4.107262995E1,-3.971966803E-1,-1.414605021E0,1.060354233E0,1.811966796E0
4.107765625E1,-5.365884900E-1,-1.302139401E0,1.128574371E0,1.804764345E0
4.108268255E1,-5.030791163E-1,-1.349732518E0,1.119854927E0,1.824538716E0
4.108769213E1,-3.451198936E-1,-1.385001302E0,9.099388123E-1,1.692727086E0
4.109271734E1,-2.061388791E-1,-1.383821964E0,6.760616302E-1,1.553871228E0
4.109777068E1,-9.540255368E-2,-1.374312282E0,4.614019394E-1,1.452834349E0
4.110279875E1,1.033209264E-3,-1.313267350E0,1.368341446E-1,1.320377137E0
4.110782682E1,6.406448036E-2,-1.209867954E0,-1.109113693E-1,1.216628972E0
4.111288495E1,4.126325995E-2,-1.111646175E0,-3.105611801E-1,1.154949403E0
4.111791500E1,-1.051065028E-1,-9.898644686E-1,-3.091287613E-1,1.042324150E0
4.112295224E1,-2.650519609E-1,-9.165053368E-1,-2.264680862E-1,9.805724697E-1
4.112798302E1,-3.813219070E-1,-7.818349600E-1,3.769207001E-2,8.706853585E-1
4.113301380E1,-3.156792819E-1,-7.343850136E-1,2.869977951E-1,8.493188398E-1
4.113804458E1,-1.888404638E-1,-7.737944126E-1,2.680368423E-1,8.403941115E-1
4.114301422E1,-1.011536345E-1,-8.278895617E-1,2.777147293E-1,8.790669229E-1
4.114804193E1,-1.098423898E-1,-8.585388660E-1,4.307460785E-1,9.667970414E-1
4.115305963E1,-8.603230119E-2,-8.373608589E-1,2.916946411E-1,8.908762701E-1
4.115808635E1,-4.890357703E-2,-8.218048811E-1,1.396369934E-2,8.233770748E-1
4.116310724E1,-1.223234609E-1,-8.400503397E-1,-2.778310776E-1,8.932176162E-1
4.116813333E1,-2.342404127E-1,-8.250019550E-1,-3.684406281E-1,9.334052138E-1
4.117315943E1,-2.837103307E-1,-8.098769188E-1,-3.250093460E-1,9.176182487E-1
4.117818552E1,-2.945519388E-1,-7.563660145E-1,-2.242126465E-1,8.420936429E-1
4.118320979E1,-3.339511752E-1,-7.270963192E-1,-1.714134216E-1,8.182756296E-1
4.118823578E1,-3.729341030E-1,-7.028566599E-1,-1.187143326E-1,8.044752465E-1
4.119325740E1,-4.163462818E-1,-6.600856781E-1,1.033592224E-2,7.804896925E-1
4.119828297E1,-4.545209706E-1,-6.276583672E-1,1.582241058E-1,7.909356524E-1
4.120330854E1,-3.679229617E-1,-6.247406006E-1,2.005767822E-1,7.522626997E-1
4.120834010E1,-2.094168365E-1,-6.752628088E-1,2.044668198E-1,7.359632822E-1
4.121336609E1,-7.974295318E-2,-7.359519005E-1,9.823513031E-2,7.467491408E-1
4.121839542E1,-4.099150747E-2,-8.021688461E-1,-4.149150848E-2,8.042864581E-1
4.122342172E1,3.118176013E-2,-8.496319056E-1,-1.476459503E-1,8.629287362E-1
4.122844594E1,1.730825752E-2,-8.684941530E-1,-3.158636093E-1,9.243113595E-1
4.123347203E1,3.702822328E-2,-8.825023174E-1,-4.025573730E-1,9.706873174E-1
4.123850016E1,1.841095835E-2,-9.250376225E-1,-3.456401825E-1,9.876743907E-1
4.124352646E1,-3.384351730E-4,-9.246293306E-1,-3.270816803E-1,9.807761922E-1
4.124855276E1,-7.196054608E-2,-9.392319918E-1,-3.660573959E-1,1.010610247E0
4.125357906E1,-1.002051756E-1,-9.596202374E-1,-3.190784454E-1,1.016229862E0
4.125860469E1,-1.376140267E-1,-9.809545279E-1,-1.527633667E-1,1.002270449E0
4.126363094E1,-1.221812069E-1,-1.050757170E0,-1.546192169E-2,1.057949880E0
4.126864917E1,-8.295702934E-2,-1.183199167E0,2.076578140E-1,1.204144470E0
4.127367463E1,-5.850212276E-2,-1.301812530E0,3.156023026E-1,1.340799453E0
4.127870010E1,-8.712916076E-2,-1.473757625E0,4.376096725E-1,1.539823124E0
4.128372062E1,-1.300228536E-1,-1.546121955E0,4.492931366E-1,1.615321443E0
4.128874573E1,-2.250608802E-1,-1.634087086E0,4.942235947E-1,1.721961081E0
4.129377083E1,-3.147732913E-1,-1.752074599E0,4.288768768E-1,1.831060622E0
4.129881125E1,-3.752355576E-1,-1.842659950E0,2.533960342E-1,1.897473838E0
4.130383740E1,-4.113866091E-1,-1.982356668E0,8.270931244E-2,2.026281750E0
4.130886354E1,-4.665789008E-1,-2.127805233E0,-1.644449234E-1,2.184557876E0
4.131388698E1,-4.400829077E-1,-2.279144287E0,-4.640722275E-1,2.367178633E0
4.131891292E1,-3.789093792E-1,-2.431504250E0,-3.760919571E-1,2.489423707E0
4.132393885E1,-2.058656812E-1,-2.584521770E0,1.086540222E-1,2.594983460E0
4.132896807E1,5.011205375E-2,-2.762078762E0,8.509902954E-1,2.890635707E0
4.133399422E1,2.208259404E-1,-2.911664963E0,1.415373802E0,3.244971487E0
4.133901693E1,2.809851170E-1,-2.976383448E0,1.658465385E0,3.418818290E0
4.134404271E1,2.584736049E-1,-3.033350945E0,1.566239357E0,3.423613921E0
4.134906849E1,1.820099354E-1,-3.121280670E0,1.330351830E0,3.397845881E0
4.135409510E1,9.058690071E-2,-3.245026112E0,1.300115585E0,3.496955960E0
4.135912094E1,1.424145699E-1,-3.361600161E0,1.513546944E0,3.689371478E0
4.136414281E1,2.509187758E-1,-3.499687433E0,1.793412209E0,3.940444101E0
4.136916828E1,3.630506396E-1,-3.606662035E0,2.115735054E0,4.197159947E0
4.137419375E1,6.168757677E-1,-3.773039818E0,2.432705879E0,4.531492367E0
4.137921922E1,8.676981926E-1,-3.831148148E0,2.447854042E0,4.628453920E0
4.138424547E1,1.048566341E0,-3.929065228E0,2.467696190E0,4.756739369E0
4.138927094E1,1.212471008E0,-3.937487602E0,2.305758476E0,4.721272785E0
4.139429641E1,1.187104702E0,-3.775170803E0,1.914474487E0,4.396173874E0
4.139932187E1,1.063239694E0,-3.432086706E0,1.279879570E0,3.814156462E0
4.140435927E1,1.003831148E0,-3.113649368E0,8.136425018E-1,3.371127925E0
4.140938536E1,9.333928823E-1,-2.752181768E0,4.104413986E-1,2.934993850E0
4.141441146E1,8.627611995E-1,-2.419427395E0,2.662973404E-1,2.582421360E0
4.141943755E1,8.410658836E-1,-2.148884296E0,3.713226318E-1,2.337301015E0
4.142450922E1,7.918630838E-1,-1.854934931E0,4.716844559E-1,2.071308033E0
4.142953755E1,6.386878490E-1,-1.460147619E0,5.818090439E-1,1.696601014E0
4.143456588E1,3.761372268E-1,-9.697989821E-1,6.490335464E-1,1.226064364E0
4.143959422E1,1.476325393E-1,-4.031451941E-1,7.834005356E-1,8.933296219E-1
4.144456614E1,-9.883977473E-2,2.163733542E-1,1.161809921E0,1.185912738E0
4.144959161E1,-4.779978096E-1,8.298191428E-1,1.683419228E0,1.936745211E0
4.145461870E1,-9.810731411E-1,1.480092645E0,1.960675240E0,2.645264853E0
4.145964432E1,-1.331572294E0,2.138066292E0,1.974745750E0,3.200630098E0
4.146464521E1,-1.616099000E0,2.823452711E0,1.855139732E0,3.745023981E0
4.146966833E1,-1.811097026E0,3.431284904E0,1.707264900E0,4.238931702E0
4.147471083E1,-1.907016039E0,3.775445461E0,1.602917671E0,4.523277978E0
4.147973588E1,-1.826679468E0,3.866195917E0,1.785957336E0,4.633990975E0
4.148474713E1,-1.530997396E0,3.674662352E0,2.198612213E0,4.547635879E0
4.148977078E1,-1.077764750E0,3.362977982E0,2.424506187E0,4.283623234E0
4.149478969E1,-5.592157841E-1,2.925842762E0,2.191293716E0,3.697978679E0
4.149981286E1,-2.150816321E-1,2.372365952E0,1.810436249E0,2.991999286E0
4.150483604E1,-9.534955025E-4,1.822081685E0,1.487783432E0,2.352335460E0
4.150987031E1,1.987444758E-1,1.251465678E0,1.443281174E0,1.920605701E0
4.151489427E1,2.934704125E-1,6.418523788E-1,1.953979492E0,2.077531038E0
4.151991823E1,4.363189638E-1,1.742088348E-1,2.344898224E0,2.391499663E0
4.152494219E1,5.498000979E-1,-3.007494807E-1,2.310188293E0,2.393679249E0
4.152996614E1,6.147992015E-1,-6.687664390E-1,2.013061523E0,2.208538726E0
4.153501724E1,6.182101965E-1,-9.778736830E-1,1.535191536E0,1.922299102E0
4.154004224E1,6.609559059E-1,-1.317025661E0,1.216328621E0,1.910726201E0
4.154506724E1,6.711382866E-1,-1.608522773E0,1.142332077E0,2.083913310E0
4.155009224E1,6.486218572E-1,-1.870563745E0,1.131117821E0,2.280163714E0
4.155515667E1,6.122757196E-1,-2.098448992E0,1.096522331E0,2.445553302E0
4.156018364E1,5.860432386E-1,-2.195160627E0,8.567285538E-1,2.428201119E0
4.156519604E1,4.407710433E-1,-2.161032200E0,7.467355728E-1,2.328508814E0
4.157022156E1,1.814711690E-1,-2.006170034E0,8.763713837E-1,2.196742314E0
4.157524286E1,-2.251190245E-1,-1.649217129E0,9.966020584E-1,1.940054478E0
4.158026792E1,-5.403274894E-1,-1.224341869E0,1.045269012E0,1.698103094E0
4.158529297E1,-8.363484144E-1,-8.226110339E-1,9.029054642E-1,1.480339779E0
4.159030135E1,-1.098421097E0,-4.154230952E-1,9.427509308E-1,1.505949724E0
4.159532531E1,-1.469227195E0,-3.767871857E-2,1.183815002E0,1.887184728E0
4.160034927E1,-1.589685917E0,4.096605778E-1,1.186034203E0,2.025240784E0
4.160537323E1,-1.431841254E0,7.916942835E-1,1.145962715E0,1.997543431E0
4.161039719E1,-1.158609867E0,1.208394408E0,1.178562164E0,2.047340383E0
4.161543385E1,-9.175680876E-1,1.482216716E0,1.302981377E0,2.176386467E0
4.162045833E1,-6.900222301E-1,1.581179857E0,1.174678802E0,2.087134569E0
4.162547880E1,-3.057292104E-1,1.588672996E0,7.746973038E-1,1.793741383E0
4.163050286E1,2.575818896E-1,1.338958502E0,3.758077621E-1,1.414351361E0
4.163552693E1,7.706127763E-1,1.005163789E0,3.523731232E-2,1.267059573E0
4.164055099E1,1.209812880E0,6.453050375E-1,-3.811454773E-1,1.423143587E0
4.164558724E1,1.322377205E0,5.321102142E-1,-3.711862564E-1,1.472956886E0
4.165061193E1,1.258101463E0,4.119451046E-1,-1.125135422E-1,1.328599774E0
4.165563661E1,1.094361544E0,3.839700222E-1,9.344387054E-2,1.163525644E0
4.166066130E1,1.080129862E0,3.133533001E-1,1.733303070E-2,1.124798312E0
4.166572755E1,1.162667274E0,2.133941650E-1,-2.462100983E-2,1.182344474E0
4.167075432E1,1.299791813E0,-2.070903778E-2,9.652423859E-2,1.303535404E0
4.167578963E1,1.391364098E0,-3.992661238E-1,1.416387558E-1,1.454430826E0
4.168081729E1,1.519262075E0,-8.787698746E-1,3.881111145E-1,1.797504933E0
4.168584495E1,1.783099413E0,-1.205765247E0,3.432064056E-1,2.179702729E0
4.169087260E1,1.976798177E0,-1.628598571E0,3.132638931E-1,2.580348543E0
4.169583349E1,2.057549715E0,-2.040750265E0,2.596845627E-1,2.909571884E0
4.170085781E1,2.006126642E0,-2.391325951E0,3.471946716E-2,3.121568412E0
4.170589672E1,1.879766107E0,-2.670005322E0,-2.803030014E-1,3.277349357E0
4.171092245E1,1.520675063E0,-2.866754055E0,-6.041212082E-1,3.300862598E0
4.171594818E1,1.001604319E0,-2.971992254E0,-7.311687469E-1,3.220334906E0
4.172097390E1,4.659884572E-1,-3.014371634E0,-6.952037811E-1,3.128400531E0
4.172599172E1,3.651201725E-3,-2.984320641E0,-7.020311356E-1,3.065783869E0
4.173101703E1,-4.001783133E-1,-2.858279467E0,-7.945375443E-1,2.993525363E0
4.173607208E1,-6.257400513E-1,-2.717869520E0,-8.290967941E-1,2.909599085E0
4.174110047E1,-8.171243072E-1,-2.547750235E0,-8.300094604E-1,2.801363792E0
4.174610750E1,-9.076984525E-1,-2.367121220E0,-6.681814194E-1,2.621763864E0
4.175113385E1,-9.311935902E-1,-2.152824402E0,-6.448593140E-1,2.432615453E0
4.175616021E1,-8.355873823E-1,-1.971606970E0,-6.451559067E-1,2.236440578E0
4.176118656E1,-7.356519699E-1,-1.751863360E0,-4.250955582E-1,1.947027295E0
4.176621292E1,-6.308708191E-1,-1.622939944E0,-2.288303375E-1,1.756216210E0
4.177124568E1,-6.030611396E-1,-1.474946976E0,-3.527259827E-1,1.632043792E0
4.177627229E1,-5.806399584E-1,-1.331856489E0,-6.337518692E-1,1.585126462E0
4.178130364E1,-6.972212791E-1,-1.193711042E0,-9.521427155E-1,1.678582532E0
4.178633073E1,-8.094333410E-1,-1.021821499E0,-1.040192604E0,1.667723647E0
4.179135781E1,-7.977548242E-1,-8.832287788E-1,-1.036864281E0,1.578478182E0
4.179638490E1,-7.244027257E-1,-7.589995861E-1,-9.708766937E-1,1.429489851E0
4.180141609E1,-5.939571261E-1,-6.015338898E-1,-8.852558136E-1,1.224053080E0
4.180644338E1,-4.495811164E-1,-4.299614429E-1,-6.939516068E-1,9.319650504E-1
4.181147068E1,-3.296135664E-1,-3.640098572E-1,-4.113674164E-1,6.406023966E-1
4.181649797E1,-1.576426029E-1,-4.322023392E-1,-2.336978912E-1,5.160084850E-1
4.182147932E1,-5.588084459E-3,-5.283551216E-1,-5.118560791E-2,5.308581050E-1
4.182650437E1,1.407654881E-1,-6.388545036E-1,-2.129173279E-2,6.545252763E-1
4.183155057E1,2.672257125E-1,-7.533719540E-1,-1.298465729E-1,8.098388821E-1
4.183657786E1,2.737640440E-1,-7.614264488E-1,-1.952114105E-1,8.323607893E-1
4.184160516E1,1.655444801E-1,-7.638697624E-1,-2.221117020E-1,8.125488274E-1
4.184665740E1,7.181710005E-2,-6.465501785E-1,-3.920211792E-1,7.595165792E-1
4.185168635E1,2.089989185E-2,-5.431103706E-1,-6.236610413E-1,8.272597987E-1
4.185671531E1,2.227172256E-2,-3.964571953E-1,-8.498420715E-1,9.380329866E-1
4.186171802E1,6.174749136E-2,-2.540607452E-1,-8.268966675E-1,8.672472045E-1
4.186674521E1,1.677579582E-1,-1.596846581E-1,-7.938594818E-1,8.269551375E-1
4.187177885E1,2.014409900E-1,-3.676080704E-2,-6.789922714E-1,7.091969642E-1
4.187680667E1,2.013904750E-1,3.356647491E-2,-5.638113022E-1,5.996399054E-1
4.188183448E1,2.017222941E-1,-1.091909409E-2,-4.578380585E-1,5.004266163E-1
4.188682521E1,1.264096498E-1,-3.555107117E-2,-1.270990372E-1,1.827496744E-1
4.189185057E1,9.983918071E-2,-2.083506584E-1,2.371835709E-1,3.311101103E-1
4.189687594E1,4.486602545E-2,-3.664469719E-1,2.475652695E-1,4.445052374E-1
4.190191646E1,-4.783296585E-2,-4.960007668E-1,9.130001068E-2,5.065969258E-1
4.190694292E1,-2.116725743E-1,-5.395345688E-1,-1.453819275E-1,5.975271830E-1
4.191198375E1,-3.507367671E-1,-6.215424538E-1,-4.671239853E-1,8.529572787E-1
4.191701161E1,-3.122983277E-1,-7.027697563E-1,-6.926717758E-1,1.034992640E0
4.192203948E1,-2.212608159E-1,-7.542343140E-1,-6.645135880E-1,1.029273558E0
4.192706734E1,-1.163372844E-1,-8.284091949E-1,-4.356966019E-1,9.432007670E-1
4.193210255E1,-1.215085387E-2,-8.301825523E-1,-2.500143051E-1,8.670973799E-1
4.193713078E1,2.898141742E-2,-7.555298805E-1,-9.739875793E-2,7.623331562E-1
4.194216646E1,-4.512381554E-2,-7.055988312E-1,-3.954887390E-2,7.081454531E-1
4.194719542E1,-1.242781952E-1,-7.090020180E-1,-2.198266983E-1,7.526305259E-1
4.195223088E1,-1.941702217E-1,-7.130656242E-1,-4.322581291E-1,8.561610536E-1
4.195726047E1,-2.311652601E-1,-7.266860008E-1,-5.098681450E-1,9.173197079E-1
4.196229005E1,-1.779803336E-1,-7.496094704E-1,-4.529900551E-1,8.937512782E-1
4.196731963E1,-1.588794589E-1,-8.105230331E-1,-4.722218513E-1,9.514114497E-1
4.197234922E1,-1.735205203E-1,-7.850804329E-1,-5.148334503E-1,9.547324959E-1
4.197737880E1,-2.122363448E-1,-7.401709557E-1,-5.331020355E-1,9.365335498E-1
4.198234151E1,-2.269262075E-1,-7.132086754E-1,-5.707893372E-1,9.412558556E-1
4.198736875E1,-2.602429986E-1,-6.241774559E-1,-5.790486336E-1,8.902927804E-1
4.199239599E1,-2.544696927E-1,-5.538177490E-1,-5.727701187E-1,8.363818103E-1
4.199743755E1,-2.429957092E-1,-4.257836342E-1,-4.753036499E-1,6.828266086E-1
4.200246573E1,-1.639643013E-1,-3.310718536E-1,-4.540905952E-1,5.853982688E-1
4.200749698E1,-6.543492526E-2,-2.746362686E-1,-5.184149742E-1,5.903057640E-1
4.201252547E1,-2.421391010E-2,-1.749010086E-1,-7.544326782E-1,7.748195546E-1
4.201755396E1,2.611875534E-3,-6.522512436E-2,-9.468617439E-1,9.491092144E-1
4.202254990E1,5.308063328E-2,7.284641266E-3,-9.720573425E-1,9.735327918E-1
4.202757620E1,1.173769087E-1,4.698848724E-2,-9.446167946E-1,9.530404741E-1
4.203260609E1,2.574560046E-1,3.992557526E-2,-7.262439728E-1,7.715620221E-1
4.203763276E1,4.251889586E-1,-2.343750000E-2,-4.797849655E-1,6.415049338E-1
4.204265943E1,5.297405124E-1,1.469993591E-2,-4.252166748E-1,6.794485404E-1
4.204767740E1,6.240091920E-1,2.026414871E-2,-1.701335907E-1,6.471039685E-1
4.205270344E1,7.079486847E-1,-6.938457489E-2,-3.474950790E-2,7.121889410E-1
4.205773109E1,7.531394958E-1,-7.749509811E-2,-1.238288879E-1,7.671754584E-1
4.206275734E1,6.930584908E-1,-1.287407875E-1,-3.364357948E-1,7.810846984E-1
4.206778359E1,6.143436432E-1,-1.895556450E-1,-5.337476730E-1,8.356051896E-1
4.207280984E1,5.172510147E-1,-2.644400597E-1,-6.777844429E-1,8.926751416E-1
4.207783609E1,4.736938179E-1,-3.387703896E-1,-7.449622154E-1,9.455791412E-1
4.208293062E1,3.593825698E-1,-4.704041481E-1,-6.870722771E-1,9.069201773E-1
4.208795958E1,1.504194736E-1,-9.883737564E-1,-3.172636032E-2,1.000257598E0
4.209298854E1,2.916823328E-1,-7.840204239E-1,-1.938605309E-1,8.586899986E-1
4.209801750E1,3.133172989E-1,-7.570700645E-1,-2.209997177E-1,8.486245858E-1
4.210298766E1,3.493378460E-1,-6.907391548E-1,-2.678084373E-1,8.190719564E-1
4.210801370E1,3.042097688E-1,-7.290263176E-1,-3.146390915E-1,8.503062466E-1
4.211301995E1,3.267462552E-1,-7.613544464E-1,-3.381061554E-1,8.948404778E-1
4.211804390E1,2.538600862E-1,-8.025121689E-1,-3.473372459E-1,9.105569104E-1
4.212308963E1,1.475385576E-1,-8.288855553E-1,-3.276619911E-1,9.034275124E-1
4.212811568E1,2.693760395E-2,-8.880114555E-1,-3.799090385E-1,9.662405794E-1
4.213314172E1,-8.862014860E-2,-8.700857162E-1,-4.511218071E-1,9.840800624E-1
4.213819802E1,-2.229538411E-1,-8.711619377E-1,-4.548273087E-1,1.007719910E0
4.214322620E1,-2.903196216E-1,-8.476753235E-1,-5.351829529E-1,1.043676066E0
4.214825437E1,-3.009179235E-1,-8.859028816E-1,-5.532188416E-1,1.086934496E0
4.215328255E1,-3.025649190E-1,-8.663725853E-1,-5.566396713E-1,1.073310165E0
4.215825312E1,-2.902643085E-1,-9.564189911E-1,-5.025787354E-1,1.118738593E0
4.216327838E1,-1.917811781E-1,-8.938913345E-1,-5.045809746E-1,1.044233546E0
4.216830364E1,-1.461063623E-1,-9.750542641E-1,-5.296230316E-1,1.119186509E0
4.217334422E1,-9.101051837E-2,-1.017911911E0,-6.112370491E-1,1.190814135E0
4.217837047E1,2.280734479E-3,-1.050749779E0,-6.303806305E-1,1.225340785E0
4.218339625E1,5.238577724E-2,-1.068750381E0,-5.011191368E-1,1.181563387E0
4.218842245E1,8.805645257E-2,-1.004986763E0,-3.957991600E-1,1.083701669E0
4.219344865E1,1.185826287E-1,-9.838733673E-1,-3.287911415E-1,1.044113144E0
4.219846177E1,1.439922005E-1,-9.335570335E-1,-2.236270905E-1,9.707067344E-1
4.220348708E1,1.691836417E-1,-8.494195938E-1,-2.810435295E-1,9.105614842E-1
4.220851240E1,1.700393558E-1,-8.173823357E-1,-3.385400772E-1,9.009087906E-1
4.221352281E1,1.417642832E-1,-7.941823006E-1,-3.676710129E-1,8.865690115E-1
4.221854713E1,1.178486794E-1,-7.752938271E-1,-4.063544273E-1,8.832285945E-1
4.222355812E1,7.927475870E-2,-7.368464470E-1,-4.736495018E-1,8.795288650E-1
4.222858109E1,8.341373503E-2,-6.646904945E-1,-5.979542732E-1,8.979535721E-1
4.223360406E1,6.344113499E-2,-6.305203438E-1,-6.071510315E-1,8.776178306E-1
4.223862703E1,3.372399509E-2,-6.246972084E-1,-6.353363991E-1,8.916480528E-1
4.224368266E1,9.478068352E-2,-6.904940605E-1,-6.629300117E-1,9.618948103E-1
4.224870729E1,6.964681298E-2,-7.844147682E-1,-7.383337021E-1,1.079487778E0
4.225373193E1,4.475581646E-2,-8.395857811E-1,-7.369580269E-1,1.118040473E0
4.225877531E1,1.014083624E-3,-9.041304588E-1,-7.589092255E-1,1.180422012E0
4.226380120E1,-1.390823722E-2,-9.729943275E-1,-7.472014427E-1,1.226874646E0
4.226882708E1,-6.700676680E-2,-9.696812630E-1,-7.783474922E-1,1.245229488E0
4.227384885E1,-6.251467764E-2,-9.565548897E-1,-8.042893410E-1,1.251313984E0
4.227887443E1,-6.747484207E-2,-9.192490578E-1,-7.533454895E-1,1.190420561E0
4.228390000E1,-1.058915406E-1,-8.432936668E-1,-7.645716667E-1,1.143209106E0
4.228891833E1,-4.876916111E-2,-7.716927528E-1,-8.284983635E-1,1.133268580E0
4.229394344E1,-1.111994684E-2,-6.470646858E-1,-8.015809059E-1,1.030217603E0
4.229898099E1,6.453591585E-2,-5.603270531E-1,-8.178787231E-1,9.935073712E-1
4.230400734E1,9.683070332E-2,-4.587202072E-1,-7.484307289E-1,8.831471959E-1
4.230903213E1,1.383648217E-1,-3.566513062E-1,-7.080736160E-1,8.048063269E-1
4.231405833E1,1.843041480E-1,-3.068656921E-1,-6.152143478E-1,7.117747296E-1
4.231908453E1,2.157029212E-1,-2.806692123E-1,-5.845737457E-1,6.833955086E-1
4.232411073E1,2.180993110E-1,-1.919488907E-1,-5.204343796E-1,5.960399563E-1
4.232913854E1,2.299332321E-1,-1.604404449E-1,-5.613236427E-1,6.274509220E-1
4.233416484E1,1.795511842E-1,-1.096000671E-1,-5.539653301E-1,5.925608740E-1
4.233918870E1,1.242863908E-1,-2.509689331E-2,-5.510385036E-1,5.654382314E-1
4.234421474E1,8.322707564E-2,-2.686500549E-3,-6.145603657E-1,6.201761092E-1
4.234924146E1,1.806679368E-2,4.378604889E-2,-6.965885162E-1,6.981970983E-1
4.235426755E1,5.706548691E-4,1.047601700E-1,-7.493364811E-1,7.566242005E-1
4.235929083E1,-2.171884477E-2,1.276350021E-1,-8.302528858E-1,8.402870083E-1
4.236431661E1,-3.461658955E-2,1.650419235E-1,-8.961985111E-1,9.119259379E-1
4.236934240E1,-4.751901329E-2,1.404886246E-1,-9.329183102E-1,9.446330948E-1
4.237436818E1,-2.699925005E-2,1.353769302E-1,-9.261496067E-1,9.363807808E-1
4.237939620E1,-4.485811293E-2,5.409240723E-2,-9.191133976E-1,9.217958974E-1
4.238442208E1,-3.425575793E-2,-7.599830627E-3,-1.007519007E0,1.008129835E0
4.238944797E1,2.875702083E-2,-6.878662109E-2,-1.086202621E0,1.088758330E0
4.239447615E1,1.011450738E-1,-1.198930740E-1,-1.131289005E0,1.142111855E0
4.239950219E1,1.303547621E-1,-1.322002411E-1,-1.200315714E0,1.214589264E0
4.240452823E1,1.691810042E-1,-1.631164551E-1,-1.235941172E0,1.258085756E0
4.240956786E1,1.984784901E-1,-1.839532852E-1,-1.252496481E0,1.281397658E0
4.241459484E1,1.945268214E-1,-1.898670197E-1,-1.250218987E0,1.279428656E0
4.241962182E1,1.861037463E-1,-1.904964447E-1,-1.200296521E0,1.229485762E0
4.242463224E1,1.540406346E-1,-2.049732208E-1,-1.260649800E0,1.286460438E0
4.242965807E1,1.987964511E-1,-2.334203720E-1,-1.215523839E0,1.253596148E0
4.243468390E1,1.769009680E-1,-2.470350266E-1,-1.170538545E0,1.209330700E0
4.243970562E1,1.842335314E-1,-2.840957642E-1,-1.116127372E0,1.166358739E0
4.244473120E1,1.489000022E-1,-2.633810043E-1,-1.123705983E0,1.163725011E0
4.244975828E1,9.486423433E-2,-2.614870071E-1,-1.178825498E0,1.211199501E0
4.245478401E1,4.124447703E-2,-2.448844910E-1,-1.257596970E0,1.281881297E0
4.245981302E1,-1.193302870E-2,-2.327365875E-1,-1.254719019E0,1.276177312E0
4.246483906E1,-6.001336873E-2,-2.201881409E-1,-1.218348265E0,1.239538993E0
4.246986510E1,-5.552387238E-2,-2.072753906E-1,-1.196268797E0,1.215362095E0
4.247489568E1,-1.743033528E-2,-1.844263077E-1,-1.226718187E0,1.240626612E0
4.247992203E1,-8.918243647E-2,-2.472486496E-1,-1.242884874E0,1.270373257E0
4.248494838E1,-1.464838982E-1,-2.330513000E-1,-1.244745016E0,1.274817868E0
4.248997474E1,-1.895382404E-1,-2.662305832E-1,-1.242089391E0,1.284363470E0
4.249499140E1,-2.326897383E-1,-2.319288254E-1,-1.206348300E0,1.250284654E0
4.250001724E1,-1.805430651E-1,-2.355079651E-1,-1.199523568E0,1.235684665E0
4.250504052E1,-1.096287072E-1,-1.381702423E-1,-1.221867919E0,1.234532576E0
4.251006609E1,-3.431484103E-2,-4.050636292E-2,-1.177588105E0,1.178784128E0
4.251509167E1,7.238745689E-3,9.570980072E-2,-1.162286639E0,1.166243112E0
4.252012083E1,-3.891766071E-3,1.987056732E-1,-1.128164172E0,1.145536333E0
4.252514667E1,-7.626712322E-4,3.067884445E-1,-1.089667559E0,1.132031413E0
4.253017250E1,-2.661556005E-2,4.390506744E-1,-1.132804871E0,1.215203998E0
4.253520250E1,-3.827053308E-2,5.045948029E-1,-1.180962324E0,1.284816158E0
4.254022859E1,-2.146345377E-2,5.226783752E-1,-1.186605930E0,1.296798750E0
4.254525469E1,4.656672478E-3,5.459680557E-1,-1.207246661E0,1.324970680E0
4.255028078E1,5.912524462E-2,5.553302765E-1,-1.247750401E0,1.367029105E0
4.255530927E1,1.276800036E-1,5.460186005E-1,-1.203068376E0,1.327332668E0
4.256033547E1,1.914214194E-1,5.515098572E-1,-1.149728417E0,1.289449773E0
4.256536167E1,1.978909820E-1,4.665431976E-1,-1.092405319E0,1.204231198E0
4.257038786E1,1.904186308E-1,4.155673981E-1,-1.131537318E0,1.220381998E0
4.257540958E1,1.831819713E-1,2.741718292E-1,-1.094779730E0,1.143358423E0
4.258043557E1,1.953553557E-1,1.858930588E-1,-1.154111147E0,1.185197234E0
4.258546078E1,1.886903644E-1,8.850002289E-2,-1.166034460E0,1.184513685E0
4.259048667E1,1.967988461E-1,-1.798820496E-2,-1.250258923E0,1.265780682E0
4.259551255E1,2.197265774E-1,-1.144380569E-1,-1.291922688E0,1.315461923E0
4.260053719E1,2.237841934E-1,-2.104501724E-1,-1.295770407E0,1.331686745E0
4.260556297E1,2.235996276E-1,-3.394870758E-1,-1.300242662E0,1.362306592E0
4.261058875E1,2.094384730E-1,-4.393520355E-1,-1.396207452E0,1.478610812E0
4.261561870E1,1.624816358E-1,-4.622793198E-1,-1.463736296E0,1.543575847E0
4.262064479E1,1.400154680E-1,-4.418239594E-1,-1.498371124E0,1.568416006E0
4.262566708E1,7.481685281E-2,-4.354295731E-1,-1.509934306E0,1.573244445E0
4.263069276E1,6.727024913E-2,-4.096136093E-1,-1.469803333E0,1.527295136E0
4.263571844E1,-1.680326462E-2,-3.739833832E-1,-1.349373579E0,1.400341021E0
4.264074552E1,4.729065299E-2,-2.807416916E-1,-1.292320609E0,1.323308301E0
4.264577130E1,6.805101037E-2,-1.873750687E-1,-1.154918432E0,1.171996989E0
4.265079838E1,1.219896376E-1,-9.392166138E-2,-1.089985251E0,1.100804523E0
4.265582427E1,1.324497759E-1,-5.182266235E-3,-1.006426573E0,1.015117848E0
4.266084917E1,1.616656035E-1,5.014038086E-2,-1.014153004E0,1.028180986E0
4.266587495E1,8.060273528E-2,1.725130081E-1,-1.108144879E0,1.124385438E0
4.267090073E1,-8.200767636E-2,2.662067413E-1,-1.207203746E0,1.238923796E0
4.267592651E1,-2.498006225E-1,3.169012070E-1,-1.321040392E0,1.381294481E0
4.268095245E1,-2.986293137E-1,3.437604904E-1,-1.392190576E0,1.464768016E0
4.268597823E1,-2.763640285E-1,3.850889206E-1,-1.497638464E0,1.570856939E0
4.269100401E1,-2.450632453E-1,4.073944092E-1,-1.594506979E0,1.663874606E0
4.269603302E1,-8.029481769E-2,4.872226715E-1,-1.678314447E0,1.749449220E0
4.270105901E1,-1.213717759E-1,5.384244919E-1,-1.706288695E0,1.793335761E0
4.270608630E1,-1.623391807E-1,5.945043564E-1,-1.621286869E0,1.734462612E0
4.271111240E1,-1.078082919E-1,6.506366730E-1,-1.581028342E0,1.713067812E0
4.271613849E1,-9.170699120E-2,7.020292282E-1,-1.547200441E0,1.701494759E0
4.272116088E1,-4.688042402E-2,7.678089142E-1,-1.514931321E0,1.699042439E0
4.272618672E1,6.957668066E-2,7.475080490E-1,-1.551036239E0,1.723172252E0
4.273121255E1,8.072915673E-2,7.273101807E-1,-1.636107564E0,1.792301664E0
4.273624120E1,7.772985101E-2,7.454757690E-1,-1.784836769E0,1.935824978E0
4.274126724E1,4.614534974E-2,7.588977814E-1,-1.863101006E0,2.012262556E0
4.274629286E1,1.470693946E-2,7.197504044E-1,-1.966833591E0,2.094442961E0
4.275131885E1,-7.071852684E-3,7.141704559E-1,-2.086433411E0,2.205287697E0
4.275634281E1,-1.431855559E-2,7.038507462E-1,-2.102432966E0,2.217168300E0
4.276136859E1,-5.970808864E-2,6.696557999E-1,-2.067501307E0,2.174066604E0
4.276639042E1,-9.392172098E-3,6.403007507E-1,-2.019762754E0,2.118847528E0
4.277141578E1,2.183800936E-2,6.205615997E-1,-1.906353712E0,2.004933434E0
4.277644114E1,1.477125287E-2,5.434617996E-1,-1.823013306E0,1.902352867E0
4.278147224E1,1.255220175E-2,4.903764725E-1,-1.769286990E0,1.836029165E0
4.278649802E1,3.918576241E-2,4.564971924E-1,-1.764190316E0,1.822715744E0
4.279152380E1,-1.166015863E-3,3.844022751E-1,-1.821890473E0,1.862001978E0
4.279655135E1,4.924643040E-2,3.506479263E-1,-1.913715482E0,1.946197864E0
4.280157724E1,5.182394385E-2,2.595434189E-1,-1.948967457E0,1.966856033E0
4.280660417E1,3.532063961E-2,2.689771652E-1,-1.923029780E0,1.942071008E0
4.281163016E1,5.231252313E-2,2.305631638E-1,-1.907763362E0,1.922357151E0
4.281665614E1,5.956363678E-2,2.160892487E-1,-1.907840967E0,1.920963182E0
4.282168073E1,3.805872798E-2,1.777067184E-1,-1.932757020E0,1.941282525E0
4.282670661E1,6.807476282E-3,1.823883057E-1,-1.953880548E0,1.962386566E0
4.283173552E1,-3.422835469E-2,1.679048538E-1,-1.928229332E0,1.935828499E0
4.283676172E1,8.888542652E-4,1.581840515E-1,-1.956237674E0,1.962622944E0
4.284178490E1,2.151170373E-2,1.867141724E-1,-1.999591112E0,2.008404728E0
4.284681078E1,-5.766987801E-3,1.673603058E-1,-1.953312874E0,1.960477981E0
4.285183667E1,-1.887321472E-2,1.958265305E-1,-1.951364517E0,1.961256665E0
4.285686333E1,-4.158106446E-2,2.290229797E-1,-1.993487835E0,2.007031205E0
4.286188927E1,-1.075127125E-1,2.334623337E-1,-2.055654049E0,2.071660497E0
4.286691521E1,-1.543378830E-1,2.570104599E-1,-2.152140379E0,2.172920332E0
4.287191974E1,-1.392457485E-1,2.326736450E-1,-2.020402908E0,2.038517676E0
4.287694422E1,-7.660454512E-2,1.987810135E-1,-1.904451251E0,1.916328968E0
4.288196870E1,9.715616703E-3,1.792697906E-1,-1.837397337E0,1.846147617E0
4.288699318E1,4.815423489E-2,1.741342545E-1,-1.756952047E0,1.766216880E0
4.289201187E1,1.511621475E-2,1.738119125E-1,-1.710680246E0,1.719554008E0
4.289703604E1,-3.217792511E-2,1.782855988E-1,-1.688892961E0,1.698581940E0
4.290206021E1,-9.391456842E-2,1.540651321E-1,-1.701174855E0,1.710716779E0
4.290708437E1,-7.920932770E-2,1.394472122E-1,-1.723522544E0,1.730967822E0
4.291215307E1,-1.029351354E-1,1.296386719E-1,-1.813602328E0,1.821141190E0
4.291717948E1,-1.124900579E-1,1.485462189E-1,-1.875521183E0,1.884754546E0
4.292219969E1,-1.078391075E-1,1.722278595E-1,-1.809357166E0,1.820732013E0
4.292722547E1,-8.427017927E-2,1.528558731E-1,-1.797040224E0,1.805497147E0
4.293225187E1,-9.909290075E-2,1.670141220E-1,-1.761929393E0,1.772599308E0
4.293727771E1,-8.530640602E-2,1.716251373E-1,-1.680133700E0,1.691029752E0
4.294230354E1,-1.051701307E-1,1.858339310E-1,-1.637639642E0,1.651501923E0
4.294732937E1,-7.250821590E-2,1.665945053E-1,-1.605706334E0,1.615952970E0
4.295236031E1,-7.352417707E-2,1.569948196E-1,-1.541201830E0,1.550921100E0
4.295738640E1,-6.040209532E-2,1.378974915E-1,-1.530304193E0,1.537691470E0
4.296240724E1,-2.349087596E-2,8.541297913E-2,-1.529843450E0,1.532406010E0
4.296743276E1,8.639007807E-3,9.046268463E-2,-1.544630766E0,1.547301630E0
4.297245828E1,5.512234569E-2,9.559440613E-2,-1.522021770E0,1.526016721E0
4.297748625E1,9.218737483E-2,8.169364929E-2,-1.481247306E0,1.486359965E0
4.298251193E1,9.130632877E-2,1.014022827E-1,-1.422202587E0,1.428733519E0
4.298753854E1,4.758891463E-2,9.250640869E-2,-1.349607944E0,1.353611371E0
4.299256432E1,1.363456249E-2,7.895088196E-2,-1.277729034E0,1.280238505E0
4.299759010E1,-2.965044975E-2,5.596637726E-2,-1.149079800E0,1.150823953E0
4.300261557E1,-1.559880376E-2,6.180381775E-2,-1.102142692E0,1.103984396E0
4.300764130E1,7.973325253E-2,9.165000916E-2,-1.026771545E0,1.033932745E0
4.301266703E1,9.858390689E-2,1.119985580E-1,-9.275705814E-1,9.394943572E-1
4.301769167E1,1.081041694E-1,1.037416458E-1,-8.859697580E-1,8.985495271E-1
4.302271734E1,8.885201812E-2,1.099357605E-1,-8.730763793E-1,8.844449766E-1
4.302774302E1,6.004333496E-2,9.709835052E-2,-9.273133278E-1,9.343143473E-1
4.303277479E1,2.616435289E-3,9.395694733E-2,-9.578150511E-1,9.624159318E-1
4.303780088E1,-1.653686166E-2,1.148414612E-1,-9.550180435E-1,9.620402759E-1
4.304282344E1,-4.050931334E-2,1.023426056E-1,-9.238647819E-1,9.303983816E-1
4.304784917E1,-3.581848741E-2,7.084560394E-2,-8.977555633E-1,9.012586283E-1
4.305287490E1,-5.990368128E-2,6.343269348E-2,-9.294860363E-1,9.335718769E-1
4.305790109E1,-1.032247841E-1,1.791763306E-2,-9.665910006E-1,9.722523129E-1
4.306292682E1,-7.972040772E-2,-3.696441650E-2,-9.467253089E-1,9.507946792E-1
4.306795255E1,-8.012375236E-2,-1.988410950E-2,-9.752190113E-1,9.787069600E-1
4.307299172E1,-8.487340808E-2,-2.161216736E-2,-1.049695730E0,1.053343110E0
4.307801833E1,-1.038398147E-1,-4.180908203E-3,-1.076685667E0,1.081689518E0
4.308304495E1,-1.464412212E-1,2.275848389E-2,-1.047115684E0,1.057551055E0
4.308805917E1,-1.603004336E-1,6.388664246E-2,-9.995089769E-1,1.014295779E0
4.309308495E1,-1.597755551E-1,6.212329865E-2,-9.673150182E-1,9.823878443E-1
4.309811125E1,-1.782171428E-1,1.270179749E-1,-9.738073945E-1,9.980960663E-1
4.310313708E1,-2.297915220E-1,1.155538559E-1,-1.009098887E0,1.041363242E0
4.310816187E1,-2.097410262E-1,1.755599976E-1,-1.139315486E0,1.171687837E0
4.311318760E1,-2.280375063E-1,1.972465515E-1,-1.140763402E0,1.179935780E0
4.311821458E1,-2.131353617E-1,1.999769211E-1,-1.024397731E0,1.065273750E0
4.312324042E1,-8.460259438E-2,1.934089661E-1,-8.101304770E-1,8.371833830E-1
4.312826625E1,-2.394241095E-2,1.119098663E-1,-6.214954257E-1,6.319443183E-1
4.313329208E1,6.528058648E-2,4.025077820E-2,-6.052147746E-1,6.100545906E-1
4.313831896E1,3.956052661E-2,-2.449035645E-3,-6.367347836E-1,6.379672544E-1
4.314334484E1,-7.715862989E-2,-4.491519928E-2,-6.921709180E-1,6.979050143E-1
4.314837182E1,-1.319933832E-1,-7.277584076E-2,-8.148093224E-1,8.286330961E-1
4.315339781E1,-1.968992949E-1,-5.734062195E-2,-9.520883560E-1,9.739248004E-1
4.315842422E1,-2.479772568E-1,-5.601024628E-2,-1.032508850E0,1.063345848E0
4.316345026E1,-2.899897993E-1,-1.613616943E-2,-1.080134034E0,1.118500778E0
4.316847630E1,-3.037631810E-1,9.621620178E-3,-1.104450822E0,1.145502625E0
4.317350292E1,-3.037271798E-1,2.136230469E-3,-1.081426740E0,1.123271364E0
4.317852896E1,-2.848560214E-1,-5.071640015E-3,-9.775298238E-1,1.018200978E0
4.318355500E1,-2.231809795E-1,1.668930054E-2,-8.166825771E-1,8.467931944E-1
4.318858104E1,-1.284104288E-1,-1.876354218E-2,-6.894618273E-1,7.015688990E-1
4.319360443E1,-7.209709287E-2,-6.162643433E-3,-6.100049019E-1,6.142816531E-1
4.319863036E1,3.214895725E-2,-2.207851410E-2,-6.021580696E-1,6.034197188E-1
4.320365630E1,5.024409294E-2,4.768371582E-4,-6.036920547E-1,6.057794922E-1
4.320868224E1,8.267864585E-2,8.825302124E-3,-6.766763926E-1,6.817657843E-1
4.321370672E1,2.415096760E-2,4.128742218E-2,-7.782239914E-1,7.796925684E-1
4.321873255E1,-1.035198569E-2,9.311866760E-2,-9.038444757E-1,9.086875625E-1
4.322375838E1,-8.315500617E-2,9.738159180E-2,-1.048917532E0,1.056705218E0
4.322875370E1,-1.274537444E-1,1.545352936E-1,-1.122415662E0,1.140150223E0
4.323377750E1,-1.146028936E-1,1.594781876E-1,-1.254344821E0,1.269625159E0
4.323880130E1,-1.211652160E-1,1.840353012E-1,-1.286838889E0,1.305566669E0
4.324385948E1,-1.470675468E-1,1.948604584E-1,-1.254077554E0,1.277618868E0
4.324888562E1,-1.779076755E-1,2.157716751E-1,-1.174660563E0,1.207491613E0
4.325391177E1,-1.897208393E-1,2.324695587E-1,-1.144456387E0,1.183138417E0
4.325894323E1,-1.491475403E-1,1.971950531E-1,-1.106171608E0,1.133466587E0
4.326396974E1,-1.469038427E-1,2.199878693E-1,-1.059590340E0,1.092111299E0
4.326899625E1,-1.351108551E-1,1.811609268E-1,-1.071370363E0,1.094946884E0
4.327402151E1,-1.519489288E-1,1.860599518E-1,-1.141569614E0,1.166571030E0
4.327904792E1,-2.167173326E-1,1.677389145E-1,-1.212903023E0,1.243477579E0
4.328406766E1,-1.811583340E-1,9.748935699E-2,-1.289909840E0,1.306212047E0
4.328909338E1,-2.700230479E-1,-6.732940674E-4,-1.329585552E0,1.356727917E0
4.329411911E1,-3.398717940E-1,-6.928539276E-2,-1.370309830E0,1.413528327E0
4.329915078E1,-3.192218542E-1,-1.466064453E-1,-1.397798300E0,1.441261992E0
4.330417693E1,-2.320714295E-1,-2.183570862E-1,-1.354324818E0,1.391306105E0
4.330920260E1,-1.308822036E-1,-2.222957611E-1,-1.321424842E0,1.346368883E0
4.331422870E1,-3.941220045E-2,-2.971048355E-1,-1.313626409E0,1.347382257E0
4.331925469E1,-6.294772029E-2,-4.139146805E-1,-1.221081614E0,1.290863311E0
4.332428078E1,-1.008557677E-1,-4.866046906E-1,-1.148947597E0,1.251813321E0
4.332930333E1,-1.579810679E-1,-5.870094299E-1,-1.006120205E0,1.175506680E0
4.333432906E1,-1.147227436E-1,-6.912097931E-1,-1.045987606E0,1.258976711E0
4.333935854E1,-8.609968424E-2,-7.897052765E-1,-1.138946533E0,1.388613260E0
4.334438463E1,-4.318247736E-2,-8.251323700E-1,-1.126992702E0,1.397433614E0
4.334941073E1,2.858395875E-2,-8.835811615E-1,-1.062995195E0,1.382566996E0
4.335443682E1,6.711012125E-2,-8.646488190E-1,-1.052026987E0,1.363408277E0
4.335945979E1,4.380002618E-2,-8.879613876E-1,-1.027110100E0,1.358436243E0
4.336448573E1,2.074092627E-2,-8.434038162E-1,-9.836075306E-1,1.295856457E0
4.336951167E1,7.377371192E-3,-8.362369537E-1,-9.215869904E-1,1.244455403E0
4.337450708E1,3.702989221E-2,-8.331108093E-1,-8.358345032E-1,1.180704938E0
4.337953099E1,5.223159492E-2,-7.954826355E-1,-7.604677677E-1,1.101740436E0
4.338455703E1,8.644763380E-2,-8.001260757E-1,-6.662390232E-1,1.044772399E0
4.338958114E1,1.492862105E-1,-7.944817543E-1,-5.911781788E-1,1.001488527E0
4.339460526E1,2.025867254E-1,-7.690224648E-1,-4.682350159E-1,9.228656255E-1
4.339962937E1,2.034669816E-1,-7.715048790E-1,-4.363355637E-1,9.093994255E-1
4.340466099E1,2.381058037E-1,-7.732768059E-1,-4.234528542E-1,9.132161365E-1
4.340968547E1,2.202319801E-1,-7.649025917E-1,-5.536389351E-1,9.695845349E-1
4.341470995E1,1.306017637E-1,-7.606539726E-1,-7.886466980E-1,1.103455890E0
4.341977047E1,-6.680041552E-3,-7.746033669E-1,-9.853837490E-1,1.253409802E0
4.342479740E1,-9.102746099E-2,-7.448410988E-1,-1.047684431E0,1.288688065E0
4.342982640E1,-1.564239860E-1,-7.764353752E-1,-9.665241241E-1,1.249595630E0
4.343485354E1,-1.837496161E-1,-7.497715950E-1,-8.615746498E-1,1.156819884E0
4.343987734E1,-1.781148314E-1,-7.559189796E-1,-8.569545746E-1,1.156507475E0
4.344490411E1,-2.447694242E-1,-7.182621956E-1,-8.808851242E-1,1.162656981E0
4.344993088E1,-1.303649694E-1,-6.941390038E-1,-9.430656433E-1,1.178217632E0
4.345495297E1,-4.042292386E-2,-6.644597054E-1,-9.620218277E-1,1.169883203E0
4.345997943E1,3.005060926E-2,-6.003708839E-1,-8.902349472E-1,1.074181781E0
4.346500588E1,1.434123963E-1,-5.498204231E-1,-9.046049118E-1,1.068260109E0
4.347003234E1,2.041633427E-1,-4.935450554E-1,-8.760604858E-1,1.026036728E0
4.347505984E1,1.885721385E-1,-4.124026299E-1,-8.859558105E-1,9.952653308E-1
4.348008635E1,1.777953506E-1,-3.972125053E-1,-1.010845661E0,1.100544371E0
4.348511286E1,2.290913761E-1,-3.617005348E-1,-1.150277615E0,1.227374729E0
4.349014000E1,2.374901921E-1,-3.774905205E-1,-1.251785278E0,1.328859311E0
4.349516656E1,1.790465415E-1,-4.110317230E-1,-1.243637085E0,1.321982579E0
4.350018729E1,1.590936184E-1,-4.001960754E-1,-1.302772999E0,1.372109749E0
4.350521323E1,2.111969888E-1,-3.926959038E-1,-1.290601730E0,1.365454894E0
4.351023917E1,2.636303306E-1,-4.127178192E-1,-1.230692387E0,1.324553019E0
4.351527010E1,2.925406098E-1,-4.221158028E-1,-1.146788120E0,1.256536809E0
4.352029635E1,3.172252476E-1,-4.306697845E-1,-1.158198833E0,1.275747961E0
4.352532260E1,3.231280446E-1,-4.478611946E-1,-1.264901161E0,1.380205177E0
4.353034885E1,2.430705130E-1,-5.070610046E-1,-1.309057713E0,1.424719703E0
4.353534068E1,1.726289839E-1,-5.367994308E-1,-1.285554409E0,1.403782224E0
4.354036521E1,1.591282636E-1,-5.649819374E-1,-1.257616520E0,1.387849309E0
4.354538974E1,1.258798838E-1,-6.060752869E-1,-1.263310432E0,1.406814219E0
4.355042677E1,1.395780146E-1,-6.933255196E-1,-1.226263046E0,1.415592935E0
4.355545213E1,9.029877186E-2,-7.362384796E-1,-1.227287769E0,1.434027976E0
4.356047750E1,2.277001739E-3,-8.161125183E-1,-1.204201698E0,1.454698098E0
4.356550286E1,1.430559158E-2,-8.564758301E-1,-1.123425484E0,1.412742126E0
4.357056151E1,5.451111495E-2,-8.761777878E-1,-1.167076588E0,1.460385819E0
4.357558854E1,5.628319085E-2,-8.953490257E-1,-1.223968506E0,1.517536352E0
4.358060271E1,1.344732642E-1,-9.471058846E-1,-1.088822365E0,1.449353910E0
4.358562844E1,1.410755813E-1,-1.007331848E0,-9.676852226E-1,1.403935348E0
4.359065755E1,2.292450368E-1,-1.033354282E0,-9.223294258E-1,1.403946555E0
4.359568364E1,2.461169958E-1,-1.116303921E0,-9.046425819E-1,1.457767547E0
4.360070698E1,2.637035549E-1,-1.141537189E0,-8.905153275E-1,1.471619607E0
4.360573276E1,2.819191515E-1,-1.190527439E0,-7.746691704E-1,1.448083670E0
4.361075854E1,3.152204156E-1,-1.172328472E0,-5.477476120E-1,1.331820335E0
4.361578432E1,3.439336121E-1,-1.197190285E0,-3.723502159E-1,1.300076763E0
4.362080990E1,3.535569906E-1,-1.226905823E0,-4.539947510E-1,1.355142678E0
4.362583568E1,3.390098512E-1,-1.251966476E0,-7.827696800E-1,1.514950860E0
4.363086151E1,2.905946076E-1,-1.219445705E0,-1.124326229E0,1.683924738E0
4.363588729E1,2.466068268E-1,-1.196264267E0,-1.297026634E0,1.781611970E0
4.364091375E1,2.692048848E-1,-1.162925243E0,-1.397024155E0,1.837537178E0
4.364593958E1,2.769887447E-1,-1.147912979E0,-1.338493347E0,1.784934568E0
4.365096542E1,2.893888652E-1,-1.088582993E0,-1.179358006E0,1.630841547E0
4.365599745E1,2.632611990E-1,-1.032773495E0,-1.115813255E0,1.543038163E0
4.366102370E1,1.748870313E-1,-1.014014244E0,-1.162016869E0,1.552125499E0
4.366604766E1,6.263136864E-2,-9.602541924E-1,-1.308424950E0,1.624187997E0
4.367107364E1,-2.002418041E-3,-9.380598068E-1,-1.373418808E0,1.663201561E0
4.367610411E1,-5.683603883E-2,-1.038026333E0,-9.746241570E-1,1.424998684E0
4.368113057E1,-1.548004150E-2,-1.145639896E0,-5.379223824E-1,1.265737292E0
4.368615703E1,6.891897321E-2,-1.246581554E0,-5.223636627E-1,1.353358486E0
4.369118349E1,1.483188570E-1,-1.278812408E0,-8.985862732E-1,1.569973551E0
4.369617167E1,1.082519591E-1,-1.338428497E0,-1.182831764E0,1.789469282E0
4.370119620E1,1.586961746E-2,-1.352458715E0,-1.232426643E0,1.829828367E0
4.370622000E1,4.500150681E-4,-1.331502676E0,-1.324400902E0,1.878014198E0
4.371124448E1,9.051084518E-3,-1.251888990E0,-1.544622421E0,1.988257124E0
4.371626896E1,-6.456136703E-3,-1.152223825E0,-1.773175716E0,2.114666297E0
4.372129344E1,-6.500741839E-2,-1.151930571E0,-1.704056263E0,2.057906157E0
4.372632245E1,-1.090596318E-1,-1.188797712E0,-1.567128181E0,1.970031660E0
4.373134713E1,-3.389328718E-2,-1.339661837E0,-1.534407616E0,2.037216072E0
4.373637531E1,6.440305710E-2,-1.532450676E0,-1.385836601E0,2.067146805E0
4.374140036E1,1.103912592E-1,-1.719441891E0,-1.193277359E0,2.095847681E0
4.374642542E1,1.334230304E-1,-1.953015566E0,-1.358643532E0,2.382852021E0
4.375145661E1,1.428761482E-1,-2.165533066E0,-1.685649872E0,2.747974262E0
4.375648208E1,1.537276506E-1,-2.457118273E0,-1.849028587E0,3.078955848E0
4.376150755E1,2.047049999E-1,-2.693415165E0,-2.542547703E0,3.709573858E0
4.376654109E1,2.065927386E-1,-2.874371052E0,-2.460037708E0,3.788993934E0
4.377156708E1,3.228846788E-1,-2.952862263E0,-2.300431728E0,3.757078146E0
4.377659307E1,3.854547143E-1,-3.020727634E0,-2.044278145E0,3.667757341E0
4.378164125E1,4.703106284E-1,-3.082898617E0,-1.624628067E0,3.516372040E0
4.378666870E1,5.282298923E-1,-3.093371868E0,-1.385289192E0,3.430306470E0
4.379169932E1,6.874368787E-1,-3.104916573E0,-1.182527542E0,3.392852454E0
4.379672708E1,7.699802518E-1,-3.141958714E0,-1.083099365E0,3.411433479E0
4.380175484E1,9.182142615E-1,-3.257129669E0,-1.058171272E0,3.545664614E0
4.380677297E1,1.049988031E0,-3.373482227E0,-8.925743103E-1,3.644111154E0
4.381180010E1,1.021205902E0,-3.466045856E0,-8.498315811E-1,3.711946806E0
4.381682724E1,8.321520090E-1,-3.510660648E0,-7.720756531E-1,3.689622741E0
4.382184953E1,4.834899306E-1,-3.464244843E0,-6.020269394E-1,3.549252214E0
4.382687630E1,2.102643847E-1,-3.369779110E0,-3.159694672E-1,3.391085234E0
4.383190307E1,7.823705673E-3,-3.175035000E0,-2.248516083E-1,3.182996498E0
4.383692984E1,-1.659920812E-1,-2.856506824E0,-3.571405411E-1,2.883528043E0
4.384195349E1,-3.054063022E-1,-2.471699953E0,-4.974460602E-1,2.539690188E0
4.384698010E1,-2.802452147E-1,-2.187192440E0,-1.629810333E-1,2.211088186E0
4.385200536E1,-1.190398335E-1,-2.026658535E0,7.795400620E-1,2.174671931E0
4.385703182E1,1.294601560E-1,-1.808465838E0,2.209898949E0,2.858489458E0
4.386205656E1,4.651120901E-1,-1.557434201E0,4.242396355E0,4.543110980E0
4.386708286E1,9.606007338E-1,-1.242307305E0,6.613447189E0,6.797335135E0
4.387210917E1,1.428324580E0,-9.561107755E-1,8.351995468E0,8.527021005E0
4.387715005E1,1.732600689E0,-7.179509401E-1,8.913577080E0,9.108743879E0
4.388217734E1,1.719346285E0,-5.026542544E-1,8.447713852E0,8.635547595E0
4.388720463E1,1.417448997E0,-2.544394732E-1,7.376166344E0,7.515432858E0
4.389221562E1,1.018704057E0,-9.038764238E-2,6.345102310E0,6.426993948E0
4.389724182E1,6.914727688E-1,-1.614962518E-1,5.756082535E0,5.799715663E0
4.390226495E1,3.321433067E-1,-4.062516093E-1,5.670817375E0,5.695044271E0
4.390729083E1,1.524777710E-1,-7.786620259E-1,5.849681854E0,5.903248412E0
4.391231672E1,-1.963907480E-2,-1.247281313E0,6.000717163E0,6.129005045E0
4.391734458E1,4.496794939E-2,-1.703584671E0,5.846605301E0,6.089911033E0
4.392237057E1,7.287532091E-2,-2.110183477E0,5.631588936E0,6.014397648E0
4.392739656E1,1.640471816E-2,-2.520062447E0,5.609110832E0,6.149236390E0
4.393242255E1,-9.532642365E-2,-2.928976774E0,5.458385468E0,6.195317908E0
4.393744766E1,-2.477727830E-1,-3.304173946E0,5.322913170E0,6.269957052E0
4.394247359E1,-3.692473471E-1,-3.708035946E0,5.054299355E0,6.279475786E0
4.394750536E1,-4.650047421E-1,-4.097466946E0,4.906077385E0,6.408982765E0
4.395253187E1,-1.148977429E-1,-4.448656559E0,4.705840111E0,6.476779896E0
4.395755838E1,1.534622014E-1,-4.723304749E0,4.439229965E0,6.483819945E0
4.396257682E1,4.013167024E-1,-4.888219357E0,4.359708786E0,6.562225558E0
4.396760276E1,5.991676450E-1,-5.019954681E0,4.141756058E0,6.535525236E0
4.397263240E1,6.217597127E-1,-5.023129463E0,3.641972542E0,6.235573650E0
4.397765870E1,5.883680582E-1,-4.959585190E0,2.808049202E0,5.729642445E0
4.398268406E1,6.096674800E-1,-4.761251450E0,1.822129250E0,5.134331973E0
4.398771026E1,6.289455295E-1,-4.450971127E0,9.952850342E-1,4.604053513E0
4.399273646E1,5.657895803E-1,-4.008433819E0,4.947605133E-1,4.078289776E0
4.399776266E1,4.496856034E-1,-3.614874601E0,2.388734818E-1,3.650561062E0
4.400278406E1,4.438693523E-1,-3.260438204E0,2.368850708E-1,3.299028921E0
4.400781005E1,4.956423044E-1,-2.925935507E0,4.836902618E-1,3.006778368E0
4.401283604E1,3.943364322E-1,-2.448973656E0,5.533170700E-1,2.541482435E0
4.401783234E1,2.643719912E-1,-2.045385838E0,5.511445999E-1,2.134773090E0
4.402285635E1,2.685483694E-1,-1.662252545E0,6.685695648E-1,1.811680715E0
4.402788318E1,3.638707995E-1,-1.371860147E0,7.858009338E-1,1.622308641E0
4.403290745E1,4.733750224E-1,-1.073588729E0,9.267492294E-1,1.495172500E0
4.403793172E1,5.058811903E-1,-8.918272257E-1,1.182237625E0,1.564914497E0
4.404295599E1,5.666777492E-1,-7.310351133E-1,1.360781670E0,1.645376176E0
4.404802417E1,5.455993414E-1,-6.533488035E-1,1.390728951E0,1.630542951E0
4.405305068E1,5.950605273E-1,-5.440368652E-1,1.238760948E0,1.478039860E0
4.405807052E1,5.616136789E-1,-4.310953617E-1,8.812799454E-1,1.130445699E0
4.406309630E1,5.361204743E-1,-4.096636772E-1,3.999042511E-1,7.843295873E-1
4.406812208E1,4.326211512E-1,-3.353629112E-1,4.357624054E-2,5.491158634E-1
4.407314786E1,1.941665411E-1,-2.794317007E-1,-3.025636673E-1,4.553322894E-1
4.407817364E1,5.524791032E-2,-2.172147036E-1,-7.101545334E-1,7.446838392E-1
4.408320078E1,-2.378567159E-1,-1.527820826E-1,-1.035530090E0,1.073424776E0
4.408822661E1,-6.365554333E-1,-1.051274538E-1,-1.140069008E0,1.309966390E0
4.409325312E1,-9.199283719E-1,-2.275105715E-1,-1.009722710E0,1.384763236E0
4.409827901E1,-1.183621764E0,-3.481689692E-1,-7.883300781E-1,1.464119675E0
4.410330583E1,-1.260535836E0,-5.538407564E-1,-4.139194489E-1,1.437713284E0
4.410833182E1,-1.108313560E0,-8.782116175E-1,8.459091187E-2,1.416605173E0
4.411335781E1,-8.521654010E-1,-1.259467959E0,4.726352692E-1,1.592428808E0
4.411838167E1,-6.641108394E-1,-1.593003631E0,6.593723297E-1,1.847559375E0
4.412340750E1,-5.200113058E-1,-1.788853884E0,6.640338898E-1,1.977713574E0
4.412843333E1,-4.339545369E-1,-2.034072876E0,6.541500092E-1,2.180293842E0
4.413346578E1,-4.630249143E-1,-2.180155993E0,6.393184662E-1,2.318663478E0
4.413849208E1,-3.487497866E-1,-2.332254410E0,5.813045502E-1,2.428775829E0
4.414351838E1,-2.823031545E-1,-2.481065273E0,5.996570587E-1,2.568067084E0
4.414854469E1,-3.397436142E-1,-2.593316078E0,4.598827362E-1,2.655599016E0
4.415356620E1,-3.434017897E-1,-2.530177832E0,3.726186752E-1,2.580420378E0
4.415859224E1,-3.074243963E-1,-2.478289366E0,2.373666763E-1,2.508539591E0
4.416361828E1,-2.606106699E-1,-2.375483513E0,1.402559280E-1,2.393848693E0
4.416862182E1,-2.510790229E-1,-2.207299709E0,1.530017853E-1,2.226796405E0
4.417364635E1,-2.694233954E-1,-2.069268703E0,1.559410095E-1,2.092553352E0
4.417867088E1,-2.826265097E-1,-1.961421371E0,3.308029175E-1,2.009099825E0
4.418372614E1,-2.958259284E-1,-1.864560246E0,6.821594238E-1,2.007346351E0
4.418875271E1,-3.619496822E-1,-1.827102304E0,9.131546021E-1,2.074406355E0
4.419377385E1,-3.565027118E-1,-1.777324915E0,1.076517105E0,2.108285349E0
4.419879990E1,-2.220933437E-1,-1.719955683E0,1.057559967E0,2.031257268E0
4.420382594E1,-1.741040647E-1,-1.578600287E0,8.421354294E-1,1.797632658E0
4.420885198E1,-1.257696152E-1,-1.415591359E0,6.361064911E-1,1.557031907E0
4.421384042E1,-1.873167008E-1,-1.240081549E0,3.726015091E-1,1.308327818E0
4.421886453E1,-2.148949504E-1,-1.027591109E0,2.335414886E-1,1.075483591E0
4.422389120E1,-2.371830344E-1,-8.639564514E-1,1.279649734E-1,9.050146829E-1
4.422891557E1,-3.163603544E-1,-6.867420673E-1,7.021999359E-2,7.593611712E-1
4.423393995E1,-3.088002503E-1,-5.482658148E-1,2.683448792E-2,6.298198853E-1
4.423896432E1,-2.195242792E-1,-4.387607574E-1,-5.000114441E-2,4.931551743E-1
4.424402859E1,-1.252914965E-1,-3.391737938E-1,-1.124410629E-1,3.786552708E-1
4.424905495E1,-3.603758663E-2,-2.686553001E-1,-2.685546875E-3,2.710748791E-1
4.425408130E1,-4.753332585E-2,-1.939049959E-1,1.259698868E-1,2.360656199E-1
4.425911187E1,-5.474997684E-2,-1.100947857E-1,1.969947815E-1,2.322183579E-1
4.426413854E1,-8.675651252E-2,-1.224961281E-1,2.869768143E-1,3.238636840E-1
4.426916521E1,-8.582454920E-2,-1.066960096E-1,2.667531967E-1,2.998452262E-1
4.427419599E1,-9.980010986E-2,-1.295365095E-1,1.651859283E-1,2.324352816E-1
4.427922292E1,-1.761635542E-1,-6.636559963E-2,-2.713680267E-2,1.901956800E-1
4.428424984E1,-1.329229325E-1,-7.969391346E-2,-2.000665665E-1,2.530736194E-1
4.428926469E1,-1.662558168E-1,-2.080762386E-2,-3.105115891E-1,3.528333895E-1
4.429429078E1,-2.044004351E-1,-2.794289589E-2,-3.919143677E-1,4.428963929E-1
4.429932083E1,-2.664509416E-1,-1.971065998E-2,-3.295345306E-1,4.242376943E-1
4.430434734E1,-2.521795630E-1,-8.200740814E-2,-2.526302338E-1,3.662537126E-1
4.430937474E1,-2.525586486E-1,-1.432131529E-1,-1.182212830E-1,3.134838909E-1
4.431440130E1,-2.196128219E-1,-1.990530491E-1,5.916881561E-2,3.022463509E-1
4.431942380E1,-1.916320324E-1,-2.310638428E-1,1.884832382E-1,3.544562968E-1
4.432444995E1,-1.878023148E-1,-2.491433620E-1,2.410259247E-1,3.942532443E-1
4.432947505E1,-1.459104419E-1,-2.632799149E-1,2.694139481E-1,4.039678775E-1
4.433450109E1,-1.094204038E-1,-2.824329138E-1,2.307682037E-1,3.807822730E-1
4.433952505E1,-2.565643936E-2,-3.302031755E-1,9.653949738E-2,3.449815424E-1
4.434455088E1,-2.353187650E-2,-3.730294704E-1,-6.140899658E-2,3.787819952E-1
4.434957672E1,-4.041724652E-2,-4.156492949E-1,-1.473932266E-1,4.428573736E-1
4.435460766E1,-1.094845161E-1,-4.006750584E-1,-2.093305588E-1,4.651307821E-1
4.435963380E1,-1.588352472E-1,-3.951301575E-1,-1.850805283E-1,4.643396160E-1
4.436465995E1,-1.693263203E-1,-4.086186886E-1,-1.225872040E-1,4.589861196E-1
4.436969307E1,-1.076404750E-1,-4.174551964E-1,7.369995117E-2,4.373636881E-1
4.437471969E1,-4.094227403E-2,-3.930543661E-1,2.983789444E-1,4.951747156E-1
4.437974630E1,8.806787431E-2,-4.504404068E-1,4.174671173E-1,6.204283235E-1
4.438477292E1,1.401444823E-1,-4.607423544E-1,3.545103073E-1,5.979979524E-1
4.438975484E1,1.582389325E-1,-5.195510387E-1,1.910629272E-1,5.757411604E-1
4.439477922E1,1.425119042E-1,-5.023943186E-1,-1.056385040E-2,5.223229740E-1
4.439980359E1,5.959737301E-2,-4.567171335E-1,-2.597894669E-1,5.288033226E-1
4.440482797E1,5.441024899E-3,-4.491024017E-1,-4.703903198E-1,6.503765255E-1
4.440991469E1,-3.417330235E-2,-4.697579145E-1,-5.371675491E-1,7.144153475E-1
4.441494224E1,-8.777226508E-2,-4.801830053E-1,-4.985208511E-1,6.977124968E-1
4.441996979E1,-1.169724464E-1,-4.754785299E-1,-3.354272842E-1,5.935266200E-1
4.442499734E1,-1.455134600E-1,-4.560186863E-1,-8.159446716E-2,4.855768388E-1
4.442995974E1,-1.209273636E-1,-5.177712440E-1,2.675867081E-1,5.952420808E-1
4.443498401E1,-9.149812907E-2,-5.082610846E-1,5.157842636E-1,7.298867339E-1
4.444003120E1,-6.221076846E-2,-5.665762424E-1,5.100288391E-1,7.648583104E-1
4.444505781E1,-3.299956769E-2,-5.780971050E-1,3.940591812E-1,7.004055058E-1
4.445008443E1,-2.289124578E-2,-6.720647812E-1,1.153936386E-1,6.822834976E-1
4.445511104E1,1.561518013E-2,-7.095876932E-1,-2.492218018E-1,7.522433348E-1
4.446016240E1,3.010167181E-2,-7.763886452E-1,-6.230707169E-1,9.959430492E-1
4.446519026E1,1.771181822E-3,-8.049165010E-1,-8.290824890E-1,1.155539478E0
4.447019495E1,-4.068133980E-2,-8.713836670E-1,-8.769588470E-1,1.236940292E0
4.447522047E1,-3.996566683E-2,-9.134635925E-1,-7.812232971E-1,1.202631627E0
4.448026114E1,-6.301842630E-2,-9.599223137E-1,-5.468454361E-1,1.106554157E0
4.448528818E1,-8.106879890E-2,-1.025224805E0,-2.218494415E-1,1.052081378E0
4.449032318E1,-8.924560994E-2,-1.071362853E0,1.122941971E-1,1.080922351E0
4.449535099E1,-7.297450304E-2,-1.156546950E0,4.554090500E-1,1.245119885E0
4.450037880E1,-7.061667740E-2,-1.257333398E0,5.969562531E-1,1.393639393E0
4.450540661E1,-5.336119980E-2,-1.273680687E0,6.375379562E-1,1.425329631E0
4.451043443E1,-4.053264111E-2,-1.315744281E0,5.151052475E-1,1.413562635E0
4.451546224E1,-7.502865046E-2,-1.393110871E0,2.394208908E-1,1.415524483E0
4.452045536E1,-7.108335942E-2,-1.486310244E0,-1.605606079E-1,1.496646482E0
4.452548198E1,-5.790998414E-2,-1.590626240E0,-6.703405380E-1,1.727078990E0
4.453050859E1,-2.057173848E-2,-1.696034908E0,-9.836206436E-1,1.960731286E0
4.453554042E1,6.044078618E-2,-1.811612725E0,-1.052726746E0,2.096145834E0
4.454056734E1,2.276262790E-1,-1.917778015E0,-8.683071136E-1,2.117461566E0
4.454559427E1,4.282155931E-1,-2.047988892E0,-4.402360916E-1,2.138091418E0
4.455061792E1,5.905606747E-1,-2.207395077E0,9.720230103E-2,2.287094931E0
4.455564463E1,6.809455752E-1,-2.377061367E0,4.903631210E-1,2.520825978E0
4.456066974E1,6.661857367E-1,-2.514429092E0,1.021502495E0,2.794570529E0
4.456569630E1,5.852319002E-1,-2.715557814E0,1.704734802E0,3.259274668E0
4.457072286E1,6.004322767E-1,-2.822545052E0,2.324674606E0,3.705589226E0
4.457573422E1,5.336197615E-1,-2.873692513E0,2.599273682E0,3.911404144E0
4.458075974E1,5.898794532E-1,-2.874058247E0,2.299386024E0,3.727645995E0
4.458578526E1,5.868567824E-1,-2.866828442E0,1.612247467E0,3.341025006E0
4.459079318E1,5.154749155E-1,-2.899672985E0,6.340322495E-1,3.012609285E0
4.459581755E1,5.250235200E-1,-2.962832451E0,-7.532024384E-2,3.009933383E0
4.460084193E1,6.451315880E-1,-2.968901634E0,-1.668138504E-1,3.042761663E0
4.460586630E1,7.751656771E-1,-3.112238407E0,4.212417603E-1,3.234865430E0
4.461089068E1,9.149601460E-1,-3.182042360E0,1.295853615E0,3.555528406E0
4.461592318E1,9.725080729E-1,-3.222779751E0,1.944735527E0,3.887682799E0
4.462094786E1,1.013900638E0,-3.197930336E0,2.257920265E0,4.043878937E0
4.462596297E1,1.020802379E0,-3.199661732E0,2.360003471E0,4.104812916E0
4.463098667E1,7.315224409E-1,-3.123474836E0,2.676795006E0,4.178091866E0
4.463601036E1,5.145223737E-1,-3.065633297E0,2.576716423E0,4.037611709E0
4.464103406E1,2.836975157E-1,-3.026481628E0,2.251584053E0,3.782817214E0
4.464608896E1,1.618850604E-2,-2.929486036E0,1.940851212E0,3.514122071E0
4.465111422E1,-2.971207201E-1,-2.826417446E0,1.687715530E0,3.305344160E0
4.465613948E1,-5.468919873E-1,-2.630931616E0,1.386984825E0,3.024007096E0
4.466120005E1,-7.532920241E-1,-2.438588858E0,9.766292572E-1,2.732758532E0
4.466622760E1,-7.630563974E-1,-2.180384159E0,7.105236053E-1,2.416852073E0
4.467126307E1,-6.818323135E-1,-1.855274439E0,5.742692947E-1,2.058330336E0
4.467629151E1,-4.347130060E-1,-1.557719469E0,5.295686722E-1,1.701736854E0
4.468131995E1,-1.902691722E-1,-1.296860099E0,6.241416931E-1,1.451758013E0
4.468634838E1,-1.059364825E-1,-8.864426017E-1,8.912305832E-1,1.261465408E0
4.469139656E1,3.433448449E-2,-4.994447827E-1,1.301852226E0,1.394791442E0
4.469642594E1,1.047462225E-1,-6.862378120E-2,1.588023186E0,1.592952803E0
4.470145531E1,9.032709152E-2,4.242709875E-1,1.874176979E0,1.923721446E0
4.470648469E1,-1.088218689E-1,8.397448063E-1,2.160273552E0,2.320300704E0
4.471151406E1,-4.487201869E-1,1.339872599E0,2.341077805E0,2.734456742E0
4.471644536E1,-8.383059502E-1,1.810941100E0,2.306812286E0,3.050188102E0
4.472147068E1,-1.191795349E0,2.232106686E0,2.072029114E0,3.270471076E0
4.472651865E1,-1.421080947E0,2.494898319E0,2.024421692E0,3.513156966E0
4.473154625E1,-1.506447434E0,2.576706409E0,2.020313263E0,3.604228832E0
4.473657385E1,-1.425562501E0,2.630688429E0,1.873138428E0,3.530070484E0
4.474161578E1,-1.288819551E0,2.507804871E0,1.669137001E0,3.276607916E0
4.474664432E1,-1.204464078E0,2.264587641E0,1.613973618E0,3.030511794E0
4.475167286E1,-1.152433395E0,2.000423193E0,1.420497894E0,2.710647515E0
4.475668448E1,-1.013271809E0,1.672275305E0,1.289772987E0,2.342378879E0
4.476171187E1,-7.920002937E-1,1.332543373E0,1.255235672E0,1.994631018E0
4.476671651E1,-5.414845347E-1,1.024422884E0,1.249851227E0,1.704340293E0
4.477174167E1,-2.430852056E-1,8.427600265E-1,1.120611191E0,1.423061601E0
4.477676682E1,4.538023472E-2,6.256660223E-1,9.585886002E-1,1.145604400E0
4.478181167E1,2.661302090E-1,4.073241949E-1,8.069038391E-1,9.422484245E-1
4.478683812E1,3.432175517E-1,1.983410120E-1,1.124630928E0,1.192447973E0
4.479186927E1,3.919715285E-1,-3.079032898E-2,1.514274597E0,1.564486267E0
4.479689620E1,4.216368496E-1,-9.377610683E-2,1.583637238E0,1.641486671E0
4.480191844E1,4.317950010E-1,-1.292926371E-1,1.419240952E0,1.489096500E0
4.480694484E1,3.367243409E-1,-4.105293751E-2,1.255687714E0,1.300699911E0
4.481197125E1,2.465486526E-1,-3.413856030E-2,1.049896240E0,1.078996661E0
4.481699766E1,5.095192790E-2,-1.219678521E-1,9.501209259E-1,9.592716142E-1
4.482202021E1,-1.209130585E-1,-2.181654572E-1,6.357765198E-1,6.829552823E-1
4.482704646E1,-1.734471023E-1,-3.371993899E-1,3.414611816E-1,5.102774387E-1
4.483207271E1,-2.017571032E-1,-4.265335202E-1,1.818828583E-1,5.056858182E-1
4.483709943E1,-2.004514039E-1,-4.963545203E-1,1.521015167E-1,5.564920903E-1
4.484212568E1,-3.225655556E-1,-5.808675885E-1,6.551265717E-2,6.676433189E-1
4.484715193E1,-4.486128092E-1,-8.717594147E-1,-1.303482056E-1,9.890442782E-1
4.485217818E1,-4.877018034E-1,-1.072109222E0,-1.484060287E-1,1.187137559E0
4.485720443E1,-4.694027305E-1,-1.258082151E0,-4.149818420E-2,1.343440256E0
4.486223953E1,-4.180490971E-1,-1.295470476E0,9.455299377E-2,1.364532547E0
4.486726614E1,-2.431647778E-1,-1.398904800E0,-3.211402893E-2,1.420244719E0
4.487229276E1,-1.455234289E-1,-1.434127569E0,-3.386783600E-2,1.441889727E0
4.487732167E1,-1.385052204E-1,-1.487308741E0,1.320953369E-1,1.499573327E0
4.488234844E1,-1.783497930E-1,-1.405668736E0,2.025136948E-1,1.431336801E0
4.488736130E1,-1.026108265E-1,-1.318500280E0,1.153316498E-1,1.327506445E0
4.489238667E1,-8.297616243E-2,-1.121016979E0,-2.402591705E-2,1.124340409E0
4.489741094E1,5.344545841E-2,-9.137033224E-1,4.061393738E-1,1.001328802E0
4.490243620E1,2.146579027E-1,-7.016180754E-1,5.204868317E-1,8.995846157E-1
4.490746146E1,4.000203013E-1,-5.949852467E-1,4.773216248E-1,8.613127299E-1
4.491248672E1,4.951240420E-1,-5.650726557E-1,5.350799561E-1,9.223694935E-1
4.491748088E1,5.626832843E-1,-6.595200300E-1,5.644569397E-1,1.034500259E0
4.492250458E1,5.878350735E-1,-6.883243322E-1,3.984899521E-1,9.890069271E-1
4.492754229E1,6.472153068E-1,-7.183386087E-1,2.783966064E-2,9.673019471E-1
4.493256740E1,6.978282928E-1,-7.820054293E-1,-3.513965607E-1,1.105430396E0
4.493759250E1,7.020550370E-1,-8.211971521E-1,-5.577039719E-1,1.215845285E0
4.494261760E1,6.217409968E-1,-8.305906057E-1,-7.732000351E-1,1.293940074E0
4.494764271E1,6.285236478E-1,-8.239620924E-1,-8.545360565E-1,1.343200423E0
4.495266781E1,6.888726950E-1,-8.348852396E-1,-7.971162796E-1,1.344237076E0
4.495771859E1,6.975829005E-1,-8.591114283E-1,-6.249046326E-1,1.270905248E0
4.496274458E1,7.936904430E-1,-8.482476473E-1,-3.334722519E-1,1.208582779E0
4.496776615E1,9.717736840E-1,-9.075893164E-1,7.227516174E-2,1.331647911E0
4.497279167E1,1.088247299E0,-9.466937780E-1,5.684127808E-1,1.550356212E0
4.497782724E1,1.085987568E0,-9.619746208E-1,8.012599945E-1,1.657341771E0
4.498285375E1,9.846847653E-1,-9.829528332E-1,5.561676025E-1,1.498373372E0
4.498787609E1,7.615472078E-1,-9.574503899E-1,-1.793003082E-2,1.223514154E0
4.499290219E1,6.041432023E-1,-9.232027531E-1,-7.630376816E-1,1.341461455E0
4.499792828E1,5.602156520E-1,-9.413778782E-1,-1.392314911E0,1.771602297E0
4.500295401E1,5.528212786E-1,-9.724695683E-1,-1.691081047E0,2.027575778E0
4.500798010E1,6.434805393E-1,-1.063749313E0,-1.602517128E0,2.028223595E0
4.501300620E1,6.159306765E-1,-1.090947628E0,-1.246566772E0,1.767333031E0
4.501803229E1,4.883857369E-1,-1.078435659E0,-7.524919510E-1,1.402778755E0
4.502305995E1,3.653368354E-1,-9.930768013E-1,-3.163967133E-1,1.104436244E0
4.502808609E1,2.033481598E-1,-9.025831223E-1,6.683921814E-2,9.276175116E-1
4.503310990E1,1.631283760E-2,-7.932674885E-1,3.162622452E-1,8.541435621E-1
4.503813578E1,-1.239154041E-1,-6.896648407E-1,3.844490051E-1,7.992456803E-1
4.504316167E1,-2.795899212E-1,-6.731283665E-1,3.816623688E-1,8.227627152E-1
4.504818755E1,-4.886005819E-1,-1.016048431E0,8.244438171E-1,1.396707754E0
4.505318271E1,-2.299769223E-1,-7.523069382E-1,6.363868713E-1,1.011851454E0
4.505820708E1,-1.975126863E-1,-8.352272511E-1,3.925533295E-1,9.437764241E-1
4.506323146E1,-1.553030014E-1,-4.698998928E-1,-1.320533752E-1,5.122138474E-1
4.506828432E1,-1.229636073E-1,-2.687425613E-1,-6.645421982E-1,7.272956388E-1
4.507331062E1,-1.239169240E-1,-2.633318901E-1,-1.062197685E0,1.101346000E0
4.507833693E1,-1.527704000E-1,-2.571382523E-1,-1.119679451E0,1.158939579E0
4.508338177E1,-1.139818728E-1,-3.457918167E-1,-9.713315964E-1,1.037327777E0
4.508840932E1,-8.362352848E-3,-3.902044296E-1,-7.657747269E-1,8.595000629E-1
4.509343687E1,6.042212248E-3,-4.773855209E-1,-6.078844070E-1,7.729533597E-1
4.509845042E1,-3.747710586E-2,-5.740580559E-1,-4.305095673E-1,7.185302168E-1
4.510347703E1,-6.281724572E-2,-6.087374687E-1,-3.243799210E-1,6.926251839E-1
4.510850365E1,-1.275453568E-1,-6.339850426E-1,-2.751064301E-1,7.027719403E-1
4.511349672E1,-1.789429635E-1,-6.203436852E-1,-1.395483017E-1,6.605456838E-1
4.511852109E1,-2.654134631E-1,-6.640396118E-1,2.987480164E-2,7.157411657E-1
4.512354427E1,-3.446353972E-1,-6.930646896E-1,1.783657074E-2,7.742288836E-1
4.512856854E1,-4.211959839E-1,-7.891688347E-1,-2.696132660E-2,8.949415733E-1
4.513359281E1,-4.798063636E-1,-8.280534744E-1,-2.096548080E-1,9.797151839E-1
4.513861708E1,-4.148913026E-1,-8.575158119E-1,-5.779561996E-1,1.114226875E0
4.514364135E1,-4.126927853E-1,-8.152661324E-1,-8.495521545E-1,1.247683079E0
4.514867734E1,-3.386203349E-1,-6.966724396E-1,-9.671564102E-1,1.239115709E0
4.515370208E1,-2.931415141E-1,-6.402068138E-1,-1.017221451E0,1.237148411E0
4.515872682E1,-1.996410191E-1,-5.070538521E-1,-1.023773193E0,1.159772261E0
4.516378588E1,-6.752511859E-2,-4.029169083E-1,-9.818506241E-1,1.063453019E0
4.516881292E1,4.081341624E-2,-3.318138123E-1,-7.676038742E-1,8.372465877E-1
4.517383995E1,1.156024039E-1,-2.700271606E-1,-4.671812057E-1,5.518485864E-1
4.517886698E1,1.657543182E-1,-2.459278107E-1,-2.195549011E-1,3.689977462E-1
4.518392937E1,8.064123988E-2,-3.363318443E-1,1.190576553E-1,3.657825097E-1
4.518895818E1,6.582328677E-2,-4.543194771E-1,2.420139313E-1,5.189505133E-1
4.519398698E1,3.952205181E-2,-5.623664856E-1,1.214027405E-1,5.766772772E-1
4.519896943E1,-2.640575171E-2,-6.983203888E-1,-1.758270264E-1,7.205995922E-1
4.520399510E1,-1.695159078E-1,-7.818508148E-1,-5.866279602E-1,9.920477324E-1
4.520902078E1,-2.260277867E-1,-7.882781029E-1,-8.675694466E-1,1.193795490E0
4.521400609E1,-2.432825416E-1,-7.935643196E-1,-1.028877735E0,1.321938016E0
4.521902911E1,-1.680711955E-1,-6.980199814E-1,-1.051096439E0,1.272903589E0
4.522407229E1,-1.154165268E-1,-6.451315880E-1,-9.823050499E-1,1.180863646E0
4.522909740E1,-1.140325963E-1,-6.347818375E-1,-7.891941071E-1,1.019204961E0
4.523412250E1,-8.746948838E-2,-6.102190018E-1,-6.435680389E-1,8.911778511E-1
4.523914760E1,-7.089763880E-3,-6.146655083E-1,-5.117530823E-1,7.998469660E-1
4.524420349E1,5.988192558E-2,-5.863904953E-1,-4.650697708E-1,7.508192524E-1
4.524923010E1,1.658214927E-1,-6.059966087E-1,-4.943819046E-1,7.994636482E-1
4.525425583E1,2.867419124E-1,-6.302270889E-1,-4.944930077E-1,8.508410207E-1
4.525928234E1,3.839763105E-1,-6.345739365E-1,-5.376291275E-1,9.160605693E-1
4.526430885E1,3.472542167E-1,-7.047348022E-1,-5.092954636E-1,9.362790726E-1
4.526933536E1,3.247437775E-1,-6.779918671E-1,-4.957118034E-1,9.004785866E-1
4.527436625E1,2.970156372E-1,-6.119036674E-1,-5.494427681E-1,8.743750582E-1
4.527939297E1,1.545121968E-1,-5.305562019E-1,-5.603480339E-1,7.869903567E-1
4.528439151E1,-3.511313200E-1,-5.008869171E-1,-3.563766479E-1,7.079443642E-1
4.528941547E1,-1.062403172E-1,-1.984190941E-1,-5.922718048E-1,6.335953225E-1
4.529443943E1,2.096580267E-1,-6.790876389E-2,-6.987056732E-1,7.326374998E-1
4.529949021E1,5.018342733E-1,-4.096031189E-3,-7.331299782E-1,8.884446974E-1
4.530451604E1,8.228961229E-1,3.185129166E-2,-7.534732819E-1,1.116196452E0
4.530954187E1,4.893743992E-1,-2.750444412E-2,-6.254062653E-1,7.945922185E-1
4.531453505E1,-1.578193903E-2,-1.195693016E-1,-5.454449654E-1,5.586198150E-1
4.531955870E1,-3.298832774E-1,-2.830858231E-1,-4.747490883E-1,6.436981100E-1
4.532459099E1,-4.009546638E-1,-4.221420288E-1,-4.086766243E-1,7.113263092E-1
4.532961552E1,-3.202628791E-1,-6.033515930E-1,-3.619318008E-1,7.730433914E-1
4.533464005E1,-1.643411517E-1,-7.025141716E-1,-2.578053474E-1,7.661577988E-1
4.533967500E1,-3.798864782E-2,-7.535762787E-1,-2.442908287E-1,7.930941647E-1
4.534470021E1,2.078101039E-2,-7.614345551E-1,-3.212246895E-1,8.266799460E-1
4.534972542E1,5.086565018E-2,-7.691311836E-1,-3.642210960E-1,8.525298228E-1
4.535474375E1,9.545165300E-2,-7.670068741E-1,-3.782014847E-1,8.604922579E-1
4.535976849E1,1.117002070E-1,-7.694931030E-1,-3.918304443E-1,8.707052710E-1
4.536479323E1,9.957116842E-2,-8.002619743E-1,-4.244785309E-1,9.113263237E-1
4.536981797E1,9.254026413E-2,-8.208770752E-1,-4.236712456E-1,9.283858020E-1
4.537485375E1,8.079168200E-2,-8.218073845E-1,-3.463878632E-1,8.954770934E-1
4.537987906E1,7.356396317E-2,-7.646842003E-1,-2.980818748E-1,8.240184385E-1
4.538490437E1,8.029408753E-2,-8.075609207E-1,-2.163777351E-1,8.398935084E-1
4.538992713E1,6.245747209E-2,-7.685613632E-1,-1.635127068E-1,7.882410229E-1
4.539495229E1,1.779921949E-1,-7.626442909E-1,-1.345920563E-1,7.946210150E-1
4.539997745E1,2.544114590E-1,-7.705149651E-1,-1.871194839E-1,8.327257670E-1
4.540502448E1,3.491520882E-1,-7.827877998E-1,-3.112106323E-1,9.118749793E-1
4.541005109E1,3.574120700E-1,-7.656507492E-1,-3.063240051E-1,8.987763090E-1
4.541507771E1,2.700544894E-1,-7.863864899E-1,-2.822985649E-1,8.780806446E-1
4.542011349E1,2.880514264E-1,-7.876896858E-1,-3.442206383E-1,9.065961136E-1
4.542514073E1,2.247357368E-1,-7.744331360E-1,-3.866868019E-1,8.943039284E-1
4.543016797E1,1.426977515E-1,-7.276659012E-1,-4.956197739E-1,8.919076591E-1
4.543516500E1,7.075241208E-2,-6.758742332E-1,-5.134239197E-1,8.517135694E-1
4.544019021E1,4.694032669E-2,-6.625046730E-1,-5.353488922E-1,8.530617049E-1
4.544521875E1,5.194839835E-2,-6.682643890E-1,-4.706506729E-1,8.190164746E-1
4.545024432E1,9.037548304E-2,-6.786665916E-1,-4.008712769E-1,7.933812773E-1
4.545526109E1,1.957279146E-1,-6.745314598E-1,-3.882422447E-1,8.025173814E-1
4.546028578E1,2.819421291E-1,-6.511468887E-1,-3.608894348E-1,7.960683507E-1
4.546531047E1,3.060083389E-1,-7.135677338E-1,-4.434094429E-1,8.941095840E-1
4.547033516E1,3.111720681E-1,-7.707366943E-1,-5.592699051E-1,1.001821309E0
4.547535984E1,2.782156765E-1,-7.459263802E-1,-6.322073936E-1,1.016610208E0
4.548045573E1,2.886216640E-1,-8.022232056E-1,-6.282873154E-1,1.059060663E0
4.548548328E1,2.704497278E-1,-8.287181854E-1,-6.348299980E-1,1.078390473E0
4.549051083E1,2.621899247E-1,-8.833241463E-1,-5.363950729E-1,1.066172959E0
4.549550083E1,1.872839928E-1,-8.559327126E-1,-5.436682701E-1,1.031150469E0
4.550052588E1,1.221506894E-1,-8.332114220E-1,-5.219163895E-1,9.907364847E-1
4.550555620E1,2.359990776E-2,-7.717785835E-1,-5.912170410E-1,9.724899625E-1
4.551058177E1,-6.072989106E-2,-7.432742119E-1,-7.038526535E-1,1.025452696E0
4.551560734E1,-1.310498714E-1,-7.046999931E-1,-7.592158318E-1,1.044119164E0
4.552063068E1,-1.444040537E-1,-6.224989891E-1,-7.814493179E-1,1.009465482E0
4.552565609E1,-1.391340494E-1,-5.446934700E-1,-7.321300507E-1,9.230729500E-1
4.553068151E1,-7.698917389E-2,-4.329829216E-1,-6.831531525E-1,8.124652442E-1
4.553567833E1,2.291788161E-2,-3.686995506E-1,-6.584663391E-1,7.550115944E-1
4.554070187E1,1.272654235E-1,-2.803063393E-1,-5.763492584E-1,6.534115086E-1
4.554572542E1,2.171108872E-1,-2.011175156E-1,-4.467635155E-1,5.358946083E-1
4.555077943E1,3.882418275E-1,-7.395648956E-2,-3.459405899E-1,5.252391557E-1
4.555580495E1,5.023239255E-1,7.735919952E-2,-2.980384827E-1,5.891864807E-1
4.556083833E1,5.167292953E-1,2.094287872E-1,-3.024611473E-1,6.343124838E-1
4.556586469E1,4.557487071E-1,3.987932205E-1,-3.495793343E-1,6.992486165E-1
4.557089104E1,3.718675375E-1,5.305013657E-1,-4.534907341E-1,7.908040278E-1
4.557591740E1,3.129380345E-1,5.951700211E-1,-5.808215141E-1,8.885444270E-1
4.558094208E1,1.497446597E-1,6.168375015E-1,-6.072597504E-1,8.784511203E-1
4.558596833E1,1.022966355E-1,5.907688141E-1,-6.572422981E-1,8.896290417E-1
4.559099901E1,-4.473397136E-2,5.025434494E-1,-7.304944992E-1,8.877912255E-1
4.559602573E1,-2.197080404E-1,3.714246750E-1,-7.266240120E-1,8.451096775E-1
4.560104786E1,-3.417106569E-1,2.788820267E-1,-7.367734909E-1,8.587063146E-1
4.560607411E1,-3.632662892E-1,1.388483047E-1,-6.366829872E-1,7.460606375E-1
4.561109990E1,-3.467646241E-1,-5.502700806E-3,-6.274867058E-1,7.169487779E-1
4.561612609E1,-3.594010472E-1,-1.111440659E-1,-4.985990524E-1,6.245983759E-1
4.562114979E1,-2.910271883E-1,-1.493978500E-1,-3.889369965E-1,5.082209452E-1
4.562617573E1,-2.279105335E-1,-1.540069580E-1,-2.837653160E-1,3.952013525E-1
4.563120167E1,-1.796324253E-1,-1.681089401E-1,-2.929549217E-1,3.825585055E-1
4.563622880E1,-7.905665785E-2,-1.773443222E-1,-3.398356438E-1,3.913939557E-1
4.564125479E1,-6.015830487E-2,-1.864147186E-1,-4.771275520E-1,5.157714318E-1
4.564628078E1,-1.762135327E-2,-1.569070816E-1,-6.572101116E-1,6.759108485E-1
4.565130677E1,-2.778777480E-2,-1.988239288E-1,-8.036081791E-1,8.283050287E-1
4.565633370E1,-3.799296170E-2,-1.352367401E-1,-8.778665066E-1,8.890343325E-1
4.566135974E1,-1.246406585E-1,-1.287870407E-1,-9.520173073E-1,9.687405994E-1
4.566638286E1,-1.872985959E-1,-1.747579575E-1,-9.396669865E-1,9.739584966E-1
4.567140859E1,-2.551356852E-1,-2.061843872E-1,-9.316396713E-1,9.877037494E-1
4.567643432E1,-2.281015813E-1,-2.518224716E-1,-8.512883186E-1,9.165897065E-1
4.568146318E1,-1.110487431E-1,-3.882198334E-1,-7.511804104E-1,8.528296848E-1
4.568648911E1,1.941435039E-2,-4.240293503E-1,-7.220308781E-1,8.375597864E-1
4.569151594E1,1.586667895E-1,-4.885463715E-1,-7.588272095E-1,9.163358778E-1
4.569654198E1,2.687360644E-1,-5.243053436E-1,-8.185079098E-1,1.008499065E0
4.570156844E1,3.213094473E-1,-5.934505463E-1,-8.868265152E-1,1.114398753E0
4.570659448E1,3.165623546E-1,-6.624450684E-1,-8.776974678E-1,1.144289316E0
4.571162052E1,3.550163209E-1,-6.498842239E-1,-9.253571033E-1,1.185188534E0
4.571664698E1,3.601465225E-1,-6.514749527E-1,-9.676542282E-1,1.220852095E0
4.572167307E1,2.746284604E-1,-6.097440720E-1,-1.009535551E0,1.210937923E0
4.572670031E1,2.754688859E-1,-5.724992752E-1,-1.094218731E0,1.265287777E0
4.573172651E1,2.476130128E-1,-5.731658936E-1,-1.130906343E0,1.291812875E0
4.573675271E1,2.247418612E-1,-5.494956970E-1,-1.100622177E0,1.250529329E0
4.574177646E1,2.403204739E-1,-5.206747055E-1,-1.089464664E0,1.231173966E0
4.574680250E1,2.227439880E-1,-5.011091232E-1,-1.082914233E0,1.213848621E0
4.575182854E1,2.342212945E-1,-4.860277176E-1,-1.071331859E0,1.199514280E0
4.575685458E1,2.365646064E-1,-4.467887878E-1,-1.102354884E0,1.212752788E0
4.576187963E1,2.633383274E-1,-5.077075958E-1,-1.109135509E0,1.247916525E0
4.576690562E1,3.144274652E-1,-4.964942932E-1,-1.172983050E0,1.311968159E0
4.577193505E1,2.799817324E-1,-4.802141190E-1,-1.159841895E0,1.286168182E0
4.577696135E1,2.795788050E-1,-4.636392593E-1,-1.184613705E0,1.302472764E0
4.578198344E1,2.651400864E-1,-4.802198410E-1,-1.180359364E0,1.301598474E0
4.578700932E1,2.080934495E-1,-4.676847458E-1,-1.171231270E0,1.278207570E0
4.579203521E1,9.879433364E-2,-5.265264511E-1,-1.166697979E0,1.283812525E0
4.579706109E1,3.268939257E-2,-5.610275269E-1,-1.118829966E0,1.252038727E0
4.580208880E1,-2.872017398E-2,-5.759391785E-1,-1.099646330E0,1.241673402E0
4.580711479E1,-8.067172021E-2,-5.951995850E-1,-1.133019209E0,1.282381768E0
4.581214104E1,-1.232374609E-1,-5.613956451E-1,-1.156793714E0,1.291713683E0
4.581716703E1,-1.803166717E-1,-5.606527328E-1,-1.147178531E0,1.289520907E0
4.582219115E1,-1.801958978E-1,-5.163993835E-1,-1.185590148E0,1.305665686E0
4.582721693E1,-1.994801909E-1,-4.956483841E-1,-1.262415528E0,1.370821882E0
4.583224599E1,-1.756910384E-1,-4.648590088E-1,-1.248668671E0,1.343925105E0
4.583727208E1,-1.948835552E-1,-3.953428268E-1,-1.264102221E0,1.338741937E0
4.584229526E1,-1.806846112E-1,-3.349714279E-1,-1.265691757E0,1.321676364E0
4.584732104E1,-1.810729504E-1,-2.932863235E-1,-1.196205139E0,1.244873896E0
4.585235099E1,-1.720806062E-1,-3.037557602E-1,-1.079630375E0,1.134672218E0
4.585737719E1,-1.444042176E-1,-2.754640579E-1,-1.016450405E0,1.062969638E0
4.586239911E1,-1.267297417E-1,-2.467336655E-1,-1.030519009E0,1.067196025E0
4.586742490E1,-1.572479606E-1,-2.415466309E-1,-1.049661398E0,1.088513090E0
4.587245068E1,-2.071208954E-1,-2.407417297E-1,-1.035658360E0,1.083256149E0
4.587747740E1,-1.903408021E-1,-2.060737610E-1,-1.074576259E0,1.110590002E0
4.588250323E1,-2.359546721E-1,-2.093372345E-1,-1.123227954E0,1.166678071E0
4.588753219E1,-2.625586092E-1,-1.691808701E-1,-1.172097445E0,1.213001076E0
4.589255833E1,-2.461647242E-1,-9.997367859E-2,-1.154502749E0,1.184680719E0
4.589758146E1,-2.632234693E-1,-1.131439209E-2,-1.161499143E0,1.191005822E0
4.590260729E1,-2.468221933E-1,5.369949341E-2,-1.082899332E0,1.111969331E0
4.590763161E1,-2.589685321E-1,1.237878799E-1,-1.057547450E0,1.095807807E0
4.591265729E1,-2.805455923E-1,2.180604935E-1,-1.013612866E0,1.074089033E0
4.591768573E1,-2.110524625E-1,3.077926636E-1,-9.799035788E-1,1.048565920E0
4.592271167E1,-1.366378069E-1,3.260307312E-1,-9.947219491E-1,1.055669306E0
4.592773760E1,-9.066090733E-2,4.115571976E-1,-1.000749350E0,1.085862785E0
4.593276354E1,-1.255933344E-1,4.734239578E-1,-1.022064924E0,1.133366948E0
4.593778943E1,-1.171014681E-1,4.685974121E-1,-1.020341754E0,1.128890421E0
4.594281536E1,-8.921830356E-2,4.880313873E-1,-1.115376472E0,1.220737161E0
4.594784130E1,-6.094453484E-2,4.934234619E-1,-1.101458788E0,1.208466967E0
4.595285453E1,-8.478982747E-2,5.804319382E-1,-1.208396196E0,1.343246782E0
4.595787963E1,-4.115851969E-2,6.245832443E-1,-1.249357462E0,1.397387677E0
4.596291630E1,2.908177674E-3,6.402769089E-1,-1.320290089E0,1.467354387E0
4.596794260E1,4.438772798E-3,6.514635086E-1,-1.354544163E0,1.503068293E0
4.597296890E1,7.329014689E-2,6.628885269E-1,-1.366118431E0,1.520221106E0
4.597799724E1,-7.736095786E-2,6.506309509E-1,-1.379094601E0,1.526829155E0
4.598302370E1,-2.562049627E-1,6.864347458E-1,-1.307263732E0,1.498590040E0
4.598805016E1,-2.436735630E-1,6.936960220E-1,-1.246211290E0,1.446939376E0
4.599307219E1,-2.074481696E-1,7.202587128E-1,-1.248458266E0,1.456178354E0
4.599809833E1,-1.619025171E-1,7.230367661E-1,-1.222900152E0,1.429852920E0
4.600312474E1,-1.404232532E-1,6.877002716E-1,-1.212484241E0,1.400988361E0
4.600815088E1,-1.332671344E-1,6.908140182E-1,-1.212570071E0,1.401895258E0
4.601317963E1,-1.548164934E-1,6.414518356E-1,-1.275632977E0,1.436199184E0
4.601820604E1,-1.285690814E-1,5.731487274E-1,-1.286896467E0,1.414613725E0
4.602323245E1,-1.453963071E-1,5.480928421E-1,-1.342059851E0,1.456938740E0
4.602823792E1,-1.144116521E-1,4.562273026E-1,-1.393520951E0,1.470759674E0
4.603326292E1,-5.962963402E-2,4.171829224E-1,-1.431383967E0,1.492131813E0
4.603828792E1,-1.443004608E-2,3.878488541E-1,-1.432122469E0,1.483782237E0
4.604333213E1,2.300992608E-3,3.442935944E-1,-1.443463087E0,1.483957229E0
4.604835844E1,-5.244353414E-2,3.295679092E-1,-1.431997895E0,1.470368424E0
4.605338953E1,-8.299657702E-2,3.053693771E-1,-1.392707109E0,1.428205861E0
4.605841630E1,-1.298633218E-2,2.669181824E-1,-1.397614360E0,1.422933540E0
4.606344307E1,5.225516856E-2,2.716140747E-1,-1.484694839E0,1.510239574E0
4.606845562E1,1.175457016E-1,2.667903900E-1,-1.548741817E0,1.575942677E0
4.607348146E1,1.399892867E-1,2.428913116E-1,-1.608954906E0,1.633195971E0
4.607850729E1,1.723260731E-1,2.047195435E-1,-1.540942788E0,1.564004809E0
4.608355047E1,1.284915954E-1,1.570720673E-1,-1.574416161E0,1.587440698E0
4.608857734E1,1.039597318E-1,1.142959595E-1,-1.589592338E0,1.597083276E0
4.609360422E1,3.161922097E-2,1.146430969E-1,-1.681922555E0,1.686121673E0
4.609863109E1,-2.624644339E-2,1.389265060E-1,-1.765281200E0,1.770933981E0
4.610365797E1,-2.676701546E-2,1.440591812E-1,-1.758691430E0,1.764784708E0
4.610867453E1,-1.337736845E-2,1.730909348E-1,-1.743704081E0,1.752325126E0
4.611370094E1,1.399153471E-2,2.498960495E-1,-1.667878270E0,1.686553208E0
4.611872448E1,5.051766336E-2,2.165899277E-1,-1.564692616E0,1.580419633E0
4.612375062E1,1.057211459E-1,1.976566315E-1,-1.491208315E0,1.507961320E0
4.612877427E1,2.035340816E-1,2.026472092E-1,-1.384915709E0,1.414384508E0
4.613380016E1,2.387462556E-1,1.980571747E-1,-1.331876040E0,1.367523383E0
4.613882807E1,2.449157238E-1,1.791076660E-1,-1.346581459E0,1.380342310E0
4.614385417E1,1.267360449E-1,1.936502457E-1,-1.366678596E0,1.386135934E0
4.614888026E1,4.197204113E-2,1.985931396E-1,-1.521276236E0,1.534758050E0
4.615390635E1,-4.788368940E-2,2.226343155E-1,-1.642873764E0,1.658581650E0
4.615893177E1,-9.017738700E-2,2.418270111E-1,-1.755672812E0,1.774541994E0
4.616395781E1,-1.328998208E-1,2.705163956E-1,-1.802391529E0,1.827418044E0
4.616898385E1,-9.958609939E-2,2.608594894E-1,-1.883593559E0,1.904176925E0
4.617401026E1,-1.385325789E-1,2.702875137E-1,-1.994609714E0,2.017601181E0
4.617903630E1,-1.587208807E-1,2.748584747E-1,-2.073449135E0,2.097601205E0
4.618406234E1,-1.553857625E-1,2.650032043E-1,-2.129980564E0,2.152019665E0
4.618905292E1,-9.041836858E-2,2.455167770E-1,-2.145129681E0,2.161026450E0
4.619407661E1,-2.124607563E-2,2.164115906E-1,-2.123728514E0,2.134832118E0
4.619910031E1,3.318792582E-2,2.255344391E-1,-2.013195038E0,2.026060582E0
4.620414588E1,1.064881086E-1,2.298011780E-1,-1.894925833E0,1.911777239E0
4.620917104E1,1.078985631E-1,2.675075531E-1,-1.753986239E0,1.777546095E0
4.621419620E1,9.984949231E-2,2.860136032E-1,-1.705224872E0,1.731925392E0
4.621921281E1,2.002578974E-2,3.044805527E-1,-1.638151884E0,1.666328609E0
4.622423740E1,-5.012613535E-2,2.511768341E-1,-1.629293561E0,1.649302865E0
4.622926198E1,-8.691370487E-2,1.787996292E-1,-1.616285801E0,1.628466484E0
4.623429693E1,-1.240642965E-1,1.447544098E-1,-1.603886724E0,1.615177517E0
4.623932224E1,-7.539427280E-2,1.250896454E-1,-1.596824408E0,1.603489914E0
4.624436078E1,-2.709084749E-2,1.150016785E-1,-1.571348310E0,1.575783872E0
4.624938740E1,6.496369839E-3,6.187820435E-2,-1.522623658E0,1.523894327E0
4.625441401E1,-7.832109928E-3,8.056545258E-2,-1.455339909E0,1.457589237E0
4.625942651E1,-2.213862538E-2,4.185390472E-2,-1.446046472E0,1.446821435E0
4.626445213E1,-4.120481014E-2,4.146575928E-2,-1.427702665E0,1.428898928E0
4.626947776E1,-5.088061094E-2,1.239204407E-2,-1.457775235E0,1.458715543E0
4.627449974E1,-7.529595494E-2,-1.185703278E-2,-1.459620476E0,1.461609388E0
4.627952516E1,-4.737877846E-2,-6.475830078E-2,-1.500141382E0,1.502285776E0
4.628455057E1,-5.795440078E-2,-5.062294006E-2,-1.478954315E0,1.480954848E0
4.628957172E1,-8.773940802E-2,-4.126167297E-2,-1.491770029E0,1.494917573E0
4.629459682E1,-1.177351177E-1,-1.754379272E-2,-1.471681833E0,1.476487982E0
4.629962193E1,-1.670688093E-1,1.095104218E-2,-1.490612745E0,1.499986090E0
4.630465109E1,-2.452818453E-1,-1.316928864E-2,-1.505499482E0,1.525406603E0
4.630967646E1,-2.713464797E-1,2.493381500E-2,-1.501910567E0,1.526429153E0
4.631470203E1,-2.596265376E-1,-3.935813904E-3,-1.417709112E0,1.441291281E0
4.631972740E1,-2.148485780E-1,2.943801880E-2,-1.372491360E0,1.389517557E0
4.632475276E1,-1.752609909E-1,2.455520630E-2,-1.294262886E0,1.306306163E0
4.632977812E1,-1.216738522E-1,5.320167542E-2,-1.254690409E0,1.261698445E0
4.633484390E1,-8.740466833E-2,1.105661392E-1,-1.287394524E0,1.295086525E0
4.633987130E1,-6.737309694E-2,1.296682358E-1,-1.267661572E0,1.276055973E0
4.634489870E1,-4.241177440E-2,1.344757080E-1,-1.296391487E0,1.304037332E0
4.634992609E1,1.133608818E-2,1.345767975E-1,-1.359433174E0,1.366125169E0
4.635491099E1,1.251164079E-2,1.538953781E-1,-1.418361425E0,1.426740853E0
4.635993625E1,4.263019562E-2,1.828670502E-1,-1.497802615E0,1.509526537E0
4.636496151E1,-1.763609052E-2,1.724338531E-1,-1.519587517E0,1.529441299E0
4.637002198E1,-1.060858369E-2,1.906709671E-1,-1.399863958E0,1.412829452E0
4.637504963E1,-6.032332778E-2,2.183389664E-1,-1.262657166E0,1.282814845E0
4.638007338E1,-7.125353813E-2,2.268724442E-1,-1.212401509E0,1.235502162E0
4.638510062E1,-5.322903395E-2,2.164325714E-1,-1.172347903E0,1.193346552E0
4.639012786E1,-9.691825509E-2,1.919164658E-1,-1.184972763E0,1.204319529E0
4.639515588E1,-1.258868873E-1,2.009267807E-1,-1.226153135E0,1.248867724E0
4.640018318E1,-2.211271822E-1,2.621784210E-1,-1.295735598E0,1.340360211E0
4.640520562E1,-2.731786370E-1,2.612667084E-1,-1.265402079E0,1.320654868E0
4.641023245E1,-2.873665392E-1,2.984352112E-1,-1.316700339E0,1.380341583E0
4.641525927E1,-1.832838655E-1,2.356634140E-1,-1.349154592E0,1.381791711E0
4.642028219E1,-1.566639245E-1,1.640157700E-1,-1.405842543E0,1.424021774E0
4.642530875E1,-1.166595221E-1,1.073160172E-1,-1.462878108E0,1.471440971E0
4.643033255E1,-7.286620140E-2,3.719329834E-3,-1.515558720E0,1.517313926E0
4.643535880E1,-4.895317554E-2,-3.239631653E-2,-1.426448822E0,1.427656183E0
4.644038432E1,2.917259932E-3,-8.230876923E-2,-1.291531324E0,1.294154707E0
4.644541052E1,2.579224110E-2,-1.696195602E-1,-1.111190796E0,1.124358048E0
4.645043672E1,5.669951439E-3,-2.227878571E-1,-9.093825221E-1,9.362922349E-1
4.645546505E1,-8.558350801E-2,-2.468461990E-1,-7.335258722E-1,7.786641048E-1
4.646049135E1,-1.381466091E-1,-2.515373230E-1,-6.022037864E-1,6.670868840E-1
4.646551766E1,-1.761358380E-1,-2.560186386E-1,-4.911623597E-1,5.812141089E-1
4.647054396E1,-2.046071589E-1,-2.935352325E-1,-4.903942645E-1,6.070531746E-1
4.647557026E1,-2.283238769E-1,-2.783346176E-1,-5.135011673E-1,6.271247092E-1
4.648062849E1,-3.660049438E-1,-2.962923050E-1,-5.227075815E-1,7.035424399E-1
4.648565609E1,-4.409345090E-1,-2.901754379E-1,-5.794962645E-1,7.838628366E-1
4.649068370E1,-4.823224843E-1,-3.123979568E-1,-6.362401247E-1,8.573382988E-1
4.649567552E1,-4.666815698E-1,-3.342504501E-1,-6.689848900E-1,8.815077050E-1
4.650070073E1,-4.516124725E-1,-3.224124908E-1,-7.072151899E-1,8.989198877E-1
4.650571568E1,-3.752529621E-1,-3.104267120E-1,-7.078198195E-1,8.591789254E-1
4.651073984E1,-2.951446772E-1,-3.220014572E-1,-6.808367968E-1,8.089091808E-1
4.651577677E1,-2.349685729E-1,-2.952051163E-1,-5.883894563E-1,6.989695581E-1
4.652080229E1,-2.008241415E-1,-2.941875458E-1,-5.390986800E-1,6.461455213E-1
4.652583052E1,-9.546610713E-2,-1.924114227E-1,-4.619518518E-1,5.094462156E-1
4.653085630E1,-3.412961960E-4,-1.047677994E-1,-4.430693388E-1,4.552876533E-1
4.653588208E1,7.023818791E-2,-1.210498810E-2,-4.296928644E-1,4.355638776E-1
4.654090297E1,1.212516129E-1,1.094903946E-1,-4.552390575E-1,4.836658967E-1
4.654592844E1,1.577066034E-1,1.500320435E-1,-5.246324539E-1,5.679966536E-1
4.655095390E1,1.126231104E-1,2.722291946E-1,-5.277727842E-1,6.044309813E-1
4.655597937E1,1.057347208E-1,3.086175919E-1,-5.413066745E-1,6.320107317E-1
4.656100792E1,1.273544133E-2,3.406257629E-1,-5.317733288E-1,6.316414925E-1
4.656603349E1,-4.195544869E-2,3.013086319E-1,-4.560904503E-1,5.482386799E-1
4.657105906E1,-7.270427048E-2,2.863769531E-1,-3.762786388E-1,4.784174791E-1
4.657610609E1,-1.415180862E-1,2.479686737E-1,-3.830825090E-1,4.777740476E-1
4.658113307E1,-2.434229851E-1,2.385931015E-1,-4.278563261E-1,5.470305782E-1
4.658616005E1,-2.204815894E-1,2.104387283E-1,-4.582153559E-1,5.503252693E-1
4.659118703E1,-1.351909786E-1,2.065992355E-1,-2.686884403E-1,3.649017988E-1
4.659615917E1,-1.665167511E-3,1.791334152E-1,-7.430732250E-2,1.939410514E-1
4.660118333E1,1.418575943E-1,1.857042313E-1,4.723143578E-2,2.384123467E-1
4.660622271E1,2.095248401E-1,2.070341110E-1,1.013579369E-1,3.115079664E-1
4.661124838E1,2.396533936E-1,1.856498718E-1,1.841259003E-1,3.546857357E-1
4.661627406E1,2.417169213E-1,1.934099197E-1,1.756401062E-1,3.559268380E-1
4.662131948E1,2.824591696E-1,2.064924240E-1,1.041896343E-1,3.650722991E-1
4.662634646E1,2.613049448E-1,1.913614273E-1,1.317954063E-2,3.241499195E-1
4.663137344E1,2.355659008E-1,1.721372604E-1,3.110694885E-2,2.934112682E-1
4.663640021E1,2.100372910E-1,1.631307602E-1,1.940751076E-2,2.666532580E-1
4.664142719E1,1.940561235E-1,1.260099411E-1,5.972123146E-2,2.389621514E-1
4.664645120E1,1.589186192E-1,1.372632980E-1,7.575798035E-2,2.232389126E-1
4.665147786E1,1.094639599E-1,1.154460907E-1,-2.776479721E-2,1.614962611E-1
4.665650453E1,8.885477483E-2,9.402465820E-2,-1.596477032E-1,2.054828375E-1
4.666152807E1,5.391133204E-2,1.590948105E-1,-2.720916271E-1,3.197677970E-1
4.666655453E1,6.205567718E-2,2.197637558E-1,-3.749535084E-1,4.390183924E-1
4.667158099E1,7.961806655E-2,2.521600723E-1,-5.113959312E-1,5.757165423E-1
4.667660745E1,1.498901546E-1,2.850818634E-1,-6.289634705E-1,7.066355316E-1
4.668166114E1,2.970001101E-1,2.805395126E-1,-7.571935654E-1,8.603799039E-1
4.668668896E1,3.249472678E-1,2.671794891E-1,-8.191852570E-1,9.208909227E-1
4.669171677E1,3.966422975E-1,1.829824448E-1,-8.105933666E-1,9.207981827E-1
4.669674458E1,4.019445479E-1,9.499931335E-2,-8.366553783E-1,9.330468966E-1
4.670173479E1,4.078875184E-1,-3.034019470E-2,-8.156609535E-1,9.124667370E-1
4.670676073E1,4.384921193E-1,-1.497211456E-1,-8.247556686E-1,9.459987701E-1
4.671178667E1,4.314677119E-1,-2.346324921E-1,-9.254877567E-1,1.047732972E0
4.671681260E1,4.347462952E-1,-2.995014191E-1,-1.002808571E0,1.133283050E0
4.672182495E1,3.958103657E-1,-3.301362991E-1,-1.018099308E0,1.141131904E0
4.672685021E1,3.096300066E-1,-4.172163010E-1,-1.072412014E0,1.191640764E0
4.673187547E1,2.479239404E-1,-5.558996201E-1,-1.055606842E0,1.218522250E0
4.673690073E1,2.056492269E-1,-6.313619614E-1,-1.072876215E0,1.261734086E0
4.674194312E1,1.013007313E-1,-7.630615234E-1,-1.105420351E0,1.347025939E0
4.674696922E1,5.932077020E-2,-8.411712646E-1,-1.157367468E0,1.431987258E0
4.675198865E1,3.658165783E-2,-9.134507179E-1,-1.267216921E0,1.562552129E0
4.675701411E1,1.389665157E-2,-9.701771736E-1,-1.286951542E0,1.611732340E0
4.676202583E1,2.483122051E-2,-9.876084328E-1,-1.187589884E0,1.544783719E0
4.676704984E1,3.596317023E-2,-9.895510674E-1,-1.141723394E0,1.511303071E0
4.677207385E1,2.836494148E-2,-9.665894508E-1,-1.105904818E0,1.469055888E0
4.677709786E1,6.406278908E-2,-1.009673595E0,-9.938848019E-1,1.418221354E0
4.678215974E1,3.777795285E-2,-9.941201210E-1,-9.018723965E-1,1.342786583E0
4.678718562E1,2.111896127E-2,-9.636359215E-1,-8.812263012E-1,1.305986215E0
4.679220687E1,3.302311897E-2,-9.372248650E-1,-9.560501575E-1,1.339220997E0
4.679723229E1,2.566871047E-2,-1.024781704E0,-1.107264280E0,1.508930287E0
4.680225818E1,3.714436293E-2,-1.044432163E0,-1.176932573E0,1.573972214E0
4.680728365E1,4.858090729E-2,-1.087082386E0,-1.275217772E0,1.676391536E0
4.681230917E1,-1.157882437E-2,-1.090573788E0,-1.258518934E0,1.665339354E0
4.681733463E1,-2.373276278E-2,-1.121903896E0,-1.208268642E0,1.648982932E0
4.682235932E1,-7.417366654E-2,-1.118841648E0,-1.129312515E0,1.591431784E0
4.682738469E1,-7.202249765E-2,-1.119588375E0,-1.040957928E0,1.530443980E0
4.683241490E1,-1.370242238E-1,-1.114550114E0,-9.288749695E-1,1.457328481E0
4.683744073E1,-1.688137054E-1,-1.098947048E0,-8.313288689E-1,1.388268839E0
4.684246338E1,-1.771091968E-1,-1.168445110E0,-8.295593262E-1,1.443883762E0
4.684748891E1,-1.763545126E-1,-1.275160313E0,-9.520440102E-1,1.601100414E0
4.685251443E1,-1.808604449E-1,-1.328375816E0,-1.097883224E0,1.732812853E0
4.685754333E1,-1.760391742E-1,-1.380795002E0,-1.200051308E0,1.837854121E0
4.686256906E1,-1.618898511E-1,-1.432579517E0,-1.234461308E0,1.897995552E0
4.686759479E1,-1.862875968E-1,-1.454981804E0,-1.177371025E0,1.880924679E0
4.687262073E1,-2.205604315E-1,-1.486392975E0,-1.062244415E0,1.840210362E0
4.687764646E1,-2.219813764E-1,-1.469609261E0,-1.022805214E0,1.804205536E0
4.688267219E1,-1.524023265E-1,-1.486099720E0,-1.044494629E0,1.822824149E0
4.688769776E1,-8.381215483E-2,-1.464015484E0,-1.117794037E0,1.843862610E0
4.689272349E1,-7.825185359E-2,-1.412889957E0,-1.209290028E0,1.861387589E0
4.689775109E1,-2.057326958E-2,-1.418904305E0,-1.385858536E0,1.983511171E0
4.690277703E1,3.181598336E-2,-1.381581306E0,-1.513479233E0,2.049487387E0
4.690780333E1,6.468597054E-2,-1.334281921E0,-1.625915051E0,2.104303275E0
4.691282927E1,8.277639002E-2,-1.324696064E0,-1.694674015E0,2.152577899E0
4.691785349E1,4.773168266E-2,-1.343063831E0,-1.633893490E0,2.115586610E0
4.692287927E1,-7.128126919E-3,-1.384596825E0,-1.529770374E0,2.063336273E0
4.692790625E1,-7.263588905E-2,-1.458831310E0,-1.339297771E0,1.981712210E0
4.693293213E1,-1.630750895E-1,-1.513315678E0,-1.048007011E0,1.847981743E0
4.693795854E1,-2.977033257E-1,-1.452581406E0,-7.945399284E-1,1.682234736E0
4.694298448E1,-3.524910510E-1,-1.449130058E0,-7.221183777E-1,1.657010205E0
4.694801406E1,-3.850510120E-1,-1.411984444E0,-8.640451431E-1,1.699570052E0
4.695304036E1,-3.956692815E-1,-1.350487232E0,-1.076851845E0,1.771998826E0
4.695806667E1,-3.313389421E-1,-1.211524963E0,-1.370558262E0,1.859034206E0
4.696308557E1,-3.209192455E-1,-1.047378063E0,-1.769368172E0,2.081022272E0
4.696811135E1,-3.305473328E-1,-8.526954651E-1,-1.924571037E0,2.130803786E0
4.697313713E1,-3.069716692E-1,-5.890169144E-1,-1.750553131E0,1.872327107E0
4.697816292E1,-2.408095449E-1,-4.093866348E-1,-1.563341141E0,1.633897847E0
4.698319016E1,-1.370942444E-1,-2.803893089E-1,-1.109226704E0,1.152300688E0
4.698821599E1,1.370108128E-2,-1.402106285E-1,-6.463274956E-1,6.615028129E-1
4.699324182E1,2.211115062E-1,9.894371033E-4,-2.649464607E-1,3.450911535E-1
4.699826776E1,3.416895568E-1,1.617155075E-1,3.558254242E-2,3.796969528E-1
4.700329359E1,3.660863936E-1,2.647356987E-1,7.419729233E-2,4.578312745E-1
4.700831943E1,2.704558372E-1,3.240084648E-1,-1.723442078E-1,4.558841642E-1
4.701334588E1,1.600657105E-1,3.157730103E-1,-4.551334381E-1,5.766108499E-1
4.701837177E1,1.112881303E-2,1.974258423E-1,-7.601141930E-1,7.854135217E-1
4.702339766E1,-1.477684379E-1,3.653669357E-2,-1.030261517E0,1.041445742E0
4.702839390E1,-2.495640963E-1,-2.242207527E-1,-1.294332504E0,1.337106509E0
4.703341786E1,-3.089523911E-1,-4.830222130E-1,-1.438483238E0,1.548546436E0
4.703844182E1,-3.304222226E-1,-7.829871178E-1,-1.166267395E0,1.443061783E0
4.704349115E1,-2.803135812E-1,-1.094776154E0,-6.411890984E-1,1.299320588E0
4.704851682E1,-1.682109237E-1,-1.309332848E0,-1.497716904E-1,1.328562750E0
4.705355640E1,4.920959473E-4,-1.536664009E0,4.499816895E-2,1.537322788E0
4.705858344E1,1.346783042E-1,-1.700657845E0,-3.562927246E-3,1.705985945E0
4.706361047E1,2.248902321E-1,-1.801176786E0,-3.048386574E-1,1.840581441E0
4.706862250E1,2.674393654E-1,-1.886657000E0,-4.947757721E-1,1.968705542E0
4.707364854E1,2.728177309E-1,-1.875779867E0,-5.640535355E-1,1.977659226E0
4.707867458E1,3.371453881E-1,-1.860047579E0,-6.703805923E-1,2.005705399E0
4.708370062E1,4.652965665E-1,-1.777572870E0,-7.705545425E-1,1.992491031E0
4.708873620E1,6.374372840E-1,-1.781137705E0,-8.169364929E-1,2.060622005E0
4.709376271E1,7.488268614E-1,-1.827506781E0,-6.853761673E-1,2.090517446E0
4.709879047E1,8.041876554E-1,-1.921282291E0,-4.239940643E-1,2.125515089E0
4.710381708E1,8.412281275E-1,-2.024033546E0,-1.812124252E-1,2.199366841E0
4.710884234E1,7.643097639E-1,-2.164424419E0,9.080505371E-2,2.297204397E0
4.711386880E1,5.920619369E-1,-2.280485153E0,2.152681351E-1,2.365901570E0
4.711889568E1,3.905659914E-1,-2.372414112E0,1.559734344E-2,2.404398842E0
4.712392219E1,1.354771256E-1,-2.473587990E0,-3.117446899E-1,2.496833264E0
4.712894521E1,-2.936547995E-2,-2.583942652E0,-5.897111893E-1,2.650543576E0
4.713397135E1,-8.418864012E-2,-2.669986725E0,-9.236669540E-1,2.826495618E0
4.713899724E1,-8.069926500E-2,-2.683669090E0,-1.189442635E0,2.936556817E0
4.714402338E1,-5.118668079E-2,-2.667475700E0,-1.215388298E0,2.931759779E0
4.714904953E1,7.172369957E-2,-2.635589123E0,-1.126268387E0,2.867046353E0
4.715407568E1,1.585581303E-1,-2.573760271E0,-1.137346268E0,2.818322044E0
4.715910125E1,2.326536179E-1,-2.486876488E0,-1.171851158E0,2.758970371E0
4.716412734E1,3.466814756E-1,-2.322518349E0,-1.277499199E0,2.673253398E0
4.716915344E1,5.199998617E-1,-2.205079079E0,-1.186416626E0,2.557412366E0
4.717417990E1,6.756862402E-1,-2.177114248E0,-7.315549850E-1,2.394065797E0
4.717920599E1,8.459568024E-1,-2.118600845E0,-3.915243149E-1,2.314606606E0
4.718423208E1,1.010932565E0,-2.168416500E0,-2.138051987E-1,2.402025693E0
4.718924109E1,1.036849380E0,-2.212254763E0,-2.314424515E-1,2.454117638E0
4.719426609E1,1.053987741E0,-2.164019823E0,-2.386493683E-1,2.418847964E0
4.719929109E1,1.001333475E0,-2.101506710E0,-3.069496155E-1,2.348024116E0
4.720434818E1,8.509374857E-1,-1.985749960E0,-4.796094894E-1,2.212989555E0
4.720937526E1,6.516366005E-1,-1.851121426E0,-4.646482468E-1,2.016724767E0
4.721441240E1,5.182034969E-1,-1.777629137E0,-1.335153580E-1,1.856428443E0
4.721944052E1,4.547497034E-1,-1.732163668E0,1.405897141E-1,1.796372381E0
4.722446864E1,5.521314144E-1,-1.695738077E0,2.669343948E-1,1.803227855E0
4.722949677E1,7.491846085E-1,-1.635242462E0,7.430343628E-1,1.946123211E0
4.723452490E1,8.696434498E-1,-1.460064530E0,1.530163765E0,2.286803295E0
4.723951760E1,9.417903423E-1,-1.238419294E0,2.350854874E0,2.819072549E0
4.724454432E1,1.022608042E0,-1.050955296E0,3.501484871E0,3.796133631E0
4.724956922E1,1.149098039E0,-8.943589330E-1,4.747709274E0,4.965989081E0
4.725459573E1,1.318979263E0,-7.690033317E-1,5.730973244E0,5.930862226E0
4.725962068E1,1.429263353E0,-5.646766424E-1,5.882639885E0,6.080058015E0
4.726464703E1,1.373272419E0,-2.851789594E-1,5.610153198E0,5.782821377E0
4.726967338E1,1.184182167E0,2.236449718E-2,5.162599564E0,5.296718024E0
4.727470114E1,9.829210639E-1,2.248743773E-1,4.798184395E0,4.902986415E0
4.727972760E1,8.283576965E-1,1.023582220E-1,4.602759361E0,4.677825073E0
4.728475406E1,8.465850353E-1,-2.066166401E-1,4.523397446E0,4.606573684E0
4.728978052E1,8.869232535E-1,-7.120019197E-1,4.641081810E0,4.778411866E0
4.729480411E1,9.723933339E-1,-1.351951599E0,5.050930977E0,5.318385625E0
4.729983042E1,1.049773216E0,-2.040923595E0,5.795362473E0,6.233267130E0
4.730485672E1,1.114907980E0,-2.497755289E0,6.443639755E0,7.000163897E0
4.730988302E1,1.201049089E0,-2.910070896E0,6.522898674E0,7.242875026E0
4.731494115E1,1.250337362E0,-3.249124527E0,6.383293152E0,7.270941148E0
4.731996906E1,1.052721739E0,-3.683735132E0,6.101820946E0,7.204883513E0
4.732499698E1,7.685695291E-1,-4.171229362E0,5.453839302E0,6.908995343E0
4.732998719E1,6.312413216E-1,-4.789031506E0,4.970494270E0,6.931024575E0
4.733501255E1,5.888695121E-1,-5.330755234E0,4.632180214E0,7.086664392E0
4.734003792E1,4.739640057E-1,-5.643594265E0,4.371573448E0,7.154400920E0
4.734504255E1,3.530818820E-1,-5.664890766E0,3.978004456E0,6.931101908E0
4.735006651E1,2.886754572E-1,-5.407885075E0,3.274560928E0,6.328609940E0
4.735511364E1,3.773267567E-1,-5.010424137E0,2.304562569E0,5.527905042E0
4.736013990E1,5.438743234E-1,-4.687341213E0,1.469965935E0,4.942445425E0
4.736516614E1,6.944670081E-1,-4.332535267E0,8.566102982E-1,4.470674162E0
4.737021344E1,7.352328300E-1,-3.936058760E0,2.824277878E-1,4.014086612E0
4.737524109E1,6.048603058E-1,-3.492938757E0,-1.283092499E-1,3.547244059E0
4.738026875E1,3.422317505E-1,-2.992972851E0,-3.853559494E-1,3.037022928E0
4.738529641E1,7.681685686E-2,-2.497776985E0,-3.932256699E-1,2.529706925E0
4.739029724E1,-1.243485659E-1,-1.978737831E0,-1.426563263E-1,1.987766787E0
4.739532354E1,-1.657189131E-1,-1.540994883E0,1.938838959E-1,1.561959971E0
4.740034984E1,-9.151677787E-2,-1.161067724E0,5.971574783E-1,1.308835603E0
4.740534000E1,1.560163498E-2,-9.399386048E-1,8.805484772E-1,1.288058078E0
4.741036396E1,1.843973249E-1,-6.669546962E-1,1.077675819E0,1.280709222E0
4.741538792E1,3.664048016E-1,-6.199585795E-1,9.829692841E-1,1.218535897E0
4.742044995E1,4.842774868E-1,-5.925904512E-1,9.794092178E-1,1.242952349E0
4.742547651E1,3.699590862E-1,-6.424793005E-1,9.759836197E-1,1.225639997E0
4.743050307E1,1.624129415E-1,-7.640770078E-1,1.030118942E0,1.292801869E0
4.743555120E1,-4.314306378E-2,-8.134617805E-1,8.882961273E-1,1.205259890E0
4.744057917E1,-2.184967101E-1,-9.389695525E-1,4.264154434E-1,1.054151205E0
4.744560713E1,-4.628808200E-1,-1.092443705E0,1.853065491E-1,1.200845710E0
4.745063510E1,-6.079057455E-1,-1.230762005E0,1.790485382E-1,1.384334818E0
4.745562396E1,-7.689514160E-1,-1.382936954E0,9.646701813E-2,1.585278141E0
4.746065000E1,-1.117785811E0,-1.443426251E0,7.160282135E-2,1.827033505E0
4.746565453E1,-1.385626793E0,-1.498875141E0,1.904249191E-1,2.050085351E0
4.747067833E1,-1.529393435E0,-1.659280539E0,3.140668869E-1,2.278353395E0
4.747570213E1,-1.573090196E0,-1.743184209E0,4.616069794E-1,2.392986618E0
4.748072594E1,-1.635840893E0,-1.775002003E0,5.660085678E-1,2.479309024E0
4.748578135E1,-1.578708649E0,-1.774106145E0,4.742584229E-1,2.421713167E0
4.749080672E1,-1.454434276E0,-1.870113134E0,3.682651520E-1,2.397565728E0
4.749584338E1,-1.253288507E0,-1.966801882E0,2.528743744E-1,2.345844661E0
4.750086990E1,-1.051826119E0,-2.045140266E0,2.045936584E-1,2.308851546E0
4.750588469E1,-7.594863772E-1,-2.186408281E0,1.133413315E-1,2.317336183E0
4.751091005E1,-5.535936952E-1,-2.309131622E0,8.438968658E-2,2.376063225E0
4.751593542E1,-5.629562736E-1,-2.451817036E0,1.510972977E-1,2.520150181E0
4.752096078E1,-8.361361027E-1,-2.533136368E0,7.899761200E-2,2.668734543E0
4.752598615E1,-1.066712618E0,-2.601041794E0,1.360616684E-1,2.814570482E0
4.753099349E1,-1.296934605E0,-2.612861633E0,2.551069260E-1,2.928167486E0
4.753601812E1,-1.272991538E0,-2.582964897E0,5.364789963E-1,2.929167941E0
4.754104276E1,-1.038280249E0,-2.454669476E0,7.311677933E-1,2.763699414E0
4.754607193E1,-7.128736973E-1,-2.371956110E0,7.626829147E-1,2.591534280E0
4.755109682E1,-5.549196601E-1,-2.200948238E0,8.607473373E-1,2.427549167E0
4.755612172E1,-4.203484058E-1,-2.075847626E0,8.530626297E-1,2.283320389E0
4.756114661E1,-2.605592310E-1,-1.987283826E0,8.736066818E-1,2.186407270E0
4.756617151E1,-2.524940670E-1,-1.715168476E0,8.553848267E-1,1.933194082E0
4.757119640E1,-2.052361071E-1,-1.565854669E0,7.171258926E-1,1.734442922E0
4.757622130E1,-1.387236826E-2,-1.443284988E0,7.124843597E-1,1.609626653E0
4.758125609E1,1.818345636E-1,-1.317450285E0,5.880498886E-1,1.454146393E0
4.758628130E1,2.281176746E-1,-1.269062281E0,5.497217178E-1,1.401695656E0
4.759130151E1,2.540960312E-1,-1.235999465E0,5.064954758E-1,1.359704798E0
4.759632620E1,2.551419139E-1,-1.160746574E0,4.297008514E-1,1.263753468E0
4.760138573E1,1.741722673E-1,-1.100484014E0,3.481206894E-1,1.167299900E0
4.760641401E1,1.406229585E-1,-1.050429821E0,3.047990799E-1,1.102760221E0
4.761144229E1,1.211379692E-1,-9.866508245E-1,1.609992981E-1,1.007012925E0
4.761647698E1,1.303617209E-1,-9.045861959E-1,1.798419952E-1,9.314577325E-1
4.762150568E1,1.014628932E-1,-8.711097240E-1,1.124572754E-1,8.841795682E-1
4.762653437E1,7.302194089E-2,-7.379065752E-1,5.938529968E-2,7.438850257E-1
4.763151172E1,7.363361120E-2,-7.154515982E-1,5.409812927E-2,7.212624388E-1
4.763653703E1,9.364181012E-2,-6.170374155E-1,1.061105728E-1,6.330587764E-1
4.764158406E1,8.494170010E-2,-4.807543755E-1,2.010517120E-1,5.279788375E-1
4.764661156E1,7.124670595E-2,-3.592307568E-1,2.193126678E-1,4.268733723E-1
4.765163906E1,4.771049693E-2,-3.002849817E-1,2.470712662E-1,3.917800050E-1
4.765667062E1,2.880414575E-2,-2.417218685E-1,1.551799774E-1,2.886866223E-1
4.766169838E1,-1.289652139E-1,-1.452760696E-1,8.248043060E-2,2.110454554E-1
4.766671297E1,-1.384930760E-1,-1.638199091E-1,-5.231475830E-2,2.208033710E-1
4.767173943E1,-1.435456127E-1,-1.966995001E-1,-2.204189301E-1,3.284517331E-1
4.767676990E1,-1.011569127E-1,-2.678018808E-1,-4.217882156E-1,5.097605980E-1
4.768179672E1,-1.211264879E-1,-3.387626410E-1,-4.363803864E-1,5.655613093E-1
4.768682354E1,-1.364058405E-1,-4.476914406E-1,-3.887453079E-1,6.084053696E-1
4.769185036E1,-1.137045398E-1,-5.898091793E-1,-3.220119476E-1,6.815389092E-1
4.769687719E1,-4.827028513E-2,-6.645418406E-1,-1.644496918E-1,6.862868055E-1
4.770190745E1,-6.953190546E-3,-6.769111156E-1,-1.184654236E-2,6.770504752E-1
4.770693443E1,-1.814276725E-2,-7.134813070E-1,1.022529602E-1,7.209995862E-1
4.771196010E1,1.904600486E-2,-7.362697124E-1,2.495803833E-1,7.776542982E-1
4.771698693E1,3.262710571E-2,-7.454489470E-1,3.678979874E-1,8.319300389E-1
4.772202864E1,4.178551584E-2,-7.219743729E-1,3.281040192E-1,7.941317723E-1
4.772705682E1,2.260774933E-2,-7.280243635E-1,2.164878845E-1,7.598668228E-1
4.773208500E1,8.493982255E-3,-7.683098316E-1,6.184291840E-2,7.708415477E-1
4.773711318E1,-1.046682894E-2,-8.378525972E-1,-3.318309784E-1,9.012315615E-1
4.774213088E1,-1.297737509E-1,-8.744262457E-1,-6.533718109E-1,1.099253023E0
4.774715849E1,-1.433249116E-1,-9.589498043E-1,-8.932304382E-1,1.318327491E0
4.775218213E1,-1.323679835E-1,-1.000115514E0,-8.840608597E-1,1.341385824E0
4.775720937E1,-1.017828211E-1,-1.074458718E0,-7.839870453E-1,1.333962881E0
4.776223661E1,-1.804292761E-2,-1.119811773E0,-5.500888824E-1,1.247758684E0
4.776726385E1,-3.927345946E-2,-1.189022422E0,-3.164768219E-1,1.231046020E0
4.777225385E1,-2.228258923E-2,-1.262920260E0,-5.923461914E-2,1.264504977E0
4.777727922E1,3.305461630E-2,-1.308502555E0,2.597856522E-1,1.334451246E0
4.778230458E1,8.362898231E-2,-1.450292826E0,5.400533676E-1,1.549838936E0
4.778733401E1,1.291493475E-1,-1.540436149E0,6.619739532E-1,1.681616067E0
4.779235963E1,1.933414042E-1,-1.593736649E0,6.352472305E-1,1.726533072E0
4.779738526E1,2.141811550E-1,-1.677560568E0,2.974052429E-1,1.717129263E0
4.780241281E1,2.013289928E-1,-1.830442548E0,-3.033847809E-1,1.866305337E0
4.780743854E1,1.792199463E-1,-1.894363284E0,-8.559036255E-1,2.086457059E0
4.781246427E1,1.721578836E-1,-2.050508022E0,-1.125761032E0,2.345540319E0
4.781749000E1,1.420672089E-1,-2.216234684E0,-9.361619949E-1,2.410037043E0
4.782253458E1,1.556106210E-1,-2.395673275E0,-3.449707031E-1,2.425380360E0
4.782756130E1,2.164926231E-1,-2.560124397E0,2.168836594E-1,2.578399602E0
4.783258031E1,2.049396932E-1,-2.696425676E0,8.688211441E-1,2.840345382E0
4.783760625E1,1.786179543E-1,-2.676621914E0,1.390575409E0,3.021573963E0
4.784262588E1,1.328097433E-1,-2.706806183E0,1.820544243E0,3.264784752E0
4.784765120E1,1.247959435E-1,-2.691380024E0,2.001020432E0,3.356066630E0
4.785267651E1,1.257658750E-1,-2.702369928E0,1.836652756E0,3.269849175E0
4.785771458E1,1.214496121E-1,-2.696628571E0,1.418767929E0,3.049501286E0
4.786274078E1,9.260609746E-2,-2.721283197E0,8.530139923E-1,2.853347333E0
4.786776698E1,1.009205729E-1,-2.674755573E0,4.649372101E-1,2.716738660E0
4.787279318E1,8.871676028E-2,-2.685948372E0,1.826229095E-1,2.693611042E0
4.787785984E1,7.065543532E-2,-2.716850758E0,1.063365936E-1,2.719848838E0
4.788288807E1,8.089807630E-2,-2.800482750E0,4.845666885E-1,2.843246913E0
4.788791630E1,1.101689413E-1,-3.018804073E0,1.254492760E0,3.270942878E0
4.789294453E1,2.208065093E-1,-3.205039978E0,2.276854515E0,3.937651998E0
4.789792078E1,3.307977021E-1,-3.268990517E0,3.374336243E0,4.709763391E0
4.790294630E1,3.293635547E-1,-3.217534065E0,4.350584030E0,5.421124165E0
4.790797182E1,2.305788696E-1,-3.103973866E0,5.067059517E0,5.946672391E0
4.791296755E1,2.726661861E-1,-2.990311146E0,5.141592979E0,5.954182225E0
4.791799114E1,3.401838243E-1,-2.790507793E0,4.570282936E0,5.365644872E0
4.792301474E1,3.709287345E-1,-2.498146057E0,3.526342392E0,4.337443085E0
4.792807609E1,3.558856249E-1,-2.164588690E0,2.445734024E0,3.285378774E0
4.793310219E1,2.911450267E-1,-1.906734109E0,1.429169655E0,2.400609567E0
4.793812917E1,2.537158728E-1,-1.608586311E0,8.400936127E-1,1.832397048E0
4.794315536E1,1.151345372E-1,-1.245119572E0,7.927818298E-1,1.480568046E0
4.794818156E1,1.007333547E-1,-9.168074131E-1,1.276936531E0,1.575198383E0
4.795320776E1,1.867369115E-1,-6.098363400E-1,1.976168633E0,2.076538827E0
4.795823260E1,2.913749814E-1,-3.255839944E-1,2.512298584E0,2.550009508E0
4.796325870E1,4.285226166E-1,-6.566429138E-2,3.019362450E0,3.050326709E0
4.796827427E1,4.887372255E-1,3.905284405E-2,3.306029320E0,3.342187766E0
4.797329932E1,4.823787808E-1,1.111790538E-1,3.391655922E0,3.427590985E0
4.797833625E1,4.192655981E-1,2.452013940E-1,2.956091881E0,2.995728054E0
4.798336250E1,2.519415915E-1,4.078197479E-1,2.114847183E0,2.168494898E0
4.798838729E1,3.802004457E-2,6.190878749E-1,1.308501244E0,1.448064510E0
4.799341338E1,-1.741898954E-1,8.087007403E-1,7.427167892E-1,1.111740633E0
4.799844292E1,-4.128034413E-1,9.876500964E-1,6.467618942E-1,1.250663960E0
4.800346937E1,-5.684429407E-1,1.276353002E0,8.813867569E-1,1.651982741E0
4.800849583E1,-6.279802322E-1,1.425964832E0,1.054062843E0,1.881165424E0
4.801351719E1,-5.819680691E-1,1.570083022E0,1.097924232E0,2.002319942E0
4.801854328E1,-5.253922343E-1,1.679100990E0,1.199652672E0,2.129456191E0
4.802356937E1,-4.194827676E-1,1.700480342E0,1.292222977E0,2.176565967E0
4.802859646E1,-3.796664476E-1,1.696961880E0,1.189167023E0,2.106642931E0
4.803362260E1,-3.730140924E-1,1.626090407E0,1.010308266E0,1.950392862E0
4.803864917E1,-3.760503531E-1,1.469742775E0,8.657121658E-1,1.746715560E0
4.804367536E1,-3.745764494E-1,1.232980013E0,6.453237534E-1,1.441176594E0
4.804869776E1,-4.254941642E-1,1.020998955E0,2.726860046E-1,1.139228602E0
4.805372354E1,-3.938551545E-1,6.417986155E-1,1.831798553E-1,7.749723898E-1
4.805875203E1,-4.524854124E-1,3.101438880E-1,1.374168396E-1,5.655224730E-1
4.806377812E1,-4.814067185E-1,-5.084359646E-2,1.640625000E-1,5.111301242E-1
4.806880422E1,-4.083089828E-1,-4.124801755E-1,2.247552872E-1,6.223914040E-1
4.807383031E1,-3.300245404E-1,-6.210851073E-1,8.033943176E-2,7.078964134E-1
4.807885594E1,-3.190463483E-1,-8.054970503E-1,1.322841644E-2,8.664820029E-1
4.808388198E1,-3.611301184E-1,-1.041806579E0,1.045780182E-1,1.107570527E0
4.808890818E1,-3.417122662E-1,-1.238592982E0,8.153057098E-2,1.287449837E0
4.809393422E1,-2.896899879E-1,-1.467154145E0,1.354427338E-1,1.501601248E0
4.809895828E1,-1.001009345E-1,-1.640819907E0,1.704683304E-1,1.652685577E0
4.810398411E1,7.363575697E-2,-1.807642221E0,1.292419434E-1,1.813751942E0
4.810901266E1,2.183182836E-1,-1.977533460E0,-2.539634705E-3,1.989549674E0
4.811403875E1,2.446181774E-1,-2.179523945E0,8.602046967E-2,2.194894576E0
4.811906484E1,2.395303845E-1,-2.366499424E0,2.273159027E-1,2.389428143E0
4.812409094E1,1.936194301E-1,-2.414794683E0,2.205219269E-1,2.432560743E0
4.812911406E1,9.251946211E-2,-2.391668320E0,1.949787140E-1,2.401385829E0
4.813414000E1,7.070392370E-2,-2.392903805E0,3.898096085E-1,2.425477107E0
4.813916453E1,1.425781846E-1,-2.361070871E0,6.708269119E-1,2.458656736E0
4.814419031E1,2.587237954E-1,-2.152705908E0,7.654323578E-1,2.299340649E0
4.814921609E1,3.081248999E-1,-1.968705654E0,6.308565140E-1,2.090149001E0
4.815424635E1,3.283131719E-1,-1.674871445E0,3.821697235E-1,1.749010461E0
4.815927245E1,3.911585212E-1,-1.486380696E0,8.642578125E-2,1.539416116E0
4.816429854E1,3.493023515E-1,-1.350408316E0,5.445003510E-2,1.395915312E0
4.816933130E1,2.608747482E-1,-1.224022627E0,1.280908585E-1,1.258051785E0
4.817435781E1,1.776797175E-1,-1.226540565E0,1.685276031E-1,1.250749133E0
4.817938432E1,4.161417484E-2,-1.262187243E0,2.475910187E-1,1.286914794E0
4.818440016E1,-8.998668194E-2,-1.388672590E0,3.844661713E-1,1.443718602E0
4.818942594E1,-1.978378892E-1,-1.563363791E0,5.026988983E-1,1.654071448E0
4.819445172E1,-2.868769169E-1,-1.719272137E0,4.062614441E-1,1.789760712E0
4.819947604E1,-2.475141883E-1,-1.909057498E0,2.341642380E-1,1.939225798E0
4.820450172E1,-1.613931954E-1,-2.070450783E0,-7.087802887E-2,2.077940784E0
4.820952740E1,-6.654328108E-2,-2.226794958E0,-2.506389618E-1,2.241843813E0
4.821455859E1,4.699158669E-2,-2.306026220E0,-4.584465027E-1,2.351624616E0
4.821958463E1,1.126235127E-1,-2.288834095E0,-4.074449539E-1,2.327543117E0
4.822461068E1,1.693735719E-1,-2.232451916E0,-2.559328079E-1,2.253448594E0
4.822963672E1,2.129039168E-1,-2.064836979E0,-9.029197693E-2,2.077746969E0
4.823463583E1,2.236756682E-1,-1.938885212E0,-4.932212830E-2,1.952367625E0
4.823966052E1,3.061916828E-1,-1.750564218E0,-2.232704163E-1,1.791110858E0
4.824469068E1,4.458150864E-1,-1.567073703E0,-5.113649368E-1,1.707619741E0
4.824971594E1,5.898913741E-1,-1.344945431E0,-6.362390518E-1,1.600515597E0
4.825474120E1,6.379038692E-1,-1.112997055E0,-5.598115921E-1,1.399668821E0
4.825978859E1,6.183602810E-1,-9.385676384E-1,-4.639062881E-1,1.215930793E0
4.826481536E1,6.220489740E-1,-7.881290913E-1,-5.111274719E-1,1.126651536E0
4.826984213E1,5.916506052E-1,-6.335587502E-1,-5.145454407E-1,1.008069511E0
4.827486891E1,5.230100155E-1,-4.650173187E-1,-4.600067139E-1,8.374883640E-1
4.827989245E1,4.593977332E-1,-2.776603699E-1,-2.950153351E-1,6.125158008E-1
4.828491906E1,3.957222104E-1,-2.008028030E-1,-2.156877518E-1,4.933954193E-1
4.828994750E1,3.512035012E-1,-9.078001976E-2,-2.075881958E-1,4.179446977E-1
4.829497427E1,2.685140371E-1,-1.340942383E-1,-2.180395126E-1,3.709747727E-1
4.829999687E1,2.432807684E-1,-1.776323318E-1,-3.091230392E-1,4.316200076E-1
4.830502323E1,2.995103002E-1,-2.069664001E-1,-5.142536163E-1,6.300780052E-1
4.831005083E1,3.706726432E-1,-2.170772552E-1,-5.608386993E-1,7.064423471E-1
4.831507729E1,3.466734886E-1,-1.933798790E-1,-5.735359192E-1,6.975111009E-1
4.832010026E1,3.083619475E-1,-1.449475288E-1,-4.760866165E-1,5.854531093E-1
4.832512635E1,3.461779356E-1,-1.817593575E-1,-3.881959915E-1,5.509734612E-1
4.833015536E1,3.455092907E-1,-1.127943993E-1,-3.670854568E-1,5.165762084E-1
4.833518177E1,2.640426755E-1,-1.155877113E-1,-3.598947525E-1,4.610892391E-1
4.834020651E1,1.362597942E-1,-1.092538834E-1,-3.329305649E-1,3.759599760E-1
4.834523271E1,-8.490860462E-3,-1.657471657E-1,-3.483095169E-1,3.858286371E-1
4.835025891E1,-1.891074479E-1,-1.846818924E-1,-3.724260330E-1,4.566948415E-1
4.835528234E1,-3.673482835E-1,-2.091941833E-1,-3.191251755E-1,5.296676745E-1
4.836030838E1,-5.197758079E-1,-2.104125023E-1,-2.841758728E-1,6.286463539E-1
4.836533667E1,-7.091919780E-1,-2.310829163E-1,-4.302673340E-1,8.610938128E-1
4.837036292E1,-9.507905245E-1,-2.421789169E-1,-4.511890411E-1,1.079918886E0
4.837538963E1,-1.121099830E0,-3.011584282E-1,-5.669765472E-1,1.291906975E0
4.838041594E1,-1.029092312E0,-3.072619438E-1,-6.293964386E-1,1.244821580E0
4.838544229E1,-8.138820529E-1,-4.088177681E-1,-5.667657852E-1,1.072734552E0
4.839046859E1,-6.669632196E-1,-5.288238525E-1,-4.751129150E-1,9.747958173E-1
4.839549500E1,-4.592920542E-1,-5.905876160E-1,-4.406538010E-1,8.682849161E-1
4.840052130E1,-3.105373085E-1,-6.563134193E-1,-4.346618652E-1,8.462338101E-1
4.840554760E1,-1.724379659E-1,-6.592702866E-1,-4.809055328E-1,8.340517336E-1
4.841057390E1,-7.363548875E-2,-6.906771660E-1,-5.265398026E-1,8.716084537E-1
4.841556115E1,-2.854192257E-2,-6.545224190E-1,-6.100368500E-1,8.951866825E-1
4.842058547E1,-4.171550274E-2,-6.092543602E-1,-7.020063400E-1,9.304536313E-1
4.842560979E1,-6.524839997E-2,-5.637707710E-1,-7.598414421E-1,9.483954097E-1
4.843063057E1,-7.515069842E-2,-5.131516457E-1,-8.602037430E-1,1.004451451E0
4.843565469E1,-7.585307956E-2,-5.197076797E-1,-8.212394714E-1,9.748251287E-1
4.844067880E1,-1.200941205E-1,-5.018515587E-1,-8.441309929E-1,9.893607623E-1
4.844570292E1,-1.844746470E-1,-4.882874489E-1,-8.331308365E-1,9.831391147E-1
4.845077745E1,-2.740226090E-1,-5.033855438E-1,-9.505195618E-1,1.109942716E0
4.845580411E1,-3.259992599E-1,-5.028834343E-1,-1.015336514E0,1.179014632E0
4.846082854E1,-3.638226390E-1,-5.159568787E-1,-1.046487331E0,1.222175989E0
4.846585500E1,-3.921511769E-1,-5.090847015E-1,-1.058408737E0,1.238215988E0
4.847088146E1,-3.436940908E-1,-5.251712799E-1,-1.032168388E0,1.208015763E0
4.847591661E1,-2.756345570E-1,-4.973931313E-1,-9.246883392E-1,1.085551869E0
4.848094359E1,-1.878176928E-1,-4.497990608E-1,-9.416809082E-1,1.060357305E0
4.848597057E1,-1.135501564E-1,-4.019293785E-1,-9.631390572E-1,1.049798889E0
4.849099755E1,-7.662272453E-2,-3.635916710E-1,-9.936432838E-1,1.060847265E0
4.849601437E1,2.338510752E-2,-3.681087494E-1,-9.950342178E-1,1.061199326E0
4.850104083E1,8.132737875E-2,-3.629903793E-1,-1.024599075E0,1.090036432E0
4.850605958E1,1.117070913E-1,-3.286304474E-1,-9.679555893E-1,1.028306602E0
4.851108526E1,1.670575738E-1,-3.129673004E-1,-7.486257553E-1,8.284306160E-1
4.851611094E1,1.655731797E-1,-3.016500473E-1,-5.532770157E-1,6.515540538E-1
4.852114057E1,1.591770053E-1,-3.139281273E-1,-4.247503281E-1,5.516348696E-1
4.852616651E1,1.379156113E-1,-3.019676208E-1,-5.207304955E-1,6.175479000E-1
4.853119177E1,1.591148376E-1,-3.898081779E-1,-7.838582993E-1,8.897762530E-1
4.853621766E1,1.991235018E-1,-4.528379440E-1,-1.008456230E0,1.123252572E0
4.854124307E1,9.590750933E-2,-5.337319374E-1,-1.070685387E0,1.200181332E0
4.854626891E1,4.057395458E-2,-5.559258461E-1,-9.564290047E-1,1.107003267E0
4.855129474E1,6.128090620E-2,-5.481452942E-1,-7.998552322E-1,9.715899369E-1
4.855632427E1,2.402728796E-2,-5.633373260E-1,-7.059602737E-1,9.034966306E-1
4.856135036E1,-4.698735476E-2,-5.107326508E-1,-6.219725609E-1,8.061671778E-1
4.856637646E1,-8.491894603E-2,-4.910531044E-1,-6.194086075E-1,7.949914476E-1
4.857140255E1,-1.782739162E-2,-4.804568291E-1,-7.650361061E-1,9.035689371E-1
4.857646146E1,9.270584583E-2,-5.079584122E-1,-9.149107933E-1,1.050560746E0
4.858148917E1,1.466208696E-1,-5.202126503E-1,-9.980731010E-1,1.135019293E0
4.858651687E1,1.156210899E-1,-5.366182327E-1,-9.378647804E-1,1.086700378E0
4.859150786E1,5.236178637E-2,-6.143517494E-1,-8.399190903E-1,1.041937573E0
4.859653318E1,4.772442579E-2,-7.158226967E-1,-8.230247498E-1,1.091810191E0
4.860155849E1,-1.841974258E-2,-7.546973228E-1,-7.964167595E-1,1.097354542E0
4.860658380E1,-5.052343011E-2,-8.173022270E-1,-7.312049866E-1,1.097814319E0
4.861157755E1,-3.446418047E-2,-8.555960655E-1,-6.324200630E-1,1.064512820E0
4.861660125E1,-5.645868182E-2,-8.653635979E-1,-6.333699226E-1,1.073871127E0
4.862162495E1,-3.064724803E-2,-8.845753670E-1,-7.055783272E-1,1.131924737E0
4.862664864E1,-6.729233265E-2,-8.364295959E-1,-8.014373779E-1,1.160363994E0
4.863167234E1,-7.557076216E-2,-8.498978615E-1,-8.590312004E-1,1.210773273E0
4.863676250E1,-5.090010166E-2,-8.057680130E-1,-8.970074654E-1,1.206845186E0
4.864178875E1,-5.532926321E-2,-7.844462395E-1,-9.022755623E-1,1.196878616E0
4.864681500E1,-6.477409601E-2,-7.194747925E-1,-9.364285469E-1,1.182682580E0
4.865178781E1,-3.625011444E-2,-6.726098061E-1,-8.804898262E-1,1.108593864E0
4.865681026E1,2.555143833E-2,-5.251097679E-1,-8.339481354E-1,9.858309373E-1
4.866183271E1,8.715450764E-2,-4.391779900E-1,-7.496685982E-1,8.731988446E-1
4.866688078E1,1.439194381E-1,-3.144645691E-1,-7.375183105E-1,8.145759807E-1
4.867190490E1,1.143428683E-1,-2.128672600E-1,-6.830677986E-1,7.245470167E-1
4.867692901E1,6.061339378E-2,-1.059594154E-1,-6.768531799E-1,6.877729338E-1
4.868196120E1,-2.218174934E-2,-3.695726395E-2,-6.564135551E-1,6.578271998E-1
4.868698588E1,-2.884474397E-2,4.210376740E-2,-7.653789520E-1,7.670786705E-1
4.869202286E1,-7.417303324E-2,7.845449448E-2,-8.742671013E-1,8.809084578E-1
4.869704880E1,-1.102029383E-1,8.675193787E-2,-8.639063835E-1,8.752170164E-1
4.870207474E1,-1.369295716E-1,1.243195534E-1,-8.443164825E-1,8.643352253E-1
4.870710068E1,-1.209090352E-1,1.240987778E-1,-7.436876297E-1,7.636038187E-1
4.871212849E1,-5.715844035E-2,1.386013031E-1,-7.006368637E-1,7.164980274E-1
4.871715448E1,-2.237650752E-2,1.247005463E-1,-6.241216660E-1,6.368506797E-1
4.872217859E1,6.000468135E-2,1.444816589E-1,-5.857391357E-1,6.062720897E-1
4.872720437E1,2.742582560E-2,1.309509277E-1,-6.237134933E-1,6.379019072E-1
4.873223016E1,-5.131870508E-3,1.271982193E-1,-7.092661858E-1,7.205999204E-1
4.873723229E1,-2.824378014E-2,8.554553986E-2,-8.521385193E-1,8.568872776E-1
4.874225651E1,-2.276951075E-2,1.015539169E-1,-8.894476891E-1,8.955159631E-1
4.874729703E1,1.126292348E-2,1.178970337E-1,-9.267597198E-1,9.342966030E-1
4.875232286E1,-1.210445166E-2,1.729612350E-1,-9.451718330E-1,9.609432348E-1
4.875734849E1,-1.146519184E-2,2.235479355E-1,-9.971528053E-1,1.021968124E0
4.876237432E1,-2.982434630E-2,2.600946426E-1,-9.822392464E-1,1.016529710E0
4.876739573E1,-1.681149006E-4,2.778844833E-1,-9.962568283E-1,1.034285977E0
4.877242109E1,1.033982635E-2,2.386722565E-1,-1.029586315E0,1.056938663E0
4.877744646E1,2.549320459E-2,1.426525116E-1,-1.034590244E0,1.044689722E0
4.878247182E1,6.440961361E-2,1.286001205E-1,-1.063957691E0,1.073635207E0
4.878750375E1,8.882746100E-2,8.154678345E-2,-1.012310028E0,1.019466424E0
4.879252943E1,1.179136336E-1,7.812595367E-2,-8.559889793E-1,8.675969239E-1
4.879755510E1,1.231058836E-1,7.507419586E-2,-7.383251190E-1,7.522733378E-1
4.880259443E1,1.138204932E-1,3.863716125E-2,-6.731028557E-1,6.837509702E-1
4.880762104E1,1.141685247E-1,5.026721954E-2,-6.652503014E-1,6.768450405E-1
4.881264766E1,8.135467768E-2,5.240154266E-2,-8.053760529E-1,8.111689662E-1
4.881764474E1,2.029326558E-2,8.829689026E-2,-9.741213322E-1,9.783253688E-1
4.882266937E1,1.238179207E-2,7.638931274E-2,-1.137559652E0,1.140188843E0
4.882769401E1,2.397829294E-2,4.087352753E-2,-1.166986704E0,1.167948445E0
4.883274510E1,7.336914539E-3,-1.831436157E-2,-1.191528082E0,1.191691410E0
4.883777151E1,7.014572620E-4,-5.791759491E-2,-1.163735151E0,1.165175713E0
4.884280250E1,-1.981571317E-2,-7.812976837E-2,-1.097689867E0,1.100645250E0
4.884782937E1,-3.987973928E-2,-8.850765228E-2,-1.065245867E0,1.069660112E0
4.885285588E1,-1.220731139E-1,-9.384918213E-2,-9.563186169E-1,9.686355409E-1
4.885788271E1,-1.085919738E-1,-7.031345367E-2,-8.904244900E-1,8.997732886E-1
4.886290953E1,-1.145207882E-1,-3.229427338E-2,-8.722484112E-1,8.803267699E-1
4.886793635E1,-1.111414433E-1,-3.243637085E-2,-8.156011105E-1,8.237777066E-1
4.887300651E1,-8.887976408E-2,-6.128978729E-2,-7.966959476E-1,8.039779123E-1
4.887803542E1,-2.403584123E-2,-6.107711792E-2,-7.540550232E-1,7.569062782E-1
4.888306432E1,-1.196283102E-2,-9.428119659E-2,-7.684376240E-1,7.742922157E-1
4.888809323E1,3.330966830E-2,-1.368961334E-1,-7.394270897E-1,7.527300355E-1
4.889310453E1,7.347449660E-2,-1.505222321E-1,-8.299710751E-1,8.467038617E-1
4.889813250E1,7.500714064E-2,-1.926259995E-1,-8.676519394E-1,8.919365082E-1
4.890316047E1,8.118224144E-2,-1.865396500E-1,-9.054281712E-1,9.280020315E-1
4.890818844E1,2.067536712E-1,-1.896562576E-1,-9.195311069E-1,9.613813152E-1
4.891313656E1,2.604776621E-1,-1.922340393E-1,-8.578255177E-1,9.168790308E-1
4.891816052E1,2.522247732E-1,-2.234792709E-1,-8.626706600E-1,9.261538686E-1
4.892318448E1,2.490838766E-1,-2.305622101E-1,-7.813994884E-1,8.519312595E-1
4.892824885E1,1.937557757E-1,-2.519712448E-1,-7.762372494E-1,8.387938222E-1
4.893327552E1,1.769247949E-1,-2.778520584E-1,-7.568762302E-1,8.254488339E-1
4.893826943E1,2.032374740E-1,-2.652053833E-1,-7.184240818E-1,7.923209750E-1
4.894329281E1,2.155666649E-1,-2.525310516E-1,-6.652178764E-1,7.434754483E-1
4.894832208E1,2.091756165E-1,-2.397317886E-1,-5.975172520E-1,6.769435984E-1
4.895334604E1,1.264171302E-1,-2.555437088E-1,-5.725851059E-1,6.396386335E-1
4.895837000E1,7.261404395E-2,-3.046388626E-1,-4.709999561E-1,5.656134675E-1
4.896339396E1,1.242644787E-1,-3.056735992E-1,-4.458971024E-1,5.547091453E-1
4.896842276E1,1.185046434E-1,-3.161220551E-1,-4.588272572E-1,5.696480985E-1
4.897344698E1,1.033020616E-1,-3.454780579E-1,-5.242683887E-1,6.363047602E-1
4.897847120E1,9.301862121E-2,-3.506889343E-1,-5.416846275E-1,6.519642845E-1
4.898348646E1,1.019056737E-1,-3.651962280E-1,-5.591397285E-1,6.755666417E-1
4.898851005E1,1.061064303E-1,-3.890295029E-1,-5.813050270E-1,7.074730123E-1
4.899353365E1,7.682961226E-2,-3.934421539E-1,-5.987284184E-1,7.205381577E-1
4.899858896E1,8.108505607E-2,-4.215898514E-1,-6.015732288E-1,7.390555722E-1
4.900361469E1,6.611958146E-2,-3.728199005E-1,-6.048033237E-1,7.135499546E-1
4.900866474E1,3.695297241E-2,-3.478193283E-1,-5.553398132E-1,6.563125136E-1
4.901369286E1,-6.400901079E-2,-3.368520737E-1,-5.493342876E-1,6.475605243E-1
4.901871323E1,-9.812735021E-2,-3.160533905E-1,-5.386986732E-1,6.322301662E-1
4.902374057E1,-1.373273432E-1,-3.093824387E-1,-6.763541698E-1,7.563274791E-1
4.902876792E1,-7.142747939E-2,-2.211179733E-1,-7.710391283E-1,8.052927296E-1
4.903379833E1,-5.336293578E-2,-1.374330521E-1,-7.463735342E-1,7.607949128E-1
4.903882588E1,-6.618946791E-3,-1.108655930E-1,-5.549271107E-1,5.659320527E-1
4.904385344E1,5.927598476E-2,-5.530643463E-2,-3.689510822E-1,3.777530214E-1
4.904887203E1,1.061433852E-1,4.558563232E-4,-1.739199162E-1,2.037517196E-1
4.905389896E1,1.052985191E-1,2.285099030E-2,-2.977132797E-3,1.077905803E-1
4.905892588E1,8.548676968E-2,3.580856323E-2,1.965093613E-2,9.474386672E-2
4.906396578E1,5.612000823E-2,2.495861053E-2,-1.481556892E-2,6.318139478E-2
4.906899359E1,1.032142341E-1,9.580612183E-3,-8.285236359E-2,1.327007174E-1
4.907402140E1,1.452737153E-1,-1.029396057E-2,-1.319169998E-1,1.965006687E-1
4.907904922E1,1.394667029E-1,-6.336498260E-2,-2.624655962E-1,3.038984558E-1
4.908403693E1,9.066861868E-2,-4.906272888E-2,-3.648337126E-1,3.791194899E-1
4.908906271E1,8.992213011E-2,-5.847072601E-2,-2.854892015E-1,3.049736046E-1
4.909408849E1,3.185778856E-2,-5.805683136E-2,-2.782438993E-1,2.860160518E-1
4.909912760E1,1.218390465E-2,-5.747032166E-2,-2.327026129E-1,2.400037321E-1
4.910415427E1,-3.126861155E-2,-1.363468170E-2,-1.968971491E-1,1.998302228E-1
4.910918094E1,-3.178001940E-2,-3.186702728E-2,-1.849094629E-1,1.903076103E-1
4.911421021E1,-1.799570024E-2,-6.904220581E-2,-1.297858953E-1,1.481048616E-1
4.911923703E1,-4.256494343E-2,-1.251201630E-1,-5.079984665E-2,1.415890321E-1
4.912426385E1,-5.764304101E-2,-1.427011490E-1,-2.442657948E-2,1.558300224E-1
4.912929068E1,3.709933162E-2,-2.079029083E-1,-5.543553829E-2,2.183416557E-1
4.913428031E1,6.945230067E-2,-2.345380783E-1,-3.879702091E-2,2.476629586E-1
4.913930526E1,1.639926434E-1,-1.940374374E-1,-4.592216015E-2,2.581723436E-1
4.914433021E1,2.489684224E-1,-2.155847549E-1,-7.213878632E-2,3.371439847E-1
4.914935823E1,2.480689138E-1,-2.321310043E-1,-7.450842857E-2,3.478138800E-1
4.915438338E1,2.093818188E-1,-2.293491364E-1,-1.056160927E-1,3.280191022E-1
4.915940854E1,1.519335210E-1,-2.646522522E-1,-1.080142260E-1,3.237154343E-1
4.916444766E1,1.234588176E-1,-2.614908218E-1,-1.581425667E-1,3.295885328E-1
4.916947375E1,7.598446310E-2,-2.772626877E-1,-2.179023027E-1,3.607348752E-1
4.917448672E1,9.568308294E-2,-2.545204163E-1,-2.731921673E-1,3.854476033E-1
4.917951146E1,5.351670086E-2,-2.316379547E-1,-2.184015512E-1,3.228303222E-1
4.918453620E1,8.803525567E-2,-2.611894608E-1,-1.782075167E-1,3.282195297E-1
4.918956094E1,7.950904965E-2,-2.379283905E-1,-1.189090014E-1,2.776165676E-1
4.919459490E1,9.990689158E-2,-2.002096176E-1,-5.943512917E-2,2.315120138E-1
4.919962010E1,3.420534730E-2,-1.863031387E-1,-1.417028904E-2,1.899464724E-1
4.920465068E1,2.105429769E-2,-1.913843155E-1,-1.183032990E-2,1.929020383E-1
4.920967640E1,1.243270934E-2,-1.819782257E-1,-4.735314846E-2,1.884488460E-1
4.921470213E1,8.413806558E-3,-2.154798508E-1,-9.684562683E-2,2.363925415E-1
4.921972786E1,3.775763512E-2,-2.200956345E-1,-1.411637068E-1,2.641872810E-1
4.922477656E1,6.681099534E-2,-2.197732925E-1,-1.659291983E-1,2.833663848E-1
4.922980344E1,1.004822105E-1,-2.288064957E-1,-2.147377133E-1,3.294865287E-1
4.923483031E1,1.436010599E-1,-2.854757309E-1,-2.394490838E-1,3.993163171E-1
4.923985719E1,1.292901784E-1,-2.940721512E-1,-2.783583999E-1,4.250620885E-1
4.924493687E1,1.295649558E-1,-3.025112152E-1,-2.737199664E-1,4.280452466E-1
4.924996646E1,1.203930825E-1,-3.155040741E-1,-2.885202169E-1,4.441635179E-1
4.925499604E1,1.688502729E-1,-3.187303543E-1,-2.697618604E-1,4.504119389E-1
4.925995922E1,1.408741474E-1,-3.169441223E-1,-3.040790558E-1,4.612625871E-1
4.926498432E1,1.132605746E-1,-3.006715775E-1,-4.095025957E-1,5.205033440E-1
4.927001651E1,1.049291641E-1,-2.268276215E-1,-5.053638816E-1,5.637850230E-1
4.927504234E1,8.713384718E-2,-1.385154724E-1,-6.970515251E-1,7.160025643E-1
4.928006281E1,5.034511536E-2,-1.313953400E-1,-7.263956070E-1,7.398986038E-1
4.928508807E1,3.254467249E-2,-1.240682602E-1,-7.083448172E-1,7.198642017E-1
4.929011333E1,9.591230750E-2,-6.391811371E-2,-6.576534510E-1,6.676771357E-1
4.929517141E1,1.113083512E-1,-3.234481812E-2,-6.025925875E-1,6.136396033E-1
4.930019885E1,1.075132117E-1,3.765773773E-2,-5.962755680E-1,6.070599220E-1
4.930522630E1,1.610565037E-1,9.818744659E-2,-6.046664715E-1,6.334046998E-1
4.931022219E1,2.002475411E-1,1.397018433E-1,-6.186280847E-1,6.650687106E-1
4.931524755E1,1.774520427E-1,1.956777573E-1,-6.951310039E-1,7.436303683E-1
4.932027292E1,1.452169567E-1,2.134923935E-1,-7.242742777E-1,7.689214498E-1
4.932531364E1,1.608624309E-1,2.888383865E-1,-8.209915161E-1,8.850601136E-1
4.933034005E1,1.716862917E-1,3.307781219E-1,-8.373640776E-1,9.165527520E-1
4.933536646E1,1.538514942E-1,3.823833466E-1,-8.882707357E-1,9.792406272E-1
4.934037474E1,1.551441401E-1,4.579792023E-1,-8.734086156E-1,9.983272328E-1
4.934539990E1,1.517740339E-1,4.810028076E-1,-9.169729948E-1,1.046536445E0
4.935042505E1,1.723691970E-1,4.849872589E-1,-8.468350172E-1,9.909860381E-1
4.935545578E1,1.930969357E-1,4.699440002E-1,-8.876715302E-1,1.022787630E0
4.936048130E1,2.237649262E-1,5.124082565E-1,-8.625621796E-1,1.027933109E0
4.936551318E1,1.975266784E-1,5.118684769E-1,-8.432081342E-1,1.005995071E0
4.937053932E1,2.481877655E-1,5.114145279E-1,-7.672914267E-1,9.549230962E-1
4.937556547E1,2.324482650E-1,5.158243179E-1,-7.447966337E-1,9.353229113E-1
4.938058213E1,1.071258336E-1,4.868268967E-1,-6.799536347E-1,8.430974540E-1
4.938560766E1,6.826364249E-2,4.818468094E-1,-5.967890024E-1,7.700606379E-1
4.939063318E1,9.116679430E-4,4.434642792E-1,-5.523488522E-1,7.083435978E-1
4.939565870E1,-2.325810492E-2,3.812875748E-1,-6.086546779E-1,7.185970157E-1
4.940068885E1,-9.178370237E-3,3.336019516E-1,-5.981219411E-1,6.849265369E-1
4.940571458E1,9.460747242E-5,2.812576294E-1,-5.448924303E-1,6.131994974E-1
4.941074031E1,-1.568347216E-4,2.768707275E-1,-5.587877035E-1,6.236193727E-1
4.941573531E1,-1.954423636E-2,2.868938446E-1,-5.251407623E-1,5.987176927E-1
4.942075901E1,-2.925351262E-2,2.921915054E-1,-4.676390588E-1,5.521937461E-1
4.942578271E1,-8.678045869E-2,2.688541412E-1,-4.197733402E-1,5.059872078E-1
4.943080641E1,-5.347706378E-2,2.169189453E-1,-2.523556650E-1,3.370415506E-1
4.943583010E1,-1.924385428E-1,2.799015045E-1,-1.375479698E-1,3.664653995E-1
4.944089667E1,-3.505179286E-1,2.663803101E-1,-1.561320424E-1,4.671172257E-1
4.944592208E1,-3.704034388E-1,2.146921158E-1,-2.269317210E-1,4.845507384E-1
4.945096505E1,-2.569716573E-1,1.344556808E-1,-2.541466951E-1,3.856206755E-1
4.945599208E1,-2.922424674E-1,1.787414551E-1,-2.332680821E-1,4.144492317E-1
4.946101911E1,-1.321617514E-1,-2.563571930E-2,-3.364020586E-1,3.623399835E-1
4.946608338E1,-3.955008090E-2,-7.184219360E-2,-6.110767126E-1,6.165551544E-1
4.947111307E1,-6.692855060E-2,1.627922058E-3,-7.134532332E-1,7.165874664E-1
4.947614276E1,1.251457930E-1,-2.596979141E-1,-6.817790866E-1,7.402210474E-1
4.948117245E1,4.220710397E-1,-2.145462036E-1,-6.644406915E-1,8.158771161E-1
4.948611724E1,4.415502548E-1,-1.359252930E-1,-7.289193869E-1,8.629981375E-1
4.949114276E1,3.803132772E-1,-1.624965668E-1,-7.163719535E-1,8.271832317E-1
4.949616828E1,2.042858154E-1,-1.746015549E-1,-8.328059316E-1,8.750909193E-1
4.950117490E1,2.476496249E-1,-2.201452255E-1,-7.247766256E-1,7.969287384E-1
4.950619911E1,2.375602722E-1,-3.605747223E-2,-5.981885195E-1,6.446429470E-1
4.951122219E1,3.129875660E-1,-1.954650879E-2,-4.432955384E-1,5.430048037E-1
4.951624630E1,3.492302597E-1,-8.429050446E-2,-2.787898779E-1,4.547421901E-1
4.952127042E1,4.517675638E-1,-1.440801620E-1,-2.431774139E-1,5.329055071E-1
4.952629453E1,4.485967755E-1,-2.675056458E-2,-3.124331832E-1,5.473291091E-1
4.953131865E1,6.366151571E-1,6.185913086E-2,-2.758448124E-1,6.965599550E-1
4.953643354E1,6.097259521E-1,6.446266174E-2,-2.239298820E-1,6.527371321E-1
4.954146130E1,4.784099460E-1,1.819686890E-1,-4.109455943E-1,6.564030482E-1
4.954648906E1,4.430070817E-1,1.034126282E-1,-4.152466655E-1,6.159376911E-1
4.955150729E1,3.404223919E-1,-5.623435974E-2,-2.470904589E-1,4.243859128E-1
4.955653443E1,3.856858015E-1,-2.585811615E-1,-1.167788506E-1,4.788058631E-1
4.956153255E1,4.207526445E-1,-4.414224625E-1,-4.022836685E-1,7.305605575E-1
4.956655651E1,4.892606735E-1,-6.765089035E-1,-3.093211651E-1,8.903481826E-1
4.957159271E1,5.103829503E-1,-7.341861725E-1,-1.777806282E-1,9.116611452E-1
4.957661786E1,9.291436672E-1,-9.590110779E-1,-3.090809584E-1,1.370598862E0
4.958162130E1,9.811121225E-1,-9.347257614E-1,-4.977633953E-1,1.443627945E0
4.958664427E1,9.919687510E-1,-8.194503784E-1,-4.902245998E-1,1.376888189E0
4.959166724E1,1.143427491E0,-9.050149918E-1,-4.014228582E-1,1.512487644E0
4.959666698E1,1.019753933E0,-5.933790207E-1,1.221001148E-2,1.179892296E0
4.960168838E1,1.008580685E0,-6.883478165E-1,1.343065500E-1,1.228452670E0
4.960670979E1,8.942011595E-1,-4.959077835E-1,3.481965065E-1,1.080167140E0
4.961173120E1,7.628712058E-1,-3.558664322E-1,7.499708533E-1,1.127417259E0
4.961675260E1,7.051452994E-1,-4.497575760E-1,8.715072870E-1,1.207905924E0
4.962183229E1,5.394541621E-1,-2.428054810E-3,9.239798784E-1,1.069932476E0
4.962685604E1,3.466298282E-1,1.293392181E-1,8.400326371E-1,9.178974358E-1
4.963186031E1,9.297874570E-2,2.234048843E-1,8.736441731E-1,9.065367785E-1
4.963688213E1,-1.403777301E-1,2.225084305E-1,7.284325361E-1,7.744868420E-1
4.964190396E1,-4.588498771E-1,3.323860168E-1,6.050815582E-1,8.289435240E-1
4.964695901E1,-7.958511710E-1,3.520736694E-1,4.844905138E-1,9.960251067E-1
4.965198307E1,-1.047047377E0,3.532791138E-1,5.572001934E-1,1.237572784E0
4.965700713E1,-1.260577440E0,3.791275024E-1,4.788707495E-1,1.400753490E0
4.966201953E1,-1.288214445E0,4.773559570E-1,2.683547735E-1,1.399778358E0
4.966704281E1,-1.307291985E0,5.139398575E-1,-1.413520575E-1,1.411781468E0
4.967206609E1,-1.289583445E0,3.883981705E-1,-4.158008099E-1,1.409527904E0
4.967708937E1,-1.168826222E0,2.539033890E-1,-5.266265869E-1,1.306888377E0
4.968211672E1,-1.031421900E0,1.439657211E-1,-5.217101574E-1,1.164791291E0
4.968714021E1,-9.679895639E-1,3.467273712E-2,-4.394226074E-1,1.063625038E0
4.969219364E1,-8.537961841E-1,-4.990005493E-2,-2.554004192E-1,8.925734219E-1
4.969722026E1,-7.890800834E-1,-1.386365891E-1,-1.188485622E-1,8.099336161E-1
4.970224687E1,-7.301579714E-1,-1.644458771E-1,-6.765174866E-2,7.514984157E-1
4.970724177E1,-7.055870891E-1,-2.327003479E-1,-8.299303055E-2,7.475897507E-1
4.971226625E1,-6.386346817E-1,-2.522525787E-1,-8.752298355E-2,6.922036498E-1
4.971729224E1,-5.387119651E-1,-2.519235611E-1,-1.390397549E-1,6.107439033E-1
4.972231687E1,-4.821977615E-1,-3.273630142E-1,-1.849360466E-1,6.114593737E-1
4.972734151E1,-4.257726073E-1,-3.923740387E-1,-2.874574661E-1,6.464298061E-1
4.973236870E1,-3.838768005E-1,-4.230566025E-1,-3.413653374E-1,6.654837191E-1
4.973739349E1,-3.517135382E-1,-5.294933319E-1,-3.851928711E-1,7.432625037E-1
4.974241828E1,-3.338375688E-1,-5.633220673E-1,-4.190185070E-1,7.774032306E-1
4.974744953E1,-2.489584088E-1,-5.915956497E-1,-4.811818600E-1,8.021855673E-1
4.975247474E1,-1.737022996E-1,-5.857038498E-1,-5.097451210E-1,7.956516681E-1
4.975749995E1,-1.890951991E-1,-5.887126923E-1,-5.095679760E-1,8.012484949E-1
4.976252516E1,-1.323466897E-1,-6.245632172E-1,-5.190927982E-1,8.228318125E-1
4.976758411E1,-1.137491465E-1,-6.165380478E-1,-5.187020302E-1,8.137013142E-1
4.977261104E1,-7.592892647E-2,-5.363817215E-1,-5.525074005E-1,7.737796719E-1
4.977763682E1,-5.726659298E-2,-5.515098572E-1,-5.867817402E-1,8.073136911E-1
4.978266365E1,-5.790627003E-2,-4.753341675E-1,-5.689654350E-1,7.436513788E-1
4.978769047E1,-4.919373989E-2,-4.514093399E-1,-5.563938618E-1,7.181674913E-1
4.979268250E1,-1.691073179E-2,-4.129896164E-1,-5.305590630E-1,6.725617558E-1
4.979770703E1,2.934569120E-2,-3.932495117E-1,-5.145587921E-1,6.482878208E-1
4.980273156E1,7.029688358E-2,-3.396997452E-1,-3.891139030E-1,5.212937735E-1
4.980775609E1,1.110218763E-1,-3.528099060E-1,-3.409104347E-1,5.030115419E-1
4.981278484E1,2.187095284E-1,-3.224544525E-1,-3.506507874E-1,5.241819402E-1
4.981780958E1,2.686061263E-1,-3.538684845E-1,-3.941833973E-1,5.939298832E-1
4.982283432E1,3.515446186E-1,-2.891016006E-1,-2.991547585E-1,5.446622108E-1
4.982785906E1,4.726053476E-1,-3.242464066E-1,-3.621006012E-1,6.779442397E-1
4.983292224E1,5.503641367E-1,-3.154745102E-1,-3.814725876E-1,7.402338716E-1
4.983794891E1,7.137243152E-1,-2.824106216E-1,-7.886219025E-1,1.100492009E0
4.984297187E1,3.654136181E0,-1.320281506E0,-1.266853142E1,1.325094498E1
4.984799812E1,7.470264912E0,-1.026268482E0,-9.585515022E0,1.219590846E1
4.985302818E1,5.328950882E0,-3.626728058E-2,-5.831960201E0,7.900050165E0
4.985805479E1,6.209255219E0,-1.326065063E-1,-8.752236366E0,1.073191857E1
4.986307672E1,6.221878529E0,-9.062004089E-2,-7.577690601E0,9.805171047E0
4.986810286E1,5.571048737E0,-3.030014038E-2,-5.724098206E0,7.987665641E0
4.987312901E1,4.462370396E0,1.355762482E-1,-3.822325230E0,5.877184754E0
4.987815516E1,3.221144199E0,2.406883240E-1,-2.066568375E0,3.834632403E0
4.988322536E1,1.683455229E0,3.005523682E-1,-8.517956734E-1,1.910473528E0
4.988825359E1,4.088902473E-2,2.971534729E-1,3.608727455E-1,4.692560466E-1
4.989328182E1,-2.140630960E0,4.992370605E-1,1.544910908E0,2.686687229E0
4.989831005E1,-3.736515522E0,6.490020752E-1,1.856352091E0,4.222415781E0
4.990333828E1,-3.839032650E0,4.071445465E-1,1.150037289E0,4.028215999E0
4.990831229E1,-3.789091110E0,2.620506287E-1,3.142113686E-1,3.811116734E0
4.991333823E1,-3.692137241E0,1.941862106E-1,1.094865799E-1,3.698861042E0
4.991836417E1,-3.591155767E0,1.986942291E-1,5.355789661E-1,3.636306364E0
4.992339010E1,-4.058476448E0,3.759164810E-1,1.213688850E0,4.252715004E0
4.992841771E1,-4.533246994E0,4.341344833E-1,1.684890509E0,4.855682968E0
4.993344380E1,-4.264750481E0,3.879165649E-1,1.543362379E0,4.551982355E0
4.993846990E1,-4.368083000E0,5.147962570E-1,1.349586010E0,4.600711541E0
4.994349599E1,-4.264514446E0,5.370454788E-1,1.137124538E0,4.446071696E0
4.994852401E1,-4.035655975E0,5.262250900E-1,1.029809952E0,4.198087723E0
4.995355021E1,-3.614289284E0,4.820747375E-1,9.358587265E-1,3.764480659E0
4.995857640E1,-3.094815254E0,3.998031616E-1,8.353319168E-1,3.230402984E0
4.996363703E1,-2.471202135E0,2.745828629E-1,7.943501472E-1,2.610216063E0
4.996866552E1,-1.866422534E0,1.398801804E-1,7.020182610E-1,1.998982036E0
4.997369401E1,-1.293386698E0,1.983261108E-2,6.155602932E-1,1.432535150E0
4.997871130E1,-7.748311758E-1,-9.007453918E-3,5.297873020E-1,9.386794291E-1
4.998373906E1,-4.004611969E-1,-9.981441498E-2,4.585440159E-1,6.169235789E-1
4.998876682E1,-9.264278412E-2,-9.942531586E-2,4.206831455E-1,4.420886651E-1
4.999379458E1,2.162933350E-1,-1.131525040E-1,1.194624901E-1,2.717675154E-1
4.999877953E1,6.318030953E-1,-2.414674759E-1,-6.219115257E-1,9.188338473E-1
5.000380516E1,9.140592813E-1,-2.931232452E-1,-4.735116959E-1,1.070345240E0
5.000883406E1,1.480557561E0,-4.069986343E-1,-3.648195267E-1,1.578224276E0
5.001386000E1,2.714966774E0,-6.595568657E-1,-3.967037201E-1,2.821955649E0
5.001888229E1,5.155137062E0,-9.454293251E-1,-4.456462860E-1,5.260026174E0
5.002390786E1,4.495461464E0,-7.193436623E-1,-1.732627869E0,4.871204000E0
5.002893344E1,3.831574440E0,-5.322337151E-1,-2.218509197E0,4.459374225E0
5.003396396E1,3.221064091E0,-4.701905251E-1,-1.859830856E0,3.749040387E0
5.003898984E1,2.504300356E0,-5.135979652E-1,-9.290714264E-1,2.720014128E0
5.004401890E1,1.709563375E0,-4.941859245E-1,-2.049326897E-1,1.791319086E0
5.004904510E1,6.204174161E-1,-5.502591133E-1,-6.327910423E-1,1.043133436E0
5.005406745E1,-3.104823828E-1,-6.725344658E-1,-1.402976036E0,1.586519359E0
5.005909323E1,-9.271780252E-1,-4.122090340E-1,-1.535590649E0,1.840547206E0
5.006412057E1,-1.526012897E0,1.338090897E-1,-8.943519592E-1,1.773833606E0
5.006914651E1,-2.316734552E0,6.301593781E-1,-9.251708984E-1,2.572994563E0
5.007417219E1,-3.075444221E0,8.902034760E-1,-1.397567749E0,3.493424538E0
5.007919812E1,-3.588951111E0,9.474077225E-1,-1.550385952E0,4.022666786E0
5.008421932E1,-3.800841808E0,9.690084457E-1,-1.795764923E0,4.313948015E0
5.008924474E1,-3.778239250E0,9.070034027E-1,-2.181888103E0,4.456274532E0
5.009427016E1,-3.526407719E0,7.706165314E-1,-2.613683701E0,4.456539434E0
5.009929557E1,-3.193467379E0,6.218175888E-1,-2.986621380E0,4.416423698E0
5.010428906E1,-2.578286171E0,5.083541870E-1,-3.468536377E0,4.351635113E0
5.010931292E1,-2.876248360E0,9.509563446E-1,-3.108858109E0,4.340751241E0
5.011433677E1,-3.310200691E0,1.107069016E0,-2.273018360E0,4.165290252E0
5.011936062E1,-2.171565294E0,7.856988907E-1,-1.368822098E0,2.684528359E0
5.012444937E1,-1.547354937E0,6.149177551E-1,-9.447445869E-1,1.914412045E0
5.012947651E1,-5.231679678E-1,3.189821243E-1,-2.939600945E-1,6.796078688E-1
5.013450364E1,3.416529894E-1,9.003543854E-2,2.733850479E-1,4.467354136E-1
5.013953078E1,1.235195518E0,-6.636333466E-2,8.685555458E-1,1.511456514E0
5.014456167E1,1.857035995E0,-1.590681076E-1,1.569350481E0,2.436543921E0
5.014958901E1,2.399877071E0,-1.969299316E-1,2.271764755E0,3.310454117E0
5.015461635E1,3.089662075E0,-1.889133453E-1,2.914783955E0,4.251783801E0
5.015963870E1,3.740556240E0,-1.823091507E-1,3.384841204E0,5.047984507E0
5.016466568E1,4.544984818E0,-2.819824219E-1,3.214033127E0,5.573724968E0
5.016969266E1,4.987408638E0,-2.245321274E-1,2.891252995E0,5.769229019E0
5.017466010E1,5.097715378E0,1.906824112E-1,3.086047173E0,5.962109443E0
5.017968302E1,5.489458561E0,6.903743744E-1,3.395213842E0,6.491398086E0
5.018473896E1,5.823699951E0,1.026012421E0,3.091835976E0,6.672902840E0
5.018976526E1,5.808403969E0,1.303121567E0,3.114261150E0,6.718206978E0
5.019479156E1,5.467612743E0,1.445494652E0,3.706373930E0,6.761763942E0
5.019986437E1,4.644541740E0,1.659152031E0,4.417768478E0,6.621271160E0
5.020489375E1,3.476562023E0,2.101813316E0,5.119473457E0,6.535526849E0
5.020992312E1,2.293174982E0,2.534330368E0,5.395890236E0,6.387261804E0
5.021495250E1,1.470344424E0,3.080987930E0,5.386384010E0,6.377110008E0
5.021998187E1,4.795670509E-1,3.946996689E0,5.182007790E0,6.531613288E0
5.022502240E1,-6.468470097E-1,4.897174835E0,4.500156879E0,6.682226003E0
5.023005219E1,-1.672716618E0,5.892084122E0,3.617798567E0,7.113585780E0
5.023508198E1,-2.381723404E0,6.658000946E0,2.821652412E0,7.613363600E0
5.024011177E1,-2.432035685E0,7.141862869E0,2.120903254E0,7.837042390E0
5.024503927E1,-2.765282869E0,7.242664337E0,2.577363968E0,8.169809121E0
5.025006391E1,-3.166046619E0,7.312054634E0,2.859670639E0,8.465678374E0
5.025507042E1,-3.141958237E0,7.305921555E0,3.626066446E0,8.740523394E0
5.026009328E1,-2.989877462E0,7.354231834E0,3.932525873E0,8.859393481E0
5.026513677E1,-2.994358778E0,7.710796356E0,5.954857826E0,1.019229595E1
5.027016177E1,-2.083169460E0,6.979912758E0,6.148632050E0,9.532284783E0
5.027518677E1,-2.787995338E-1,6.699601173E0,5.478316307E0,8.658772120E0
5.028021177E1,1.000862479E0,6.353065491E0,3.876044750E0,7.509120437E0
5.028526495E1,8.025447130E-1,6.474722862E0,2.606274843E0,7.025580596E0
5.029029130E1,2.481639385E-1,6.466286659E0,2.162320852E0,6.822761902E0
5.029535500E1,-7.316780090E-1,6.572954178E0,2.110946178E0,6.942274346E0
5.030038516E1,-9.424324036E-1,6.235465527E0,2.140104294E0,6.659523673E0
5.030541531E1,-2.784144878E-1,5.451652050E0,1.953516483E0,5.797779864E0
5.031039437E1,3.840479851E-1,4.627453804E0,2.018671513E0,5.063186372E0
5.031542109E1,8.262135983E-1,3.578163624E0,2.346565008E0,4.358010001E0
5.032044781E1,6.797385216E-1,2.453587532E0,2.259178400E0,3.403824801E0
5.032550255E1,1.837174892E-1,1.222452641E0,1.238367796E0,1.749770663E0
5.033053120E1,-1.398839951E-1,4.891805649E-1,1.379623890E0,1.470451371E0
5.033556599E1,-4.013397694E-1,-4.727468491E-1,1.572551250E0,1.690408421E0
5.034059521E1,-4.950120449E-1,-1.485373497E0,1.974408865E0,2.519853511E0
5.034562443E1,-7.758176327E-1,-2.294401646E0,2.035325289E0,3.163656262E0
5.035065364E1,-1.547763109E0,-3.023686886E0,1.777011156E0,3.833539053E0
5.035562542E1,-2.567068338E0,-3.644182682E0,1.778267622E0,4.799181494E0
5.036065177E1,-3.556746960E0,-4.261765957E0,2.152599812E0,5.953720178E0
5.036567948E1,-4.405162811E0,-4.857249260E0,2.658284903E0,7.075648973E0
5.037070594E1,-5.170869827E0,-5.450047016E0,2.334182262E0,7.866976172E0
5.037573240E1,-5.401196957E0,-5.787045956E0,1.550473332E0,8.066399259E0
5.038075245E1,-5.021619797E0,-5.988404274E0,3.900706768E-1,7.824947684E0
5.038577849E1,-3.755050182E0,-6.308044434E0,-1.219578028E0,7.441720031E0
5.039080693E1,-2.017048359E0,-6.888740540E0,-2.480540991E0,7.594492341E0
5.039583318E1,-2.744174004E-1,-8.331129074E0,-3.953010559E0,9.225470668E0
5.040085943E1,1.199209452E0,-8.990054131E0,-2.557812452E0,9.423459085E0
5.040588568E1,2.045924187E0,-8.968862534E0,-1.532722950E0,9.326067798E0
5.041088437E1,2.103888035E0,-9.183650017E0,-9.573838711E-1,9.470076894E0
5.041590927E1,1.305871725E0,-8.415246010E0,-6.778081656E-1,8.542897066E0
5.042093417E1,6.480822563E-1,-7.659843922E0,-1.143918872E0,7.771857558E0
5.042595906E1,2.052445412E-1,-7.057881355E0,-1.221050262E0,7.165666633E0
5.043098500E1,4.562520981E-2,-6.719859123E0,-9.585260153E-1,6.788030673E0
5.043600995E1,3.406553268E-1,-6.597248077E0,-8.137481809E-1,6.655968325E0
5.044103490E1,8.658781052E-1,-6.741562843E0,-4.795942903E-1,6.813840705E0
5.044612417E1,1.268424273E0,-6.941162109E0,-2.994033396E-1,7.062455233E0
5.045115354E1,1.316561937E0,-6.983529091E0,-3.331480026E-1,7.114351797E0
5.045618292E1,1.251180887E0,-6.935028076E0,-7.696903348E-1,7.088899156E0
5.046121286E1,1.269282103E0,-6.685230255E0,-1.372906208E0,6.941775859E0
5.046624224E1,1.242578506E0,-6.406218529E0,-1.589992285E0,6.716525340E0
5.047127161E1,9.762899876E-1,-5.930499077E0,-1.332495570E0,6.156257458E0
5.047627250E1,4.580917358E-1,-5.339833260E0,-1.017413259E0,5.455162419E0
5.048130000E1,-4.337024689E-2,-4.792725563E0,-8.840233684E-1,4.873766164E0
5.048632750E1,-2.969503403E-1,-4.595975399E0,-7.753769159E-1,4.670372441E0
5.049132854E1,-2.337069511E-1,-4.606200695E0,-9.519956112E-1,4.709352336E0
5.049635427E1,4.296159744E-2,-4.827825546E0,-1.151373148E0,4.963406625E0
5.050138635E1,5.931794643E-1,-5.145691872E0,-1.205271244E0,5.318146809E0
5.050641271E1,1.251935482E0,-5.578501701E0,-1.396404266E0,5.885318051E0
5.051145885E1,1.614459276E0,-5.742707253E0,-1.354378223E0,6.117148495E0
5.051648713E1,1.457094193E0,-5.734049797E0,-1.631395340E0,6.137092253E0
5.052153021E1,8.792481422E-1,-5.466421127E0,-2.183751583E0,5.951773535E0
5.052655990E1,-2.347702980E-1,-5.074635506E0,-2.758800030E0,5.780832138E0
5.053158958E1,-1.394063950E0,-4.526024818E0,-3.171833754E0,5.699898623E0
5.053661927E1,-2.620345592E0,-3.912693024E0,-3.428789616E0,5.825115960E0
5.054164896E1,-3.801652431E0,-3.211941719E0,-3.368218184E0,6.009494534E0
5.054667864E1,-5.022377491E0,-2.362959385E0,-3.058264732E0,6.337257758E0
5.055160896E1,-5.936091423E0,-1.607675076E0,-2.697833776E0,6.715661369E0
5.055663521E1,-6.181989670E0,-1.021460533E0,-2.478157282E0,6.738074014E0
5.056166146E1,-5.828166008E0,-6.922769547E-1,-2.304494858E0,6.305351929E0
5.056667875E1,-4.897986889E0,-5.388064384E-1,-1.940866470E0,5.295993825E0
5.057170437E1,-3.801513195E0,-5.604076385E-1,-1.401071787E0,4.090056411E0
5.057673401E1,-2.574905396E0,-6.844959259E-1,-6.368064880E-1,2.739378574E0
5.058176005E1,-1.513256311E0,-8.529372215E-1,1.125454903E-1,1.740721993E0
5.058678083E1,-7.927119732E-1,-9.741039276E-1,5.256266594E-1,1.361452944E0
5.059180635E1,-5.084364414E-1,-9.324369431E-1,6.970005035E-1,1.270336951E0
5.059683187E1,-6.703555584E-1,-8.663115501E-1,7.305402756E-1,1.316647778E0
5.060185740E1,-8.627505302E-1,-7.994356155E-1,5.297117233E-1,1.289972981E0
5.060689260E1,-5.783426762E-1,-1.281521797E0,1.012945175E0,1.732869382E0
5.061191859E1,-9.885990620E-1,-1.350811958E0,1.534709930E0,2.270981203E0
5.061694458E1,-1.073685646E0,-1.276116371E0,1.918869019E0,2.542308433E0
5.062197057E1,-2.370167255E0,1.762151718E-2,1.993733883E0,3.097253321E0
5.062701052E1,-5.004604340E0,1.377558231E0,2.193155289E-1,5.195366260E0
5.063203724E1,-4.247218132E0,1.033391953E0,-5.142227173E0,6.749019268E0
5.063706396E1,-3.412893295E0,4.188818932E-1,-3.284771442E0,4.755315564E0
5.064207724E1,-4.118933201E0,1.747236252E-1,-9.393596649E-2,4.123707437E0
5.064710302E1,-5.698129654E0,4.731211662E-1,2.151719570E0,6.109207993E0
5.065212880E1,-6.981361389E0,8.248472214E-1,3.323331833E0,7.775880288E0
5.065717859E1,-8.382988930E0,1.080464363E0,3.373941898E0,9.100845596E0
5.066220594E1,-6.887589455E0,1.678683281E0,3.699659824E0,7.996521048E0
5.066723328E1,2.297341347E0,2.820281029E0,3.562786579E0,5.091680523E0
5.067226062E1,7.041509628E0,3.039574146E0,-2.053243637E0,7.939627086E0
5.067735573E1,1.501976776E1,3.918571949E0,1.718040943E0,1.561730753E1
5.068238656E1,1.693263054E1,3.019724846E0,1.593968391E0,1.727348981E1
5.068741740E1,1.486993694E1,1.394372940E0,6.522274017E-1,1.494940471E1
5.069244823E1,8.749306679E0,-5.009803772E-1,3.545111656E0,9.453526609E0
5.069739161E1,4.198526382E0,-2.136816978E0,6.131864548E0,7.732617501E0
5.070241802E1,1.939632654E0,-2.615862608E0,6.938868999E0,7.665038487E0
5.070747406E1,7.790967822E-1,-2.696805239E0,6.298611164E0,6.895814157E0
5.071250333E1,-1.515496135E0,-2.194572210E0,4.433023930E0,5.173449225E0
5.071753838E1,-2.700852394E0,-1.270937920E0,4.465149403E0,5.370981850E0
5.072256823E1,-1.644733667E0,-6.086411476E-1,6.955736160E0,7.173413303E0
5.072759807E1,-1.460301161E0,2.370877266E-1,6.956846237E0,7.112411661E0
5.073262792E1,-1.862831116E0,1.318675518E0,5.370412350E0,5.835269805E0
5.073761531E1,-1.742386580E0,2.236224651E0,4.363211155E0,5.203289658E0
5.074264312E1,-1.079064131E0,2.595396042E0,4.076288223E0,4.951422593E0
5.074767094E1,-3.590072095E-1,2.307034969E0,3.800275803E0,4.460200971E0
5.075271057E1,-1.528425068E-1,1.798267841E0,3.042166710E0,3.537217318E0
5.075773922E1,-6.442809850E-2,1.257435322E0,2.212839603E0,2.545968122E0
5.076276312E1,2.954667807E-1,6.242828369E-1,2.329792023E0,2.430012458E0
5.076779130E1,6.054568291E-1,3.861236572E-2,2.539940357E0,2.611391565E0
5.077281948E1,5.413554907E-1,-1.140441895E-1,1.186558723E0,1.309195726E0
5.077784766E1,8.419298530E-1,-4.491066933E-1,-1.801328659E-1,9.710770045E-1
5.078283088E1,1.142506003E0,-6.191043854E-1,-3.776340485E-1,1.353224919E0
5.078785677E1,1.047605515E0,-4.241008759E-1,-6.551122665E-1,1.306334930E0
5.079288266E1,8.439170718E-1,-1.332359314E-1,-6.005315781E-1,1.044311263E0
5.079792500E1,6.587886810E-1,1.670918465E-1,-3.431644440E-1,7.613698490E-1
5.080295198E1,4.559934437E-1,4.616508484E-1,-8.338642120E-2,6.542207745E-1
5.080797896E1,1.710825562E-1,8.886322975E-1,3.104209900E-2,9.054834141E-1
5.081300594E1,-3.152846694E-1,1.513727188E0,1.684465408E-1,1.555361263E0
5.081808536E1,-9.497100115E-1,2.183165550E0,3.482618332E-1,2.406127019E0
5.082311495E1,-1.597905397E0,2.631575108E0,5.096197128E-1,3.120609148E0
5.082814453E1,-1.873703599E0,2.820737362E0,8.726968765E-1,3.496987887E0
5.083311870E1,-2.052268982E0,2.878831387E0,1.275423050E0,3.758481353E0
5.083814463E1,-2.141695261E0,2.830848217E0,1.707798004E0,3.939179387E0
5.084314359E1,-2.038885593E0,2.646744251E0,2.036805153E0,3.912912576E0
5.084816672E1,-1.803366899E0,2.393583775E0,2.411008835E0,3.846340997E0
5.085318984E1,-1.315693855E0,1.955726147E0,2.089672089E0,3.150022940E0
5.085822266E1,-6.743820906E-1,1.462319851E0,1.494594574E0,2.197039711E0
5.086324641E1,-1.241620779E-1,1.027963638E0,9.990539551E-1,1.438830869E0
5.086825870E1,4.579443932E-1,6.477069855E-1,7.318344116E-1,1.079267813E0
5.087328130E1,1.016175508E0,2.450575829E-1,5.345773697E-1,1.174069354E0
5.087829542E1,1.403993845E0,-8.443021774E-2,3.352632523E-1,1.445935208E0
5.088331719E1,1.651490688E0,-2.880635262E-1,1.383399963E-1,1.682123671E0
5.088833896E1,1.793604255E0,-4.233922958E-1,-8.039093018E-2,1.844651718E0
5.089336073E1,1.874832869E0,-4.712119102E-1,-2.113018036E-1,1.944656114E0
5.089842792E1,1.786177039E0,-4.885406494E-1,-3.650045395E-1,1.887413229E0
5.090345198E1,1.544515014E0,-3.804149628E-1,-5.225038528E-1,1.674291626E0
5.090847604E1,1.045888066E0,-3.763227463E-1,-6.650800705E-1,1.295311606E0
5.091350010E1,5.454925299E-1,-1.703839302E-1,-6.255445480E-1,8.472890684E-1
5.091855161E1,-3.259205818E-2,7.927036285E-2,-5.716571808E-1,5.780466807E-1
5.092357703E1,-4.544222951E-1,3.531222343E-1,-4.458551407E-1,7.279984486E-1
5.092860094E1,-7.607453465E-1,5.555105209E-1,-9.963703156E-2,9.472343740E-1
5.093362620E1,-1.055756807E0,7.389378548E-1,4.004077911E-1,1.349436174E0
5.093865146E1,-1.285803914E0,8.839764595E-1,8.634862900E-1,1.783343674E0
5.094366911E1,-1.511017084E0,9.568223953E-1,1.242371559E0,2.177652134E0
5.094869385E1,-1.799643397E0,9.762868881E-1,1.408418655E0,2.485054437E0
5.095371859E1,-1.998408318E0,1.009082317E0,1.696811676E0,2.809101777E0
5.095874333E1,-2.093626976E0,1.002538681E0,1.748849869E0,2.906343680E0
5.096381016E1,-1.922836781E0,8.562264442E-1,1.646210670E0,2.672159161E0
5.096883703E1,-1.615108967E0,7.481327057E-1,1.489125252E0,2.320726941E0
5.097386390E1,-1.518939972E0,6.883592606E-1,1.339532852E0,2.139010372E0
5.097884948E1,-1.370979667E0,5.106673241E-1,9.577779770E-1,1.748629468E0
5.098387359E1,-1.213644743E0,3.354787827E-1,4.633388519E-1,1.341701333E0
5.098889771E1,-9.988180995E-1,1.123518944E-1,-1.686391830E-1,1.019166188E0
5.099392182E1,-7.115358710E-1,-1.422624588E-1,-7.430248260E-1,1.038560444E0
5.099901719E1,-2.842814326E-1,-2.786951065E-1,-1.246361732E0,1.308397670E0
5.100404484E1,1.486554742E-1,-4.428353310E-1,-1.570107460E0,1.638120574E0
5.100907250E1,5.492323637E-1,-5.674309731E-1,-1.805607319E0,1.970749068E0
5.101410016E1,8.069968224E-1,-5.897159576E-1,-1.785961628E0,2.046623492E0
5.101905370E1,9.304312468E-1,-5.810647011E-1,-1.774743557E0,2.086397178E0
5.102407760E1,9.143864512E-1,-5.183362961E-1,-1.728518009E0,2.023005093E0
5.102909052E1,7.581443787E-1,-4.828972816E-1,-1.561210632E0,1.801485865E0
5.103411338E1,5.813147426E-1,-4.752321243E-1,-1.454442024E0,1.636818256E0
5.103916812E1,3.937851787E-1,-4.479098320E-1,-1.288385391E0,1.419727756E0
5.104419396E1,2.674778104E-1,-3.779401779E-1,-1.091335297E0,1.185493942E0
5.104921979E1,1.068891287E-1,-2.995324135E-1,-8.820962906E-1,9.376773531E-1
5.105427526E1,-4.474508762E-2,-2.561941147E-1,-7.465209961E-1,7.905258660E-1
5.105930318E1,-2.540954947E-1,-1.386847496E-1,-6.027898788E-1,6.686954600E-1
5.106433109E1,-4.538404346E-1,9.342193604E-3,-5.223760605E-1,6.920514180E-1
5.106931250E1,-6.061977148E-1,1.349506378E-1,-4.093484879E-1,7.438101428E-1
5.107433708E1,-7.308580279E-1,2.528319359E-1,-3.164739609E-1,8.356035021E-1
5.107936167E1,-8.239262700E-1,3.343696594E-1,-9.543609619E-2,8.942961568E-1
5.108435854E1,-8.144050837E-1,2.739329338E-1,2.156496048E-1,8.858891830E-1
5.108938130E1,-6.976714134E-1,1.906104088E-1,5.165853500E-1,8.887846493E-1
5.109440406E1,-5.120291114E-1,1.264700890E-1,6.166019440E-1,8.113978381E-1
5.109942682E1,-3.524883986E-1,9.157657623E-3,6.644554138E-1,7.522186722E-1
5.110444958E1,-1.559640169E-1,-1.423573494E-1,7.319946289E-1,7.618441614E-1
5.110950562E1,7.856076956E-2,-2.849149704E-1,7.234296799E-1,7.814722238E-1
5.111452974E1,2.706385255E-1,-4.145159721E-1,7.348203659E-1,8.860190025E-1
5.111956823E1,3.780031800E-1,-5.886983871E-1,7.326679230E-1,1.013042191E0
5.112459385E1,5.015466213E-1,-6.641330719E-1,8.318281174E-1,1.176673178E0
5.112959802E1,4.976841211E-1,-7.224161625E-1,9.509496689E-1,1.293785094E0
5.113462151E1,4.284946918E-1,-7.639415264E-1,1.123670578E0,1.424728018E0
5.113964500E1,4.802242517E-1,-8.322603703E-1,1.283216476E0,1.603096124E0
5.114466849E1,4.703189135E-1,-7.123100758E-1,1.568410873E0,1.785636635E0
5.114972880E1,3.260273337E-1,-5.576996803E-1,1.807144165E0,1.919138554E0
5.115475411E1,1.901440620E-1,-3.739228249E-1,1.794193268E0,1.842580399E0
5.115977943E1,6.751430035E-2,-1.801877022E-1,1.778567314E0,1.788945913E0
5.116484568E1,1.666128635E-3,-1.465940475E-2,1.674103737E0,1.674168748E0
5.116987375E1,-8.402356505E-2,9.896516800E-2,1.557357788E0,1.562759529E0
5.117490182E1,-1.991574168E-1,2.089591026E-1,1.432959557E0,1.461745762E0
5.117988463E1,-2.772059441E-1,3.446626663E-1,1.161959648E0,1.243296309E0
5.118490969E1,-4.031535685E-1,5.298948288E-1,9.262590408E-1,1.140735351E0
5.118993599E1,-5.188569427E-1,6.835455894E-1,7.017631531E-1,1.108566021E0
5.119496114E1,-6.098716259E-1,8.204154968E-1,4.882726669E-1,1.132887984E0
5.119998625E1,-6.809974313E-1,9.027810097E-1,2.951059341E-1,1.168699519E0
5.120501140E1,-6.700787544E-1,8.978524208E-1,4.064369202E-2,1.121069318E0
5.121003656E1,-6.009378433E-1,8.542523384E-1,-2.610359192E-1,1.076574707E0
5.121503740E1,-4.641094506E-1,7.678403854E-1,-4.619178772E-1,1.009130599E0
5.122006094E1,-3.363774419E-1,7.298674583E-1,-6.101140976E-1,1.009007186E0
5.122509864E1,-2.609052956E-1,6.594667435E-1,-7.920322418E-1,1.063147700E0
5.123012365E1,-2.090556175E-1,6.145658493E-1,-9.026813507E-1,1.111858379E0
5.123514864E1,-1.376496255E-1,5.141582489E-1,-8.562641144E-1,1.008213449E0
5.124017365E1,-1.522665322E-1,5.020837784E-1,-7.726974487E-1,9.339885249E-1
5.124520396E1,-1.717338413E-1,4.444208145E-1,-5.707874298E-1,7.435056574E-1
5.125022922E1,-4.356592894E-2,3.939433098E-1,-3.033418655E-1,4.991048075E-1
5.125524104E1,1.311706901E-1,3.314671516E-1,8.869171143E-4,3.564786237E-1
5.126026495E1,2.562409341E-1,2.757644653E-1,1.507625580E-1,4.055056172E-1
5.126528885E1,2.835035622E-1,2.553100586E-1,2.948541641E-1,4.821788816E-1
5.127031276E1,2.755188048E-1,2.173495293E-1,2.610349655E-1,4.373679034E-1
5.127538016E1,1.753399074E-1,2.094330788E-1,2.744388580E-1,3.871988952E-1
5.128040625E1,5.533105135E-2,2.700028419E-1,2.487754822E-1,3.712846623E-1
5.128543234E1,-3.001928329E-3,3.462195396E-1,3.132858276E-1,4.669314629E-1
5.129045844E1,-4.779905081E-2,3.470268250E-1,4.010057449E-1,5.324640588E-1
5.129550667E1,-6.027206779E-2,3.297123909E-1,5.168104172E-1,6.159837580E-1
5.130053385E1,-5.977165699E-2,3.562197685E-1,5.508155823E-1,6.586827614E-1
5.130555458E1,-5.588352680E-2,3.307461739E-1,5.031785965E-1,6.047352314E-1
5.131058114E1,-7.205963135E-2,3.009037971E-1,4.554376602E-1,5.505988993E-1
5.131560771E1,-2.164095640E-2,2.569065094E-1,4.459543228E-1,5.151160487E-1
5.132061156E1,-5.684179068E-2,1.840257645E-1,3.696441650E-1,4.168132434E-1
5.132563656E1,-3.351023793E-2,1.105833054E-1,3.463478088E-1,3.651142399E-1
5.133066219E1,-3.746318817E-2,7.940101624E-2,3.187141418E-1,3.305854142E-1
5.133568724E1,-1.083299518E-2,-7.915496826E-4,3.490924835E-1,3.492614241E-1
5.134071521E1,6.574288011E-2,-2.016639709E-2,3.753509521E-1,3.815981488E-1
5.134574057E1,7.312378287E-2,-6.537866592E-2,4.264450073E-1,4.375806233E-1
5.135076594E1,5.456233025E-2,-1.221761703E-1,5.980653763E-1,6.128509271E-1
5.135579130E1,7.228520513E-2,-1.812944412E-1,7.276477814E-1,7.533685148E-1
5.136081797E1,7.358017564E-2,-2.762112617E-1,7.578792572E-1,8.099923900E-1
5.136584338E1,4.382047057E-2,-2.731432915E-1,1.071613312E0,1.106744135E0
5.137086880E1,1.829894185E-1,-2.824811935E-1,1.046999931E0,1.099767979E0
5.137586677E1,2.174887061E-1,-2.370314598E-1,1.043084145E0,1.091563000E0
5.138089042E1,2.335297465E-1,-2.324676514E-1,9.881086349E-1,1.041602624E0
5.138591406E1,1.783021986E-1,-2.396535873E-1,9.154310226E-1,9.629327459E-1
5.139093771E1,7.582148910E-2,-2.581524849E-1,8.200750351E-1,8.630843915E-1
5.139600338E1,-1.653954387E-2,-2.877836227E-1,7.211322784E-1,7.766110565E-1
5.140102917E1,-1.088026762E-1,-2.988061905E-1,6.562957764E-1,7.292786216E-1
5.140605349E1,-1.439301670E-1,-3.388338089E-1,6.014919281E-1,7.052069076E-1
5.141107911E1,-1.174832210E-1,-3.933649063E-1,5.375194550E-1,6.763619010E-1
5.141610620E1,-8.255842328E-2,-4.621524811E-1,4.116554260E-1,6.243884999E-1
5.142113198E1,-2.471525967E-2,-4.826397896E-1,2.763509750E-1,5.567062708E-1
5.142615776E1,1.770430803E-2,-5.264954567E-1,-1.194000244E-2,5.269283368E-1
5.143118354E1,1.646034420E-2,-5.024719238E-1,-1.854515076E-1,5.358556138E-1
5.143622932E1,1.021723449E-2,-5.014581680E-1,-3.543796539E-1,6.141250893E-1
5.144125604E1,4.190047085E-2,-4.513401985E-1,-5.046129227E-1,6.783051127E-1
5.144628276E1,3.961439431E-2,-4.141583443E-1,-6.554422379E-1,7.763381747E-1
5.145130948E1,6.539645046E-2,-3.850359917E-1,-7.543287277E-1,8.494358364E-1
5.145628130E1,9.046880156E-2,-3.107743263E-1,-1.241710663E0,1.283203279E0
5.146130521E1,1.053279638E-2,-2.675170898E-1,-2.796521664E0,2.809307699E0
5.146632911E1,-3.549114168E-1,-1.840639114E-2,-3.290892601E0,3.310026438E0
5.147135302E1,-7.147594690E-1,2.130331993E-1,-2.282384396E0,2.401154466E0
5.147639724E1,-8.857243657E-1,2.966742516E-1,-7.430458069E-1,1.193582982E0
5.148142219E1,-9.523547292E-1,3.881850243E-1,4.671449661E-1,1.129553701E0
5.148644713E1,-1.011852145E0,3.947687149E-1,1.043771744E0,1.506368665E0
5.149147208E1,-8.919953704E-1,1.961874962E-1,1.193786621E0,1.503087413E0
5.149649703E1,-7.445600033E-1,-8.347797394E-2,9.802427292E-1,1.233780361E0
5.150151943E1,-3.231275976E-1,-3.535223007E-1,4.276762009E-1,6.421031025E-1
5.150654427E1,7.340317965E-2,-5.322246552E-1,-4.771614075E-2,5.393773637E-1
5.151156781E1,4.130084813E-1,-6.050186157E-1,-3.410539627E-1,8.080478553E-1
