"Time (s)","Linear Acceleration x (m/s^2)","Linear Acceleration y (m/s^2)","Linear Acceleration z (m/s^2)","Absolute acceleration (m/s^2)"
1.012443930E-1,0.000000000E0,0.000000000E0,0.000000000E0,0.000000000E0
1.062712680E-1,-1.122027636E-2,-1.202136278E-3,-1.913738251E-2,2.221664111E-2
1.110504350E-1,-4.438722134E-2,2.880674601E-2,-7.018375397E-2,8.789660605E-2
1.160773100E-1,-4.217049479E-2,1.814931631E-2,-1.243886948E-1,1.325907074E-1
1.211666850E-1,-7.000195980E-2,2.551341057E-2,-1.568508148E-1,1.736473052E-1
1.261935600E-1,-6.821811199E-2,4.852992296E-2,-1.944084167E-1,2.116683650E-1
1.313181430E-1,-6.473278999E-2,7.787305117E-2,-2.485513687E-1,2.683883922E-1
1.363450180E-1,-1.712542772E-2,6.361472607E-2,-3.178625107E-1,3.246177588E-1
1.412593410E-1,-3.915715218E-2,7.399749756E-2,-3.121871948E-1,3.232178164E-1
1.462680910E-1,-5.116364360E-2,7.648646832E-2,-2.980833054E-1,3.119640287E-1
1.512949660E-1,-4.987469316E-2,7.172369957E-2,-3.013668060E-1,3.137733671E-1
1.563198100E-1,-8.017545938E-2,5.584943295E-2,-2.674341202E-1,2.847249060E-1
1.613566330E-1,-4.279041290E-2,7.353866100E-2,-2.468671799E-1,2.611175187E-1
1.664058520E-1,-5.323639512E-2,6.928902864E-2,-1.848278046E-1,2.044416802E-1
1.713333520E-1,-5.683839321E-3,3.066265583E-2,-1.368360519E-1,1.403446102E-1
1.763555390E-1,-1.105239987E-2,3.116101027E-2,-6.553936005E-2,7.340689218E-2
1.813862160E-1,-1.184490323E-2,7.492899895E-4,2.832126617E-2,3.070760957E-2
1.864664240E-1,7.600784302E-4,-1.864153147E-2,4.922008514E-2,5.263745051E-2
1.914913200E-1,8.044064045E-3,-1.437753439E-2,8.732414246E-2,8.886465167E-2
1.965147060E-1,5.147936940E-2,-3.785902262E-2,1.510696411E-1,1.640288619E-1
2.014875700E-1,2.026605606E-2,-3.773725033E-2,1.528778076E-1,1.587653525E-1
2.065497580E-1,5.473133922E-2,-4.729318619E-2,1.823959351E-1,1.962152952E-1
2.121029870E-1,4.681041837E-2,-3.411018848E-2,1.835479736E-1,1.924696829E-1
2.166213200E-1,4.898127913E-2,-4.543590546E-2,1.942138672E-1,2.053840632E-1
2.216377790E-1,4.684770107E-2,-5.247300863E-2,1.864328384E-1,1.992619557E-1
2.266121540E-1,3.120869398E-2,-4.155385494E-2,1.838865280E-1,1.910888815E-1
2.318254350E-1,2.107506990E-2,-3.635925055E-2,1.264019012E-1,1.332050836E-1
2.368927790E-1,2.081710100E-2,-4.116898775E-2,1.034860611E-1,1.133031424E-1
2.417539240E-1,3.001919389E-2,-1.373702288E-2,4.451274872E-2,5.541879282E-2
2.467841850E-1,2.045246959E-2,7.877767086E-3,-1.705551147E-2,2.777144573E-2
2.517663720E-1,1.610410213E-2,1.476395130E-2,-4.422092438E-2,4.932348849E-2
2.568195490E-1,-3.910782933E-2,1.683485508E-2,-7.058525085E-2,8.243247114E-2
2.618151220E-1,1.415330172E-2,4.694265127E-2,-1.148090363E-1,1.248400707E-1
2.668191850E-1,-2.264618874E-2,3.473263979E-2,-9.278392792E-2,1.016270801E-1
2.718523100E-1,-3.996166587E-2,5.586487055E-2,-1.319561005E-1,1.487623304E-1
2.769080390E-1,-4.311487079E-2,3.040689230E-2,-1.143035889E-1,1.258919442E-1
2.819016330E-1,-5.113515258E-2,2.951985598E-2,-1.298522949E-1,1.426458700E-1
2.869352790E-1,-3.125709295E-2,4.316979647E-2,-1.031455994E-1,1.161019029E-1
2.919532990E-1,-3.087961674E-2,1.019901037E-2,-7.253742218E-2,7.949369886E-2
2.969868930E-1,-4.469496012E-2,2.982610464E-2,-3.342437744E-2,6.328052611E-2
3.020078830E-1,2.573055029E-2,2.106660604E-2,-4.629135132E-3,3.357516940E-2
3.070310080E-1,1.025363803E-2,-1.291275024E-3,1.879596710E-2,2.144977537E-2
3.120532990E-1,2.788189054E-2,3.567337990E-4,3.700351715E-2,4.633343674E-2
3.171513200E-1,7.781773806E-3,-2.844691277E-3,6.418132782E-2,6.471391746E-2
3.222047060E-1,2.101510763E-2,-6.142854691E-3,6.738376617E-2,7.085154449E-2
3.272580910E-1,1.065194607E-2,-2.362990379E-2,9.397983551E-2,9.748869571E-2
3.321957990E-1,-1.796597242E-2,-3.181147575E-2,9.663581848E-2,1.033113138E-1
3.372413200E-1,3.849619627E-2,-1.209962368E-2,9.461212158E-2,1.028582110E-1
3.422141850E-1,3.768870234E-2,-3.057742119E-2,8.329868317E-2,9.640584831E-2
3.472525180E-1,1.360964775E-2,-1.152020693E-2,7.695388794E-2,7.899264870E-2
3.523021540E-1,2.303054929E-2,-3.545695543E-2,6.608486176E-2,7.845260252E-2
3.573416330E-1,3.232660890E-2,-3.561556339E-2,2.258396149E-2,5.313674167E-2
3.623811120E-1,-7.270872593E-4,-2.178782225E-2,3.402709961E-3,2.206391373E-2
3.673397580E-1,1.387810707E-2,-3.171235323E-2,3.374099731E-3,3.478016320E-2
3.723739240E-1,4.723280668E-3,1.963591576E-2,-4.366493225E-2,4.810930135E-2
3.774374140E-1,-8.969783783E-3,2.309352160E-2,-4.285240173E-2,4.949844538E-2
3.824743410E-1,-8.520215750E-3,3.611665964E-2,-7.029819489E-2,7.949115287E-2
3.875112680E-1,-6.465381384E-2,3.486025333E-2,-6.434917450E-2,9.765331108E-2
3.925481950E-1,-1.164010167E-2,1.516604424E-2,-7.736873627E-2,7.969581053E-2
3.975037680E-1,-1.136374474E-2,3.373271227E-2,-5.253887177E-2,6.346151289E-2
4.025364240E-1,-2.532291412E-2,5.056619644E-3,-6.110477448E-2,6.633711514E-2
4.075517890E-1,-1.090222597E-2,2.416265011E-2,-6.484603882E-2,7.005498513E-2
4.125827270E-1,-1.095345616E-2,4.322928190E-2,-2.614498138E-2,5.169438139E-2
4.176355910E-1,1.245394349E-2,1.498121023E-2,-2.576541901E-2,3.230161273E-2
4.226687680E-1,7.162541151E-3,1.079612970E-2,-1.125526428E-2,1.716214982E-2
4.277019450E-1,-2.156838775E-2,-2.157157660E-2,1.245880127E-2,3.295072072E-2
4.326848620E-1,2.068191767E-3,3.131568432E-3,2.638626099E-2,2.665180870E-2
4.377147060E-1,-7.674068213E-3,-1.046723127E-2,1.653766632E-2,2.102257503E-2
4.427315810E-1,1.098024845E-2,-2.874058485E-2,4.931831360E-2,5.812816125E-2
4.477601220E-1,-2.248603106E-2,-1.383042336E-2,7.220554352E-2,7.688005409E-2
4.527988720E-1,1.268357038E-3,-1.817077398E-2,3.341674805E-2,3.805870212E-2
4.578284560E-1,1.996508241E-2,-3.676974773E-2,4.240226746E-2,5.956988458E-2
4.628580390E-1,5.504161119E-3,-3.375947475E-3,7.016944885E-2,7.046590923E-2
4.678876220E-1,5.413949490E-3,1.051437855E-2,4.562473297E-2,4.713257116E-2
4.728986120E-1,2.432999015E-2,5.974173546E-4,7.235527039E-3,2.539011972E-2
4.779272580E-1,1.484876871E-2,1.423585415E-2,1.661109924E-2,2.644000934E-2
4.829438720E-1,2.917498350E-2,3.967165947E-3,2.240180969E-3,2.952857055E-2
4.879713200E-1,5.465358496E-3,2.701407671E-2,-3.558444977E-2,4.500981614E-2
4.929996020E-1,-1.327669621E-2,2.554655075E-3,-1.147651672E-2,1.773435538E-2
4.980271020E-1,-3.515005112E-3,6.924629211E-3,-3.023338318E-2,3.121479151E-2
5.030538720E-1,1.563891768E-2,2.074950933E-2,-3.458118439E-2,4.325478237E-2
5.080813200E-1,-3.281712532E-3,1.086431742E-2,-3.888797760E-2,4.051021886E-2
5.131087680E-1,-1.734384894E-2,6.085574627E-3,-2.423667908E-2,3.041808553E-2
5.181282470E-1,-1.237034798E-2,2.512669563E-2,-4.761791229E-2,5.524347847E-2
5.231551220E-1,6.632864475E-3,1.092863083E-2,-5.653667450E-2,5.796400112E-2
5.281784560E-1,-3.134697676E-3,-3.000080585E-3,-3.696250916E-2,3.721631223E-2
5.332049660E-1,-3.323763609E-3,-1.193249226E-2,-2.709197998E-2,2.978937991E-2
5.382270490E-1,-1.302710176E-2,2.901971340E-3,-7.866859436E-3,1.549239475E-2
5.432531430E-1,5.729526281E-3,-2.030372620E-2,6.409645081E-3,2.204886208E-2
5.482777270E-1,-2.780863643E-2,-3.393840790E-2,5.368423462E-2,6.933349001E-2
5.533036640E-1,1.015800238E-2,9.453535080E-3,4.834461212E-2,5.029667841E-2
5.583312680E-1,5.189031363E-3,4.856944084E-3,2.886390686E-2,2.972610085E-2
5.633573620E-1,1.922503114E-2,-9.217560291E-3,2.381038666E-2,3.196090976E-2
5.683834560E-1,5.155801773E-5,-1.371753216E-2,5.671215057E-2,5.834759095E-2
5.734095490E-1,5.214986205E-2,-4.112422466E-3,3.242683411E-2,6.154689026E-2
5.784374660E-1,2.321130037E-2,-4.242122173E-3,1.788330078E-2,2.960696729E-2
5.834636640E-1,1.827192307E-2,-1.864200830E-2,3.494262695E-3,2.633623963E-2
5.884915290E-1,-1.495236158E-2,-4.508912563E-3,3.468513489E-3,1.599793722E-2
5.935178830E-1,-5.185604095E-3,2.360045910E-2,3.450393677E-3,2.440855129E-2
5.985427270E-1,1.391240954E-2,8.921325207E-3,-1.553535461E-2,2.268242548E-2
6.035689240E-1,-9.794622660E-3,3.818750381E-3,8.334159851E-3,1.341550252E-2
6.085905390E-1,-1.424965262E-2,2.726459503E-2,-1.545047760E-2,3.442568809E-2
6.136162680E-1,-4.543393850E-3,1.744920015E-2,-2.478408813E-2,3.064911154E-2
6.186419970E-1,9.759902954E-3,2.190530300E-2,-2.928256989E-2,3.784926557E-2
6.236801220E-1,1.444557309E-2,1.219332218E-2,-4.323291779E-2,4.718513397E-2
6.287066850E-1,9.598582983E-3,7.371425629E-3,-2.859878540E-2,3.105416619E-2
6.337332470E-1,4.639595747E-3,-1.153004169E-2,-1.410293579E-2,1.879788573E-2
6.387598100E-1,9.266704321E-3,7.746577263E-3,2.397155762E-2,2.684244480E-2
6.437785600E-1,-1.461458206E-2,1.266491413E-2,1.425075531E-2,2.402228311E-2
6.488047060E-1,-9.914129972E-3,2.228480577E-2,4.625320435E-3,2.482531230E-2
6.538308520E-1,4.185289145E-3,-1.558345556E-2,2.830219269E-2,3.257874834E-2
6.588572060E-1,-5.469083786E-3,3.732025623E-3,-5.176544189E-3,8.404492992E-3
6.638833520E-1,-1.498675346E-2,-2.453166246E-2,4.348754883E-3,2.907433424E-2
6.689094970E-1,2.310004830E-2,-5.193710327E-3,1.379585266E-2,2.740278105E-2
6.739673100E-1,-5.649358034E-3,-2.415341139E-2,6.114864349E-2,6.598832570E-2
6.789955910E-1,3.826051950E-3,-1.756548882E-4,2.264595032E-2,2.296755525E-2
6.840099660E-1,8.470207453E-3,-1.378655434E-4,3.463745117E-3,9.152100930E-3
6.890368410E-1,1.787820458E-2,4.489958286E-3,8.191108704E-3,2.017137046E-2
6.940637160E-1,3.675639629E-2,-5.216896534E-3,1.288032532E-2,3.929569262E-2
6.990691330E-1,-1.498967409E-3,4.097521305E-3,-1.095676422E-2,1.179352646E-2
7.040945490E-1,3.356039524E-3,-1.510834694E-2,3.386497498E-3,1.584277481E-2
7.091199660E-1,-1.562687755E-2,2.757877111E-2,-2.512359619E-2,4.044728673E-2
7.141458520E-1,-1.115292311E-3,-1.555788517E-2,1.307773590E-2,2.035482361E-2
7.191713200E-1,-5.770295858E-3,-1.085001230E-2,1.772403717E-2,2.156758157E-2
7.241967890E-1,-1.044142246E-2,-1.557254791E-2,8.082389832E-3,2.041696787E-2
7.292201220E-1,-8.248984814E-4,1.772975922E-2,-6.227493286E-3,1.880974460E-2
7.342454350E-1,-5.534023046E-3,1.292157173E-2,-2.992534637E-2,3.306234690E-2
7.392707470E-1,-5.461871624E-3,-1.286983490E-3,-1.069259644E-2,1.207559467E-2
7.443055390E-1,-5.487322807E-3,-1.538175344E-2,3.636360168E-3,1.673117348E-2
7.493314770E-1,-1.026418805E-2,-5.614340305E-3,-1.148223877E-3,1.175554301E-2
7.543574140E-1,-6.523728371E-4,1.377534866E-2,1.308345795E-2,1.900954216E-2
7.593831430E-1,-7.177591324E-4,-5.038678646E-3,1.770782471E-2,1.842472568E-2
7.644090810E-1,-5.527824163E-3,-7.569789886E-6,8.050918579E-3,9.765970881E-3
7.694350180E-1,-5.607515574E-3,9.683430195E-3,-1.101684570E-2,1.570299145E-2
7.744499660E-1,-8.861720562E-4,-4.449367523E-3,8.060455322E-3,9.249492541E-3
7.794751740E-1,-5.694806576E-3,4.734396935E-4,-1.509666443E-3,5.910504196E-3
7.845003830E-1,1.812770963E-2,5.254328251E-3,3.173828125E-2,3.692614681E-2
7.895335080E-1,1.321226358E-2,5.244493484E-3,1.722717285E-2,2.233481823E-2
7.945592370E-1,3.212872148E-2,1.463079453E-2,1.708602905E-2,3.922049567E-2
7.995890810E-1,-6.094455719E-3,4.944860935E-3,-1.154422760E-2,1.395934207E-2
8.046152270E-1,1.773464680E-2,1.902794838E-2,1.230049133E-2,2.877294916E-2
8.096413720E-1,-1.216292381E-3,-4.942536354E-3,-1.154899597E-2,1.262090887E-2
8.146570490E-1,-1.076996326E-3,-2.663135529E-4,-6.703376770E-3,6.794564307E-3
8.196824660E-1,-1.528096199E-2,2.341139317E-2,7.600784302E-3,2.897193558E-2
8.247078830E-1,-5.624085665E-3,1.365232468E-2,-1.145362854E-2,1.868694505E-2
8.297463200E-1,-1.978680491E-2,4.023790359E-3,-3.510189056E-2,4.049507697E-2
8.347725700E-1,1.360172033E-2,-5.576193333E-3,-1.581096649E-2,2.158905717E-2
8.397988200E-1,-1.032170653E-2,-7.990002632E-4,-6.177902222E-3,1.205580786E-2
8.448260080E-1,-8.062720299E-4,3.248107433E-2,-2.986812592E-2,4.413360636E-2
8.498523100E-1,1.332673430E-2,-8.401274681E-4,-1.537990570E-2,2.036784625E-2
8.548786120E-1,-2.004295588E-2,-5.493521690E-3,-1.525688171E-2,2.578121992E-2
8.599158520E-1,3.899186850E-3,-1.480472088E-2,1.809978485E-2,2.370623610E-2
8.649428830E-1,-5.594521761E-3,-5.047023296E-3,-3.904342651E-2,3.976380605E-2
8.699699140E-1,-8.152723312E-4,4.577636719E-3,2.300739288E-2,2.347252765E-2
8.749969450E-1,-8.793175220E-4,-2.866357565E-2,3.822326660E-3,2.893067489E-2
8.799986120E-1,-8.942782879E-4,2.077817917E-4,1.327991486E-2,1.331161318E-2
8.850243930E-1,3.845840693E-3,9.788632393E-3,-1.080513000E-3,1.057238493E-2
8.900581950E-1,-8.471012115E-4,-9.356498718E-3,1.317405701E-2,1.618077337E-2
8.950847580E-1,-1.505300403E-2,-9.293854237E-3,1.306343079E-2,2.199140470E-2
9.001113200E-1,1.829278469E-2,-1.872873306E-2,8.208274841E-3,2.743660310E-2
9.051301220E-1,-1.511824131E-2,4.060864449E-4,-2.509784698E-2,2.930235570E-2
9.101561640E-1,-1.015952229E-2,9.884357452E-3,1.309680939E-2,1.929877798E-2
9.151839770E-1,-1.003903151E-2,5.087435246E-3,1.773262024E-2,2.100261821E-2
9.202102270E-1,-4.290938377E-4,9.729027748E-3,-1.565170288E-2,1.843404203E-2
9.252323620E-1,-5.093097687E-3,9.583473206E-3,-6.024360657E-3,1.241271622E-2
9.302581950E-1,-9.760081768E-3,9.380042553E-3,-1.546573639E-2,2.055318458E-2
9.352840290E-1,-1.918834448E-2,2.337205410E-2,8.417129517E-3,3.138938588E-2
9.403107470E-1,-1.424741745E-2,4.116356373E-3,-1.147270203E-3,1.487445874E-2
9.453366330E-1,1.493394375E-4,-1.497888565E-2,-1.134872437E-3,1.502255814E-2
9.503625180E-1,1.448109746E-2,3.271645308E-2,-1.134872437E-3,3.579603918E-2
9.553884040E-1,1.434126496E-2,1.343452930E-2,8.373260498E-3,2.136047635E-2
9.604142890E-1,9.405702353E-3,-5.637466908E-3,-2.018642426E-2,2.297259224E-2
9.655002790E-1,-1.918303967E-2,1.354485750E-2,-2.952289581E-2,3.772338204E-2
9.705285600E-1,9.500354528E-3,4.023075104E-3,-1.503849030E-2,1.823727117E-2
9.755568410E-1,4.601806402E-3,4.181087017E-3,8.820533752E-3,1.079166004E-2
9.805851220E-1,3.298684955E-2,-1.465868950E-2,-1.025581360E-2,3.752587285E-2
9.857001740E-1,-1.948839426E-2,1.884514093E-2,2.780723572E-2,3.883528300E-2
9.907327790E-1,-3.511905670E-4,4.726725817E-2,3.706741333E-2,6.006921142E-2
9.957653830E-1,3.277182579E-2,-4.801082611E-2,1.301574707E-2,5.956879772E-2
1.000797987E0,1.353731751E-2,-4.837870598E-3,-1.341819763E-3,1.443829760E-2
1.005830591E0,-7.334053516E-4,9.378373623E-3,8.166313171E-3,1.245714438E-2
1.010863195E0,1.824754477E-2,-4.960596561E-3,8.100509644E-3,2.057179294E-2
1.015706633E0,1.333168149E-2,1.875627041E-2,-1.459121704E-3,2.305776327E-2
1.020732935E0,-2.473813295E-2,9.038507938E-3,-2.518653870E-2,3.644216760E-2
1.025762102E0,4.043281078E-3,-6.008148193E-4,3.514289856E-3,5.390670971E-3
1.030788664E0,4.093825817E-3,-5.411267281E-3,1.773071289E-2,1.898471498E-2
1.035811164E0,8.785814047E-3,-6.304979324E-4,-2.040290833E-2,2.222311239E-2
1.040837310E0,-4.828852415E-2,1.835340261E-2,-2.023124695E-2,5.547911594E-2
1.045863456E0,-2.416279912E-2,3.939688206E-3,2.267551422E-2,3.336976101E-2
1.050889602E0,-9.638249874E-3,-1.984602213E-2,-1.258850098E-3,2.209853295E-2
1.055915747E0,-3.331956267E-2,2.304053307E-2,3.501892090E-3,4.066107068E-2
1.060965174E0,-2.841645479E-2,8.691549301E-3,-2.976703644E-2,4.206084153E-2
1.065992883E0,2.889335155E-4,-8.390545845E-4,1.796531677E-2,1.798722052E-2
1.070998404E0,1.446151733E-2,8.701145649E-3,3.571510315E-3,1.725111895E-2
1.076023924E0,-2.361443639E-2,2.771067619E-2,-1.214027405E-3,3.642797062E-2
1.081049445E0,3.056824207E-4,-1.036846638E-2,2.253055573E-2,2.480371904E-2
1.086074966E0,9.726107121E-3,-1.008826494E-2,-1.408576965E-3,1.408383252E-2
1.091100487E0,4.877418280E-3,-5.167603493E-3,-1.089859009E-2,1.301048042E-2
1.096126008E0,9.566128254E-3,2.820301056E-2,-6.064414978E-3,3.039239614E-2
1.101151529E0,9.467273951E-3,9.062051773E-3,-6.018638611E-3,1.442130608E-2
1.106177049E0,1.891791821E-2,-1.466786861E-2,1.301765442E-2,2.724873071E-2
1.111202570E0,-2.011954784E-4,1.398169994E-2,8.156776428E-3,1.618831105E-2
1.116228091E0,4.636496305E-3,4.350423813E-3,-2.515316010E-2,2.594426234E-2
1.121253612E0,4.633665085E-3,1.389676332E-2,8.288383484E-3,1.683116704E-2
1.126279133E0,9.417980909E-3,-1.466625929E-2,8.213043213E-3,1.926789051E-2
1.131304654E0,1.417219639E-2,1.398330927E-2,8.137702942E-3,2.150828440E-2
1.136330174E0,-2.073049545E-4,1.864922047E-2,3.320693970E-3,1.894369045E-2
1.141355695E0,9.269028902E-3,-5.158185959E-3,1.753425598E-2,2.049321624E-2
1.146381216E0,-3.276467323E-4,-1.932185888E-2,-1.110363007E-2,2.228748940E-2
1.151406737E0,-5.092561245E-3,-1.821517944E-4,1.273345947E-2,1.371525973E-2
1.156432258E0,-3.207921982E-4,2.829504013E-2,-1.586151123E-2,3.243916987E-2
1.161509445E0,4.303395748E-3,1.380074024E-2,1.751708984E-2,2.271184895E-2
1.166528508E0,8.990406990E-3,-5.318582058E-3,-6.369590759E-3,1.223464014E-2
1.171541737E0,1.364493370E-2,-5.410313606E-4,-1.565933228E-3,1.374514742E-2
1.176560227E0,8.712023497E-3,-5.300283432E-3,-1.104545593E-2,1.503311194E-2
1.181612466E0,-2.461931109E-2,4.277467728E-3,2.228546143E-2,3.348206983E-2
1.186634341E0,-5.384385586E-3,1.382434368E-2,2.684020996E-2,3.066758805E-2
1.191633195E0,1.838395000E-2,4.196941853E-3,3.136730194E-2,3.659906514E-2
1.196652727E0,-1.976981759E-2,8.993446827E-3,1.685523987E-2,2.749230591E-2
1.201672258E0,-6.269216537E-4,-4.929900169E-4,2.464294434E-3,2.590138408E-3
1.206691789E0,-5.447447300E-3,1.374626160E-2,-2.300262451E-3,1.496414372E-2
1.211770435E0,4.075616598E-3,-5.247592926E-4,4.045104980E-2,4.065923577E-2
1.216792935E0,4.077434540E-3,9.062111378E-3,2.586078644E-2,2.770428866E-2
1.221823299E0,8.769512177E-3,1.377397776E-2,2.089595795E-2,2.651919806E-2
1.226846581E0,1.342904568E-2,-1.010107994E-2,-1.251602173E-2,2.095284906E-2
1.231869862E0,1.804646850E-2,1.371026039E-2,-7.660865784E-3,2.392352670E-2
1.236899966E0,-2.950462699E-2,-1.971048117E-2,-1.709365845E-2,3.938552070E-2
1.241923716E0,8.710086346E-3,2.317494154E-2,6.793022156E-3,2.567272229E-2
1.246947466E0,3.818184137E-3,-5.472779274E-3,1.148605347E-2,1.328379717E-2
1.252002935E0,3.822356462E-3,8.800446987E-3,-2.184963226E-2,2.386345964E-2
1.257028820E0,3.826320171E-3,2.295482159E-2,-1.692008972E-2,2.877245204E-2
1.262054706E0,-5.724996328E-3,1.320207119E-2,-2.529144287E-3,1.461050435E-2
1.267080591E0,-1.034155488E-2,-1.220405102E-3,1.648616791E-2,1.949950969E-2
1.272123924E0,-1.021614671E-2,-5.979061127E-3,2.109622955E-2,2.419028166E-2
1.277150643E0,4.092097282E-3,-2.498769760E-2,2.092552185E-2,3.284825347E-2
1.282177362E0,8.680671453E-3,3.647029400E-3,-3.147220612E-2,3.285048916E-2
1.287169497E0,-1.045602560E-2,-1.198410988E-3,-1.695728302E-2,1.995780819E-2
1.292193820E0,1.810625196E-2,2.733641863E-2,-1.681709290E-2,3.685011203E-2
1.297192049E0,8.493989706E-3,1.289683580E-2,-2.142906189E-2,2.641365042E-2
1.302213560E0,2.750131488E-2,3.277063370E-3,1.198577881E-2,3.017814371E-2
1.307235070E0,-5.934864283E-3,8.086264133E-3,1.662635803E-2,1.941767399E-2
1.312256581E0,-1.152783632E-3,8.156001568E-3,-3.575325012E-2,3.668983737E-2
1.317345279E0,-2.954888344E-2,8.177161217E-3,-2.121925354E-2,3.728617973E-2
1.322370174E0,-6.790757179E-4,-6.097614765E-3,3.118228912E-2,3.178013852E-2
1.327393820E0,4.004299641E-3,-1.158654690E-3,-1.656818390E-2,1.708454313E-2
1.332418560E0,-5.696982145E-3,-1.061213017E-2,2.156352997E-2,2.469936714E-2
1.337443299E0,1.322853565E-2,2.749568224E-2,7.142066956E-3,3.133713161E-2
1.342467831E0,-2.963733673E-2,-1.543354988E-2,-2.615833282E-2,4.243612337E-2
1.347492570E0,8.626878262E-3,3.727853298E-3,-2.202033997E-3,9.652402420E-3
1.352517310E0,-9.611845016E-4,1.328182220E-2,1.205730438E-2,1.796411049E-2
1.357530122E0,3.776282072E-3,1.320743561E-2,3.094959259E-2,3.386109778E-2
1.362554081E0,-1.526835561E-2,1.788222790E-2,-7.297515869E-3,2.462012379E-2
1.367578039E0,8.533865213E-3,1.771539450E-2,-2.483367920E-3,1.981991861E-2
1.372568977E0,2.280160785E-2,1.279670000E-2,-2.620792389E-2,3.702059057E-2
1.377590695E0,-5.843609571E-3,-1.573204994E-3,3.573989868E-2,3.624862900E-2
1.382612414E0,-1.056581736E-2,1.262098551E-2,-1.678657532E-2,2.350988904E-2
1.387634133E0,-1.993897557E-2,7.852852345E-3,-1.190567017E-2,2.451479184E-2
1.392677674E0,-2.924039960E-2,-1.116758585E-2,-2.313613892E-3,3.138580494E-2
1.397700487E0,1.372060180E-2,2.209806442E-2,2.145290375E-2,3.371656038E-2
1.402723299E0,1.828396320E-2,2.669876814E-2,-7.215499878E-3,3.315404906E-2
1.407746112E0,8.567094803E-3,7.464528084E-3,7.094383240E-3,1.339569208E-2
1.412839966E0,-3.426349163E-2,-6.856143475E-3,-2.620220184E-2,4.367549592E-2
1.417866164E0,-1.969665289E-2,-2.095890045E-2,-2.124309540E-2,3.575615675E-2
1.422892362E0,-1.949998736E-2,-6.502330303E-3,1.216983795E-2,2.388796271E-2
1.427919341E0,-5.059450865E-3,-1.116025448E-2,-2.592372894E-2,2.867383904E-2
1.432945591E0,-9.839862585E-3,-1.479744911E-3,1.227855682E-2,1.580428734E-2
1.437971841E0,3.290778399E-2,3.369152546E-3,-2.071380615E-3,3.314459312E-2
1.442998091E0,-6.767809391E-4,2.237147093E-2,-3.054428101E-2,3.786679081E-2
1.448027518E0,-2.448120713E-2,2.227067947E-2,2.947807312E-3,3.322652908E-2
1.453053924E0,-1.479935646E-2,3.127515316E-3,-2.556896210E-2,2.970814916E-2
1.458080331E0,1.379582286E-2,3.189504147E-3,-3.010940552E-2,3.327272104E-2
1.463108820E0,-1.957780123E-2,-2.054315805E-2,3.379821777E-3,2.857857307E-2
1.468135383E0,-5.136638880E-3,3.458559513E-3,-1.404762268E-3,6.349807077E-3
1.473161945E0,4.384040833E-3,3.190541267E-2,1.760292053E-2,3.670201606E-2
1.478188508E0,4.331648350E-3,-1.565992832E-3,-6.287574768E-3,7.794171376E-3
1.483215070E0,9.076595306E-3,-6.368398666E-3,1.751041412E-2,2.072572524E-2
1.488166685E0,-5.212485790E-3,-6.279468536E-3,-1.633644104E-3,8.322891701E-3
1.493190070E0,9.054064751E-3,8.057117462E-3,1.262474060E-2,1.750078014E-2
1.498213456E0,9.011119604E-3,-1.522302628E-3,-1.122379303E-2,1.447381124E-2
1.503302518E0,-6.293952465E-4,-6.223797798E-3,6.009769440E-2,6.042238550E-2
1.508330331E0,-1.014029980E-2,8.006513119E-3,2.636241913E-2,2.935825394E-2
1.513358143E0,4.270732403E-3,1.272720098E-2,-2.609729767E-2,2.934773834E-2
1.518379497E0,4.322558641E-3,2.690047026E-2,2.604484558E-3,2.736974887E-2
1.523406893E0,2.801966667E-2,7.763028145E-3,7.326126099E-3,2.998396988E-2
1.528434289E0,-1.976969838E-2,7.734775543E-3,-6.979942322E-3,2.234697567E-2
1.533401945E0,4.166513681E-3,7.606565952E-3,-2.591323853E-2,2.732609765E-2
1.538424966E0,1.360961795E-2,1.692157984E-2,-1.144313812E-2,2.454601750E-2
1.543454654E0,2.772581577E-2,2.631145716E-2,2.189064026E-2,4.404785771E-2
1.548478352E0,1.328179240E-2,7.082879543E-3,1.695919037E-2,2.267569911E-2
1.553504549E0,1.795214415E-2,2.125406265E-2,-1.167392731E-2,3.017109937E-2
1.558528456E0,3.589570522E-3,1.631313562E-2,2.667427063E-3,1.691503998E-2
1.563552049E0,-2.009868622E-2,-7.477283478E-3,2.162933350E-2,3.045808634E-2
1.568575956E0,-1.989868283E-2,6.970167160E-3,1.669025421E-2,2.689061908E-2
1.573607727E0,-1.025176048E-2,-2.499222755E-3,2.301216125E-3,1.080001403E-2
1.578632414E0,2.780580521E-2,7.104158401E-3,-2.470970154E-3,2.880516557E-2
1.583661424E0,3.815740347E-3,7.182300091E-3,-1.195526123E-2,1.445937689E-2
1.588686529E0,3.224924207E-2,-1.177853346E-2,-3.085422516E-2,4.615983833E-2
1.593711633E0,-1.082679629E-2,-6.792128086E-3,-2.585411072E-2,2.884072750E-2
1.598736737E0,-2.959793806E-2,-1.948177814E-3,2.658653259E-2,3.983311499E-2
1.603765591E0,-5.472838879E-3,1.709842682E-2,4.060173035E-2,4.439379092E-2
1.608790904E0,3.248667717E-2,-1.154786348E-2,2.280235291E-3,3.455339083E-2
1.613817935E0,8.354187012E-3,-6.720900536E-3,-3.097152710E-2,3.277496660E-2
1.618843404E0,-5.821764469E-3,1.711153984E-2,7.266044617E-3,1.948058371E-2
1.623873664E0,1.340851188E-2,2.656400204E-3,2.144622803E-2,2.543197494E-2
1.628899602E0,2.751985192E-2,-2.122443914E-2,-2.620887756E-2,4.352843128E-2
1.633922727E0,3.428876400E-3,7.373929024E-3,-2.123165131E-2,2.273576565E-2
1.638948352E0,-3.454533219E-2,7.341444492E-3,1.692962646E-2,3.916489545E-2
1.643973977E0,1.330846548E-2,-7.029712200E-3,1.204013824E-2,1.927425838E-2
1.648999602E0,2.262046933E-2,-7.035613060E-3,-2.129173279E-2,3.185158346E-2
1.654042518E0,-3.451406956E-2,1.199913025E-2,-2.586364746E-2,4.476749249E-2
1.659069029E0,-1.989021897E-2,1.667904854E-2,-1.615810394E-2,3.057606570E-2
1.664095539E0,2.774137259E-2,-2.146321535E-2,2.972602844E-3,3.520070644E-2
1.669107362E0,-1.099705696E-3,7.137358189E-3,-4.452705383E-2,4.510886562E-2
1.674132883E0,-2.479720116E-2,1.180857420E-2,-2.041435242E-2,3.422118342E-2
1.679158664E0,-1.020589471E-2,7.047235966E-3,5.571937561E-2,5.708303286E-2
1.684184237E0,5.163887143E-2,-3.106391430E-2,5.050945282E-2,7.863043074E-2
1.689209810E0,1.784661412E-2,-2.277672291E-3,-3.538036346E-2,3.969205897E-2
1.694235383E0,-4.420676827E-2,1.207488775E-2,-2.558612823E-2,5.248515251E-2
1.699260956E0,8.527725935E-3,2.151012421E-2,7.858276367E-3,2.443685865E-2
1.704340279E0,3.702282906E-2,-1.186430454E-2,1.253509521E-2,4.084825829E-2
1.709367987E0,1.759454608E-2,7.267415524E-3,1.243400574E-2,2.273736746E-2
1.714395695E0,-1.613676548E-3,7.292449474E-3,-2.091121674E-2,2.220501648E-2
1.719440643E0,-6.264209747E-3,7.320106030E-3,-1.124954224E-2,1.481136309E-2
1.724469445E0,3.650531173E-2,-2.119547129E-2,3.157997131E-2,5.271793220E-2
1.729498247E0,-6.554514170E-3,-6.788671017E-3,-1.141738892E-2,1.481230839E-2
1.734527049E0,-6.522297859E-3,-6.744921207E-3,2.924919128E-3,9.827994880E-3
1.739551789E0,3.064870834E-3,-6.603121758E-3,-1.855850220E-3,7.512578134E-3
1.744580383E0,2.676594257E-2,-2.070790529E-2,1.714897156E-2,3.793837436E-2
1.749608977E0,2.732813358E-3,-1.100444794E-2,1.225852966E-2,1.669843384E-2
1.754637570E0,-2.002656460E-3,1.756042242E-2,1.215553284E-2,2.145078197E-2
1.759638664E0,-6.753504276E-3,-1.109206676E-2,2.155303955E-2,2.516301411E-2
1.764665799E0,3.126835823E-2,8.033216000E-3,2.137279510E-2,3.871742704E-2
1.769692935E0,7.301121950E-3,-1.574230194E-2,1.169395447E-2,2.092546351E-2
1.774681997E0,-1.172143221E-2,-1.562631130E-2,-2.639198303E-2,3.283459070E-2
1.779706529E0,-1.623639464E-2,-1.265943050E-3,7.061958313E-3,1.775089795E-2
1.784731060E0,-1.868218184E-3,8.221328259E-3,2.256393433E-3,8.727645091E-3
1.789751945E0,7.576882839E-3,-1.361966133E-3,-2.506256104E-3,8.096012905E-3
1.794776216E0,-3.054177761E-2,-1.213371754E-3,1.650333405E-2,3.473661592E-2
1.799800487E0,-1.760512590E-3,1.782459021E-2,2.116203308E-3,1.803590134E-2
1.804824758E0,-6.413400173E-3,3.417730331E-3,1.634120941E-2,1.788428661E-2
1.809866477E0,-1.112765074E-2,-1.562011242E-2,-2.178096771E-2,2.902107988E-2
1.814891633E0,1.754027605E-2,-1.259744167E-3,-1.685333252E-2,2.435740250E-2
1.819916789E0,8.029758930E-3,3.538131714E-3,2.272605896E-3,9.064223191E-3
1.824974706E0,-1.094970107E-2,-1.069778204E-2,6.995201111E-3,1.683066644E-2
1.830001945E0,-1.562282443E-2,3.619074821E-3,-7.307052612E-3,1.762280805E-2
1.835029185E0,-2.964735031E-2,-5.928337574E-3,1.174545288E-2,3.243557045E-2
1.840056424E0,-1.036724448E-2,-2.009296417E-2,4.013442993E-2,4.606494799E-2
1.845064497E0,2.768808603E-2,-1.039230824E-2,1.605701447E-2,3.365201171E-2
1.850090747E0,-5.852997303E-3,-1.976627111E-2,2.067279816E-2,2.919465079E-2
1.855116997E0,-1.057186723E-2,-5.195140839E-4,3.474140167E-2,3.631802943E-2
1.860128299E0,-1.040300727E-2,-5.224943161E-3,1.545143127E-2,1.934604145E-2
1.865153456E0,2.764928341E-2,-1.463949680E-2,-3.672599792E-3,3.150056712E-2
1.870212727E0,-1.140177250E-3,1.405966282E-2,-8.392333984E-3,1.641357342E-2
1.875241008E0,1.315066218E-2,4.427731037E-3,-2.256870270E-2,2.649322667E-2
1.880269289E0,3.216779232E-2,-1.931273937E-2,-8.143424988E-3,3.839354289E-2
1.885275799E0,-1.358836889E-3,-1.921850443E-2,1.425743103E-3,1.931916389E-2
1.890302518E0,-6.111890078E-3,-1.338124275E-4,-2.232360840E-2,2.314555245E-2
1.895329237E0,-6.135046482E-3,-4.214048386E-5,6.351470947E-3,8.830727849E-3
1.900337987E0,8.242309093E-3,1.904237270E-2,-3.208160400E-3,2.099618800E-2
1.905363456E0,2.709677815E-2,-9.519219398E-3,-1.268005371E-2,3.139481942E-2
1.910388924E0,7.754445076E-3,-9.455204010E-3,1.117515564E-2,1.656551855E-2
1.915431164E0,-2.087226510E-2,-4.591405392E-3,1.585960388E-3,2.143006589E-2
1.920457779E0,7.721841335E-3,-2.351069450E-2,-7.923126221E-3,2.598375490E-2
1.925484393E0,7.683515549E-3,-2.332514524E-2,1.113605499E-2,2.696498716E-2
1.930511008E0,-1.793265343E-3,5.344867706E-3,2.053737640E-2,2.129711814E-2
1.935535070E0,-1.790970564E-3,-1.366227865E-2,-1.287460327E-2,1.885791195E-2
1.940561529E0,-1.798421144E-3,2.922689915E-2,1.572227478E-2,3.323606289E-2
1.945603352E0,-1.698940992E-3,1.472246647E-2,-1.290225983E-2,1.964957323E-2
1.950631372E0,3.196477890E-3,2.897381783E-4,1.094627380E-2,1.140711748E-2
1.955659393E0,-1.494437456E-3,-3.296744823E-2,2.984619141E-2,4.449585518E-2
1.960687414E0,7.999151945E-3,9.974241257E-3,-1.788234711E-2,2.198295382E-2
1.965674289E0,3.166243434E-2,-4.374444485E-3,-3.485679626E-3,3.215269002E-2
1.970700279E0,-1.130533218E-2,1.464068890E-2,-4.144573212E-2,4.538622057E-2
1.975726268E0,-1.629889011E-3,1.925188303E-2,-3.160572052E-2,3.704339493E-2
1.980752258E0,2.211034298E-2,-4.565417767E-3,-7.604598999E-3,2.382310290E-2
1.985807779E0,-1.613315940E-2,-1.868426800E-2,-7.543563843E-3,2.581251747E-2
1.990835174E0,-1.720666885E-3,-1.849216223E-2,-1.698112488E-2,2.516504243E-2
1.995862570E0,2.196857333E-2,-4.006981850E-3,-7.344245911E-3,2.350770226E-2
2.000889966E0,1.685953140E-2,1.511096954E-2,-1.677703857E-2,2.817896774E-2
2.005899706E0,-1.184254885E-2,8.273124695E-4,-1.663875580E-2,2.043963316E-2
2.010926216E0,-1.175975800E-2,5.706250668E-3,-7.010459900E-3,1.483238864E-2
2.015949654E0,-3.067812324E-2,2.474319935E-2,1.678562164E-2,4.283842029E-2
2.020975852E0,-1.950621605E-3,-3.715699911E-2,-1.659488678E-2,4.074110670E-2
2.025989185E0,-1.619568467E-2,-8.322596550E-3,7.285118103E-3,1.961220949E-2
2.031013977E0,1.246282458E-2,1.542228460E-2,-2.269744873E-3,1.995797086E-2
2.036038820E0,-1.753896475E-3,1.035451889E-3,3.573131561E-2,3.578931725E-2
2.041063612E0,1.729053259E-2,-1.323646307E-2,6.941795349E-3,2.285508684E-2
2.046088404E0,7.581889629E-3,-8.447110653E-3,2.142906189E-3,1.155122399E-2
2.051114081E0,-1.154610515E-2,-8.392035961E-3,-7.367134094E-3,1.606279790E-2
2.056138924E0,-1.146900654E-2,2.965056896E-2,1.643848419E-2,3.578991636E-2
2.061163768E0,7.653146982E-3,1.514267921E-2,2.055168152E-3,1.709079017E-2
2.066188612E0,-1.816958189E-3,-8.797943592E-3,2.038002014E-3,9.211872813E-3
2.071213456E0,-1.595985889E-2,7.545948029E-4,-1.697540283E-2,2.331203145E-2
2.076238299E0,-6.348997355E-3,-4.015505314E-3,2.161979675E-3,7.817173815E-3
2.081270487E0,1.267549396E-2,5.450367928E-3,-1.209640503E-2,1.834932348E-2
2.086295591E0,-1.588535309E-2,-4.161477089E-3,-7.244110107E-3,1.794824408E-2
2.091328560E0,8.070617914E-3,-4.191398621E-3,2.313613892E-3,9.383789488E-3
2.096354445E0,-1.095807552E-2,-8.868575096E-3,-7.206916809E-3,1.583258328E-2
2.101380331E0,-1.087939739E-2,5.482256413E-3,-2.139282227E-2,2.461847411E-2
2.106401737E0,2.238002419E-2,1.971840858E-2,-4.020786285E-2,5.006349324E-2
2.111427310E0,7.925659418E-3,6.506443024E-4,-6.638526917E-3,1.035902770E-2
2.116452883E0,-1.110184193E-2,-3.860175610E-3,-1.134872437E-2,1.633846366E-2
2.121465643E0,-1.108318567E-2,-1.318317652E-2,-1.762390137E-3,1.731297683E-2
2.126490331E0,-6.264716387E-3,-1.287943125E-2,3.148078918E-2,3.458564020E-2
2.131534497E0,1.276227832E-2,1.105874777E-2,1.221942902E-2,2.084433006E-2
2.136561112E0,2.208533883E-2,-7.941782475E-3,7.367134094E-3,2.459895861E-2
2.141587727E0,-6.508708000E-3,1.711964607E-3,2.548217773E-3,7.196354387E-3
2.146614341E0,3.151440620E-2,-3.117740154E-3,-6.965637207E-3,3.242527107E-2
2.151626008E0,2.649068832E-2,1.588201523E-2,1.683712006E-2,3.517788492E-2
2.156651841E0,1.206022501E-2,1.578360796E-2,2.447128296E-3,2.001398872E-2
2.161677674E0,-2.256482840E-3,-1.279997826E-2,1.666831970E-2,2.113679351E-2
2.166717518E0,1.678895950E-2,1.567870378E-2,7.038116455E-3,2.402552802E-2
2.171744289E0,-2.309173346E-3,-1.296073198E-2,1.647567749E-2,2.108935285E-2
2.176771060E0,-7.005870342E-3,6.125926971E-3,1.158905029E-2,1.486321927E-2
2.181763820E0,-6.966501474E-3,2.500230074E-2,1.624584198E-2,3.061983943E-2
2.186788352E0,2.156344056E-2,-4.180359840E-2,-7.623672485E-3,4.765126641E-2
2.191816789E0,2.425551414E-3,-1.303374767E-2,-3.604793549E-2,3.840853461E-2
2.196841737E0,-2.307385206E-3,1.090294123E-2,2.233505249E-3,1.136603271E-2
2.201874081E0,-6.952315569E-3,6.099998951E-3,6.957054138E-3,1.157347317E-2
2.206899758E0,7.228642702E-3,-8.159935474E-3,-1.209068298E-2,1.627950974E-2
2.211925435E0,1.184931397E-2,2.048462629E-2,7.001876831E-3,2.467898773E-2
2.216943352E0,2.133166790E-2,1.085329056E-2,6.937026978E-3,2.491899506E-2
2.221968456E0,-2.160820365E-2,2.024948597E-2,-1.211261749E-2,3.199486911E-2
2.226993560E0,-1.669552922E-2,1.172363758E-3,1.647472382E-2,2.348471115E-2
2.232018664E0,1.661550999E-2,2.488726377E-2,-7.400512695E-3,3.082561692E-2
2.237043768E0,1.170617342E-2,-3.875613213E-3,-1.208305359E-2,1.726427114E-2
2.242119029E0,1.164147258E-2,-8.607268333E-3,2.262115479E-3,1.465353604E-2
2.247146164E0,-1.686227322E-2,-1.324760914E-2,1.648235321E-2,2.704631903E-2
2.252173299E0,1.649862528E-2,1.064169407E-2,-7.398605347E-3,2.098069708E-2
2.257229966E0,-1.209712029E-2,1.144647598E-3,-2.633857727E-2,2.900639912E-2
2.262259081E0,5.441182852E-2,5.868315697E-3,1.187324524E-2,5.600051932E-2
2.267288195E0,6.499469280E-3,5.860805511E-3,-2.621746063E-2,2.763959812E-2
2.272279289E0,-2.196201682E-2,2.009356022E-2,2.485275269E-3,2.987068694E-2
2.277305904E0,-7.500946522E-3,-1.807713509E-2,2.463340759E-3,1.972599958E-2
2.282332518E0,-7.409125566E-3,1.054644585E-3,-2.306938171E-3,7.831307719E-3
2.287310487E0,-1.206040382E-2,5.776762962E-3,2.145385742E-2,2.528027549E-2
2.292333768E0,-1.662746072E-2,-8.529663086E-3,-1.671600342E-2,2.507294104E-2
2.297357049E0,1.683154702E-2,1.532274485E-2,-7.086753845E-3,2.383924422E-2
2.302416529E0,1.192352176E-2,-8.458733559E-3,-2.127838135E-2,2.581646872E-2
2.307442258E0,-2.443730831E-3,-8.246004581E-3,7.382392883E-3,1.133437853E-2
2.312467987E0,3.074207902E-2,-3.389894962E-3,1.207065582E-2,3.320041479E-2
2.317467831E0,-7.469713688E-3,-1.757097244E-2,2.146339417E-2,2.872652057E-2
2.322491841E0,6.873816252E-3,-2.208751440E-2,-1.196193695E-2,2.604218842E-2
2.327516685E0,-7.451355457E-3,1.929581165E-3,-3.086090088E-2,3.180630731E-2
2.332540799E0,-2.659887075E-3,-7.547140121E-3,-6.862640381E-3,1.054182889E-2
2.337572362E0,-2.543658018E-3,-2.758502960E-3,-2.059936523E-3,4.280522535E-3
2.342597206E0,6.958663464E-3,-7.450163364E-3,-2.103805542E-2,2.337793206E-2
2.347622049E0,-2.160945535E-2,1.633906364E-2,2.882003784E-3,2.724407288E-2
2.352645174E0,-1.664835215E-2,1.890480518E-3,3.135204315E-2,3.554844801E-2
2.357669914E0,-1.172536612E-2,3.514808416E-2,1.684188843E-2,4.070038374E-2
2.362694654E0,1.684746146E-2,-3.098905087E-3,2.454757690E-3,1.730508612E-2
2.367725695E0,-1.180309057E-2,3.015106916E-2,1.193332672E-2,3.450803103E-2
2.372750852E0,-2.220392227E-3,1.563405991E-2,-1.665496826E-2,2.295085921E-2
2.377776008E0,1.683115959E-2,1.543182135E-2,-1.176452637E-2,2.568721713E-2
2.382807987E0,2.539515495E-3,1.058369875E-2,2.572059631E-3,1.118388613E-2
2.387833612E0,-2.242833376E-3,1.532709599E-2,-1.169967651E-2,1.941217668E-2
2.392859237E0,2.155092359E-2,1.041948795E-3,-2.111434937E-3,2.167916332E-2
2.397883612E0,-3.087803721E-2,3.910684586E-2,2.650260925E-3,4.989812079E-2
2.402909133E0,2.623876929E-2,8.293986320E-4,7.380485535E-3,2.726962565E-2
2.407934341E0,-1.199349761E-2,8.121132851E-4,-3.541564941E-2,3.740015690E-2
2.412959810E0,2.142691612E-2,1.514136791E-2,7.606506348E-3,2.731726003E-2
2.417984289E0,2.235263586E-3,-3.942430019E-3,1.229095459E-2,1.309987490E-2
2.423009654E0,-2.602696419E-3,5.675494671E-3,2.168369293E-2,2.256474701E-2
2.428035018E0,-2.551674843E-3,-1.327520609E-2,-3.548622131E-2,3.797386001E-2
2.433060383E0,2.253890038E-3,-1.313066483E-2,-1.955032349E-3,1.346538267E-2
2.438089758E0,2.126166224E-2,-3.487825394E-3,-2.093696594E-2,3.004296507E-2
2.443115331E0,-1.692262292E-2,-8.222579956E-3,3.147315979E-2,3.666804842E-2
2.448140904E0,2.193301916E-3,6.179511547E-3,-2.033233643E-3,6.865200310E-3
2.453169133E0,2.595007420E-2,1.096463203E-2,1.222133636E-2,3.070815151E-2
2.458194862E0,-7.366538048E-3,-1.283526421E-2,1.685905457E-2,2.243295814E-2
2.463224185E0,1.652485132E-2,-7.945895195E-3,-1.177883148E-2,2.179332083E-2
2.468250279E0,-1.682627201E-2,1.115566492E-2,1.205825806E-2,2.351539659E-2
2.473276372E0,-1.665672660E-2,-3.163486719E-2,-2.128505707E-2,4.160847291E-2
2.478302466E0,2.463430166E-3,3.513914347E-2,1.687908173E-2,3.906061049E-2
2.483328039E0,2.420514822E-3,-7.902979851E-3,-2.253532410E-3,8.567052635E-3
2.488354081E0,-2.136453986E-2,1.698732376E-3,-3.072643280E-2,3.746255367E-2
2.493374289E0,2.591729164E-3,-2.677249908E-2,-6.731987000E-3,2.772730453E-2
2.498399758E0,-6.836175919E-3,-1.227247715E-2,-6.682395935E-3,1.555639457E-2
2.503429914E0,-2.049863338E-3,2.580243349E-2,-1.875877380E-3,2.595161709E-2
2.508455852E0,-6.748706102E-3,1.607513428E-2,2.887725830E-3,1.767184021E-2
2.513481789E0,1.708260179E-2,-1.731359959E-2,-2.087974548E-2,3.205526144E-2
2.518507727E0,3.121829033E-2,2.090668678E-2,-1.596355438E-2,4.082286457E-2
2.523566060E0,-3.068757057E-2,-2.973437309E-3,7.905006409E-3,3.182856333E-2
2.528593612E0,2.840220928E-3,1.784503460E-3,2.683258057E-2,2.704142539E-2
2.533621164E0,7.542669773E-3,1.130551100E-2,7.614135742E-3,1.557823833E-2
2.538648716E0,-6.788074970E-3,6.501674652E-3,-6.695747375E-3,1.154048387E-2
2.543670591E0,2.746403217E-3,-2.195549011E-2,-1.895904541E-3,2.220767279E-2
2.548697831E0,-1.148620248E-2,2.104949951E-2,-1.886367798E-3,2.405353738E-2
2.553728352E0,1.718482375E-2,-1.227724552E-2,1.236534119E-2,2.447346701E-2
2.558755956E0,-6.723254919E-3,1.635491848E-2,1.226139069E-2,2.151806722E-2
2.563771424E0,2.180144191E-2,-1.703363657E-2,7.412910461E-3,2.864260612E-2
2.568797779E0,-6.887137890E-3,2.136230469E-3,-2.146720886E-3,7.523600168E-3
2.573828039E0,2.633887529E-2,-1.214236021E-2,1.212120056E-2,3.143400653E-2
2.578854810E0,2.124840021E-2,-2.619856596E-2,1.202011108E-2,3.580980928E-2
2.583881581E0,-2.635389566E-3,-2.203822136E-3,2.616119385E-2,2.638579492E-2
2.588908352E0,-1.207137108E-2,-2.114796638E-2,2.197265625E-3,2.444959014E-2
2.593897831E0,2.135235071E-2,-2.098691463E-2,-2.572059631E-3,3.004977467E-2
2.598922727E0,7.009893656E-3,2.917647362E-3,3.543472290E-2,3.623907921E-2
2.603947622E0,2.232313156E-3,1.237750053E-2,-1.709461212E-2,2.122290049E-2
2.608973352E0,7.043212652E-3,2.650702000E-2,2.578163147E-2,3.764201741E-2
2.613998299E0,-2.152559161E-2,-6.865262985E-3,-2.928733826E-3,2.278289736E-2
2.619027310E0,-1.176494360E-2,2.651953697E-2,-1.715946198E-2,3.370677787E-2
2.624052622E0,-2.137333155E-3,1.688963175E-2,1.146793365E-2,2.052660118E-2
2.629077935E0,7.358372211E-3,-2.157032490E-3,-1.237487793E-2,1.455802303E-2
2.634103247E0,7.329612970E-3,-2.104496956E-2,6.715774536E-3,2.327478459E-2
2.639132779E0,-1.654484868E-2,1.240628958E-2,-1.233291626E-2,2.407797463E-2
2.644158299E0,2.516239882E-3,2.893984318E-3,-2.735137939E-3,4.710370253E-3
2.649183820E0,-7.069349289E-3,-6.541550159E-3,-3.120517731E-2,3.265778113E-2
2.654211424E0,-7.074803114E-3,1.253837347E-2,2.128887177E-2,2.569979979E-2
2.659237102E0,-6.980061531E-3,-1.726031303E-3,-3.112888336E-2,3.194851831E-2
2.664262674E0,1.680147648E-2,-6.423711777E-3,7.117271423E-3,1.934448855E-2
2.669288352E0,1.189383864E-2,-1.636981964E-3,2.605342865E-2,2.868665634E-2
2.674312987E0,6.972193718E-3,-1.481115818E-3,-2.660751343E-3,7.608205243E-3
2.679338560E0,-2.602040768E-3,3.419458866E-3,-1.689147949E-2,1.742944045E-2
2.684363716E0,-7.347971201E-3,1.287263632E-2,-1.200008392E-2,1.907090613E-2
2.689389237E0,1.163646579E-2,8.053302765E-3,-7.150650024E-3,1.585543494E-2
2.694414758E0,6.775110960E-3,-2.047085762E-2,-7.092475891E-3,2.269936903E-2
2.699440279E0,-2.648827434E-2,1.292389631E-2,2.145671844E-2,3.645609057E-2
2.704506268E0,7.056862116E-3,-1.088964939E-2,2.127170563E-2,2.491724758E-2
2.709533820E0,2.127933502E-2,8.177280426E-3,2.109336853E-2,3.105814241E-2
2.714561372E0,-2.155804634E-2,-6.289541721E-3,1.929283142E-3,2.253951709E-2
2.719588924E0,2.440571785E-3,3.158092499E-3,-1.232910156E-2,1.295903871E-2
2.724573560E0,2.143239975E-2,1.253247261E-2,-1.222133636E-2,2.767258013E-2
2.729598924E0,2.284705639E-3,-1.611351967E-2,-2.636337280E-2,3.098213714E-2
2.734623664E0,-2.406269312E-3,-2.563041449E-2,2.352714539E-3,2.585040705E-2
2.739648977E0,-2.364486456E-3,1.732271910E-2,1.657772064E-2,2.409332303E-2
2.744674289E0,2.136462927E-2,7.686734200E-3,2.118873596E-2,3.105633266E-2
2.749734654E0,-2.153113484E-2,1.712489128E-2,2.017021179E-3,2.758477920E-2
2.754762362E0,-1.183280349E-2,-2.580344677E-2,-1.699161530E-2,3.308395523E-2
2.759780539E0,2.147892118E-2,-6.594538689E-3,-3.109455109E-2,3.836278278E-2
2.764807310E0,1.188316941E-2,2.664542198E-2,2.404212952E-3,2.927402377E-2
2.769834081E0,-1.672992110E-2,1.687180996E-2,1.663398743E-2,2.900409918E-2
2.774860852E0,1.657107472E-2,2.147930861E-2,7.001876831E-3,2.801762829E-2
2.779890383E0,-2.538710833E-3,7.108569145E-3,2.190589905E-3,7.859738680E-3
2.784917258E0,-1.214724779E-2,1.179975271E-2,2.179145813E-3,1.707449763E-2
2.789944133E0,1.161554456E-2,2.206385136E-3,1.166152954E-2,1.660663367E-2
2.794942727E0,1.992732286E-3,2.344191074E-3,-2.689361572E-3,4.086426241E-3
2.799967727E0,-7.495135069E-3,1.662147045E-2,-2.166557312E-2,2.831690994E-2
2.804993924E0,-2.658307552E-3,2.112770081E-2,-7.233619690E-3,2.248936625E-2
2.810019029E0,-1.216217875E-2,-7.537066936E-3,1.657009125E-2,2.189278178E-2
2.815044133E0,1.164945960E-2,2.107322216E-2,2.117824554E-2,3.206725254E-2
2.820069237E0,-2.636119723E-2,-7.590949535E-3,-1.698970795E-2,3.226740477E-2
2.825094341E0,-1.662498713E-2,3.521382809E-2,2.144813538E-3,3.900005270E-2
2.830119445E0,-1.181203127E-2,1.678645611E-3,2.130508423E-3,1.211944718E-2
2.835162518E0,-6.932437420E-3,-7.888793945E-3,1.636028290E-2,1.944095201E-2
2.840188247E0,-6.800204515E-3,2.061927319E-2,6.726264954E-3,2.272971290E-2
2.845232102E0,1.697000861E-2,1.084995270E-2,-2.819061279E-3,2.033838175E-2
2.850259602E0,-6.839394569E-3,1.060789824E-2,1.145553589E-2,1.704506162E-2
2.855287102E0,-6.659418344E-3,1.517075300E-2,1.136016846E-2,2.008862929E-2
2.860281216E0,1.241278648E-2,-3.997147083E-3,-1.722335815E-2,2.160320623E-2
2.865306477E0,1.238709688E-2,5.431413651E-3,1.141357422E-2,1.769774279E-2
2.870331737E0,1.225826144E-2,-4.160642624E-3,-1.716804504E-2,2.150157416E-2
2.875343247E0,3.592455387E-2,-4.123866558E-3,-2.780914307E-3,3.626724873E-2
2.880367622E0,7.163494825E-3,5.407392979E-3,6.738662720E-3,1.122341892E-2
2.885391997E0,1.182663441E-2,5.416631699E-3,-2.816200256E-3,1.330940135E-2
2.890441945E0,2.114403248E-2,-8.868634701E-3,-1.228618622E-2,2.601294222E-2
2.895468091E0,-1.710081100E-2,1.015323400E-2,-2.642250061E-2,3.307074895E-2
2.900487362E0,-7.487028837E-3,-8.870303631E-3,-2.145576477E-2,2.439442004E-2
2.905512831E0,1.634705067E-2,-1.344031096E-2,1.195526123E-2,2.430630155E-2
2.910538299E0,1.153340936E-2,-8.519291878E-3,-1.664257050E-2,2.196754466E-2
2.915574289E0,-2.837359905E-3,1.050060987E-2,2.148818970E-2,2.408434586E-2
2.920600435E0,1.912206411E-3,-3.882110119E-3,7.067680359E-3,8.287304628E-3
2.925613612E0,-7.523477077E-3,1.979428530E-2,2.125740051E-2,3.000489151E-2
2.930638508E0,1.625579596E-2,5.337178707E-3,-2.658843994E-3,1.731490197E-2
2.935663404E0,1.129415631E-2,4.978775978E-4,3.535747528E-2,3.712084195E-2
2.940694706E0,-7.878333330E-3,1.949828863E-2,1.827239990E-3,2.110900759E-2
2.945720018E0,-2.209079266E-2,3.526806831E-4,2.080726624E-2,3.034913231E-2
2.950745331E0,1.816093922E-3,3.510117531E-4,-7.856369019E-3,8.071179625E-3
2.955770643E0,6.623297930E-3,9.905695915E-3,-3.154087067E-2,3.371672299E-2
2.960829758E0,-7.603108883E-3,1.458102465E-2,-2.790451050E-3,1.667933336E-2
2.965856789E0,-1.215955615E-2,4.969716072E-3,-2.176761627E-2,2.542404377E-2
2.970884289E0,-1.673629880E-2,-2.365356684E-2,-7.338523865E-3,2.989061482E-2
2.975911320E0,-7.129669189E-3,9.793281555E-3,6.969451904E-3,1.397547159E-2
2.980938352E0,2.296715975E-3,5.023062229E-3,2.165794373E-3,5.932682672E-3
2.985945487E0,1.649317145E-2,2.951025963E-4,4.013252258E-2,4.339045009E-2
2.990971216E0,1.627072692E-2,1.460355520E-2,-2.193260193E-2,3.096836138E-2
2.995996945E0,-7.637470961E-3,-1.399761438E-2,1.993179321E-3,1.606975217E-2
3.001036581E0,6.641417742E-3,9.873390198E-3,2.097129822E-2,2.411198069E-2
3.006063247E0,2.080133557E-2,-2.343630791E-2,1.130008698E-2,3.331138027E-2
3.011089914E0,6.403952837E-3,-9.034931660E-3,-3.037452698E-3,1.148332360E-2
3.016116581E0,-1.267692447E-2,5.522966385E-4,1.123428345E-2,1.694752401E-2
3.021110643E0,1.119253039E-2,-8.936703205E-3,-3.634643555E-2,3.906661974E-2
3.026135695E0,-3.073126078E-3,-2.799838781E-2,3.044128418E-2,4.147319142E-2
3.031160747E0,-1.726830006E-2,1.493024826E-2,6.445884705E-3,2.372036951E-2
3.036185799E0,-7.709294558E-3,-8.923470974E-3,6.395339966E-3,1.341498901E-2
3.041247674E0,-1.252150536E-2,-4.040122032E-3,1.584053040E-2,2.059206366E-2
3.046274549E0,1.130166650E-2,-4.049658775E-3,-8.029937744E-3,1.444324416E-2
3.051297049E0,-2.964824438E-3,7.461905479E-4,-1.746463776E-2,1.773021591E-2
3.056323508E0,1.826792955E-3,-8.792459965E-3,-3.072738647E-3,9.491377536E-3
3.061351424E0,1.612719893E-2,5.542695522E-3,-4.578876495E-2,4.886122200E-2
3.066377987E0,-1.237305999E-2,-1.343178749E-2,3.055858612E-2,3.559961677E-2
3.071404549E0,-7.396250963E-3,-2.275103331E-2,-2.945899963E-3,2.410378334E-2
3.076431112E0,-7.357954979E-3,-3.506541252E-3,1.606941223E-2,1.801836126E-2
3.081420591E0,-7.374316454E-3,6.031394005E-3,6.441116333E-3,1.149983636E-2
3.086445331E0,-2.645820379E-3,1.074391603E-2,1.113891602E-2,1.570055882E-2
3.091479549E0,-2.165079117E-2,1.174211502E-3,1.579570770E-2,2.682610506E-2
3.096505227E0,-2.454400063E-3,-3.724753857E-3,1.567173004E-2,1.629420122E-2
3.101530904E0,2.281665802E-3,1.996231079E-2,6.051063538E-3,2.098368940E-2
3.106551112E0,6.975054741E-3,5.569875240E-3,-1.299285889E-2,1.576354278E-2
3.111576424E0,-2.658069134E-3,6.836056709E-4,-1.762390137E-2,1.783632663E-2
3.116601737E0,-2.658903599E-3,-8.861184120E-3,-3.171920776E-2,3.304086097E-2
3.121631841E0,6.937533617E-3,-8.723556995E-3,-2.971649170E-3,1.153518609E-2
3.126657466E0,-2.594977617E-3,1.035773754E-2,-2.948760986E-3,1.107753705E-2
3.131683091E0,1.643976569E-2,5.488336086E-3,-2.666568756E-2,3.180324861E-2
3.136711581E0,6.828248501E-3,-4.091441631E-3,-7.448196411E-3,1.090139908E-2
3.141737414E0,-7.503360510E-3,1.009947062E-2,6.865501404E-3,1.433299812E-2
3.146763247E0,6.882131100E-3,5.306005478E-4,-1.693916321E-2,1.829154219E-2
3.151789081E0,-2.597957850E-3,-1.370447874E-2,-2.556800842E-3,1.418095036E-2
3.156814914E0,2.108547091E-2,-1.357531548E-2,6.964683533E-3,2.602677642E-2
3.161875227E0,-7.662504911E-3,5.650997162E-3,1.639938354E-2,1.896279334E-2
3.166902414E0,2.560535073E-2,9.271502495E-4,6.762504578E-3,2.649952947E-2
3.171924810E0,2.541142702E-2,-3.759801388E-3,1.144886017E-2,2.812388894E-2
3.176951529E0,-5.554723740E-2,-3.666520119E-3,6.602287292E-3,5.605826567E-2
3.181978247E0,1.923650503E-3,-2.261710167E-2,-1.719665527E-2,2.847733611E-2
3.187021477E0,-7.566541433E-3,1.381099224E-3,-3.130435944E-2,3.223542933E-2
3.192049237E0,-1.217749715E-2,1.098531485E-2,2.184867859E-3,1.654515720E-2
3.197076997E0,-2.629545331E-2,-1.763606071E-2,1.166439056E-2,3.374225110E-2
3.202102518E0,-2.140834928E-2,6.217002869E-3,6.824493408E-3,2.331399266E-2
3.207130122E0,7.235467434E-3,-1.761609316E-2,-1.222229004E-2,2.262881130E-2
3.212157727E0,-7.047474384E-3,-3.649961948E-2,2.125740051E-3,3.723449863E-2
3.217195174E0,2.627047896E-2,1.610767841E-2,-1.689147949E-2,3.514139224E-2
3.222223404E0,3.557145596E-2,1.593714952E-2,-4.049205780E-2,5.620434110E-2
3.227251633E0,1.640421152E-2,1.473307610E-3,1.207828522E-2,2.042434246E-2
3.232279862E0,2.104225755E-2,-2.717214823E-2,-7.008552551E-3,3.507452139E-2
3.237308091E0,1.899152994E-3,1.095163822E-2,1.204872131E-2,1.639258513E-2
3.242336320E0,6.654798985E-3,1.562416553E-2,7.198333740E-3,1.844496969E-2
3.247326268E0,1.924961805E-3,-3.433525562E-3,-7.114410400E-3,8.130769403E-3
3.252353195E0,-1.236534119E-2,-8.086442947E-3,-2.605152130E-2,2.994952394E-2
3.257350747E0,2.094855905E-2,-1.755225658E-2,-1.633358002E-2,3.183880766E-2
3.262374810E0,-2.945691347E-3,-3.041923046E-3,-1.960754395E-3,4.666363801E-3
3.267384758E0,1.129555702E-2,-3.001451492E-3,-3.043556213E-2,3.260248092E-2
3.272407362E0,-2.675738931E-2,-1.726341248E-2,-1.118659973E-2,3.375090082E-2
3.277429966E0,-2.175679803E-2,6.581366062E-3,3.152847290E-3,2.294805189E-2
3.282452570E0,-7.310718298E-3,1.129251719E-2,3.124237061E-3,1.381044545E-2
3.287475174E0,-2.533733845E-3,1.116418839E-2,1.734733582E-2,2.078434433E-2
3.292561060E0,2.114796638E-2,-1.270854473E-2,-1.603031158E-2,2.942302637E-2
3.297586164E0,1.139369607E-2,-7.839322090E-3,-6.397247314E-3,1.523798065E-2
3.302611268E0,1.596608758E-2,-2.959132195E-3,7.901191711E-3,1.805827363E-2
3.307631372E0,-3.242164850E-3,-1.711368561E-2,-6.410598755E-3,1.856032447E-2
3.312656112E0,3.469148278E-2,1.153451204E-2,-6.354331970E-3,3.710689263E-2
3.317718091E0,1.058116555E-2,-2.742886543E-3,7.944107056E-3,1.351270987E-2
3.322746529E0,1.531830430E-2,-1.690179110E-2,3.121376038E-3,2.302311832E-2
3.327774966E0,-1.797533035E-2,1.649302244E-2,-2.540016174E-2,3.521790038E-2
3.332803404E0,-1.311025023E-2,1.632082462E-2,8.054733276E-3,2.243048608E-2
3.337784549E0,5.963265896E-3,2.084511518E-2,1.749134064E-2,2.785724977E-2
3.342810539E0,1.058036089E-2,-7.856845856E-3,-2.063560486E-2,2.448473507E-2
3.347833091E0,1.046213508E-2,6.416738033E-3,3.177356720E-2,3.406156734E-2
3.352858716E0,-3.845751286E-3,-3.173649311E-3,-1.597499847E-2,1.673506585E-2
3.357899237E0,1.045340300E-2,1.615524292E-3,3.149986267E-3,1.103657403E-2
3.362926320E0,-1.340633631E-2,1.581007242E-2,-2.061462402E-2,2.923441408E-2
3.367942831E0,1.027286053E-3,6.193041801E-3,3.294944763E-3,7.089833875E-3
3.372968820E0,-3.708153963E-3,-1.283836365E-2,3.650474548E-2,3.887377560E-2
3.377993612E0,-3.655552864E-3,-2.211093903E-2,2.952575684E-3,2.260474274E-2
3.383019497E0,-3.603339195E-3,-2.196425200E-2,2.928733826E-3,2.244971939E-2
3.388045383E0,1.059392095E-2,1.626998186E-2,-3.508377075E-2,4.009756153E-2
3.393071685E0,5.730628967E-3,6.597220898E-3,-1.579380035E-2,1.805014021E-2
3.398097570E0,1.008063555E-3,1.605314016E-2,2.706909180E-2,3.148738211E-2
3.403122935E0,3.421276808E-2,3.017628193E-2,-1.646041870E-3,4.564899719E-2
3.408148768E0,2.434960008E-2,1.447677612E-3,-2.062320709E-2,3.194237726E-2
3.413174602E0,-4.373610020E-3,1.094639301E-2,-6.204605103E-3,1.332100256E-2
3.418180435E0,2.412804961E-2,-8.127629757E-3,8.093833923E-3,2.671574987E-2
3.423204914E0,2.006888390E-4,1.404047012E-3,1.277542114E-2,1.285391028E-2
3.428229393E0,2.703070641E-4,1.080209017E-2,7.922172546E-3,1.339847140E-2
3.433253872E0,-9.251117706E-3,1.061731577E-2,7.863044739E-3,1.612879554E-2
3.438278352E0,-1.870274544E-2,1.054477692E-2,-1.698493958E-3,2.153763889E-2
3.443349341E0,5.268037319E-3,1.047295332E-2,2.205371857E-2,2.497601792E-2
3.448375695E0,2.424812317E-2,-3.851354122E-3,1.237106323E-2,2.749268287E-2
3.453402049E0,-9.166568518E-3,1.513391733E-2,1.226902008E-2,2.153114688E-2
3.458428404E0,-1.391503215E-2,-4.026949406E-3,1.217365265E-2,1.892200465E-2
3.463437310E0,-4.278272390E-3,-4.083037376E-3,-1.641368866E-2,1.744660380E-2
3.468462779E0,5.178332329E-3,1.020735502E-2,-2.577114105E-2,2.819852715E-2
3.473488247E0,-4.392594099E-3,-1.360428333E-2,2.935409546E-3,1.459410967E-2
3.478531216E0,1.935577393E-2,-3.977954388E-3,-1.133346558E-2,2.277976179E-2
3.483557831E0,-9.323835373E-3,-1.817685366E-2,3.006935120E-3,2.064881531E-2
3.488584445E0,-4.421442747E-3,4.371851683E-2,-4.450798035E-2,6.254452961E-2
3.493561008E0,-4.408180714E-3,-1.366800070E-2,1.759719849E-2,2.271360154E-2
3.498584081E0,9.898751974E-3,1.505374908E-2,3.196716309E-3,1.829807769E-2
3.503610799E0,-9.098023176E-3,-8.699655533E-3,3.639793396E-2,3.851321369E-2
3.508634237E0,9.999930859E-3,8.292794228E-4,-1.138973236E-2,1.517933875E-2
3.513657674E0,3.994405270E-4,-1.811128855E-2,-1.800537109E-3,1.820495151E-2
3.518687414E0,1.941195130E-2,1.101553440E-3,-1.791000366E-3,1.952549502E-2
3.523711268E0,4.981458187E-3,1.051962376E-3,-1.601791382E-2,1.680759095E-2
3.528733977E0,1.446220279E-2,1.045066118E-2,1.261138916E-2,2.184991453E-2
3.533757727E0,-1.412394643E-2,-1.816529036E-2,7.759094238E-3,2.428306364E-2
3.538781477E0,-1.878097653E-2,-8.554756641E-3,2.949714661E-3,2.084729616E-2
3.543816893E0,1.458874345E-2,-3.772854805E-3,2.928733826E-3,1.535067916E-2
3.548841424E0,1.433771849E-2,-3.779113293E-3,2.912521362E-3,1.511074616E-2
3.553865956E0,-1.435050368E-2,3.425437212E-2,-2.085113525E-2,4.259188663E-2
3.558890487E0,-4.756718874E-3,1.493483782E-2,-1.592540741E-2,2.234489553E-2
3.563957258E0,4.757046700E-3,1.482212543E-2,-1.546859741E-3,1.564345457E-2
3.568983924E0,-4.698902369E-3,1.006519794E-2,-6.294250488E-3,1.276736004E-2
3.574010591E0,6.291270256E-5,-8.946776390E-3,3.252029419E-3,9.519688079E-3
3.579037258E0,-1.426383853E-2,-1.355224848E-2,-2.526569366E-2,3.202305115E-2
3.584049758E0,9.520381689E-3,-8.624970913E-3,-1.080989838E-2,1.678933273E-2
3.589075695E0,-1.437550783E-2,-8.541226387E-3,-5.968093872E-3,1.775460273E-2
3.594095539E0,4.657983780E-3,2.483785152E-2,-1.541519165E-2,2.960141576E-2
3.599120852E0,-9.703397751E-3,-8.490920067E-3,-1.045227051E-3,1.293615674E-2
3.604146164E0,4.597723484E-3,-3.657341003E-3,-1.036643982E-3,5.965721683E-3
3.609171477E0,-9.711235762E-3,1.543313265E-2,-1.030921936E-3,1.826341927E-2
3.614232987E0,3.319162130E-2,-1.322919130E-2,3.724098206E-3,3.592442254E-2
3.619260122E0,-1.941621304E-4,-3.659486771E-3,2.743148804E-2,2.767518886E-2
3.624287258E0,9.283006191E-3,1.062810421E-2,-1.288414001E-3,1.417006753E-2
3.629262414E0,-1.450675726E-2,-3.694593906E-3,1.296615601E-2,1.980447505E-2
3.634286060E0,9.380728006E-3,-8.395969868E-3,-2.513217926E-2,2.810901639E-2
3.639314445E0,1.407861710E-2,-1.316422224E-2,3.573417664E-3,1.960289571E-2
3.644338560E0,-9.750247002E-3,-2.259212732E-2,-1.203536987E-3,2.463574709E-2
3.649362674E0,-4.837661982E-3,6.046414375E-3,8.301734924E-3,1.135257253E-2
3.654425070E0,4.679232836E-3,1.258432865E-3,1.298141479E-2,1.385626224E-2
3.659451789E0,-2.397426963E-2,2.025264502E-2,-1.366615295E-3,3.141341866E-2
3.664478508E0,1.424202323E-2,5.954742432E-3,8.132934570E-3,1.744817491E-2
3.669502674E0,-4.790306091E-3,2.966040373E-2,-2.043056488E-2,3.633310561E-2
3.674529237E0,9.527325630E-3,1.042950153E-2,3.479957581E-3,1.454835182E-2
3.679555799E0,-4.868566990E-3,5.707502365E-3,1.294422150E-2,1.496099589E-2
3.684545747E0,2.359595895E-2,3.895801306E-2,-2.515125275E-2,5.202962209E-2
3.689569862E0,1.863190532E-2,1.020365953E-2,-2.019596100E-2,2.931107989E-2
3.694593977E0,-5.236208439E-3,5.433738232E-3,-1.039505005E-3,7.617346037E-3
3.699655956E0,9.086281061E-3,2.449572086E-2,-1.039505005E-3,2.614730225E-2
3.704682622E0,4.347056150E-3,-4.087090492E-3,3.219699860E-2,3.274519697E-2
3.709713299E0,-5.107492208E-3,-4.039406776E-3,2.242660522E-2,2.335285648E-2
3.714740383E0,-5.037784576E-3,-8.689224720E-3,3.173065186E-2,3.328237021E-2
3.719762518E0,-5.010485649E-3,-1.341140270E-2,-1.126670837E-2,1.821838101E-2
3.724789081E0,9.258955717E-3,1.039886475E-2,-1.671791077E-3,1.402353502E-2
3.729815643E0,-9.778261185E-3,-4.029273987E-3,-6.402015686E-3,1.236265528E-2
3.734841112E0,-1.441124082E-2,1.970213652E-2,3.149032593E-3,2.461248568E-2
3.739867570E0,-4.815042019E-3,2.424401045E-2,4.111480713E-2,4.797274265E-2
3.744894029E0,4.704505205E-3,-1.399117708E-2,7.536888123E-3,1.657377712E-2
3.749931268E0,-4.852622747E-3,5.024492741E-3,-1.626205444E-2,1.769881040E-2
3.754958456E0,-4.829764366E-3,4.885017872E-3,2.661609650E-2,2.748829962E-2
3.759985643E0,-1.016259193E-5,1.904612780E-2,-3.058624268E-2,3.603156017E-2
3.765012831E0,-4.779458046E-3,1.425009966E-2,-1.846313477E-3,1.514323060E-2
3.770040018E0,-1.895433664E-2,1.413887739E-2,1.716136932E-2,2.921792820E-2
3.775019185E0,4.976570606E-3,4.480004311E-3,1.701927185E-2,1.828913087E-2
3.780044393E0,-1.871851087E-2,2.343863249E-2,2.627372742E-3,3.011071619E-2
3.785069602E0,-1.378011703E-2,-5.191802979E-3,-2.147674561E-3,1.488149689E-2
3.790094810E0,-1.368638873E-2,4.303216934E-3,-1.637172699E-2,2.176851757E-2
3.795169445E0,-4.090130329E-3,-5.176186562E-3,7.504463196E-3,9.991948823E-3
3.800197102E0,1.972019672E-2,1.866459846E-2,-2.059936523E-3,2.723043762E-2
3.805210174E0,-8.801728487E-3,4.320800304E-3,7.443428040E-3,1.231033552E-2
3.810236372E0,1.499271393E-2,4.290223122E-3,-6.863594055E-3,1.703808700E-2
3.815262570E0,5.297541618E-3,-2.423125505E-2,-2.055168152E-3,2.488857941E-2
3.820288768E0,4.897713661E-4,4.513442516E-3,7.455825806E-3,8.729282776E-3
3.825278612E0,2.906090021E-2,3.302043676E-2,7.386207581E-3,4.460315266E-2
3.830302987E0,9.806096554E-3,1.375341415E-2,7.325172424E-3,1.841124878E-2
3.835343924E0,-4.536747932E-3,-1.010417938E-2,-2.231597900E-3,1.129851990E-2
3.840369914E0,-4.362881184E-3,-6.245374680E-4,-2.120685577E-2,2.165999795E-2
3.845384966E0,-2.794313431E-2,-1.021027565E-2,1.220893860E-2,3.215783988E-2
3.850409810E0,1.500365138E-2,-1.017284393E-2,2.635669708E-2,3.198861969E-2
3.855434654E0,1.960435510E-2,-2.912974358E-2,7.146835327E-3,3.583224741E-2
3.860459497E0,-9.072959423E-3,-2.423799038E-2,-7.150650024E-3,2.685015021E-2
3.865484341E0,-1.851421595E-2,-5.144059658E-3,-1.658058167E-2,2.538017396E-2
3.870569029E0,-8.834242821E-3,-5.149662495E-3,-6.943702698E-3,1.236033483E-2
3.875596268E0,-1.348096132E-2,-9.954929352E-3,7.364273071E-3,1.830490247E-2
3.880599758E0,1.030203700E-2,4.323303699E-3,-1.168441772E-2,1.616627783E-2
3.885624497E0,-1.835045218E-2,-1.000607014E-2,-1.632881165E-2,2.652339768E-2
3.890649237E0,5.520790815E-3,-4.219412804E-4,-3.043746948E-2,3.093697972E-2
3.895687831E0,1.505091786E-2,2.332788706E-2,2.679443359E-2,3.858318435E-2
3.900713456E0,5.352199078E-3,-6.567239761E-4,-1.140975952E-2,1.261982304E-2
3.905739081E0,1.478302479E-2,-5.346536636E-3,-1.606464386E-2,2.247656687E-2
3.910764706E0,-4.355996847E-3,-6.035566330E-4,-1.117801666E-2,1.201195428E-2
3.915778872E0,-4.293322563E-3,-1.958829165E-2,-1.583480835E-2,2.555141765E-2
3.920803872E0,-4.228085279E-3,-4.292130470E-4,1.753425598E-2,1.804192511E-2
3.925834602E0,1.477548480E-2,-2.896392345E-2,1.264381409E-2,3.488681481E-2
3.930860174E0,-4.467606544E-3,-9.623050690E-3,-2.070236206E-2,2.326263974E-2
3.935885747E0,1.933777332E-2,-9.486436844E-3,3.208160400E-3,2.177692022E-2
3.940911320E0,1.445034146E-2,1.903939247E-2,3.183364868E-3,2.411316333E-2
3.945904862E0,-1.413589716E-2,-1.081228256E-4,-1.593589783E-3,1.422584997E-2
3.950928820E0,9.707719088E-3,4.690885544E-3,-1.582145691E-3,1.089712816E-2
3.955952779E0,1.430031657E-2,-1.433902979E-2,3.183364868E-3,2.049977174E-2
3.960976737E0,9.457588196E-3,4.266494513E-2,3.161430359E-3,4.381481666E-2
3.966000695E0,-1.429051161E-2,-5.373537540E-3,3.143310547E-3,1.558762422E-2
3.971031164E0,-4.649698734E-3,4.122972488E-3,7.867813110E-3,1.002602033E-2
3.976055383E0,4.917204380E-3,-1.960045099E-2,-2.069377899E-2,2.892384945E-2
3.981079602E0,-4.644632339E-3,-1.468408108E-2,7.970809937E-3,1.734152985E-2
3.986146789E0,1.706182957E-4,1.382994652E-2,-1.108455658E-2,1.772466998E-2
3.991173820E0,-4.609793425E-3,-2.431482077E-2,-1.491546631E-3,2.479285009E-2
3.996200852E0,9.753525257E-3,-9.861230850E-3,-2.047729492E-2,2.473246320E-2
4.001223768E0,2.545416355E-4,1.391762495E-2,2.717781067E-2,3.053520048E-2
4.006250539E0,-2.346572280E-2,4.209876060E-3,3.213882446E-3,2.405602302E-2
4.011243404E0,1.004809141E-2,-5.418419838E-3,-6.307601929E-3,1.304259394E-2
4.016266789E0,-1.370874047E-2,-1.010751724E-2,3.237724304E-3,1.733707959E-2
4.021292258E0,-8.928328753E-3,1.842814684E-2,1.271438599E-2,2.410326246E-2
4.026315852E0,5.370646715E-3,-1.495987177E-2,-6.384849548E-3,1.712915390E-2
4.031339445E0,6.015300751E-4,-5.793571472E-4,-4.907035828E-2,4.907746483E-2
4.036373768E0,5.420923233E-3,-1.480931044E-2,1.306438446E-2,2.047877500E-2
4.041398091E0,-4.045575857E-3,-9.977996349E-3,1.295471191E-2,1.684492968E-2
4.046422414E0,5.409032106E-3,-2.893155813E-2,2.709865570E-2,4.000787204E-2
4.051480070E0,5.391240120E-3,-5.042672157E-3,-1.585865021E-2,1.749259269E-2
4.056506581E0,1.476371288E-2,1.395380497E-2,8.022308350E-3,2.184109252E-2
4.061537518E0,3.704428673E-4,-1.464337111E-2,3.208160400E-3,1.499526053E-2
4.066564497E0,1.944312453E-2,-1.441001892E-2,-6.326675415E-3,2.501420714E-2
4.071587935E0,1.930779219E-2,-4.833817482E-3,-2.526664734E-2,3.216457832E-2
4.076614549E0,-4.627227783E-3,-4.777252674E-3,2.242946625E-2,2.339475019E-2
4.081641164E0,-1.885941625E-2,1.896494627E-2,-2.998733521E-2,4.018192431E-2
4.086663924E0,3.180205822E-4,-2.266764641E-4,3.502845764E-3,3.524549299E-3
4.091690279E0,3.352925181E-2,1.408481598E-2,-1.077461243E-2,3.793000186E-2
4.096716633E0,1.427859068E-2,-1.445645094E-2,3.555297852E-3,2.062782752E-2
4.101744029E0,-1.425391436E-2,2.351021767E-2,-4.395484924E-2,5.184528119E-2
4.106770435E0,1.876950264E-4,-9.963095188E-3,-4.358959198E-2,4.471410319E-2
4.111796841E0,-4.595160484E-3,-3.122687340E-4,4.256248474E-3,6.271256869E-3
4.116821997E0,1.619756222E-4,3.294682503E-2,-3.376674652E-2,4.717745951E-2
4.121848299E0,1.917642355E-2,8.895576000E-3,4.503250122E-3,2.161355487E-2
4.126875539E0,1.909315586E-2,-1.960247755E-2,9.206771851E-3,2.887161885E-2
4.131901945E0,9.461700916E-3,9.119272232E-3,-3.728866577E-4,1.314625250E-2
4.136928352E0,9.352385998E-3,9.061872959E-3,3.286933899E-2,3.535502950E-2
4.141949341E0,-1.455032825E-2,-4.917383194E-4,8.855819702E-3,1.704052234E-2
4.146975383E0,-2.079308033E-4,9.075403214E-3,3.252124786E-2,3.376444493E-2
4.152001424E0,-4.934132099E-3,-9.974598885E-3,8.505821228E-3,1.400668688E-2
4.157027466E0,-7.241964340E-5,-1.462006569E-2,1.317882538E-2,1.968331790E-2
4.162053508E0,-9.648710489E-3,-9.732067585E-3,-5.922317505E-3,1.492932009E-2
4.167073872E0,-9.651541710E-3,-9.630560875E-3,-1.536750793E-2,2.054410524E-2
4.172099654E0,-4.774332047E-5,1.895630360E-2,-9.956359863E-4,1.898249237E-2
4.177133143E0,-4.824638367E-3,-4.873991013E-3,5.124282837E-2,5.169971357E-2
4.182159706E0,-1.436197758E-2,1.897931099E-2,-1.419067383E-3,2.384312055E-2
4.187185174E0,-1.907473803E-2,-2.389413118E-2,8.092880249E-3,3.162704296E-2
4.192211633E0,4.583597183E-5,9.565711021E-3,-1.096820831E-2,1.455357420E-2
4.197236893E0,-9.535729885E-3,4.707217216E-3,2.711677551E-2,2.912743642E-2
4.202263247E0,-1.428905129E-2,-1.440793276E-2,7.905960083E-3,2.177773446E-2
4.207289602E0,-9.299099445E-3,-9.672880173E-3,3.158569336E-2,3.431754488E-2
4.212314914E0,9.794592857E-3,1.876276731E-2,-6.657600403E-3,2.218781489E-2
4.217341164E0,-1.405906677E-2,-2.416259050E-2,-1.134681702E-2,3.017015735E-2
4.222367310E0,-3.296869993E-2,4.447996616E-3,-1.124572754E-2,3.511675152E-2
4.227393560E0,1.006463170E-2,-2.416425943E-2,-1.589679718E-2,3.062542091E-2
4.232420956E0,1.955154538E-2,4.495561123E-3,1.272487640E-2,2.375700899E-2
4.237447310E0,4.069507122E-4,-9.812355042E-3,3.122329712E-3,1.030518623E-2
4.242471581E0,5.170881748E-3,-9.760558605E-3,-3.014183044E-2,3.210196980E-2
4.247497727E0,-4.343837500E-3,-9.662449360E-3,3.347396851E-3,1.111021681E-2
4.252523872E0,-4.288733006E-3,-6.318092346E-5,-1.430511475E-3,4.521458360E-3
4.257550018E0,-1.378270984E-2,4.811048508E-3,3.181457520E-2,3.500394939E-2
4.262551372E0,-4.151910543E-3,-1.414984465E-2,-6.443977356E-3,1.609289622E-2
4.267576268E0,-1.834696531E-2,-9.259045124E-3,1.260185242E-2,2.410700598E-2
4.272601164E0,-1.827824116E-2,1.938265562E-2,-1.599502563E-2,3.107446353E-2
4.277653299E0,5.687892437E-3,2.388787270E-2,1.263141632E-2,2.761404100E-2
4.282680070E0,1.515680552E-2,-1.427710056E-2,1.252460480E-2,2.429876703E-2
4.287703560E0,-1.819279790E-2,-1.418524981E-2,2.666664124E-2,3.526058653E-2
4.292729966E0,-1.802164316E-2,-1.425164938E-2,2.712249756E-3,2.313537186E-2
4.297756372E0,-3.654748201E-3,9.525954723E-3,-2.052307129E-3,1.040735136E-2
4.302782779E0,-3.549635410E-3,-4.830777645E-3,1.695728302E-2,1.798571021E-2
4.307810331E0,6.045222282E-3,1.407325268E-2,-1.167011261E-2,1.925597782E-2
4.312836789E0,-3.427356482E-3,-9.818136692E-3,-6.826400757E-3,1.243954693E-2
4.317863247E0,-8.172512054E-3,-9.821951389E-3,1.223087311E-2,1.768770588E-2
4.322854445E0,1.309841871E-3,4.425466061E-3,-6.855964661E-3,8.264664967E-3
4.327878560E0,-8.174806833E-3,1.380282640E-2,2.169609070E-2,2.698269510E-2
4.332906060E0,-1.283836365E-2,2.310723066E-2,-2.596569061E-2,3.705380924E-2
4.337930487E0,-3.266006708E-3,1.323461533E-2,7.503509521E-3,1.556035018E-2
4.342954914E0,-1.276412606E-2,8.345544338E-3,-1.629829407E-2,2.232051554E-2
4.347979341E0,2.530187368E-2,-1.250922680E-3,-6.662368774E-3,2.619421267E-2
4.353042466E0,-3.321170807E-3,1.772117615E-2,-1.610565186E-2,2.417565472E-2
4.358068872E0,1.577219367E-2,3.301262856E-3,-6.476402283E-3,1.736675606E-2
4.363085643E0,2.040916681E-2,3.298997879E-3,-2.067089081E-2,2.923530749E-2
4.368111112E0,-1.302891970E-2,-1.402080059E-3,-1.508712769E-3,1.319070852E-2
4.373136581E0,-8.152008057E-3,-6.112813950E-3,-6.247520447E-3,1.195212289E-2
4.378177727E0,-1.275765896E-2,-1.289308071E-3,8.045196533E-3,1.513754817E-2
4.383204289E0,-3.128141165E-3,2.243417501E-2,1.747608185E-2,2.860928018E-2
4.388229289E0,-3.134161234E-3,-6.268084049E-3,3.087997437E-3,7.658170307E-3
4.393255695E0,1.105359197E-2,-1.098829508E-2,1.256465912E-2,2.001986970E-2
4.398278977E0,6.135553122E-3,-1.324832439E-3,1.245880127E-2,1.395069612E-2
4.403305018E0,-1.768395305E-2,-1.553559303E-2,7.606506348E-3,2.473733585E-2
4.408331060E0,1.567366719E-2,-1.068264246E-2,1.704311371E-2,2.550000820E-2
4.413357102E0,-1.297730207E-2,-1.536661386E-2,-3.532981873E-2,4.065389627E-2
4.418385122E0,-3.349900246E-3,3.783166409E-3,7.698059082E-3,9.208381691E-3
4.423411268E0,-2.704557776E-2,-2.465695143E-2,-6.617546082E-3,3.719167174E-2
4.428437414E0,1.593509316E-2,4.122376442E-3,-6.567955017E-3,1.772171591E-2
4.433429758E0,1.578629017E-3,-6.314516068E-4,-1.126480103E-2,1.139238969E-2
4.438453664E0,-2.690368891E-2,-5.965232849E-4,-6.424903870E-3,2.766665333E-2
4.443477570E0,-1.236382127E-2,-2.435308695E-2,1.262092590E-2,3.008695217E-2
4.448537154E0,-2.745211124E-3,-4.263520241E-4,-1.729965210E-3,3.272726660E-3
4.453563456E0,2.002626657E-3,-9.790360928E-3,-3.496170044E-2,3.636182309E-2
4.458591789E0,1.959055662E-3,4.617393017E-3,-3.942298889E-2,3.974078850E-2
4.463618299E0,1.140630245E-2,-1.353025436E-4,-1.060485840E-2,1.557514251E-2
4.468644810E0,-2.665856481E-2,9.449124336E-3,3.722190857E-3,2.852752588E-2
4.473671320E0,2.575695515E-2,-3.504753113E-5,-1.055812836E-2,2.783695460E-2
4.478697831E0,2.076014876E-2,4.800558090E-3,-9.765625000E-4,2.133032604E-2
4.483722310E0,-4.122868180E-2,-9.294629097E-3,-5.724906921E-3,4.264937154E-2
4.488748716E0,-3.622528911E-2,3.694891930E-4,-5.678176880E-3,3.666946667E-2
4.493775122E0,-2.170848846E-2,2.894222736E-2,3.862380981E-3,3.638446074E-2
4.498799081E0,2.592685819E-2,9.843528271E-3,3.231334686E-2,4.258226638E-2
4.503825331E0,-7.614195347E-3,9.745478630E-3,-1.068782806E-2,1.634564141E-2
4.508854237E0,1.860737801E-3,2.384197712E-2,-1.092910767E-3,2.393943759E-2
4.513880747E0,-2.933800220E-3,4.630625248E-3,-1.057815552E-2,1.191416166E-2
4.518907258E0,1.860409975E-3,-4.923820496E-3,2.274990082E-2,2.335086981E-2
4.523933768E0,-1.243096590E-2,1.884067059E-2,-2.492141724E-2,3.362405119E-2
4.528954810E0,1.143652201E-2,2.805811167E-2,-5.713462830E-3,3.083334759E-2
4.533981008E0,1.865744591E-3,2.290123701E-2,-2.939796448E-2,3.731203526E-2
4.539005799E0,-1.237368584E-2,2.728414536E-2,4.096984863E-3,3.023769128E-2
4.544031893E0,-7.396936417E-3,7.991075516E-3,4.060745239E-3,1.162160093E-2
4.549057727E0,-2.150395513E-2,-1.646995544E-3,-1.496601105E-2,2.625098412E-2
4.554083768E0,2.137884498E-2,-2.544558048E-2,-1.483535767E-2,3.639533508E-2
4.559109810E0,2.596482635E-2,1.748698950E-2,4.281997681E-3,3.159592558E-2
4.564138977E0,-7.526963949E-3,-1.121759415E-2,4.252433777E-3,1.416237260E-2
4.569165227E0,6.752043962E-3,-1.545190811E-3,-1.952934265E-2,2.072131600E-2
4.574190279E0,-2.830326557E-3,-1.564449072E-2,-3.795623779E-4,1.590298418E-2
4.579216372E0,-7.532477379E-3,3.612935543E-3,9.111404419E-3,1.236160221E-2
4.584244706E0,-7.501780987E-3,-5.882263184E-3,-4.625320435E-4,9.544195829E-3
4.589271060E0,1.627138257E-2,1.794093847E-2,2.328395844E-2,3.359728984E-2
4.594296008E0,1.136213541E-2,8.424222469E-3,4.089355469E-3,1.472373843E-2
4.599322206E0,-1.720660925E-2,1.329118013E-2,1.828861237E-2,2.841119873E-2
4.604348404E0,2.079337835E-2,1.811242104E-2,-1.510906219E-2,3.144372973E-2
4.609374602E0,-3.201931715E-3,8.647739887E-3,5.623626709E-2,5.698731006E-2
4.614400799E0,1.542389393E-3,2.770346403E-2,4.151535034E-2,4.993380817E-2
4.619426997E0,1.574432850E-2,-9.365081787E-4,-6.319046021E-3,1.699091728E-2
4.624447727E0,1.333922148E-3,-1.983869076E-2,3.227233887E-3,2.014368481E-2
4.629473560E0,-3.452718258E-3,1.829004288E-2,-1.104259491E-2,2.164222341E-2
4.634499393E0,-1.769620180E-2,-1.032650471E-2,8.043289185E-3,2.201105991E-2
4.639525227E0,-1.283329725E-2,-5.408704281E-3,-1.102161407E-2,1.776016828E-2
4.644556841E0,-3.207266331E-3,2.320784330E-2,2.230358124E-2,3.234718356E-2
4.649582935E0,2.058428526E-2,2.304285765E-2,3.121376038E-3,3.105525844E-2
4.654609029E0,1.098668575E-2,-8.093714714E-4,7.835388184E-3,1.351871495E-2
4.659623924E0,-1.282793283E-2,-7.208585739E-4,7.764816284E-3,1.501225732E-2
4.664649289E0,1.492500305E-3,-1.018196344E-2,7.699966431E-3,1.285260362E-2
4.669674654E0,-8.152067661E-3,1.852661371E-2,2.187919617E-2,2.980588613E-2
4.674679341E0,1.563021541E-2,-1.478940248E-2,1.219654083E-2,2.473430144E-2
4.679703299E0,-1.307404041E-2,-3.405809402E-4,1.209354401E-2,1.781292606E-2
4.684727258E0,-1.304456592E-2,4.436194897E-3,2.149200439E-2,2.552933172E-2
4.689787935E0,6.036937237E-3,-3.812909126E-4,-1.192378998E-2,1.337036878E-2
4.694814341E0,3.925696015E-2,-9.855866432E-3,7.166862488E-3,4.110487735E-2
4.699840747E0,-3.782004118E-3,-1.455050707E-2,-2.388954163E-3,1.522261190E-2
4.704866477E0,-8.373916149E-3,-2.619028091E-4,1.662445068E-2,1.861621404E-2
4.709892831E0,1.066344976E-2,4.459023476E-3,-1.200199127E-2,1.666252819E-2
4.714922206E0,1.059690118E-2,-5.206584930E-3,2.609348297E-2,2.864040319E-2
4.719948872E0,-3.656089306E-3,2.313888073E-2,2.140998840E-3,2.352357682E-2
4.724975539E0,1.200765371E-3,-1.037722826E-2,2.124786377E-3,1.066036683E-2
4.729998508E0,-3.479659557E-3,-8.782744408E-4,-2.639770508E-3,4.455085292E-3
4.735024914E0,6.076395512E-3,2.288705111E-2,1.162528992E-2,2.637967127E-2
4.740051997E0,-1.764127612E-2,-1.062679291E-2,-1.221179962E-2,2.394308670E-2
4.745078456E0,1.578718424E-3,-1.128077507E-3,-2.160549164E-2,2.169244522E-2
4.750104914E0,6.293147802E-3,-1.156985760E-3,-7.176399231E-3,9.614729909E-3
4.755131372E0,-2.227750421E-2,-3.442072868E-2,7.132530212E-3,4.161666426E-2
4.760127414E0,-1.726424694E-2,2.291399240E-2,2.317428589E-3,2.878325460E-2
4.765152362E0,6.653457880E-3,-9.561777115E-4,1.178932190E-2,1.357095754E-2
4.770177310E0,-1.241949201E-2,2.760803699E-2,1.168823242E-2,3.245092087E-2
4.775200539E0,-2.842396498E-3,8.552074432E-3,-2.664566040E-3,9.397718187E-3
4.780225331E0,-1.713913679E-2,-1.519727707E-2,-4.063034058E-2,4.664259658E-2
4.785250122E0,3.040727973E-2,1.359254122E-2,-1.655578613E-2,3.719481001E-2
4.790276320E0,1.584827900E-3,-1.014554501E-2,2.156639099E-2,2.388625093E-2
4.795301216E0,-3.251641989E-3,-1.004952192E-2,-7.101058960E-3,1.272757262E-2
4.800327518E0,1.579487324E-2,9.041726589E-3,1.669883728E-2,2.469983819E-2
4.805352570E0,-3.198713064E-3,-5.199313164E-4,1.180458069E-2,1.224133241E-2
4.810377622E0,2.054750919E-2,-1.480233669E-2,-7.284164429E-3,2.635087014E-2
4.815408091E0,-8.085966110E-3,-2.896600962E-2,2.274513245E-3,3.015934302E-2
4.820433508E0,-3.141254187E-3,1.392078400E-2,-2.148723602E-2,2.579451525E-2
4.825458924E0,1.662135124E-3,-5.282938480E-3,1.193618774E-2,1.315844634E-2
4.830487154E0,1.122564077E-2,8.912563324E-3,1.658725739E-2,2.192226958E-2
4.835512727E0,2.535447478E-2,-1.024985313E-2,-1.203536987E-2,2.987907309E-2
4.840538299E0,-8.116245270E-3,2.302992344E-2,-2.434730530E-3,2.453933014E-2
4.845561372E0,2.991935611E-2,3.228986263E-2,-2.140426636E-2,4.894839851E-2
4.850586789E0,-8.286446333E-3,2.247846127E-2,-2.230644226E-3,2.406080189E-2
4.855612206E0,-3.193175793E-2,-1.597642899E-3,-6.953239441E-3,3.271906426E-2
4.860639237E0,-7.891923189E-3,-6.378412247E-3,-1.164245605E-2,1.544387831E-2
4.865664758E0,-3.098219633E-3,7.977962494E-3,-6.799697876E-3,1.093081615E-2
4.870693247E0,-2.209034562E-2,-6.273746490E-3,-3.048801422E-2,3.816886527E-2
4.875719081E0,-7.633209229E-3,-2.515530586E-2,-6.496429443E-3,2.707875351E-2
4.880744914E0,1.906424761E-3,-1.064264774E-2,7.800102234E-3,1.333199164E-2
4.885770747E0,3.030547500E-2,-9.968876839E-4,7.735252380E-3,3.129296613E-2
4.890796112E0,1.578623056E-2,1.331442595E-2,-6.577491760E-3,2.167354174E-2
4.895821893E0,-2.709990740E-2,-9.871125221E-4,2.196502686E-2,3.489758984E-2
4.900851477E0,-7.904827595E-3,3.777742386E-3,2.788543701E-3,9.194216269E-3
4.905877622E0,-3.166943789E-3,-5.690932274E-3,2.765655518E-3,7.075669124E-3
4.910901997E0,-1.266244054E-2,8.713364601E-3,-6.759643555E-3,1.679145330E-2
4.915927987E0,6.363660097E-3,2.764022350E-2,2.796173096E-3,2.850081945E-2
4.920953977E0,1.585483551E-3,2.262014151E-2,-6.722450256E-3,2.365112888E-2
4.925979966E0,6.399005651E-3,2.718806267E-2,1.707267761E-2,3.273552116E-2
4.931037154E0,-1.256644726E-2,-1.576066017E-3,-2.064704895E-3,1.283209208E-2
4.936064706E0,-2.935081720E-3,-1.660943031E-3,7.453918457E-3,8.181340772E-3
4.941092258E0,1.600629091E-2,3.109335899E-3,-2.584457397E-2,3.055832656E-2
4.946119393E0,1.104724407E-2,3.143012524E-3,1.710700989E-2,2.060509443E-2
4.951146893E0,6.242632866E-3,3.065645695E-3,-1.627349854E-2,1.769732757E-2
4.956174393E0,6.216675043E-3,2.944648266E-3,-1.887321472E-3,7.133020702E-3
4.961201893E0,1.439124346E-3,1.247924566E-2,-6.625175476E-3,1.420195766E-2
4.966224081E0,-3.240525723E-3,1.232910156E-2,1.717185974E-2,2.138645644E-2
4.971251320E0,6.264299154E-3,1.217770576E-2,-2.095508575E-2,2.503304977E-2
4.976274133E0,-1.280438900E-2,-2.215385437E-3,-6.530761719E-3,1.454342322E-2
4.981300904E0,2.537116408E-2,-2.118533850E-2,-2.547454834E-2,4.173088961E-2
4.986327674E0,6.194919348E-3,2.739250660E-3,7.975578308E-3,1.046376458E-2
4.991354445E0,1.566615701E-2,-1.146936417E-2,1.740169525E-2,2.607285537E-2
4.996344445E0,-1.778084040E-2,-1.606297493E-2,1.250839233E-2,2.703030388E-2
5.001369393E0,6.080746651E-3,1.246893406E-2,-1.833915710E-3,1.399332138E-2
5.006397206E0,-8.237987757E-3,-6.675183773E-3,1.717948914E-2,2.018805012E-2
5.011422414E0,1.305103302E-3,-6.562471390E-3,7.536888123E-3,1.007839312E-2
5.016451164E0,1.066198945E-2,1.719081402E-2,-2.014160156E-3,2.032877140E-2
5.021476737E0,-2.269545197E-2,-1.936078072E-3,2.752304077E-3,2.294356372E-2
5.026501424E0,-3.486454487E-3,-6.608963013E-3,7.472991943E-3,1.056784583E-2
5.031526893E0,-8.176714182E-3,-1.800000668E-3,2.660751343E-3,8.785115533E-3
5.036553247E0,-1.758289337E-2,1.727098227E-2,2.637672424E-2,3.609953669E-2
5.041578820E0,-7.861703634E-3,-6.555914879E-3,-2.341270447E-3,1.050085479E-2
5.046604393E0,-7.766932249E-3,-6.495893002E-3,7.173538208E-3,1.240892876E-2
5.051629966E0,1.132434607E-2,-1.690387726E-3,1.185989380E-2,1.648500244E-2
5.056655539E0,-1.723176241E-2,-1.619279385E-3,-2.489089966E-3,1.748574477E-2
5.061681112E0,-1.711383462E-2,1.749944687E-2,-7.222175598E-3,2.552006655E-2
5.066715331E0,-1.219668984E-2,-1.684308052E-3,-1.190853119E-2,1.712919297E-2
5.071741164E0,2.121886611E-2,-1.711666584E-3,1.668071747E-2,2.704471144E-2
5.076759602E0,1.631948352E-2,-1.118654013E-2,2.603721619E-2,3.270169490E-2
5.081784706E0,6.609082222E-3,3.159999847E-3,2.080917358E-3,7.615496301E-3
5.086813664E0,2.547052503E-2,3.089785576E-3,-2.677917480E-3,2.579662114E-2
5.091839133E0,-1.270383596E-2,-1.122528315E-2,-2.654075623E-3,1.715921173E-2
5.096864602E0,1.570045948E-3,-6.530523300E-3,6.877899170E-3,9.613442455E-3
5.101922154E0,-1.746305823E-2,-1.771807671E-3,-4.066085815E-2,4.428773071E-2
5.106949810E0,1.600280404E-2,-1.803517342E-3,1.665878296E-2,2.317018476E-2
5.111977674E0,1.546382904E-3,-1.132947206E-2,-1.196479797E-2,1.655006429E-2
5.117005331E0,-1.278311014E-2,3.064870834E-3,2.612304688E-2,2.924405779E-2
5.122032987E0,-7.902294397E-3,7.847249508E-3,-1.208686829E-2,1.643526594E-2
5.127052987E0,6.434857845E-3,1.248639822E-2,-1.673316956E-2,2.184757422E-2
5.132080122E0,2.054917812E-2,-6.604015827E-3,-7.093429565E-3,2.272000197E-2
5.137106997E0,1.080667973E-2,2.901434898E-3,-2.279281616E-3,1.141918455E-2
5.142134133E0,-8.303225040E-3,-6.612122059E-3,-1.175594330E-2,1.583874702E-2
5.147161268E0,1.185506582E-3,-1.604640484E-2,2.633285522E-2,3.085954955E-2
5.152188143E0,2.489557862E-2,-1.115912199E-2,-7.124900818E-3,2.819716387E-2
5.157215227E0,-3.776907921E-3,7.935404778E-3,1.192665100E-2,1.481488058E-2
5.162242310E0,-3.719419241E-3,-1.122045517E-2,2.334594727E-3,1.204919193E-2
5.167269393E0,5.789518356E-3,-1.627326012E-3,-2.432823181E-3,6.487321587E-3
5.172254341E0,-1.807788014E-2,7.890880108E-3,2.338409424E-3,1.986312911E-2
5.177279341E0,9.928941727E-4,3.030180931E-3,2.606773376E-2,2.626203684E-2
5.182308247E0,-3.740876913E-3,-6.481826305E-3,-2.638530731E-2,2.742613123E-2
5.187333664E0,1.520732045E-2,-6.420016289E-3,2.327919006E-3,1.667028528E-2
5.192359081E0,-3.938585520E-3,-1.661837101E-3,-5.941772461E-2,5.957130313E-2
5.197384497E0,5.724519491E-3,3.002643585E-3,2.807617188E-3,7.047602867E-3
5.202444758E0,-8.535116911E-3,-6.568253040E-3,2.785682678E-3,1.112430657E-2
5.207471893E0,2.000227571E-2,-1.125383377E-2,7.512092590E-3,2.414894083E-2
5.212498143E0,8.170902729E-4,-2.539718151E-2,-6.794929504E-3,2.630314681E-2
5.217525174E0,8.408725262E-4,-6.237268448E-3,1.700496674E-2,1.813227724E-2
5.222552206E0,1.515534520E-2,8.071303368E-3,7.361412048E-3,1.868209875E-2
5.227579237E0,-1.343420148E-2,-6.284296513E-3,2.629470825E-2,3.018910125E-2
5.232599810E0,5.702942610E-3,7.916867733E-3,-7.159233093E-3,1.210185802E-2
5.237626529E0,2.462911606E-2,2.215486765E-2,7.143020630E-3,3.388885159E-2
5.242653247E0,-4.083931446E-3,1.727789640E-2,-7.164955139E-3,1.914525483E-2
5.247677258E0,-1.352164149E-2,-1.847922802E-3,7.138252258E-3,1.540143671E-2
5.252703768E0,9.167790413E-4,-1.606839895E-2,-1.191997528E-2,2.002797392E-2
5.257740174E0,-3.807127476E-3,3.067076206E-3,1.191997528E-2,1.288359371E-2
5.262767622E0,-8.543252945E-3,-1.750946045E-3,-1.191806793E-2,1.476798314E-2
5.267795070E0,-2.278840542E-2,-1.780092716E-3,1.667881012E-2,2.829598662E-2
5.272809237E0,3.436124325E-2,2.942264080E-3,-2.144432068E-2,4.061047703E-2
5.277835799E0,5.620032549E-3,-1.928210258E-3,3.097248077E-2,3.153723713E-2
5.282862362E0,-8.639365435E-3,1.703882217E-2,-1.202106476E-2,2.257135561E-2
5.287888924E0,1.045647264E-2,-6.834268570E-3,-3.566551208E-2,3.778986371E-2
5.292882570E0,-3.997266293E-3,-2.122461796E-3,-2.111148834E-2,2.159115379E-2
5.297907466E0,-1.342439651E-2,-2.114355564E-2,2.180194855E-2,3.320526054E-2
5.302932779E0,1.056343317E-2,1.228421926E-2,7.367134094E-3,1.779783212E-2
5.307957727E0,1.519912481E-2,1.699692011E-2,-2.194404602E-3,2.290685705E-2
5.312984810E0,3.409665823E-2,-6.977915764E-3,2.157115936E-2,4.094616377E-2
5.318009966E0,1.020696759E-2,-1.645797491E-2,-3.084564209E-2,3.642115816E-2
5.323035122E0,-8.741736412E-3,-2.111196518E-3,7.395744324E-3,1.164354501E-2
5.328060279E0,-1.333543658E-2,1.691395044E-2,-6.916046143E-3,2.262183199E-2
5.333088612E0,2.479392290E-2,-2.258837223E-3,2.638244629E-2,3.627498354E-2
5.338113924E0,-1.817068458E-2,-1.647132635E-2,-7.077217102E-3,2.552577857E-2
5.343139237E0,2.475059032E-2,1.216888428E-2,-2.126598358E-2,3.482693675E-2
5.348164549E0,-3.245604038E-2,-6.914198399E-3,1.689910889E-2,3.723950292E-2
5.353253716E0,1.058113575E-2,2.655804157E-3,-6.986618042E-3,1.295478912E-2
5.358282258E0,2.007466555E-2,2.646684647E-3,1.680946350E-2,2.631644352E-2
5.363310799E0,1.038825512E-2,-1.635354757E-2,-3.081512451E-2,3.639953655E-2
5.368288195E0,7.314383984E-4,1.703810692E-2,2.683639526E-3,1.726366156E-2
5.373313352E0,-4.042387009E-3,-1.632946730E-2,-1.158428192E-2,2.042518011E-2
5.378338508E0,2.921462059E-2,2.812325954E-3,2.649974823E-2,3.954288672E-2
5.383363664E0,-4.294484854E-3,-1.991868019E-3,-6.958007812E-3,8.415700273E-3
5.388431529E0,5.263864994E-3,1.703864336E-2,-3.064537048E-2,3.545648565E-2
5.393458872E0,1.944541931E-2,2.155685425E-2,-2.563476562E-2,3.872936232E-2
5.398486216E0,-1.407980919E-2,-2.349913120E-3,-2.541637421E-2,2.915056082E-2
5.403513560E0,-9.182810783E-3,-1.181167364E-2,3.283500671E-3,1.531734392E-2
5.408642518E0,-4.224091768E-3,-6.998658180E-3,-6.245613098E-3,1.028746084E-2
5.413674966E0,-1.835840940E-2,1.682335138E-2,-1.094722748E-2,2.720106868E-2
5.418707414E0,-8.677929640E-3,1.669967175E-2,1.288318634E-2,2.280706008E-2
5.423739862E0,1.031184196E-2,-2.414226532E-3,-1.571273804E-2,1.894868626E-2
5.428772310E0,-3.989607096E-3,2.423107624E-3,2.240085602E-2,2.288201839E-2
5.433687154E0,-8.622109890E-3,1.191431284E-2,3.215789795E-3,1.505433271E-2
5.438714914E0,-8.569300175E-3,-1.186078787E-2,-6.310462952E-3,1.593527963E-2
5.443722362E0,-1.801410317E-2,2.154415846E-2,-1.575756073E-2,3.220185394E-2
5.448748039E0,-2.259016037E-2,1.669061184E-2,-6.134986877E-3,2.874943361E-2
5.453778247E0,1.091462374E-2,-1.671916246E-2,-1.337051392E-3,2.001117466E-2
5.458804341E0,-2.244246006E-2,1.193177700E-2,2.241611481E-2,3.388972586E-2
5.463830435E0,-8.036881685E-3,-2.340734005E-3,-1.516342163E-3,8.507043932E-3
5.468827935E0,-1.268750429E-2,1.668846607E-2,1.273918152E-2,2.453088687E-2
5.473852154E0,2.543047071E-2,-7.223904133E-3,-6.360054016E-3,2.719087932E-2
5.478844862E0,-3.303170204E-3,-7.140398026E-3,2.218437195E-2,2.353810902E-2
5.483865904E0,-1.754897833E-2,-7.059991360E-3,1.725101471E-2,2.560093020E-2
5.488886945E0,6.308436394E-3,2.140998840E-2,2.661132812E-2,3.473250290E-2
5.493966216E0,3.477045894E-2,2.310991287E-3,-2.106666565E-3,3.491079402E-2
5.498990956E0,-1.292937994E-2,-2.384126186E-3,1.689624786E-2,2.140878593E-2
5.504015695E0,1.564070582E-2,-1.664048433E-2,1.201057434E-2,2.580293188E-2
5.509002466E0,1.072993875E-2,2.412736416E-3,-2.327919006E-3,1.124153412E-2
5.514024445E0,-3.682434559E-3,1.665645838E-2,-2.305984497E-3,1.721381696E-2
5.519053872E0,1.066792011E-2,-2.507328987E-3,1.195716858E-2,1.621928169E-2
5.524076633E0,-8.386224508E-3,7.026195526E-3,7.105827332E-3,1.304564936E-2
5.529099393E0,2.495172620E-2,-1.675927639E-2,-7.201194763E-3,3.090823824E-2
5.534143143E0,-8.574187756E-3,-2.408027649E-3,-3.087806702E-2,3.213674401E-2
5.539167258E0,-3.784209490E-3,-1.191627979E-2,7.370948792E-3,1.451374699E-2
5.544191372E0,1.990148425E-2,2.401947975E-3,-6.930351257E-3,2.121009661E-2
5.549239810E0,5.459725857E-3,2.134418488E-2,2.628326416E-3,2.218763021E-2
5.554265591E0,1.013228297E-2,2.113455534E-2,-1.163482666E-2,2.616680682E-2
5.559294445E0,1.951426268E-2,1.622974873E-2,-6.789207458E-3,2.627364705E-2
5.564320539E0,-3.766101599E-2,-7.576644421E-3,-1.986503601E-3,3.846691907E-2
5.569346633E0,-2.782604098E-2,-2.696275711E-3,2.176666260E-2,3.543086310E-2
5.574372727E0,1.991489530E-2,1.153689623E-2,-1.165294647E-2,2.579717408E-2
5.579402727E0,5.520910025E-3,-2.834618092E-3,2.690315247E-3,6.764118816E-3
5.584429029E0,-8.698254824E-3,-2.843499184E-3,-2.082824707E-3,9.385269487E-3
5.589455331E0,5.540251732E-3,3.513306379E-2,3.117942810E-2,4.729887205E-2
5.594496112E0,5.466192961E-3,-1.273179054E-2,-2.313613892E-3,1.404743981E-2
5.599523352E0,5.925893784E-4,2.537870407E-2,-2.603435516E-2,3.636230784E-2
5.604550591E0,-8.885562420E-3,-1.755291224E-2,-6.825447083E-3,2.082413684E-2
5.609578352E0,-4.042476416E-3,-7.994294167E-3,-6.763458252E-3,1.122473707E-2
5.614605591E0,3.394153714E-2,1.592993736E-3,2.178382874E-2,4.036212045E-2
5.619632831E0,-9.005457163E-3,-2.214407921E-2,-1.164150238E-2,2.658915343E-2
5.624660070E0,1.013922691E-2,-1.244640350E-2,7.444381714E-3,1.769564075E-2
5.629666477E0,5.323588848E-3,-7.624626160E-3,1.213169098E-2,1.528572695E-2
5.634692727E0,-8.948832750E-3,1.853644848E-3,4.052639008E-2,4.154402363E-2
5.639718977E0,-2.320232987E-2,1.856803894E-3,1.170063019E-2,2.605188245E-2
5.644745227E0,1.969665289E-2,-2.940177917E-3,2.109527588E-3,2.002630490E-2
5.649779810E0,5.311250687E-3,1.599103212E-2,6.845474243E-3,1.818744099E-2
5.654806477E0,9.984761477E-3,-1.266610622E-2,6.792068481E-3,1.750022580E-2
5.659833143E0,1.472607255E-2,-3.150582314E-3,-4.074764252E-2,4.344138295E-2
5.664859810E0,5.134016275E-3,-3.213763237E-3,-7.164001465E-3,9.381327958E-3
5.669886477E0,-9.129822254E-3,1.578092575E-3,2.390861511E-3,9.568712000E-3
5.674913143E0,5.228221416E-4,1.527428627E-3,-2.379417419E-3,2.875414485E-3
5.679949029E0,-2.799963951E-2,1.582872868E-2,-7.110595703E-3,3.294068966E-2
5.684976008E0,1.503998041E-2,-3.326952457E-3,3.093433380E-2,3.455723703E-2
5.689982570E0,-8.806496859E-3,-2.237665653E-2,-1.205635071E-2,2.690027392E-2
5.695007466E0,-3.963142633E-3,-2.222210169E-2,7.039070129E-3,2.364480516E-2
5.700032362E0,1.508536935E-2,1.111912727E-2,-7.261276245E-3,2.009799722E-2
5.705051320E0,1.018100977E-2,-1.279914379E-2,2.303123474E-3,1.651591413E-2
5.710075852E0,1.011440158E-2,-7.869482040E-3,2.127265930E-2,2.483457068E-2
5.715100383E0,1.480010152E-2,-1.258343458E-2,1.634788513E-2,2.538974555E-2
5.720153820E0,-9.044170380E-3,1.118105650E-2,6.718635559E-3,1.587303078E-2
5.725180279E0,-9.050786495E-3,-1.263344288E-2,1.916885376E-3,1.565870572E-2
5.730206737E0,5.246400833E-3,1.133418083E-2,-2.854347229E-3,1.281154460E-2
5.735171112E0,1.952028275E-2,1.713156700E-3,6.664276123E-3,2.069755832E-2
5.740193404E0,-1.386067271E-2,6.469488144E-3,1.857757568E-3,1.540856217E-2
5.745215695E0,4.214644432E-4,-7.809996605E-3,-1.240062714E-2,1.466114704E-2
5.750280591E0,-2.804848552E-2,-3.028035164E-3,-7.547378540E-3,2.920358642E-2
5.755305799E0,5.400598049E-3,1.763820648E-3,3.050327301E-2,3.102784535E-2
5.760314081E0,-4.165560007E-3,-1.237493753E-2,-2.997398376E-3,1.339684165E-2
5.765337622E0,5.286902189E-3,-7.398724556E-3,6.521224976E-3,1.119012221E-2
5.770354133E0,-1.383692026E-2,1.183813810E-2,1.595592499E-2,2.421143156E-2
5.775376945E0,4.928708076E-4,-2.137237787E-2,1.570701599E-3,2.143568429E-2
5.780403612E0,-9.091109037E-3,-2.175629139E-3,1.560211182E-3,9.477124280E-3
5.785426789E0,1.464760303E-2,-2.587759495E-2,1.104736328E-2,3.172138759E-2
5.790449966E0,-4.496455193E-3,2.184557915E-2,-4.127788544E-2,4.691813363E-2
5.795485643E0,-9.180516005E-3,-2.105253935E-2,-7.697105408E-3,2.422264888E-2
5.800509654E0,-4.383593798E-3,1.238536835E-2,2.085781097E-2,2.465079151E-2
5.805536060E0,-9.172111750E-3,-1.613646746E-2,3.492832184E-2,3.955377204E-2
5.810560331E0,-4.378557205E-3,-6.530940533E-3,-2.709007263E-2,2.820810137E-2
5.815589549E0,-9.225428104E-3,2.994596958E-3,1.635551453E-3,9.836216915E-3
5.820614289E0,9.917497635E-3,-1.130169630E-2,-3.128051758E-3,1.535805347E-2
5.825639029E0,9.955376387E-3,3.014624119E-3,6.390571594E-3,1.220806630E-2
5.830665904E0,9.996294975E-3,1.720917225E-2,2.532672882E-2,3.221063047E-2
5.835690799E0,-1.386061311E-2,-1.614785194E-2,-1.762104034E-2,2.762916540E-2
5.840715695E0,-9.134173393E-3,-6.487965584E-3,-1.746940613E-2,2.075348095E-2
5.845740591E0,1.945051551E-2,-2.545136213E-2,-1.732254028E-2,3.641654555E-2
5.850800435E0,-1.861986518E-2,2.706694603E-2,-2.193546295E-2,3.950295535E-2
5.855827102E0,-9.001553059E-3,-6.370127201E-3,-7.507324219E-3,1.334040460E-2
5.860853768E0,5.230337381E-3,-2.048063278E-2,-1.219463348E-2,2.440331605E-2
5.865882310E0,-4.337251186E-3,2.250087261E-2,-2.599716187E-3,2.306208014E-2
5.870909081E0,9.972572327E-3,-1.409173012E-3,-2.580642700E-3,1.039700361E-2
5.875935852E0,5.162805319E-3,3.427386284E-3,6.932258606E-3,9.298265692E-3
5.880929810E0,1.458734274E-2,3.474354744E-3,2.121925354E-3,1.514477719E-2
5.885954393E0,1.913645864E-2,-2.497231960E-2,-7.393836975E-3,3.231856464E-2
5.890978977E0,-4.739761353E-3,-1.524603367E-2,3.065299988E-2,3.456173146E-2
5.896007049E0,-4.276886582E-2,-1.029539108E-2,1.905441284E-3,4.403182563E-2
5.901031841E0,-1.400184631E-2,4.058897495E-3,-2.184963226E-2,2.626657151E-2
5.906056685E0,-1.386189461E-2,-8.041858673E-4,2.079010010E-3,1.403998289E-2
5.911081477E0,4.709661007E-4,-5.575418472E-3,6.813049316E-3,8.816163633E-3
5.916106268E0,1.938796043E-2,-1.506078243E-2,3.525257111E-2,4.295886343E-2
5.921136581E0,2.014935017E-4,-6.657838821E-4,1.719474792E-3,1.854848072E-3
5.926161737E0,-1.406982541E-2,-1.019024849E-2,-3.040313721E-3,1.763645823E-2
5.931186893E0,-1.397967339E-2,4.109203815E-3,-2.200603485E-2,2.639284740E-2
5.936212049E0,2.889490128E-2,-1.484447718E-2,2.565670013E-2,4.139492824E-2
5.941269081E0,-4.563361406E-3,-5.149126053E-3,-3.053665161E-3,7.527458891E-3
5.946295852E0,9.697169065E-3,-3.363174200E-2,3.021430969E-2,4.623887615E-2
5.951321841E0,-1.415541768E-2,3.314918280E-2,-2.701950073E-2,4.504772569E-2
5.956348508E0,-4.617899656E-3,-3.476738930E-4,1.119613647E-2,1.211607801E-2
5.961375174E0,4.995495081E-3,9.222447872E-3,-2.214527130E-2,2.450350091E-2
5.966405435E0,-1.396837831E-2,-9.928762913E-3,6.531715393E-3,1.834009900E-2
5.971432362E0,1.461413503E-2,-3.829598427E-4,1.732826233E-3,1.472149067E-2
5.976459289E0,2.386134863E-2,4.334390163E-3,1.727104187E-3,2.431324300E-2
5.981486216E0,-1.010596752E-4,-4.873871803E-4,-3.031730652E-3,3.072319981E-3
5.986509081E0,-4.869490862E-3,-5.269348621E-3,6.494522095E-3,9.677644000E-3
5.991535799E0,-1.904639602E-2,-5.640387535E-4,2.068996429E-2,2.812753035E-2
5.996562518E0,1.912859082E-2,1.359874010E-2,2.526950836E-2,3.448734220E-2
6.001586372E0,1.889765263E-2,-2.454113960E-2,-2.241992950E-2,3.823665842E-2
6.006612883E0,1.872062683E-2,-5.296468735E-4,6.255149841E-3,1.974510811E-2
6.011637883E0,-5.142182112E-3,8.930087090E-3,-8.041381836E-3,1.307104870E-2
6.016664237E0,-9.815037251E-3,-1.022946835E-2,1.577186584E-2,2.120680860E-2
6.021685747E0,4.493683577E-3,-5.435347557E-3,-3.658962250E-2,3.726307381E-2
6.026711581E0,-3.138184547E-4,-6.788969040E-4,-7.789611816E-3,7.825435150E-3
6.031737414E0,4.470974207E-3,8.783817291E-3,1.127052307E-2,1.497229932E-2
6.036763247E0,-2.807676792E-4,-5.575001240E-3,3.017139435E-2,3.068342397E-2
6.041759862E0,-4.947960377E-3,-1.031208038E-2,-2.231502533E-2,2.507551932E-2
6.046784237E0,-1.922750473E-2,-1.495832205E-2,2.060985565E-2,3.190947331E-2
6.051799654E0,4.555255175E-3,-5.273759365E-3,1.094341278E-2,1.297386492E-2
6.056823143E0,4.552364349E-3,-9.967029095E-3,-3.396034241E-3,1.147164935E-2
6.061846633E0,4.498094320E-3,9.172976017E-3,-3.370285034E-3,1.075802783E-2
6.066889914E0,-2.879178524E-2,-1.463711262E-2,-1.283931732E-2,3.475715800E-2
6.071914706E0,-4.773586988E-3,-2.583265305E-4,1.100730896E-2,1.200061315E-2
6.076939497E0,1.888647676E-2,-1.448774338E-2,-3.325462341E-3,2.403440060E-2
6.081964289E0,-5.083769560E-3,-2.390170097E-2,-8.040428162E-3,2.572517264E-2
6.086995383E0,2.337941527E-2,4.750728607E-3,1.102638245E-2,2.628207737E-2
6.092020487E0,-5.324631929E-3,-1.432037354E-2,-3.654766083E-2,3.961257774E-2
6.097045643E0,-1.943710446E-2,-1.898950338E-2,6.491661072E-3,2.793821634E-2
6.102070747E0,2.359539270E-2,4.876434803E-3,1.593017578E-2,2.888412494E-2
6.107095852E0,-3.128051758E-4,-2.363812923E-2,6.298065186E-3,2.446476294E-2
6.112121372E0,2.341496944E-2,2.405852079E-2,1.574230194E-2,3.707955349E-2
6.117146477E0,8.963733912E-3,-1.897192001E-2,1.086902618E-2,2.363086974E-2
6.122171633E0,4.127264023E-3,-4.555463791E-3,-2.246093750E-2,2.328691203E-2
6.127196789E0,-1.481431723E-2,9.743392467E-3,1.096057892E-2,2.084543072E-2
6.132221893E0,4.441678524E-3,1.917463541E-2,-3.383636475E-3,1.997108277E-2
6.137247049E0,-5.001842976E-3,3.433227539E-5,6.135940552E-3,7.916399328E-3
6.142272206E0,-2.793967724E-4,1.909571886E-2,1.335144043E-3,1.914437648E-2
6.147297310E0,4.351973534E-3,-4.738211632E-3,-8.171081543E-3,1.039985080E-2
6.152322414E0,-5.197286606E-3,-1.892805099E-2,-1.285171509E-2,2.346165986E-2
6.157347518E0,-4.697442055E-4,2.375245094E-4,1.099967957E-2,1.101226716E-2
6.162372622E0,1.376390457E-2,1.486539841E-4,-1.282787323E-2,1.881545903E-2
6.167397727E0,8.988440037E-3,-1.423650980E-2,6.278038025E-3,1.796897401E-2
6.172422831E0,-4.923939705E-4,9.535551071E-3,-1.751613617E-2,1.994954166E-2
6.177447935E0,4.348129034E-3,-7.569789886E-5,1.111888885E-2,1.193908060E-2
6.182492831E0,4.400223494E-3,-5.799531937E-5,1.576900482E-2,1.637152538E-2
6.187512831E0,2.349385619E-2,9.407520294E-3,2.038097382E-2,3.249379649E-2
6.192571789E0,-4.630386829E-4,9.349107742E-3,-2.252578735E-2,2.439326375E-2
6.197595799E0,-4.744231701E-4,4.540205002E-3,-8.092880249E-3,9.291568733E-3
6.202592570E0,-1.947641373E-2,-4.928171635E-3,-3.280639648E-3,2.035632982E-2
6.207613872E0,1.391339302E-2,-9.620308876E-3,-1.275062561E-2,2.118280675E-2
6.212635174E0,9.085297585E-3,2.640485764E-5,-3.152847290E-3,9.616848520E-3
6.217705591E0,1.374253631E-2,4.845082760E-3,-2.212429047E-2,2.649181684E-2
6.222730227E0,8.815616369E-3,-9.476661682E-3,-1.718616486E-2,2.151479656E-2
6.227760435E0,8.729785681E-3,-2.362722158E-2,-7.546424866E-3,2.629454860E-2
6.232785591E0,1.344797015E-2,-1.391977072E-2,2.010345459E-3,1.945891587E-2
6.237805643E0,1.342979074E-2,-1.379013062E-2,6.736755371E-3,2.039389258E-2
6.242830279E0,8.608281612E-3,-8.910417557E-3,-7.567405701E-3,1.451770238E-2
6.247858091E0,3.826797009E-3,-1.356822252E-2,-7.507324219E-3,1.597188012E-2
6.252883039E0,-2.945122123E-2,2.929282188E-2,-2.643871307E-2,4.923869814E-2
6.257907987E0,4.020392895E-3,-1.847136021E-2,1.177215576E-2,2.226967351E-2
6.262932935E0,3.918468952E-3,-1.360148191E-2,2.182960510E-3,1.432201193E-2
6.267964185E0,-1.032170653E-2,-8.722901344E-3,1.165866852E-2,1.784800228E-2
6.272989445E0,8.844524622E-3,-1.807630062E-2,6.804466248E-3,2.124332886E-2
6.278009862E0,4.111498594E-3,-3.611743450E-3,-1.225471497E-2,1.342114564E-2
6.283034602E0,1.361155510E-2,1.132011414E-3,-2.655982971E-3,1.391438564E-2
6.288059341E0,-7.135272026E-4,5.890548229E-3,-2.636909485E-3,6.493148015E-3
6.293064029E0,-6.259083748E-4,1.114845276E-3,1.637363434E-2,1.642347535E-2
6.298087466E0,4.261165857E-3,1.526969671E-2,-2.758026123E-3,1.609123613E-2
6.303110904E0,1.855581999E-2,-8.735477924E-3,3.525733948E-2,4.078856478E-2
6.308134341E0,-5.568563938E-4,-8.645653725E-3,-7.775306702E-3,1.164099702E-2
6.313168508E0,-9.961754084E-3,-1.330500841E-2,2.077484131E-2,2.660552245E-2
6.318192466E0,1.389580965E-2,-1.317465305E-2,6.353378296E-3,2.017499504E-2
6.323216424E0,2.810883522E-2,3.449124098E-2,-3.205299377E-3,4.460971044E-2
6.328242258E0,-3.382453322E-2,-1.326161623E-2,2.530956268E-2,4.427802475E-2
6.333266320E0,-5.023986101E-3,-2.737468481E-2,-8.143424988E-3,2.899877886E-2
6.338295435E0,4.545450211E-3,6.112277508E-3,2.041244507E-2,2.178735798E-2
6.343320018E0,-1.526176929E-4,-3.472924232E-3,1.246452332E-3,3.692985012E-3
6.348344602E0,1.413035393E-2,1.318812370E-3,1.547908783E-2,2.100019829E-2
6.353369185E0,4.493176937E-3,-3.421485424E-3,-2.263832092E-2,2.333214040E-2
6.358399237E0,-2.606809139E-4,-3.661578894E-2,2.028369904E-2,4.185943622E-2
6.363424081E0,-9.830594063E-3,6.496608257E-3,1.119613647E-3,1.183638599E-2
6.368448924E0,9.273111820E-3,-2.677792311E-2,-2.263545990E-2,3.626860645E-2
6.373473768E0,-5.067586899E-3,2.569270134E-2,-3.194427490E-2,4.130656168E-2
6.378503456E0,-2.467930317E-4,-7.744431496E-3,1.105594635E-2,1.350078056E-2
6.383528560E0,-2.152919769E-4,-1.716059446E-2,1.463890076E-3,1.722426565E-2
6.388557622E0,-4.991322756E-3,-7.499337196E-3,-1.279354095E-2,1.564698218E-2
6.393583091E0,9.272456169E-3,6.824791431E-3,-7.938385010E-3,1.398478380E-2
6.398608091E0,4.426062107E-3,-1.221251488E-2,1.587009430E-2,2.050842360E-2
6.403633508E0,-9.884029627E-3,-2.543568611E-3,-3.258705139E-3,1.071368014E-2
6.408661320E0,-5.081415176E-3,-2.452254295E-3,1.575946808E-2,1.673903120E-2
6.413686997E0,2.347484231E-2,7.031738758E-3,6.132125854E-3,2.526096869E-2
6.418714393E0,9.114295244E-3,-7.259190083E-3,1.082515717E-2,1.590440964E-2
6.423740227E0,-1.472756267E-2,7.008135319E-3,1.073837280E-2,1.952761412E-2
6.428766060E0,-4.307129979E-2,-2.531886101E-3,1.064682007E-2,4.443987051E-2
6.433792362E0,-9.448915720E-3,-7.295727730E-3,1.530742645E-2,1.941203122E-2
6.438818195E0,4.950523376E-3,2.596795559E-2,-8.563995361E-3,2.778820641E-2
6.443844029E0,-2.355876565E-2,1.152104139E-2,-3.746032715E-3,2.649117957E-2
6.448869862E0,5.151063204E-3,3.048545122E-2,-1.796627045E-2,3.575867814E-2
6.453923299E0,1.932051778E-2,-3.153383732E-2,1.067829132E-2,3.849274229E-2
6.458950539E0,4.877418280E-3,1.884341240E-3,-1.789474487E-2,1.864301062E-2
6.463977779E0,1.435166597E-2,-7.715046406E-3,1.253128052E-3,1.634204966E-2
6.468976529E0,9.497731924E-3,1.605921984E-2,1.243591309E-3,1.869898320E-2
6.474001893E0,-1.420673728E-2,-3.101408482E-3,-1.301574707E-2,1.951562939E-2
6.479027258E0,2.287626266E-4,-1.266217232E-2,6.088256836E-3,1.405168358E-2
6.484052466E0,1.444345713E-2,1.751661301E-3,-3.461837769E-3,1.495547030E-2
6.489077831E0,-1.414871216E-2,2.554470301E-2,-3.437995911E-3,2.940302235E-2
6.494103195E0,2.402445674E-2,-3.195047379E-3,-3.410339355E-3,2.447474747E-2
6.499159810E0,-1.414513588E-2,1.541376114E-3,-3.379821777E-3,1.462477024E-2
6.504187258E0,1.923364401E-2,-3.644877672E-2,6.143569946E-3,4.166761138E-2
6.509214706E0,1.434594393E-2,-7.695198059E-3,-1.764774323E-2,2.400968599E-2
6.514241633E0,-9.553551674E-3,-1.716434956E-2,1.574230194E-2,2.517350424E-2
6.519269029E0,-4.766494036E-3,1.990437508E-3,1.366615295E-3,5.343121207E-3
6.524296424E0,-4.713177681E-3,2.092540264E-3,-8.150100708E-3,9.644527472E-3
6.529319393E0,3.945827484E-5,-2.712309361E-3,1.419067383E-3,3.061361014E-3
6.534346529E0,2.849134803E-2,-1.222318411E-2,6.159782410E-3,3.160863903E-2
6.539373664E0,-1.927012205E-2,-2.660870552E-3,1.086044312E-2,2.227929668E-2
6.544394393E0,-9.551852942E-3,1.162445545E-2,-1.297664642E-2,1.986854830E-2
6.549421060E0,3.327623010E-2,-1.219969988E-2,6.123542786E-3,3.596717869E-2
6.554441216E0,-2.255439758E-4,-7.285237312E-3,1.081657410E-2,1.304315253E-2
6.559467258E0,-2.390307188E-2,2.128171921E-2,1.072311401E-2,3.375283087E-2
6.564493299E0,-1.418927312E-2,-7.427990437E-3,-3.609657288E-3,1.641767765E-2
6.569519341E0,1.918375492E-4,-1.220756769E-2,2.016735077E-2,2.357506199E-2
6.574545070E0,1.439782977E-2,2.204239368E-3,1.003265381E-3,1.460009297E-2
6.579571060E0,9.494423866E-3,1.654523611E-2,3.422832489E-2,3.918503729E-2
6.584605070E0,4.260975122E-2,-2.156257629E-2,1.969814301E-2,5.165803358E-2
6.589631893E0,-1.476922631E-2,-2.131557465E-2,5.378723145E-4,2.593786952E-2
6.594658716E0,-3.357568383E-2,2.565979958E-3,1.952648163E-2,3.892549656E-2
6.599685539E0,4.589557648E-6,2.145087719E-2,2.411556244E-2,3.227538544E-2
6.604711477E0,-9.383291006E-3,6.941437721E-3,4.920959473E-3,1.266671030E-2
6.609738247E0,1.444298029E-2,-2.158910036E-2,-1.886367798E-2,3.210182675E-2
6.614763039E0,1.428598166E-2,1.184117794E-2,2.880096436E-4,1.855763230E-2
6.619789602E0,9.430021048E-3,1.165246964E-2,-9.206771851E-3,1.759175925E-2
6.624814966E0,9.252965450E-3,-2.723336220E-3,-4.374504089E-3,1.059104413E-2
6.629841372E0,1.383212209E-2,6.758093834E-3,2.415943146E-2,2.864747043E-2
6.634867779E0,-5.726218224E-4,1.621484756E-2,-1.402854919E-2,2.144876150E-2
6.639894185E0,8.988410234E-3,-7.646620274E-3,9.826660156E-3,1.535661323E-2
6.644884914E0,1.831519604E-2,1.930177212E-3,-1.399421692E-2,2.313028528E-2
6.649909549E0,-5.676031113E-3,-7.618367672E-3,-1.861953735E-2,2.090320613E-2
6.654946164E0,-8.698105812E-4,2.094990015E-2,1.002597809E-2,2.324166783E-2
6.659971997E0,1.814171672E-2,-2.194732428E-2,1.469039917E-2,3.204082952E-2
6.664997831E0,-5.793452263E-3,-1.700204611E-2,-3.766441345E-2,4.172818833E-2
6.670023664E0,-1.038223505E-3,1.159292459E-2,3.863048553E-2,4.034585755E-2
6.675071268E0,3.673821688E-3,-2.732634544E-3,2.881240845E-2,2.917394622E-2
6.680098195E0,1.309850812E-2,6.852924824E-3,9.576797485E-3,1.761387361E-2
6.685125122E0,8.202314377E-3,-2.173531055E-2,-9.491920471E-3,2.509578132E-2
6.690154029E0,1.299259067E-2,1.645046473E-2,-3.316211700E-2,3.923201761E-2
6.695181112E0,3.448963165E-3,6.778955460E-3,-9.143829346E-3,1.189366214E-2
6.700204393E0,-6.018429995E-3,6.584286690E-3,4.348754883E-4,8.931038434E-3
6.705231060E0,-6.009966135E-3,-3.004908562E-3,-3.280353546E-2,3.348463987E-2
6.710257727E0,-1.070159674E-2,1.592767239E-2,2.920532227E-2,3.494518234E-2
6.715282727E0,-1.066052914E-2,6.265819073E-3,2.421855927E-2,2.719275608E-2
6.720309289E0,3.683924675E-3,-2.236616611E-2,-1.396656036E-2,2.662482856E-2
6.725335852E0,8.308470249E-3,-1.271975040E-2,-4.346847534E-3,1.580246220E-2
6.730362414E0,-6.102681160E-3,6.345987320E-3,5.192756653E-3,1.022149666E-2
6.735351529E0,3.397703171E-3,-3.167492151E-2,5.150794983E-3,3.227035371E-2
6.740376216E0,3.376573324E-3,-3.005564213E-3,3.360366821E-2,3.390635901E-2
6.745400904E0,-6.141215563E-3,6.534397602E-3,9.579658508E-3,1.312184201E-2
6.750425591E0,3.417670727E-3,6.495594978E-3,9.536743164E-7,7.339838433E-3
6.755450279E0,3.293454647E-3,1.120829582E-2,-2.373790741E-2,2.645677582E-2
6.760488768E0,1.266717911E-2,2.063047886E-2,-2.828502655E-2,3.723058973E-2
6.765513977E0,-6.476074457E-3,1.108372211E-2,1.943016052E-2,2.328775589E-2
6.770535747E0,7.831633091E-3,6.313502789E-3,-9.227752686E-3,1.365086862E-2
6.775560591E0,-1.770645380E-3,6.225943565E-3,2.409267426E-2,2.494703411E-2
6.780587102E0,2.194029093E-2,1.447498798E-3,-3.308868408E-2,3.972823471E-2
6.785612154E0,1.706954837E-2,1.575225592E-2,1.941299438E-2,3.027156089E-2
6.790637206E0,7.439434528E-3,2.044105530E-2,-1.874160767E-2,2.871288536E-2
6.795666008E0,-2.110153437E-3,5.993664265E-3,2.415275574E-2,2.497463450E-2
6.800691268E0,2.717256546E-3,1.066082716E-2,-1.878547668E-2,2.176995299E-2
6.805716529E0,2.175015211E-2,-8.453130722E-3,-1.388168335E-2,2.715189991E-2
6.810741372E0,7.288366556E-3,-1.791566610E-2,1.472854614E-2,2.431093274E-2
6.815766633E0,2.623850107E-2,-3.556668758E-3,-9.135246277E-3,2.801002599E-2
6.820795331E0,-7.205754519E-3,1.084923744E-3,4.453659058E-4,7.300569053E-3
6.825820904E0,-7.183313370E-3,-1.330584288E-2,5.200386047E-3,1.599029270E-2
6.830846477E0,-7.057398558E-3,-1.317590475E-2,-9.093284607E-3,1.749568991E-2
6.835872049E0,1.201653481E-2,-3.606617451E-3,4.806518555E-4,1.255531060E-2
6.840901633E0,-2.131474018E-2,5.893170834E-3,2.422046661E-2,3.279753976E-2
6.845927414E0,1.211097836E-2,1.068532467E-3,2.775192261E-4,1.216119137E-2
6.850953195E0,1.677063107E-2,-3.666460514E-3,-9.223937988E-3,1.948789448E-2
6.855978977E0,2.449363470E-3,5.935370922E-3,-2.340030670E-2,2.426525011E-2
6.861037570E0,-3.554645181E-2,-1.308506727E-2,1.478099823E-2,4.066014179E-2
6.866065018E0,-6.694793701E-3,-8.152842522E-3,-9.092330933E-3,1.392693741E-2
6.871092466E0,-6.677806377E-3,1.103568077E-2,-1.851940155E-2,2.256873018E-2
6.876081997E0,2.842962742E-3,1.464903355E-3,1.487445831E-2,1.521439743E-2
6.881106893E0,-2.095839381E-2,-1.282346249E-2,-2.798175812E-2,3.723807525E-2
6.886131789E0,-1.607352495E-2,1.552522182E-3,1.498794556E-2,2.203195501E-2
6.891192831E0,3.631076217E-2,1.116204262E-2,-1.838493347E-2,4.220270635E-2
6.896220174E0,-6.711393595E-3,1.593351364E-3,-3.988265991E-3,7.967925588E-3
6.901245852E0,2.660426497E-2,1.579278708E-2,-2.294826508E-2,3.852040899E-2
6.906273039E0,1.689940691E-2,-8.108973503E-3,5.734443665E-3,1.960176648E-2
6.911298768E0,-2.324849367E-3,-1.751434803E-2,5.689620972E-3,1.856149504E-2
6.916325799E0,1.670897007E-2,-1.260066032E-2,8.916854858E-4,2.094663277E-2
6.921352831E0,-1.190400124E-2,-7.880508900E-3,5.640029907E-3,1.534984050E-2
6.926377154E0,-2.293735743E-3,1.758098602E-3,8.392333984E-4,3.009393136E-3
6.931403977E0,-2.600306273E-2,-2.197468281E-2,-3.917694092E-3,3.426943657E-2
6.936430799E0,2.718687057E-3,-7.521688938E-3,-1.338386536E-2,1.559150139E-2
6.941439758E0,2.661764622E-3,2.059936523E-3,-2.276897430E-2,2.301639677E-2
6.946465383E0,1.215064526E-2,6.764113903E-3,-8.333206177E-3,1.621214798E-2
6.951491008E0,4.044780135E-2,-7.510662079E-3,-2.250671387E-2,4.689335612E-2
6.956516633E0,2.185344696E-3,2.076029778E-3,-3.330230713E-3,4.491777786E-3
6.961557518E0,-2.146086097E-2,-2.662599087E-3,-1.280689240E-2,2.513313510E-2
6.966583924E0,-2.319157124E-3,2.179384232E-3,1.542091370E-3,3.536417846E-3
6.971609081E0,1.660805941E-2,2.131521702E-3,6.283760071E-3,1.788453697E-2
6.976635331E0,-1.680755615E-2,-2.713620663E-3,-3.649806976E-2,4.027364867E-2
6.981659289E0,-1.665350795E-2,2.081811428E-3,1.128959656E-2,2.022691910E-2
6.986685331E0,7.293403149E-3,-7.408261299E-3,-1.730060577E-2,2.018383078E-2
6.991711372E0,1.199507713E-2,2.174615860E-3,1.133251190E-2,1.664441815E-2
6.996737414E0,-7.136613131E-3,6.929039955E-3,-1.250457764E-2,1.597833857E-2
7.001736424E0,1.187932491E-2,6.895124912E-3,1.845359802E-3,1.385880445E-2
7.006761112E0,-7.248163223E-3,2.162158489E-3,-7.669448853E-3,1.077178004E-2
7.011785643E0,-2.142253518E-2,-2.629816532E-3,-2.856254578E-3,2.177152128E-2
7.016810331E0,-1.653000712E-2,-1.208376884E-2,1.141262054E-2,2.344155525E-2
7.021835018E0,-1.167824864E-2,7.031857967E-3,-2.667045593E-2,2.995232441E-2
7.026859706E0,2.575218678E-3,-7.197260857E-3,-2.705574036E-3,8.108788192E-3
7.031924393E0,1.207140088E-2,-2.526760101E-3,-3.116607666E-2,3.351757107E-2
7.036951060E0,-2.599671483E-2,-2.539455891E-3,1.183128357E-2,2.867502902E-2
7.041977727E0,-6.717115641E-3,-1.204663515E-2,1.648044586E-2,2.149060625E-2
7.046999862E0,-6.747126579E-3,-2.429068089E-3,2.099990845E-3,7.472218573E-3
7.052026216E0,-1.638051867E-2,1.191091537E-2,-2.661705017E-3,2.042733391E-2
7.057052570E0,1.695799828E-2,2.337098122E-3,-2.163314819E-2,2.758675106E-2
7.062078924E0,1.687940955E-2,-2.509474754E-3,7.040023804E-3,1.846006136E-2
7.067103768E0,-2.240896225E-3,7.030546665E-3,6.978988647E-3,1.015659809E-2
7.072130070E0,-1.170158386E-2,1.643669605E-2,-1.207256317E-2,2.351252482E-2
7.077156372E0,-1.638972759E-2,-3.126686811E-2,-2.468109131E-3,3.538829997E-2
7.082148872E0,-2.041190863E-3,7.000684738E-3,1.179790497E-2,1.386962900E-2
7.087172935E0,-6.806373596E-3,-2.535641193E-3,1.644802094E-2,1.798036681E-2
7.092203664E0,-3.047072887E-2,-1.679527760E-2,-7.431030273E-3,3.557761766E-2
7.097228404E0,-1.600149274E-2,-7.245421410E-3,6.882667542E-3,1.886571000E-2
7.102253143E0,2.986043692E-3,2.281427383E-3,1.158237457E-2,1.217673062E-2
7.107283143E0,-1.137566566E-2,6.982743740E-3,1.149272919E-2,1.761383841E-2
7.112308195E0,2.876847982E-3,2.145349979E-3,6.654739380E-3,7.560710090E-3
7.117333247E0,-1.928299665E-3,6.842672825E-3,-7.642745972E-3,1.043801116E-2
7.122359602E0,-6.596356630E-3,-1.703685522E-2,1.141643524E-2,2.154301163E-2
7.127384758E0,2.971827984E-3,-1.222896576E-2,-1.716518402E-2,2.128433479E-2
7.132409081E0,2.966761589E-3,-2.663433552E-3,-1.702117920E-2,1.748187902E-2
7.137434133E0,-1.786470413E-3,-7.474780083E-3,-2.629280090E-3,8.122618273E-3
7.142459185E0,-1.124832034E-2,1.159983873E-2,-2.609252930E-3,1.636732018E-2
7.147484237E0,-1.637011766E-3,6.721377373E-3,6.910324097E-3,9.778000840E-3
7.152514393E0,2.223366499E-2,-1.240611076E-2,2.584552765E-2,3.628000472E-2
7.157539706E0,7.875710726E-3,-7.587313652E-3,-1.235961914E-2,1.650316131E-2
7.162571008E0,-3.025996685E-2,-7.505357265E-3,-2.175045013E-2,3.801418239E-2
7.167596893E0,7.892042398E-3,2.107197046E-2,-2.631473541E-2,3.462336743E-2
7.172622779E0,-1.125237346E-2,1.147258282E-2,-7.102012634E-3,1.756913909E-2
7.177647779E0,-2.538830042E-2,2.559494972E-2,7.204055786E-3,3.676364603E-2
7.182673612E0,1.278212667E-2,-7.890105247E-3,-2.134323120E-2,2.609923449E-2
7.187696997E0,-6.505459547E-3,6.391584873E-3,2.633094788E-2,2.786560922E-2
7.192722570E0,-1.782953739E-3,6.358206272E-3,2.136611938E-2,2.236329065E-2
7.197748143E0,-1.124170423E-2,1.112544537E-2,6.937026978E-3,1.727060485E-2
7.202792570E0,-6.430864334E-3,-7.938325405E-3,-3.110885620E-2,3.274345676E-2
7.207819445E0,-1.714587212E-3,-3.098070621E-3,1.663780212E-2,1.701041770E-2
7.212846320E0,2.200835943E-2,-3.046393394E-3,7.001876831E-3,2.329537887E-2
7.217888664E0,7.604271173E-3,-2.204561234E-2,2.196311951E-3,2.342344444E-2
7.222916529E0,-4.946774244E-2,-1.714366674E-2,-7.316589355E-3,5.286298640E-2
7.227944393E0,-2.049392462E-2,-7.528841496E-3,2.598190308E-2,3.393734945E-2
7.232972258E0,1.299053431E-2,1.144897938E-2,2.023696899E-3,1.743354409E-2
7.237955956E0,3.455966711E-3,-2.916097641E-3,-1.698875427E-2,1.758024753E-2
7.242981633E0,-1.079195738E-2,-2.920866013E-3,-2.600669861E-3,1.147873190E-2
7.248007310E0,1.786088943E-2,-1.246899366E-2,3.066158295E-2,3.761143235E-2
7.253048039E0,1.773586869E-2,1.604789495E-2,1.918792725E-3,2.399536906E-2
7.258074706E0,8.170068264E-3,-7.908284664E-3,1.903533936E-3,1.152885177E-2
7.263087414E0,2.247157693E-2,-1.266527176E-2,6.635665894E-3,2.663480693E-2
7.268112727E0,3.318101168E-3,1.554727554E-3,-1.240730286E-2,1.293708380E-2
7.273139549E0,1.756072044E-2,-1.747709513E-2,-3.604602814E-2,4.373950047E-2
7.278165018E0,-1.654714346E-3,-1.735848188E-2,-2.624320984E-2,3.150811063E-2
7.283190487E0,2.682358027E-2,6.556093693E-3,-2.282142639E-3,2.770730946E-2
7.288215956E0,1.718014479E-2,6.477534771E-3,-7.013320923E-3,1.965457967E-2
7.293241164E0,-6.731659174E-3,6.399989128E-3,1.204204559E-2,1.520808858E-2
7.298266581E0,7.502079010E-3,-7.981300354E-3,-1.654052734E-2,1.983863376E-2
7.303294862E0,-6.883442402E-3,-3.189265728E-3,2.633857727E-2,2.740937518E-2
7.308320591E0,1.683911681E-2,1.596373320E-2,-2.376556396E-3,2.332476480E-2
7.313346320E0,1.662161946E-2,1.591181755E-2,-3.084850311E-2,3.848498819E-2
7.318372049E0,-2.481311560E-3,6.309509277E-3,1.214218140E-2,1.390681069E-2
7.323435591E0,-7.179260254E-3,2.053028345E-2,-2.207756042E-3,2.186111852E-2
7.328463195E0,1.185268164E-2,1.089018583E-2,2.155208588E-2,2.689934228E-2
7.333482154E0,2.235144377E-3,6.182432175E-3,-2.137184143E-2,2.236009714E-2
7.338508872E0,2.239972353E-3,-3.229022026E-3,2.539634705E-3,4.679081515E-3
7.343539341E0,-2.552092075E-3,-7.867395878E-3,2.150821686E-2,2.304370813E-2
7.348566424E0,6.944566965E-3,-1.252102852E-2,-2.414703369E-3,1.452012252E-2
7.353593508E0,-1.688063145E-2,-1.233285666E-2,-2.614116669E-2,3.347261070E-2
7.358620591E0,-1.676797867E-2,1.998603344E-3,1.206779480E-2,2.075551000E-2
7.363643404E0,1.183801889E-2,-2.785503864E-3,-2.601814270E-2,2.872005349E-2
7.368670279E0,-1.192125678E-2,-1.697731018E-2,-2.064704895E-3,2.084726434E-2
7.373697154E0,2.347201109E-3,6.991446018E-3,-6.797790527E-3,1.002993652E-2
7.378699289E0,2.254843712E-3,1.640945673E-2,-1.623344421E-2,2.319222502E-2
7.383724497E0,2.214670181E-3,-2.793550491E-3,-2.558994293E-2,2.583706384E-2
7.388749706E0,-2.626767755E-2,-2.653074265E-2,7.863044739E-3,3.815361925E-2
7.393764029E0,-1.652798057E-2,2.114415169E-3,1.729774475E-2,2.401784475E-2
7.398788508E0,-6.811112165E-3,-1.691740751E-2,1.240253448E-2,2.205476791E-2
7.403815852E0,1.702517271E-2,-1.205313206E-2,2.801895142E-3,2.104721156E-2
7.408840591E0,1.216542721E-2,7.021129131E-3,-2.571201324E-2,2.929848970E-2
7.413866581E0,2.649456263E-3,1.174265146E-2,-1.600646973E-2,2.002789442E-2
7.418891477E0,1.685199142E-2,6.979525089E-3,3.117561340E-3,1.850466357E-2
7.423916372E0,-2.124550939E-2,7.004559040E-3,3.085136414E-3,2.258215187E-2
7.428947935E0,-6.743431091E-3,6.980240345E-3,3.053665161E-3,1.017460019E-2
7.433973247E0,1.703146100E-2,-2.592623234E-3,-2.071189880E-2,2.694021364E-2
7.438998612E0,-6.921887398E-3,2.206325531E-3,-1.104068756E-2,1.321654945E-2
7.444023924E0,-6.781250238E-3,2.270817757E-3,-1.095771790E-2,1.308485955E-2
7.449049237E0,2.800375223E-3,2.285480499E-3,8.123397827E-3,8.891294324E-3
7.454074549E0,-6.695061922E-3,7.050812244E-3,2.704620361E-2,2.874082353E-2
7.459099862E0,-1.130139828E-2,2.271771431E-3,-1.675605774E-3,1.164861379E-2
7.464125174E0,-6.527364254E-3,1.652628183E-2,-6.408691406E-3,1.888903917E-2
7.469196268E0,3.059089184E-3,6.971716881E-3,1.263237000E-2,1.474922488E-2
7.474223143E0,-1.118689775E-2,-1.689720154E-2,1.253032684E-2,2.382585134E-2
7.479250018E0,-1.568406820E-3,2.596074343E-2,3.616809845E-2,4.454830462E-2
7.484268091E0,3.276199102E-3,-2.768635750E-3,-3.061485291E-2,3.091388107E-2
7.489294341E0,3.228634596E-3,-2.171015739E-2,1.237583160E-2,2.519754399E-2
7.494320591E0,3.284782171E-3,2.190709114E-3,2.176666260E-2,2.212185799E-2
7.499311789E0,-1.095703244E-2,2.104121447E-2,7.346153259E-3,2.483455725E-2
7.504335695E0,8.107841015E-3,-2.847909927E-3,-6.961822510E-3,1.105959536E-2
7.509382518E0,2.706220746E-2,2.007365227E-3,7.334709167E-3,2.811032811E-2
7.514408716E0,3.636461496E-2,-1.697510481E-2,-6.975173950E-3,4.073318618E-2
7.519411737E0,2.798110247E-3,6.887853146E-3,-2.165794373E-3,7.743552620E-3
7.524435591E0,-6.794929504E-3,-2.638638020E-3,2.602577209E-3,7.739953856E-3
7.529465591E0,7.431000471E-3,-1.213520765E-2,-1.165962219E-2,1.839646223E-2
7.534490070E0,7.392793894E-3,-1.205331087E-2,-2.580833435E-2,2.942797693E-2
7.539518612E0,-1.163601875E-2,6.967484951E-3,7.650375366E-3,1.557148105E-2
7.544543456E0,1.223000884E-2,-2.558052540E-3,-6.661415100E-3,1.415949152E-2
7.549568299E0,2.602547407E-3,-1.195031404E-2,-2.560329437E-2,2.837449456E-2
7.554593143E0,7.248938084E-3,7.174730301E-3,1.734828949E-2,2.012428897E-2
7.559645799E0,2.417445183E-3,3.088390827E-2,-1.791000366E-3,3.103010657E-2
7.564672049E0,-7.122397423E-3,-1.688402891E-2,-1.601886749E-2,2.433933222E-2
7.569698299E0,2.139860392E-2,-2.151262760E-2,-6.385803223E-3,3.100761001E-2
7.574734758E0,2.589389682E-2,2.383112907E-3,7.918357849E-3,2.718222784E-2
7.579761685E0,-7.584631443E-3,-1.185667515E-2,-3.963375092E-2,4.205878733E-2
7.584787570E0,-1.229658723E-2,-2.122706175E-2,3.433227539E-3,2.477057245E-2
7.589814393E0,2.131223679E-3,-1.157969236E-2,2.239704132E-2,2.530333673E-2
7.594841216E0,2.112892270E-2,1.698607206E-2,2.221012115E-2,3.504636216E-2
7.599864497E0,6.731927395E-3,-1.151579618E-2,7.770538330E-3,1.543741151E-2
7.604891060E0,-7.493525743E-3,-1.895666122E-3,-6.545066833E-3,1.012839464E-2
7.609919029E0,-2.634575963E-2,1.233839989E-2,-6.492614746E-3,2.980753610E-2
7.614945747E0,-1.660498977E-2,1.221072674E-2,1.255512238E-2,2.413417971E-2
7.619970591E0,7.348448038E-3,-2.107322216E-3,-1.604652405E-2,1.777446003E-2
7.624997102E0,-6.834149361E-3,7.384598255E-3,-1.116943359E-2,1.503310133E-2
7.630023612E0,-2.004742622E-3,7.297813892E-3,-1.107597351E-2,1.341470349E-2
7.635045956E0,-1.150643826E-2,-6.987214088E-3,3.261566162E-3,1.385124889E-2
7.640072206E0,-6.686806679E-3,2.591669559E-3,-1.514434814E-3,7.329641701E-3
7.645101372E0,1.233807206E-2,7.290422916E-3,1.274681091E-2,1.917966311E-2
7.650127883E0,-1.147079468E-2,7.245540619E-3,-6.356239319E-3,1.498261552E-2
7.655154393E0,-1.129361987E-2,-1.178801060E-2,-2.055454254E-2,2.624866211E-2
7.660177779E0,1.256632805E-2,-2.121275663E-2,-1.388549805E-3,2.469456854E-2
7.665204081E0,1.707503200E-2,-1.140767336E-2,1.286697388E-2,2.423325702E-2
7.670230383E0,-2.138257027E-3,1.250445843E-2,-6.235122681E-3,1.413542990E-2
7.675254393E0,1.679968834E-2,2.191752195E-2,3.315925598E-3,2.781371351E-2
7.680280539E0,2.137616277E-2,1.221382618E-2,1.753616333E-2,3.022639424E-2
7.685306685E0,2.020120621E-3,-6.960391998E-3,-6.338119507E-3,9.628068497E-3
7.690334029E0,-7.571160793E-3,7.365465164E-3,2.220726013E-2,2.459135936E-2
7.695360227E0,-2.172765136E-2,1.677155495E-2,-1.121616364E-2,2.965093954E-2
7.700386424E0,-7.330238819E-3,-7.137894630E-3,-6.371498108E-3,1.205312943E-2
7.705433247E0,2.305597067E-3,-1.665723324E-2,-1.106548309E-2,2.013017916E-2
7.710460799E0,7.105737925E-3,-7.046401501E-3,-1.097488403E-2,1.485231851E-2
7.715488352E0,1.186907291E-2,-2.318441868E-3,-1.088237762E-2,1.626887234E-2
7.720515904E0,7.102102041E-3,-2.383530140E-3,-1.079082489E-2,1.313632259E-2
7.725549237E0,1.651361585E-2,-7.194280624E-3,-1.196861267E-3,1.805241421E-2
7.730577049E0,-1.684135199E-2,-1.196241379E-2,2.255916595E-2,3.058833845E-2
7.735604862E0,2.321541309E-3,-1.199907064E-2,-2.510643005E-2,2.792311015E-2
7.740632674E0,-7.272988558E-3,-2.535998821E-3,8.354187012E-3,1.136310227E-2
7.745660487E0,1.180353761E-2,-7.239758968E-3,-1.071262360E-2,1.750708183E-2
7.750688299E0,-3.100621700E-2,2.390325069E-3,3.616333008E-3,3.130777876E-2
7.755711945E0,1.675891876E-2,2.618813515E-2,-1.541328430E-2,3.470229263E-2
7.760739602E0,1.663777232E-2,-2.613395452E-2,-1.054573059E-2,3.272631175E-2
7.765767258E0,-7.224887609E-3,1.694983244E-2,1.327514648E-2,2.270958685E-2
7.770794914E0,-7.194668055E-3,1.208382845E-2,1.316452026E-2,1.926361213E-2
7.775746633E0,-1.661032438E-2,7.309019566E-3,3.204345703E-2,3.682536872E-2
7.780770539E0,-2.262860537E-3,-6.968617439E-3,1.278209686E-2,1.473309767E-2
7.785824549E0,1.196801662E-2,-1.158046722E-2,3.166675568E-2,3.577882136E-2
7.790851477E0,7.089793682E-3,7.585704327E-3,1.240634918E-2,1.617793512E-2
7.795879914E0,2.252250910E-3,-2.094441652E-2,2.805709839E-3,2.125119350E-2
7.800906997E0,1.169729233E-2,-1.801013947E-3,7.534027100E-3,1.402967795E-2
7.805934081E0,-2.166637778E-2,-1.867771149E-3,1.697444916E-2,2.758717853E-2
7.810985070E0,7.137447596E-3,-1.127797365E-2,3.581619263E-2,3.822218599E-2
7.816013716E0,-1.184251904E-2,-6.462931633E-3,2.276420593E-3,1.368198938E-2
7.821047310E0,-2.169966698E-3,7.806479931E-3,1.175212860E-2,1.427453716E-2
7.826076477E0,2.161565423E-2,-6.585597992E-3,2.161026001E-3,2.269970577E-2
7.831106216E0,1.196682453E-2,1.243096590E-2,2.113819122E-2,2.728657052E-2
7.836135435E0,7.247060537E-3,-1.629668474E-2,-7.527351379E-3,1.935879229E-2
7.841164654E0,-1.183733344E-2,2.754271030E-3,-1.695537567E-2,2.086128558E-2
7.846193872E0,-1.181724668E-2,-1.629221439E-2,-1.680850983E-2,2.622231057E-2
7.851183768E0,-6.948888302E-3,1.705622673E-2,-2.422332764E-3,1.857604950E-2
7.856211008E0,-1.631480455E-2,1.208704710E-2,-7.149696350E-3,2.152644218E-2
7.861238247E0,1.234000921E-2,7.205963135E-3,2.408027649E-3,1.449138811E-2
7.866243664E0,-1.987099648E-3,7.170796394E-3,-2.363204956E-3,7.807280167E-3
7.871269445E0,1.228964329E-2,7.089376450E-3,-2.342224121E-3,1.437986802E-2
7.876295227E0,-1.628270745E-2,-7.293522358E-3,-7.067680359E-3,1.919046993E-2
7.881301372E0,7.523089647E-3,2.333223820E-3,-4.024887085E-2,4.101234468E-2
7.886325852E0,2.681016922E-3,1.193922758E-2,1.231288910E-2,1.735915450E-2
7.891350331E0,-2.124041319E-3,7.118940353E-3,-2.102947235E-2,2.230312917E-2
7.896368664E0,-3.063169122E-2,-2.409696579E-3,1.238536835E-2,3.312860537E-2
7.901392727E0,3.127434850E-2,-2.366840839E-3,2.787590027E-3,3.148741761E-2
7.906416789E0,2.491384745E-3,1.662051678E-2,2.176094055E-2,2.749521976E-2
7.911440852E0,-1.175150275E-2,7.111251354E-3,-2.591514587E-2,2.933023182E-2
7.916464914E0,-1.173040271E-2,-1.186990738E-2,-1.145458221E-2,2.024115863E-2
7.921539914E0,-3.060656786E-2,2.500236034E-3,2.883911133E-3,3.084363986E-2
7.926566008E0,2.907723188E-3,-1.643729210E-2,1.235103607E-2,2.076505521E-2
7.931598924E0,7.596671581E-3,2.171581984E-2,-2.099132538E-2,3.114357063E-2
7.936625695E0,-2.098983526E-2,-3.547304869E-2,-1.819610596E-3,4.125798529E-2
7.941652466E0,1.709228754E-2,1.702755690E-2,-1.129531860E-2,2.663959853E-2
7.946712674E0,-6.870806217E-3,7.357597351E-3,-1.119518280E-2,1.505570771E-2
7.951741737E0,-6.842821836E-3,7.267951965E-3,7.894515991E-3,1.272677175E-2
7.956770799E0,-2.576065063E-2,-1.181238890E-2,3.081321716E-3,2.850680964E-2
7.961799862E0,1.716110110E-2,2.503335476E-3,-1.689910889E-3,1.742486380E-2
7.966828924E0,-6.698906422E-3,2.451837063E-3,3.073692322E-3,7.767524491E-3
7.971825956E0,-1.769661903E-3,7.100641727E-3,3.046989441E-3,7.926850626E-3
7.976853716E0,1.736146212E-2,-7.229566574E-3,1.251411438E-2,2.258960067E-2
7.981881477E0,-6.396830082E-3,-2.502977848E-3,-6.585121155E-3,9.515679368E-3
7.986846841E0,3.277570009E-3,6.936192513E-3,1.246261597E-2,1.463454914E-2
7.991870174E0,3.382235765E-3,3.528475761E-2,-1.887321472E-3,3.549669873E-2
7.996879810E0,8.176237345E-3,1.568913460E-3,2.884864807E-3,8.811060749E-3
8.001901789E0,8.282005787E-3,-3.321349621E-3,7.609367371E-3,1.172712475E-2
8.006923768E0,-1.060390472E-2,-1.772189140E-2,3.603935242E-2,4.153725019E-2
8.011945747E0,-1.093149185E-3,1.542598009E-2,-1.647567749E-2,2.259654367E-2
8.016967727E0,-4.385009408E-2,-3.775894642E-3,2.662658691E-3,4.409283255E-2
8.022090799E0,3.970086575E-3,-3.772497177E-3,-1.635074615E-2,1.724355596E-2
8.027116789E0,2.295291424E-2,5.625188351E-3,-1.145839691E-2,2.626354652E-2
8.032142779E0,-2.470475435E-2,1.505059004E-2,-6.613731384E-3,2.967467929E-2
8.037168768E0,1.835939288E-2,3.389465809E-2,2.933502197E-3,3.865902985E-2
8.042173664E0,-5.463212729E-3,9.946107864E-3,-1.609325409E-2,1.969173893E-2
8.047198560E0,-1.494503021E-2,9.991884232E-3,3.027915955E-3,1.823074199E-2
8.052223456E0,4.142969847E-3,1.008933783E-2,7.741928101E-3,1.337521542E-2
8.057279914E0,-5.474835634E-3,-4.055559635E-3,-6.575584412E-3,9.468880585E-3
8.062307102E0,2.287238836E-2,1.520788670E-2,2.970695496E-3,2.762699765E-2
8.067334289E0,8.298277855E-3,-8.373439312E-3,7.682800293E-3,1.407129424E-2
8.072324602E0,-2.034783363E-2,-2.711415291E-2,2.660560608E-2,4.309373384E-2
8.077349341E0,-1.271098852E-3,-1.250922680E-2,1.213455200E-2,1.747408938E-2
8.082374081E0,8.100956678E-3,1.611399651E-2,2.153491974E-2,2.808984070E-2
8.087417518E0,-2.049016953E-2,-2.667641640E-2,-2.390861511E-3,3.372231394E-2
8.092443508E0,-1.361429691E-3,2.171456814E-3,7.119178772E-3,7.566466935E-3
8.097464862E0,3.310471773E-3,-2.630615234E-2,1.181030273E-2,2.902509475E-2
8.102490383E0,2.229189873E-2,2.384126186E-3,4.020404816E-2,4.603236139E-2
8.107515904E0,2.217262983E-2,2.241253853E-3,6.634712219E-3,2.325227169E-2
8.112490695E0,-1.740187407E-3,2.101004124E-3,6.586074829E-3,7.128734263E-3
8.117512831E0,-2.065375447E-2,-2.787590027E-3,6.535530090E-3,2.184173495E-2
8.122534966E0,1.277521253E-2,-2.889275551E-3,-1.250648499E-2,1.810983531E-2
8.127576112E0,-1.565992832E-3,-1.248240471E-2,-3.138923645E-2,3.381637068E-2
8.132599497E0,-6.284445524E-3,2.073633671E-2,-1.687526703E-2,2.746387724E-2
8.137622883E0,-1.466631889E-3,-1.274883747E-2,-7.233619690E-3,1.473122940E-2
8.142650643E0,-1.563462615E-2,2.532660961E-2,-3.091812134E-2,4.291630129E-2
8.147674341E0,2.720049024E-2,1.401066780E-3,-2.169609070E-3,2.732282673E-2
8.152687362E0,3.144949675E-3,1.091682911E-2,-2.114391327E-2,2.400276931E-2
8.157710018E0,-6.416499615E-3,1.080715656E-2,-6.719589233E-3,1.425198161E-2
8.162732674E0,-6.349593401E-3,1.080167294E-2,-1.616668701E-2,2.045373422E-2
8.167755331E0,1.271083951E-2,5.995988846E-3,-1.603507996E-2,2.132231490E-2
8.172777987E0,3.073066473E-3,2.037662268E-2,-1.666069031E-3,2.067429020E-2
8.177800643E0,-6.481081247E-3,-1.754701138E-2,-1.116275787E-2,2.178323175E-2
8.182914966E0,-1.874864101E-3,1.597684622E-2,-1.571655273E-3,1.616306997E-2
8.187940643E0,7.548362017E-3,6.430447102E-3,3.189086914E-3,1.041627066E-2
8.192966320E0,7.496327162E-3,-1.253104210E-2,4.114437103E-2,4.365868991E-2
8.197931945E0,1.683968306E-2,1.903653145E-3,2.812385559E-3,1.717871745E-2
8.202953456E0,2.365082502E-3,1.970708370E-3,1.228523254E-2,1.266507976E-2
8.208010904E0,-1.668578386E-2,1.148253679E-2,-2.062797546E-3,2.035974381E-2
8.213036112E0,2.303957939E-3,6.775021553E-3,2.169513702E-2,2.284487053E-2
8.218061320E0,-1.204887033E-2,1.634943485E-2,4.050445557E-2,4.531103858E-2
8.223086529E0,-7.184445858E-3,6.746411324E-3,1.642131805E-2,1.915176270E-2
8.228089497E0,-1.665729284E-2,1.971423626E-3,-2.709388733E-3,1.699095946E-2
8.233113560E0,-1.649916172E-2,1.982092857E-3,1.630401611E-2,2.328029147E-2
8.238142049E0,-3.523257375E-2,-7.608056068E-3,1.141834259E-2,3.780998965E-2
8.243166581E0,1.261761785E-2,2.086937428E-2,3.031826019E-2,3.890927863E-2
8.248191112E0,-1.110965014E-2,-7.870256901E-3,1.107025146E-2,1.754752795E-2
8.253215643E0,1.759752631E-2,-7.881939411E-3,-3.268241882E-3,1.955707816E-2
8.258240174E0,-1.096752286E-2,6.351232529E-3,1.575374603E-2,2.021893237E-2
8.263354393E0,2.238166332E-2,6.273627281E-3,-4.135894775E-2,4.744322725E-2
8.268382518E0,1.271969080E-2,1.558774710E-2,-7.767677307E-3,2.156629788E-2
8.273410643E0,-1.585868001E-2,2.967822552E-2,-1.245021820E-2,3.587900131E-2
8.278376685E0,-1.513391733E-3,-1.327979565E-2,2.089309692E-2,2.480251653E-2
8.283400591E0,-1.103028655E-2,1.050412655E-3,1.728057861E-3,1.121413270E-2
8.288463768E0,-6.267845631E-3,1.525545120E-2,-7.777214050E-3,1.823457536E-2
8.293491581E0,-2.054470778E-2,2.955365181E-2,-1.246833801E-2,3.809150569E-2
8.298482570E0,2.238616347E-2,-1.810467243E-2,-7.621765137E-3,2.978272625E-2
8.303506633E0,1.267129183E-2,-8.381307125E-3,-7.560729980E-3,1.696975496E-2
8.308503716E0,-1.600754261E-2,1.080852747E-2,1.624107361E-2,2.523565253E-2
8.313525070E0,3.152844310E-2,2.028989792E-2,-2.889633179E-3,3.760415750E-2
8.318551424E0,-1.154965162E-2,5.946993828E-3,1.137924194E-2,1.726986785E-2
8.323573299E0,1.705908775E-2,5.919337273E-3,3.502368927E-2,3.940443933E-2
8.328595174E0,-2.103716135E-3,2.013444901E-2,3.473186493E-2,4.020104600E-2
8.333617049E0,7.332742214E-3,-2.275127172E-2,1.545143127E-2,2.846289166E-2
8.338676477E0,7.242023945E-3,-3.494918346E-3,-3.674507141E-3,8.841004909E-3
8.343700227E0,-1.184472442E-2,1.549917459E-2,1.060581207E-2,2.220371949E-2
8.348723977E0,-1.161342859E-2,-3.712594509E-3,5.767822266E-3,1.348787809E-2
8.353747727E0,-1.938492060E-3,9.261369705E-4,9.756088257E-4,2.359511334E-3
8.358794810E0,-1.608937979E-2,6.754398346E-4,-8.518218994E-3,1.821769513E-2
8.363819706E0,1.255905628E-2,1.947575808E-2,-3.217887878E-2,3.965495287E-2
8.368844602E0,1.717475057E-2,9.679794312E-3,-2.240371704E-2,2.984287205E-2
8.373876893E0,2.655234933E-2,-1.902902126E-2,1.103019714E-2,3.447892333E-2
8.378902310E0,2.641308308E-2,9.581744671E-3,-8.057594299E-3,2.922987537E-2
8.383904549E0,-2.606812119E-2,-1.422297955E-2,-2.698421478E-2,4.012465498E-2
8.388927570E0,-2.139210701E-3,4.857838154E-3,-3.012657166E-3,6.103352943E-3
8.393949497E0,1.684194803E-2,-4.608094692E-3,-1.248741150E-2,2.146674629E-2
8.398972414E0,-1.181668043E-2,1.449328661E-2,2.560138702E-2,3.170363245E-2
8.403995331E0,2.455025911E-3,1.443636417E-2,-1.734924316E-2,2.270312756E-2
8.409022674E0,-2.133169770E-2,-2.840572596E-2,-2.670192719E-2,4.444006649E-2
8.414045904E0,-1.168379188E-2,-4.357814789E-3,3.049945831E-2,3.295024279E-2
8.419069133E0,-2.222597599E-3,-8.998811245E-3,3.024673462E-2,3.163516238E-2
8.424092362E0,-2.330631018E-3,-8.806049824E-3,-1.274299622E-2,1.566404504E-2
8.429157935E0,-1.662877202E-2,-1.341700554E-2,1.110458374E-2,2.407994760E-2
8.434183299E0,1.197141409E-2,5.759835243E-3,-1.748180389E-2,2.195686509E-2
8.439209654E0,-2.399742603E-3,1.135289669E-3,-7.848739624E-3,8.285551332E-3
8.444235122E0,-1.190248132E-2,5.839467049E-3,1.717567444E-3,1.336856293E-2
8.449261424E0,-1.647067070E-2,-1.329225302E-2,-2.203750610E-2,3.055517401E-2
8.454286945E0,1.213553548E-2,-1.327055693E-2,1.139259338E-2,2.128779196E-2
8.459312466E0,2.564042807E-3,1.050591469E-3,1.604747772E-2,1.628495008E-2
8.464337987E0,-6.875813007E-3,1.050394773E-2,-7.830619812E-3,1.479622686E-2
8.469364602E0,2.653867006E-3,1.048499346E-2,1.122570038E-2,1.558827915E-2
8.474390174E0,-1.638996601E-2,-1.337707043E-2,-3.160095215E-2,3.802889922E-2
8.479415747E0,-1.141926646E-2,-1.335698366E-2,-7.593154907E-3,1.914326671E-2
8.484441320E0,7.645845413E-3,9.651780128E-4,-2.651977539E-2,2.761682472E-2
8.489513977E0,7.613509893E-3,5.668282509E-3,2.193450928E-3,9.741980624E-3
8.494541893E0,7.571637630E-3,1.503688097E-2,1.642417908E-2,2.352001582E-2
8.499557779E0,-1.908659935E-3,5.431830883E-3,-2.170562744E-2,2.245622480E-2
8.504584497E0,-1.867502928E-3,2.445209026E-2,-1.678180695E-2,2.971567482E-2
8.509601060E0,2.873599529E-3,1.476871967E-2,1.184940338E-2,1.915152776E-2
8.514626737E0,-6.615251303E-3,-4.281759262E-3,1.649379730E-2,1.827950660E-2
8.519652414E0,1.716306806E-2,-4.231154919E-3,6.859779358E-3,1.896128028E-2
8.524678091E0,1.699766517E-2,-1.362383366E-2,2.579402924E-2,3.376183361E-2
8.529694185E0,2.632763982E-2,8.065700531E-4,-7.662773132E-3,2.743197524E-2
8.534719393E0,-7.156461477E-3,-8.573949337E-3,1.891136169E-3,1.132713309E-2
8.539734029E0,-7.018655539E-3,-3.734350204E-3,1.136779785E-2,1.387204834E-2
8.544758143E0,-2.592405677E-2,-2.742856741E-2,-1.722049713E-2,4.148407587E-2
8.549781372E0,-6.683766842E-3,-3.388762474E-3,1.140785217E-2,1.364901247E-2
8.554805383E0,-1.845896244E-3,1.100277901E-2,-7.690429688E-3,1.355032057E-2
8.559829393E0,-6.596922874E-3,1.092547178E-2,-1.712322235E-2,2.135626533E-2
8.564863612E0,2.934038639E-3,-8.142828941E-3,-7.483482361E-3,1.144188595E-2
8.569888299E0,1.243731380E-2,1.558071375E-2,2.079963684E-3,2.004424267E-2
8.574912883E0,1.236122847E-2,-1.312452555E-2,-2.681732178E-3,1.822758425E-2
8.579937570E0,-1.615023613E-2,1.533716917E-2,2.094268799E-3,2.237062465E-2
8.584962258E0,-6.491005421E-3,1.992493868E-2,-2.670288086E-3,2.112502713E-2
8.589993924E0,-1.760900021E-3,1.022624969E-2,-1.688766479E-2,1.982095290E-2
8.595019081E0,-1.763731241E-3,6.574988365E-4,-1.674652100E-2,1.685197371E-2
8.600043352E0,-1.601207256E-2,-4.031479359E-3,-7.112503052E-3,1.797851477E-2
8.605068404E0,-1.602262259E-3,1.026338339E-2,-7.056236267E-3,1.255765715E-2
8.610093456E0,7.942169905E-3,6.422996521E-4,-2.124214172E-2,2.268742376E-2
8.615118508E0,-1.109051704E-2,-2.778440714E-2,3.591156006E-2,4.673984375E-2
8.620187518E0,1.277211308E-2,-2.283847332E-2,-1.662063599E-2,3.099948833E-2
8.625214654E0,-2.059811354E-2,-8.436679840E-3,-2.597618103E-2,3.420850521E-2
8.630241789E0,8.043408394E-3,1.197338104E-3,-6.768226624E-3,1.058011951E-2
8.635268924E0,7.961660624E-3,1.074600220E-2,1.227951050E-2,1.815629316E-2
8.640254549E0,3.180176020E-3,1.546835899E-2,-2.074241638E-3,1.592752736E-2
8.645279497E0,1.268416643E-2,-3.642439842E-3,2.688407898E-3,1.346784998E-2
8.650304445E0,-1.118877530E-2,5.901813507E-3,1.691150665E-2,2.111916553E-2
8.655329393E0,1.263186336E-2,-1.793229580E-2,4.051685333E-2,4.607327434E-2
8.660358820E0,-2.068290114E-2,-8.375227451E-3,2.195358276E-3,2.242200777E-2
8.665383977E0,3.158450127E-3,-3.543019295E-3,6.928443909E-3,8.398340784E-3
8.670409133E0,-1.693218946E-3,-3.497302532E-3,-7.371902466E-3,8.333250348E-3
8.675438195E0,-6.494939327E-3,1.340627670E-3,-7.311820984E-3,9.871385187E-3
8.680463612E0,-3.479892015E-2,-3.199994564E-2,1.649093628E-2,5.006907573E-2
8.685487154E0,-6.040185690E-3,-8.029162884E-3,1.635742188E-2,1.919678489E-2
8.690512362E0,-1.075744629E-2,-1.270008087E-2,-7.521629333E-3,1.826443573E-2
8.695542414E0,1.785245538E-2,-3.084182739E-3,6.784439087E-3,1.934556693E-2
8.700568091E0,3.593981266E-3,2.064281702E-2,1.976013184E-3,2.104631141E-2
8.705593768E0,8.293181658E-3,-1.750677824E-2,2.570247650E-2,3.218511216E-2
8.710608716E0,1.770165563E-2,1.643359661E-3,-7.751464844E-3,1.939418599E-2
8.715633664E0,2.233475447E-2,1.113688946E-2,-1.243686676E-2,2.788453368E-2
8.720658612E0,-1.558572054E-3,-7.890582085E-3,-2.841949463E-3,8.530363957E-3
8.725683560E0,-1.106882095E-2,-1.250660419E-2,-7.569313049E-3,1.833653309E-2
8.730708508E0,7.945954800E-3,1.129847765E-2,-2.174568176E-2,2.576176372E-2
8.735733456E0,-1.688838005E-3,-7.779657841E-3,6.929397583E-3,1.055423142E-2
8.740758404E0,3.057003021E-3,1.603502035E-2,6.871223450E-3,1.771103771E-2
8.745818872E0,-2.074098587E-2,2.056324482E-2,-7.425308228E-3,3.013587123E-2
8.750844862E0,-6.291061640E-3,1.355946064E-3,-2.614021301E-3,6.946161073E-3
8.755870852E0,-6.258785725E-3,6.102800369E-3,6.904602051E-3,1.113957363E-2
8.760847727E0,3.215968609E-3,-1.767861843E-2,-2.647399902E-3,1.816272914E-2
8.765870435E0,1.277250051E-2,1.418054104E-3,-7.374763489E-3,1.481670623E-2
8.770893143E0,-1.551270485E-3,-8.130431175E-3,-3.105449677E-2,3.213863906E-2
8.775915852E0,-6.258726120E-3,-3.302156925E-3,4.043006897E-2,4.104468747E-2
8.781001997E0,1.756441593E-2,-8.115649223E-3,2.109527588E-3,1.946336497E-2
8.786027883E0,-1.602739096E-3,-2.707922459E-2,2.108955383E-2,3.436018710E-2
8.791061789E0,-6.358265877E-3,1.114380360E-2,1.919746399E-3,1.297294607E-2
8.796088508E0,1.271682978E-2,2.055984735E-2,-1.234340668E-2,2.714377960E-2
8.801115227E0,7.887214422E-3,1.560276747E-2,1.150321960E-2,2.092793743E-2
8.806114081E0,-1.114135981E-2,-1.780867577E-2,1.911163330E-3,2.109339651E-2
8.811138924E0,-1.568645239E-3,1.289010048E-3,1.898765564E-3,2.779839106E-3
8.816196737E0,1.752185822E-2,1.068085432E-2,-1.236057281E-2,2.395579105E-2
8.821224654E0,2.220082283E-2,1.999998093E-2,1.989364624E-3,2.994717588E-2
8.826252570E0,7.749825716E-3,1.968789101E-2,2.097702026E-2,2.979443287E-2
8.831242414E0,-6.577402353E-3,1.942843199E-2,-1.243019104E-2,2.398407473E-2
8.836267622E0,2.204471827E-2,4.932641983E-3,1.616668701E-2,2.777881080E-2
8.841292831E0,2.183389664E-2,9.551763535E-3,-1.720046997E-2,2.939066852E-2
8.846364549E0,2.638289332E-2,9.427845478E-3,-1.705360413E-2,3.279888328E-2
8.851392883E0,-7.045447826E-3,-4.989147186E-3,-1.690673828E-2,1.898335387E-2
8.856421216E0,-1.652076840E-2,-1.447308064E-2,2.231597900E-3,2.207681773E-2
8.861399393E0,-2.161413431E-3,-1.913881302E-2,-2.532005310E-3,1.942619167E-2
8.866424341E0,1.208451390E-2,-9.525179863E-3,2.123546600E-2,2.622421675E-2
8.871449289E0,-7.034391165E-3,-2.362549305E-2,-2.686500549E-3,2.479644866E-2
8.876474237E0,-1.165166497E-2,-1.391214132E-2,-2.166271210E-2,2.825919440E-2
8.881533924E0,7.522284985E-3,5.658268929E-4,2.248764038E-3,7.871586318E-3
8.886560591E0,2.635031939E-3,1.487362385E-2,6.978034973E-3,1.663914216E-2
8.891587258E0,3.113445640E-2,-1.367640495E-2,-7.330894470E-3,3.478707290E-2
8.896613924E0,2.414405346E-3,6.967782974E-4,6.974220276E-3,7.413137098E-3
8.901664654E0,1.667016745E-2,-1.354038715E-2,6.914138794E-3,2.256195652E-2
8.906692466E0,1.650971174E-2,8.324980736E-4,1.160526276E-2,2.019766715E-2
8.911720279E0,-7.447004318E-3,5.539834499E-3,1.151466370E-2,1.478969640E-2
8.916748091E0,1.158079505E-2,6.622076035E-4,-1.231670380E-2,1.691905805E-2
8.921775904E0,-3.122889996E-2,-1.367133856E-2,-7.461547852E-3,3.489734068E-2
8.926699758E0,2.350538969E-3,6.027817726E-4,1.634502411E-2,1.652416995E-2
8.931723247E0,-2.143368125E-2,5.208075047E-3,-7.524490356E-3,2.330546487E-2
8.936789289E0,2.145898342E-2,-9.167611599E-3,1.153850555E-2,2.603209908E-2
8.941816997E0,2.125775814E-2,-1.377028227E-2,-7.554054260E-3,2.643060141E-2
8.946844706E0,-7.384449244E-3,2.435320616E-2,-1.699066162E-2,3.059887781E-2
8.951879549E0,2.203226089E-3,9.820044041E-3,2.148628235E-3,1.029097048E-2
8.956907727E0,1.630422473E-2,9.654045105E-3,-7.354736328E-3,2.032536537E-2
8.961928404E0,-1.714882255E-2,4.847288132E-3,-2.542495728E-3,1.800118334E-2
8.966955799E0,-7.476896048E-3,-4.620671272E-3,-2.527236938E-3,9.145572921E-3
8.971983195E0,6.811171770E-3,-4.667341709E-3,2.248764038E-3,8.557632804E-3
8.977041841E0,-1.221737266E-2,1.463294029E-4,2.596950531E-2,2.870018838E-2
8.982071320E0,6.955474615E-3,2.866017818E-2,-2.173709869E-2,3.663722015E-2
8.987090227E0,-2.567797899E-3,1.424694061E-2,2.592372894E-2,2.969189494E-2
8.992118612E0,2.278983593E-3,-1.433777809E-2,-2.653121948E-2,3.024353243E-2
8.997146997E0,-3.090918064E-2,2.374827862E-2,-2.569198608E-3,3.906352476E-2
9.002175383E0,2.612948418E-3,9.278953075E-3,2.119445801E-2,2.328371791E-2
9.007178924E0,-1.642617583E-2,1.392215490E-2,-2.721786499E-3,2.170377321E-2
9.012206060E0,-2.101287246E-2,1.852941513E-2,-1.219654083E-2,3.055545192E-2
9.017233195E0,2.981275320E-3,-5.922317505E-4,6.893157959E-3,7.533549471E-3
9.022260331E0,7.626324892E-3,4.240036011E-3,-7.411003113E-3,1.144821837E-2
9.027254289E0,2.653315663E-2,-1.946157217E-2,-7.352828979E-3,3.371683980E-2
9.032279758E0,-1.639980078E-2,-9.826302528E-3,2.119922638E-2,2.854674913E-2
9.037307883E0,7.558941841E-3,2.341735363E-2,-2.718925476E-3,2.475686993E-2
9.042333612E0,2.656611800E-2,1.850211620E-2,1.629161835E-2,3.624229240E-2
9.047360852E0,2.636590600E-2,8.882284164E-3,3.039836884E-2,4.120821276E-2
9.052386737E0,-1.181739569E-2,1.358556747E-2,-3.097534180E-3,1.827055561E-2
9.057412622E0,1.679632068E-2,1.339840889E-2,1.680374146E-3,2.155127389E-2
9.062441737E0,-7.113754749E-3,3.767788410E-3,-1.257610321E-2,1.493184878E-2
9.067467831E0,-2.330392599E-3,1.795762777E-2,-2.971649170E-3,1.835041753E-2
9.072493924E0,2.464652061E-3,-1.158356667E-3,-1.719474792E-2,1.740906822E-2
9.077527206E0,-1.652938128E-2,-3.440696001E-2,1.942634583E-3,3.822084734E-2
9.082553768E0,-6.922721863E-3,-1.509559155E-2,1.142215729E-2,2.015605713E-2
9.087580331E0,7.303833961E-3,-5.925297737E-4,6.573677063E-3,9.844303541E-3
9.092606893E0,1.190811396E-2,-5.302548409E-3,1.771926880E-3,1.315522415E-2
9.097659029E0,3.087803721E-2,1.381897926E-2,-7.748603821E-3,3.470530552E-2
9.102686893E0,1.644995809E-2,-4.585981369E-4,-7.692337036E-3,1.816544749E-2
9.107714758E0,1.153871417E-2,2.331668139E-2,6.616592407E-3,2.684378607E-2
9.112742622E0,1.136177778E-2,-1.963424683E-2,-7.678985596E-3,2.394912238E-2
9.117777362E0,-2.200168371E-2,-3.932714462E-4,1.877784729E-3,2.208517204E-2
9.122805539E0,-2.184453607E-2,4.387617111E-3,1.610660553E-2,2.749286601E-2
9.127833716E0,-1.689189672E-2,-1.461124420E-2,-3.024101257E-3,2.253818583E-2
9.132861893E0,1.171010733E-2,4.484474659E-3,6.501197815E-3,1.412454246E-2
9.137830695E0,1.153507829E-2,1.392179728E-2,1.119995117E-2,2.126766035E-2
9.142855747E0,1.966863871E-3,9.034693241E-3,-2.213287354E-2,2.398662807E-2
9.147880799E0,6.772160530E-3,-5.306243896E-3,1.791954041E-3,8.788030599E-3
9.152905852E0,1.148885489E-2,2.320623398E-2,-2.196502686E-2,3.395563998E-2
9.157930904E0,-7.527947426E-3,-1.499539614E-2,6.707191467E-3,1.806981779E-2
9.162955956E0,-2.648648620E-2,-1.019644737E-2,6.656646729E-3,2.915154260E-2
9.167984393E0,-2.553939819E-3,-5.383491516E-3,-7.641792297E-3,9.690282711E-3
9.173009549E0,7.036954165E-3,8.782923222E-3,-2.824783325E-3,1.160335577E-2
9.178003508E0,-2.446621656E-3,-9.618401527E-4,-2.793312073E-3,3.835842325E-3
9.183025591E0,-2.405524254E-3,8.574008942E-3,-1.226997375E-2,1.516088494E-2
9.188047674E0,2.438545227E-3,3.730654716E-3,-1.216983795E-2,1.296029487E-2
9.193145018E0,1.193606853E-2,-5.871117115E-3,6.929397583E-3,1.499854323E-2
9.198171945E0,1.191204786E-2,-2.003955841E-2,2.585983276E-2,3.481683122E-2
9.203198872E0,2.138188481E-2,3.900527954E-3,-7.600784302E-3,2.302544329E-2
9.208234497E0,2.116897702E-2,3.849267960E-3,-2.785682678E-3,2.169567883E-2
9.213261997E0,-2.723187208E-3,-5.654335022E-3,-2.765655518E-3,6.858287217E-3
9.218289497E0,-1.697108150E-2,8.715331554E-3,-2.746582031E-3,1.927481061E-2
9.223316997E0,2.118155360E-2,3.922045231E-3,-1.697158813E-2,2.742399416E-2
9.228334237E0,2.572175860E-2,3.919541836E-3,-2.157878876E-2,3.380260046E-2
9.233361216E0,-1.250931621E-2,3.914654255E-3,-1.665019989E-2,2.119048528E-2
9.238388195E0,1.759916544E-3,-8.386969566E-4,-1.651000977E-2,1.662471477E-2
9.243415174E0,1.606374979E-3,-5.547404289E-3,-2.121925354E-3,6.152780033E-3
9.248395331E0,1.509696245E-3,-1.966542006E-2,-1.160240173E-2,2.288282445E-2
9.253419810E0,-3.283858299E-3,4.219532013E-3,2.742767334E-3,6.009238586E-3
9.258459237E0,1.407504082E-3,1.371175051E-2,1.221847534E-2,1.841967180E-2
9.263485174E0,2.975389361E-2,-1.961416006E-2,-2.111816406E-2,4.142446516E-2
9.268511112E0,5.685508251E-3,-3.796219826E-4,2.179336548E-2,2.252598268E-2
9.273499237E0,1.030912995E-2,3.763669729E-2,-2.128601074E-3,3.908107069E-2
9.278522414E0,-3.951936960E-3,-1.013147831E-2,-6.865501404E-3,1.286078411E-2
9.283554602E0,1.498687267E-2,1.847690344E-2,2.690315247E-3,2.394243324E-2
9.288578664E0,5.317926407E-4,1.360493898E-2,2.166366577E-2,2.558694165E-2
9.293636216E0,-4.205703735E-3,8.724331856E-3,2.489089966E-3,9.999873954E-3
9.298663664E0,-8.952289820E-3,-1.031178236E-2,1.196575165E-2,1.815641928E-2
9.303691112E0,-1.845943928E-2,-1.024699211E-2,-7.122039795E-3,2.228172338E-2
9.308680018E0,1.015585661E-2,-5.436658859E-3,2.437591553E-3,1.177457157E-2
9.313704862E0,4.896521568E-4,4.136085510E-3,-1.657485962E-2,1.709014143E-2
9.318737518E0,-1.368603110E-2,1.357471943E-2,7.304191589E-3,2.061387081E-2
9.323763143E0,6.958246231E-4,-1.500159502E-2,2.491950989E-3,1.522306949E-2
9.328788768E0,-4.039287567E-3,8.844375610E-3,-2.277374268E-3,9.986253429E-3
9.333813872E0,5.410641432E-3,8.849859238E-3,-2.259254456E-3,1.061599171E-2
9.338839445E0,-4.160225391E-3,-5.441963673E-3,2.508163452E-3,7.294746591E-3
9.343865018E0,5.501210690E-3,1.362204552E-2,2.479553223E-3,1.489871227E-2
9.348920331E0,5.478948355E-3,-7.616877556E-4,-7.038116455E-3,8.951766672E-3
9.353947935E0,-1.359191537E-2,-1.497143507E-2,3.100872040E-2,3.701924867E-2
9.358975539E0,-1.356446743E-2,-5.421340466E-3,7.016181946E-3,1.620532376E-2
9.364005331E0,7.150769234E-4,8.844137192E-3,-2.152729034E-2,2.328420768E-2
9.369033091E0,-1.831501722E-2,-5.943179131E-4,-2.610301971E-2,3.189295703E-2
9.374060852E0,-2.293735743E-2,4.133522511E-3,7.356643677E-3,2.444030647E-2
9.379088612E0,-2.277556062E-2,-5.472898483E-3,2.154731750E-2,3.182712162E-2
9.384105643E0,5.927950144E-3,4.097819328E-3,-2.377510071E-3,7.588495918E-3
9.389132831E0,-1.788920164E-2,-1.965332031E-2,1.188755035E-2,2.911340564E-2
9.394160018E0,-8.316397667E-3,4.327356815E-3,1.178741455E-2,1.506093055E-2
9.399183977E0,5.970805883E-3,-3.780722618E-4,-2.155399323E-2,2.236890890E-2
9.404210956E0,4.398187995E-2,-3.450512886E-4,-2.612876892E-2,5.115894242E-2
9.409237935E0,-1.338687539E-2,-2.411431074E-2,-2.165794373E-3,2.766584682E-2
9.414231997E0,9.472370148E-4,-1.466870308E-4,7.349014282E-3,7.411260754E-3
9.419256789E0,9.650588036E-4,-2.866142988E-2,-1.170635223E-2,3.097495091E-2
9.424280539E0,1.507690549E-2,-4.759550095E-3,-2.109432220E-2,2.636165445E-2
9.429305227E0,-4.064619541E-3,1.904624701E-2,7.572174072E-3,2.089541761E-2
9.434329914E0,1.018676162E-2,-4.826486111E-3,-2.098178864E-2,2.381807160E-2
9.439354602E0,-3.260731697E-2,2.367883921E-2,-2.080726624E-2,4.535269424E-2
9.444419862E0,1.518389583E-2,4.351973534E-3,1.736068726E-2,2.347091451E-2
9.449446581E0,-1.345723867E-2,-5.624890327E-4,-1.126575470E-2,1.755935351E-2
9.454476685E0,1.997137070E-2,-3.862148523E-2,3.074645996E-3,4.358816602E-2
9.459503716E0,-3.808587790E-3,4.360973835E-3,3.046989441E-3,6.542750063E-3
9.464530747E0,-3.750920296E-3,1.384896040E-2,-1.122665405E-2,1.821814668E-2
9.469557779E0,-8.386999369E-3,9.009838104E-3,1.735210419E-2,2.127473762E-2
9.474572466E0,-8.338928223E-3,-2.428013086E-2,-3.502655029E-2,4.342720005E-2
9.479598872E0,-2.248477936E-2,-9.911119938E-3,-6.239891052E-3,2.535215655E-2
9.484625279E0,6.224006414E-3,1.873856783E-2,3.302574158E-3,2.001946993E-2
9.489651685E0,6.096214056E-3,-5.081534386E-3,3.651332855E-2,3.736587988E-2
9.494645018E0,-8.220702410E-3,-9.763479233E-3,2.968788147E-3,1.310416643E-2
9.499669810E0,-1.771807671E-2,-9.660303593E-3,-1.129913330E-2,2.312838345E-2
9.504694602E0,-1.764231920E-2,-5.859136581E-5,7.790565491E-3,1.928594749E-2
9.509719393E0,1.585274935E-3,-8.809566498E-5,1.722049713E-2,1.729353576E-2
9.514818977E0,6.408631802E-3,4.735529423E-3,2.822875977E-3,8.453663659E-3
9.519847570E0,-7.803261280E-3,-1.422452927E-2,-6.706237793E-3,1.755567557E-2
9.524860643E0,1.603639126E-2,1.910597086E-2,-1.901626587E-3,2.501639764E-2
9.529887779E0,-1.260432601E-2,2.361351252E-2,2.868652344E-3,2.692018153E-2
9.534914914E0,-1.246678829E-2,4.498600960E-3,-6.658554077E-3,1.483221370E-2
9.539902987E0,-2.734154463E-3,-1.925486326E-2,-2.085685730E-2,2.851725541E-2
9.544927362E0,-2.166947722E-2,-1.907271147E-2,1.255321503E-2,3.147884644E-2
9.549951737E0,-1.665601134E-2,-1.894128323E-2,1.244640350E-2,2.812664012E-2
9.554976112E0,-2.232462168E-3,1.912033558E-2,7.597923279E-3,2.069539944E-2
9.560008560E0,1.676118374E-2,-1.435768604E-2,-1.145362854E-2,2.486495597E-2
9.565033352E0,-7.091522217E-3,-1.746416092E-5,-1.135826111E-2,1.339029827E-2
9.570058143E0,2.448856831E-3,4.701316357E-3,-1.126098633E-2,1.244624796E-2
9.575057049E0,2.620333433E-2,1.418340206E-2,-1.591873169E-2,3.378149853E-2
9.580080018E0,1.646554470E-2,-1.445049047E-2,-1.103496552E-2,2.452960051E-2
9.585115852E0,6.811946630E-3,4.636645317E-3,-3.468227386E-2,3.564773790E-2
9.590140122E0,-1.690351963E-2,-1.260042191E-4,3.588676453E-3,1.728072486E-2
9.595166685E0,7.015138865E-3,-1.909691095E-2,8.304595947E-3,2.197431444E-2
9.600191164E0,-2.560108900E-3,-1.891326904E-2,-6.011009216E-3,2.000995091E-2
9.605215643E0,1.168996096E-2,9.809076786E-3,-1.071357727E-2,1.864547968E-2
9.610248508E0,6.781846285E-3,-2.339148521E-2,-1.537704468E-2,2.880292559E-2
9.615273560E0,6.704926491E-3,-2.781707048E-2,-1.525592804E-2,3.242666788E-2
9.620298612E0,1.132205129E-2,5.733013153E-3,1.810932159E-2,2.211343062E-2
9.625321268E0,2.080714703E-2,-8.484005928E-3,1.320171356E-2,2.606148432E-2
9.630346112E0,3.011292219E-2,-3.694415092E-3,3.208827972E-2,4.415987411E-2
9.635370956E0,1.085326076E-2,1.001060009E-3,-2.515506744E-2,2.741482826E-2
9.640395799E0,-3.189182281E-2,5.713939667E-3,-2.969551086E-2,4.394952599E-2
9.645479393E0,1.119953394E-2,1.987910271E-2,-1.045608521E-2,2.509856575E-2
9.650507206E0,1.694083214E-3,-4.058837891E-3,2.761745453E-2,2.796547653E-2
9.655534289E0,1.590642333E-2,-1.360362768E-2,-2.009201050E-2,2.901313280E-2
9.660562049E0,-3.142535686E-3,-1.836717129E-2,-1.517105103E-2,2.402892634E-2
9.665589810E0,1.657813787E-3,5.451619625E-3,-1.978969574E-2,2.059370196E-2
9.670617570E0,-1.262134314E-2,-8.869469166E-3,-5.376815796E-3,1.633633784E-2
9.675640852E0,-2.208489180E-2,6.196498871E-4,-1.007175446E-2,2.428099358E-2
9.680668352E0,2.081850171E-2,3.387290239E-2,-4.911422729E-4,3.976210194E-2
9.685687466E0,-3.118067980E-3,-2.806675434E-2,-5.239486694E-3,2.872137302E-2
9.690714081E0,-1.725840569E-2,-3.260910511E-2,-9.945869446E-3,3.821160324E-2
9.695740695E0,-1.708406210E-2,5.723714828E-3,-9.868621826E-3,2.054302281E-2
9.700767310E0,-3.591188788E-2,-3.794610500E-3,4.456520081E-3,3.638575726E-2
9.705742518E0,2.134147286E-2,-1.793116331E-2,4.415512085E-3,2.822200965E-2
9.710766581E0,1.628670096E-2,2.023011446E-2,-1.935863495E-2,3.239245138E-2
9.715790643E0,-1.241379976E-2,-3.659605980E-3,-4.949569702E-3,1.385616761E-2
9.720865591E0,-7.633328438E-3,1.548820734E-2,1.882934570E-2,2.554792612E-2
9.725893039E0,6.601542234E-3,-1.295548677E-2,-1.932334900E-2,2.418298604E-2
9.730939654E0,6.523728371E-3,-2.227133512E-2,-9.669303894E-3,2.514093948E-2
9.735968977E0,-1.259928942E-2,1.597505808E-2,-9.589195251E-3,2.249215952E-2
9.740998299E0,-1.246893406E-2,1.619994640E-3,1.423072815E-2,1.898979523E-2
9.746027622E0,1.134774089E-2,-7.864534855E-3,2.835750580E-2,3.153997887E-2
9.751004654E0,-1.726093888E-2,-3.081083298E-3,1.862716675E-2,2.558132965E-2
9.756031320E0,2.084106207E-2,-7.881402969E-3,-1.950931549E-2,2.961553261E-2
9.761051320E0,1.646637917E-3,1.652777195E-3,4.398345947E-3,4.978808688E-3
9.766077310E0,6.361007690E-3,6.302177906E-3,1.386547089E-2,1.650548842E-2
9.771103299E0,-3.170368075E-2,2.051556110E-2,9.001731873E-3,3.882064911E-2
9.776124393E0,-1.242083311E-2,-3.426671028E-3,1.842498779E-2,2.248331258E-2
9.781150070E0,2.099528909E-2,-8.173108101E-3,4.201221466E-2,4.767208870E-2
9.786189029E0,-3.144022822E-2,1.091170311E-2,-1.057147980E-2,3.491861109E-2
9.791216060E0,-2.662539482E-3,1.294553280E-3,1.800823212E-2,1.824997010E-2
9.796243091E0,-7.409334183E-3,1.079821587E-2,-1.135826111E-3,1.314495340E-2
9.801269549E0,-2.625972033E-3,-1.311534643E-2,-1.119613647E-3,1.342242809E-2
9.806296529E0,3.540870547E-2,-1.313900948E-2,-1.102447510E-3,3.778393023E-2
9.811323508E0,6.547510624E-3,5.932271481E-3,-5.836486816E-3,1.058897156E-2
9.816345174E0,-1.717290282E-2,-2.258628607E-2,3.704071045E-3,2.861414077E-2
9.821371789E0,-2.759099007E-3,-3.485798836E-3,-1.071929932E-3,4.573013736E-3
9.826394966E0,-2.759218216E-3,-2.253502607E-2,1.318931580E-2,2.625640372E-2
9.831421216E0,2.031207085E-3,-1.287555695E-2,-1.165390015E-3,1.308678352E-2
9.836447466E0,1.634028554E-2,2.048993111E-2,-5.908966064E-3,2.686555580E-2
9.841473716E0,6.736129522E-3,6.144046783E-3,-1.061344147E-2,1.399177943E-2
9.846501320E0,-2.791076899E-3,1.075899601E-2,1.322078705E-2,1.727238593E-2
9.851527622E0,1.955062151E-3,-1.310384274E-2,1.311302185E-2,1.864093089E-2
9.856553924E0,2.096220851E-2,1.546311378E-2,1.300430298E-2,2.911415411E-2
9.861576216E0,1.137822866E-2,5.902290344E-3,8.138656616E-3,1.518350587E-2
9.866602258E0,6.512969732E-3,1.056832075E-2,3.325462341E-3,1.285172666E-2
9.871622935E0,3.967306018E-2,9.525418282E-4,-2.519035339E-2,4.700439282E-2
9.876648404E0,1.082974672E-2,5.711555481E-3,1.775646210E-2,2.156843124E-2
9.881673872E0,-8.221268654E-3,1.517689228E-2,-2.513122559E-2,3.048779784E-2
9.886677987E0,-1.292920113E-2,-1.816558838E-2,-1.179695129E-3,2.232811061E-2
9.891702049E0,6.144553423E-3,1.524895430E-2,1.307582855E-2,2.100627135E-2
9.896726112E0,6.120264530E-3,1.498818398E-2,1.772308350E-2,2.400439513E-2
9.901750174E0,-1.769468188E-2,-1.366037130E-2,3.333091736E-3,2.260126128E-2
9.906813091E0,1.092222333E-2,6.140470505E-4,-3.467559814E-2,3.636026847E-2
9.911839133E0,1.090991497E-2,2.907001972E-2,-5.897521973E-3,3.160495304E-2
9.916866841E0,-1.294490695E-2,-4.392266273E-3,1.314544678E-2,1.896484616E-2
9.921893039E0,-8.213281631E-3,2.410328388E-2,8.296012878E-3,2.678152570E-2
9.926919237E0,1.227438450E-3,-9.317159653E-3,2.247714996E-2,2.436264230E-2
9.931945435E0,-1.784661412E-2,-4.473388195E-3,-1.094818115E-2,2.140970593E-2
9.936971424E0,-2.247101068E-2,-2.815574408E-2,8.136749268E-3,3.693100235E-2
9.941997622E0,1.482576132E-3,-4.204690456E-3,-1.092433929E-2,1.179909500E-2
9.947021060E0,6.242513657E-3,6.046891212E-4,1.765441895E-2,1.873534451E-2
9.952046945E0,-1.757338643E-2,1.006603241E-2,1.751041412E-2,2.677243960E-2
9.957070956E0,-1.260295510E-2,4.081130028E-4,-1.112556458E-2,1.681604058E-2
9.962096633E0,-1.722258329E-2,-4.420578480E-3,-1.532554626E-3,1.784678159E-2
9.967122310E0,1.945316792E-3,2.412903309E-2,-2.051639557E-2,3.173195522E-2
9.972141320E0,-1.698291302E-2,-9.289443493E-3,-1.560306549E-2,2.486299957E-2
9.977166581E0,-2.620369196E-3,9.755134583E-3,2.251815796E-2,2.467987892E-2
9.982191841E0,-1.687180996E-2,4.901230335E-3,-6.157875061E-3,1.861718172E-2
9.987228768E0,6.986796856E-3,9.686052799E-3,-1.361846924E-3,1.202038170E-2
9.992254810E0,6.959080696E-3,4.879951477E-3,-2.034759521E-2,2.205147074E-2
9.997282206E0,-7.265418768E-3,4.968523979E-3,8.300781250E-3,1.209857470E-2
1.000230835E1,-1.672619581E-2,3.080368042E-4,1.297378540E-2,2.117025320E-2
1.000733502E1,-2.313911915E-3,-9.216964245E-3,1.761436462E-2,2.001430637E-2
1.001236122E1,-1.181262732E-2,-1.391631365E-2,-6.272315979E-3,1.930139625E-2
1.001738559E1,-6.993114948E-3,1.471984386E-2,1.752185822E-2,2.392891505E-2
1.002241158E1,-6.910532713E-3,3.810524940E-4,7.876396179E-3,1.048514569E-2
1.002743622E1,2.623230219E-3,-9.094536304E-3,1.730728149E-2,1.972647764E-2
1.003246210E1,1.218089461E-2,-9.045660496E-3,1.716136932E-2,2.290656597E-2
1.003749044E1,1.680386066E-2,-4.297792912E-3,-3.046131134E-2,3.505327725E-2
1.004251653E1,3.084012866E-2,5.090236664E-4,-6.463050842E-3,3.151418200E-2
1.004754262E1,1.631700993E-2,1.482713223E-2,3.084182739E-3,2.226209438E-2
1.005254710E1,6.711721420E-3,4.342794418E-4,2.205276489E-2,2.305559026E-2
1.005757174E1,-1.710727811E-2,-4.240810871E-3,-6.626129150E-3,1.882947234E-2
1.006259731E1,2.012014389E-3,-1.832467318E-2,-1.607513428E-2,2.445918623E-2
1.006762205E1,-1.232245564E-2,-3.746032715E-3,-1.119995117E-2,1.706794014E-2
1.007264679E1,-2.746522427E-3,-1.788061857E-2,-1.585865021E-2,2.405736254E-2
1.007766533E1,-7.550716400E-3,1.558995247E-2,1.751232147E-2,2.463212008E-2
1.008268965E1,-7.511496544E-3,1.242518425E-3,-4.436492920E-2,4.501347993E-2
1.008771398E1,1.972764730E-3,6.008565426E-3,3.198242188E-2,3.260168658E-2
1.009273830E1,3.512042761E-2,-3.562390804E-3,-1.101589203E-2,3.697952056E-2
1.009777252E1,2.050685883E-2,1.295268536E-3,-1.427650452E-3,2.059726111E-2
1.010279731E1,2.036726475E-2,-3.439009190E-3,-1.566410065E-2,2.592327731E-2
1.010782210E1,6.035089493E-3,1.555681229E-2,-1.078701019E-2,1.986948169E-2
1.011284575E1,-3.477483988E-3,-2.259039879E-2,-2.969074249E-2,3.746944358E-2
1.011787049E1,1.558026671E-2,1.545262337E-2,-1.993942261E-2,2.964976988E-2
1.012290080E1,1.233339310E-3,-8.495450020E-3,3.246402740E-2,3.357985813E-2
1.012792606E1,-3.496974707E-3,5.743801594E-3,2.270030975E-2,2.367539127E-2
1.013295132E1,2.019336820E-2,8.234977722E-4,8.276939392E-3,2.183936797E-2
1.013797658E1,-8.492141962E-3,-2.300089598E-2,-6.031990051E-3,2.524960584E-2
1.014300184E1,1.056015491E-3,2.929216623E-2,-2.496623993E-2,3.850271818E-2
1.014802710E1,9.760558605E-4,-1.846587658E-2,-1.525592804E-2,2.397258065E-2
1.015305236E1,-2.749404311E-2,-2.303546667E-2,-2.937698364E-2,4.636337239E-2
1.015807762E1,-1.774200797E-2,1.042318344E-2,4.104614258E-3,2.098259894E-2
1.016314346E1,2.037131786E-2,-1.812988520E-2,1.356697083E-2,3.045892359E-2
1.016817033E1,1.068237424E-2,-1.800608635E-2,1.820564270E-2,2.774486783E-2
1.017319356E1,-1.311951876E-2,1.162052155E-3,-2.468490601E-2,2.797886206E-2
1.017822007E1,-3.667441010E-2,-3.569722176E-3,-1.023960114E-2,3.824401527E-2
1.018324658E1,3.963714838E-2,1.552945375E-2,3.257560730E-2,5.360445557E-2
1.018827335E1,-3.451079130E-3,1.552695036E-2,1.805210114E-2,2.405981068E-2
1.019329986E1,-4.623177648E-2,-8.218169212E-3,-5.845069885E-3,4.731892120E-2
1.019832637E1,-1.753497124E-2,-1.271736622E-2,8.446693420E-3,2.324980107E-2
1.020335288E1,1.108121872E-2,1.120585203E-2,-5.872726440E-3,1.681824735E-2
1.020834002E1,2.051976323E-2,-1.266103983E-2,8.421897888E-3,2.553998780E-2
1.021336455E1,1.557970047E-2,-2.984106541E-3,3.599166870E-3,1.626609851E-2
1.021839361E1,-3.509521484E-3,2.075171471E-2,-5.928039551E-3,2.186531631E-2
1.022341861E1,1.554521918E-2,2.044630051E-2,3.624916077E-3,2.593925713E-2
1.022844866E1,1.253604889E-3,2.019488811E-2,1.309299469E-2,2.410044691E-2
1.023347418E1,1.326650381E-3,-3.693580627E-3,-1.551246643E-2,1.600122351E-2
1.023850205E1,-1.289466023E-2,1.529914141E-2,-5.886077881E-3,2.085621977E-2
1.024352778E1,1.542121172E-3,8.965730667E-4,3.658294678E-3,4.070024683E-3
1.024855575E1,-7.835328579E-3,5.558729172E-3,-1.061916351E-2,1.431986305E-2
1.025358168E1,6.514370441E-3,-8.767843246E-3,3.714561462E-3,1.153733350E-2
1.025860762E1,6.495803595E-3,-1.817232370E-2,8.429527283E-3,2.105910120E-2
1.026363356E1,-2.971023321E-3,5.795121193E-3,-5.894660950E-3,8.783930608E-3
1.026867913E1,-2.185234427E-2,1.046276093E-2,-2.009296417E-2,3.147572915E-2
1.027370606E1,-1.208236814E-2,1.519244909E-2,3.808021545E-3,1.978118190E-2
1.027873736E1,-2.139419317E-2,5.590498447E-3,3.770828247E-3,2.243177033E-2
1.028376476E1,-1.648315787E-2,-1.337939501E-2,-5.761146545E-3,2.199757973E-2
1.028878918E1,-2.591347694E-2,5.747497082E-3,-5.711555481E-3,2.715076198E-2
1.029381627E1,-3.051033616E-2,-1.792323589E-2,-9.202957153E-4,3.539731546E-2
1.029884335E1,-1.835972071E-3,-3.455579281E-3,3.232574463E-2,3.256171966E-2
1.030386991E1,2.905279398E-3,1.079046726E-2,-1.542568207E-2,1.904800513E-2
1.030889694E1,-1.618409157E-2,1.072126627E-2,8.447647095E-3,2.117151652E-2
1.031392403E1,-1.136872172E-2,-3.647208214E-3,-2.485656738E-2,2.757533143E-2
1.031895106E1,-1.123550534E-2,-3.704845905E-3,-9.031295776E-4,1.186499501E-2
1.032397809E1,3.162315488E-2,-3.702998161E-3,-1.988983154E-2,3.754119762E-2
1.032900007E1,-6.651550531E-3,-3.649652004E-3,-5.478858948E-3,9.358471007E-3
1.033402679E1,1.232275367E-2,-1.779079437E-2,-5.434036255E-3,2.231347961E-2
1.033905351E1,1.705479622E-2,2.521443367E-2,-1.489734650E-2,3.389048055E-2
1.034407835E1,-2.046972513E-3,1.067245007E-2,4.224777222E-3,1.165933229E-2
1.034910491E1,3.583714366E-2,-1.324558258E-2,-1.004409790E-2,3.950481270E-2
1.035412950E1,1.162338257E-2,1.067554951E-2,2.803134918E-2,3.216872575E-2
1.035915585E1,1.953423023E-3,1.530492306E-2,-1.018428802E-2,1.848719162E-2
1.036418221E1,3.035503626E-2,-2.764356136E-2,4.154205322E-3,4.126562895E-2
1.036921002E1,6.289631128E-3,-8.506417274E-3,-5.369186401E-3,1.186367385E-2
1.037423648E1,-7.929921150E-3,-1.321464777E-2,2.316474915E-2,2.782294320E-2
1.037926294E1,-2.985417843E-3,-1.788377762E-2,-5.523681641E-3,1.895397796E-2
1.038428726E1,-7.679432631E-3,-1.776808500E-2,-5.476951599E-3,2.011654864E-2
1.038931356E1,1.135644317E-2,1.083743572E-2,-1.017665863E-2,1.870783780E-2
1.039433601E1,-1.709648967E-2,5.913376808E-3,-2.908706665E-2,3.425369222E-2
1.039936189E1,-1.692464948E-2,2.477264404E-2,1.864433289E-2,3.532334641E-2
1.040438778E1,-2.624803782E-2,-1.815491915E-2,1.848602295E-2,3.688215860E-2
1.040941366E1,7.239490747E-3,1.045334339E-2,8.835792542E-3,1.548398670E-2
1.041444387E1,2.511680126E-3,1.977747679E-2,-2.447509766E-2,3.156719073E-2
1.041946997E1,-2.597099543E-2,2.443045378E-2,-5.340576172E-4,3.565984987E-2
1.042449606E1,2.640807629E-2,-4.197299480E-3,4.218101501E-3,2.707020865E-2
1.042948580E1,7.072359324E-3,1.020079851E-2,-5.315780640E-3,1.350303968E-2
1.043450944E1,-1.200300455E-2,-8.808910847E-3,4.222869873E-3,1.547584112E-2
1.043953309E1,1.656562090E-2,8.307695389E-4,4.184722900E-3,1.710619419E-2
1.044456497E1,-2.640545368E-3,-3.803491592E-3,4.145622253E-3,6.214918503E-3
1.044958918E1,-2.692580223E-3,-3.650724888E-3,-4.337787628E-2,4.361442343E-2
1.045461340E1,-1.699286699E-2,1.200139523E-3,9.216308594E-3,1.936848491E-2
1.045964794E1,-7.324814796E-3,-1.303750277E-2,4.387855530E-3,1.558469333E-2
1.046467283E1,7.066130638E-3,1.552581787E-2,-3.986358643E-4,1.706282900E-2
1.046969471E1,-2.149936557E-2,1.071238518E-2,3.284168243E-2,4.068849986E-2
1.047471929E1,7.206916809E-3,1.063591242E-2,3.256511688E-2,3.500784370E-2
1.047974387E1,2.373158932E-3,-2.742034197E-2,-2.468776703E-2,3.697286678E-2
1.048476846E1,1.668033004E-2,-1.298016310E-2,4.007339478E-3,2.151224800E-2
1.048979960E1,2.147489786E-2,-3.408789635E-3,-7.810592651E-4,2.175778340E-2
1.049482450E1,7.083624601E-3,-2.235907316E-2,1.346778870E-2,2.704602046E-2
1.049985241E1,2.202659845E-3,-3.212690353E-3,8.612632751E-3,9.452541066E-3
1.050487762E1,2.595672011E-2,-1.746535301E-2,1.803874969E-2,3.611352054E-2
1.050990340E1,1.979470253E-3,1.689374447E-3,-1.105308533E-3,2.827365462E-3
1.051492866E1,-2.648949623E-3,1.535475254E-3,-1.533985138E-2,1.564243136E-2
1.051995392E1,2.154797316E-3,6.182909012E-3,-9.632110596E-4,6.618103268E-3
1.052497919E1,1.636058092E-2,-3.399789333E-3,2.278995514E-2,2.825967500E-2
1.053000840E1,6.757169962E-3,1.083976030E-2,-5.889892578E-3,1.406593701E-2
1.053503387E1,-2.759784460E-3,5.858182907E-3,3.664016724E-3,7.440412340E-3
1.054006023E1,6.793260574E-3,-3.776252270E-3,-5.859375000E-3,9.733485800E-3
1.054508575E1,2.106681466E-2,2.006399632E-2,-1.070976257E-3,2.911222455E-2
1.055011127E1,-1.231527328E-2,-3.779470921E-3,-4.855251312E-2,5.023242864E-2
1.055513679E1,1.151430607E-2,-3.222703934E-2,-1.490879059E-2,3.732872012E-2
1.056016622E1,-7.591277361E-3,1.553827524E-2,-1.003646851E-2,1.999490409E-2
1.056519194E1,1.614385843E-2,-3.570973873E-3,-5.201339722E-3,1.733291535E-2
1.057021767E1,-2.680116892E-2,-2.257019281E-2,4.344940186E-3,3.530714891E-2
1.057524814E1,2.093970776E-2,1.556825638E-2,-2.892971039E-2,3.895856916E-2
1.058027418E1,-2.948164940E-3,6.009757519E-3,-2.031326294E-4,6.697023579E-3
1.058530023E1,-2.946317196E-3,6.027817726E-3,4.253196716E-2,4.305790987E-2
1.059035549E1,1.748472452E-3,-8.300781250E-3,2.793788910E-2,2.919735900E-2
1.059538346E1,1.595637202E-2,-3.570020199E-3,-5.527496338E-3,1.725989769E-2
1.060041142E1,-2.213931084E-2,1.547276974E-2,-1.972961426E-2,3.344866763E-2
1.060543054E1,6.667643785E-3,-8.433699608E-3,-1.482009888E-2,1.830901673E-2
1.061045794E1,2.094063163E-2,-1.314949989E-2,1.854133606E-2,3.090631882E-2
1.061548533E1,1.118722558E-2,-2.731543779E-2,-2.434349060E-2,3.826085065E-2
1.062051273E1,-1.272740960E-2,1.556456089E-2,-1.938247681E-2,2.792710006E-2
1.062554012E1,-1.258733869E-2,-3.598928452E-3,-4.974365234E-3,1.400491666E-2
1.063054106E1,1.609042287E-2,2.013653517E-2,2.355575562E-2,3.491783755E-2
1.063556736E1,-1.255920529E-2,-1.335692406E-2,-1.937007904E-2,2.667097711E-2
1.064058075E1,-1.722767949E-2,-8.531391621E-3,-1.920509338E-2,2.717375932E-2
1.064560575E1,2.087897062E-2,-8.494436741E-3,-4.796028137E-3,2.304536300E-2
1.065063075E1,2.078321576E-2,2.462685108E-2,4.749298096E-3,3.257268309E-2
1.065565575E1,1.109099388E-2,-4.053890705E-3,-1.428413391E-2,1.853323115E-2
1.066068101E1,-1.756629348E-2,7.440447807E-4,-2.840805054E-2,3.340876538E-2
1.066570601E1,1.600146294E-3,7.046461105E-4,-2.342224121E-2,2.348740892E-2
1.067073710E1,1.105797291E-2,7.175207138E-4,-4.233360291E-3,1.186233283E-2
1.067576273E1,-7.950782776E-3,1.022744179E-2,-8.951187134E-3,1.574608724E-2
1.068078679E1,-3.110408783E-3,1.016139984E-2,-4.131317139E-3,1.140159949E-2
1.068581226E1,-3.058999777E-3,5.992054939E-4,-1.359653473E-2,1.394927538E-2
1.069083773E1,-2.953231335E-3,-8.885502815E-3,7.572174072E-4,9.393993496E-3
1.069586320E1,-2.189415693E-2,-4.045426846E-3,1.024532318E-2,2.450890110E-2
1.070092726E1,-2.648696303E-2,7.572770119E-4,-3.257656097E-2,4.199243984E-2
1.070595465E1,-7.240772247E-3,-3.930211067E-3,1.042556763E-2,1.328788178E-2
1.071098205E1,-1.664930582E-2,1.511496305E-2,3.407859802E-2,4.082906239E-2
1.071601794E1,-1.648905873E-2,-3.981173038E-3,-4.196166992E-3,1.747416991E-2
1.072104590E1,2.566844225E-3,1.506501436E-2,-1.840400696E-2,2.392176455E-2
1.072606971E1,7.273256779E-3,3.869879246E-2,-4.005432129E-3,3.957954381E-2
1.073109726E1,2.433538437E-3,-1.393580437E-2,5.531311035E-3,1.518960679E-2
1.073612481E1,2.489119768E-3,-2.814608812E-2,-4.011154175E-3,2.853922479E-2
1.074113372E1,1.209551096E-2,-8.897423744E-3,-8.733749390E-3,1.737077756E-2
1.074616002E1,1.212197542E-2,5.341947079E-3,5.583763123E-3,1.437557294E-2
1.075118632E1,-2.303957939E-3,5.268812180E-3,-8.702278137E-3,1.043063990E-2
1.075621262E1,-2.364516258E-3,-1.384884119E-2,8.754730225E-4,1.407649788E-2
1.076124106E1,-2.266436815E-3,-1.371198893E-2,1.510906219E-2,2.052898284E-2
1.076626747E1,1.207286119E-2,-2.312219143E-2,7.362365723E-4,2.609466915E-2
1.077127976E1,1.198881865E-2,-3.906130791E-3,7.276535034E-4,1.263008749E-2
1.077630476E1,7.059991360E-3,5.699753761E-3,-8.776664734E-3,1.262380746E-2
1.078132976E1,1.156899333E-2,5.623102188E-3,8.039474487E-4,1.288825886E-2
1.078635476E1,1.894801855E-3,8.530020714E-4,-8.697509766E-3,8.942290687E-3
1.079142090E1,1.619911194E-2,1.042062044E-2,8.630752563E-4,1.928070167E-2
1.079644799E1,1.138621569E-2,-1.812905073E-2,5.599975586E-3,2.212844583E-2
1.080147481E1,1.600691676E-2,-3.704130650E-3,-1.344108582E-2,2.122745288E-2
1.080650189E1,-3.150314093E-3,5.798101425E-3,1.516437531E-2,1.653785770E-2
1.081152898E1,2.053669095E-2,1.027464867E-3,-3.953933716E-3,2.093907713E-2
1.081655606E1,-1.765263081E-2,-8.451700211E-3,1.982116699E-2,2.785543523E-2
1.082151919E1,1.105752587E-2,1.063883305E-2,6.570816040E-4,1.535856124E-2
1.082654304E1,2.058357000E-2,-3.690570593E-2,5.392074585E-3,4.260033982E-2
1.083156689E1,2.512991428E-2,3.470760584E-2,5.343437195E-3,4.318197328E-2
1.083659075E1,5.847334862E-3,-1.304227114E-2,-4.196166992E-3,1.489630756E-2
1.084165590E1,-1.792296767E-2,-3.461599350E-3,1.008510590E-2,2.085485078E-2
1.084668184E1,1.292705536E-3,2.028501034E-2,1.949596405E-2,2.816461159E-2
1.085170778E1,1.549956203E-2,1.059180498E-2,-4.405975342E-3,1.928303333E-2
1.085672241E1,-1.320657134E-2,-2.755802870E-2,3.881454468E-4,3.056156294E-2
1.086174757E1,1.061138511E-2,-3.556251526E-3,1.937866211E-2,2.237813585E-2
1.086677273E1,-8.450835943E-3,1.549452543E-2,2.396297455E-2,2.976106678E-2
1.087184413E1,-8.412241936E-3,-2.264726162E-2,1.426887512E-2,2.805824425E-2
1.087687236E1,-8.370518684E-3,-1.304018497E-2,2.840232849E-2,3.235435474E-2
1.088191028E1,1.071658731E-2,6.087303162E-3,9.168624878E-3,1.536112579E-2
1.088693945E1,-1.314693689E-2,-8.129894733E-3,-5.157470703E-3,1.629529509E-2
1.089196861E1,-3.568857908E-3,1.511335373E-3,-3.700256348E-4,3.893301985E-3
1.089698450E1,-3.515958786E-3,-7.973551750E-3,-3.700256348E-4,8.722179353E-3
1.090201278E1,1.281827688E-3,1.617074013E-3,-1.461505890E-2,1.476001210E-2
1.090704106E1,1.068472862E-2,1.682460308E-3,1.874542236E-2,2.164220317E-2
1.091206934E1,-3.636270761E-3,-4.093247652E-2,-1.940822601E-2,4.544633468E-2
1.091707038E1,-2.733173966E-2,1.162004471E-2,9.245872498E-3,3.110523413E-2
1.092209731E1,-2.233538032E-2,2.001523972E-3,-5.075454712E-3,2.299207587E-2
1.092712424E1,1.591056585E-2,1.630884409E-2,2.344894409E-2,3.269522106E-2
1.093215116E1,6.297945976E-3,6.756842136E-3,1.375102997E-2,1.656532114E-2
1.093714106E1,6.265550852E-3,-2.176409960E-2,1.363372803E-2,2.643504679E-2
1.094216601E1,-3.260135651E-3,-2.564847469E-3,4.020690918E-3,5.776926731E-3
1.094721642E1,3.007882833E-2,-1.671063900E-2,3.978729248E-3,3.463829754E-2
1.095224387E1,1.357585192E-3,2.613943815E-2,-8.020401001E-4,2.618695348E-2
1.095728111E1,-2.237257361E-2,-2.597749233E-3,1.345062256E-2,2.623355863E-2
1.096230950E1,1.102209091E-2,2.198040485E-3,-9.069442749E-4,1.127565599E-2
1.096733788E1,2.044767141E-2,2.153456211E-3,3.849983215E-3,2.091810246E-2
1.097236627E1,-8.248180151E-3,2.120894194E-2,-1.043128967E-2,2.503324785E-2
1.097738351E1,-3.513604403E-3,-2.685368061E-3,-1.983833313E-2,2.032525717E-2
1.098241132E1,-2.715462446E-2,-1.688379049E-2,4.064559937E-3,3.223285061E-2
1.098743913E1,1.579970121E-3,1.177483797E-2,-1.496601105E-2,1.910823387E-2
1.099246491E1,3.482356668E-2,1.634854078E-2,-1.958560944E-2,4.316887396E-2
1.099749257E1,6.011277437E-3,-1.225477457E-2,-4.281997681E-4,1.365643845E-2
1.100251450E1,5.930066109E-3,-2.637457848E-2,-4.243850708E-4,2.703634917E-2
1.100754158E1,-2.264150977E-2,-7.137537003E-3,-4.205703735E-4,2.374361553E-2
1.101256866E1,1.550722122E-2,2.618187666E-2,-2.415943146E-2,3.885412081E-2
1.101759575E1,-1.778605580E-2,-7.307350636E-3,4.251861572E-2,4.666448154E-2
1.102259309E1,1.086708903E-2,2.122032642E-2,1.842308044E-2,3.012981531E-2
1.102761866E1,-2.254587412E-2,2.123177052E-3,-5.474090576E-3,2.329785373E-2
1.103264424E1,-8.195400238E-3,-1.211833954E-2,-5.425453186E-3,1.560302152E-2
1.103767851E1,-1.280018687E-2,-2.553343773E-3,-6.332397461E-4,1.306772134E-2
1.104270465E1,3.011822701E-2,1.168012619E-2,-2.912044525E-2,4.349176103E-2
1.104771908E1,2.028745413E-2,-2.648776770E-2,4.370689392E-3,3.364945108E-2
1.105274403E1,-2.264946699E-2,7.044374943E-3,-4.167556763E-4,2.372330623E-2
1.105776898E1,5.998849869E-3,2.119940519E-2,1.383590698E-2,2.601602011E-2
1.106279392E1,1.546281576E-2,6.747722626E-3,-5.235671997E-4,1.687911593E-2
1.106779169E1,-3.537207842E-3,-1.698040962E-2,1.371574402E-2,2.211261595E-2
1.107281528E1,-1.293295622E-2,1.641958952E-2,4.099845886E-3,2.129960124E-2
1.107783887E1,6.140530109E-3,-2.746701241E-3,3.730869293E-2,3.791027626E-2
1.108286247E1,1.075464487E-2,2.043128014E-3,-1.998138428E-2,2.278360103E-2
1.108791903E1,-1.780578494E-2,-2.634257078E-2,2.291297913E-2,3.919160146E-2
1.109294429E1,6.053447723E-3,1.193451881E-2,3.725051880E-3,1.389075161E-2
1.109798023E1,1.226037741E-3,2.145081758E-2,-1.055717468E-2,2.393939600E-2
1.110300653E1,5.932629108E-3,1.654106379E-2,-1.521778107E-2,2.324615538E-2
1.110803283E1,-3.693908453E-3,1.166945696E-2,-1.033973694E-2,1.602283824E-2
1.111308642E1,1.524704695E-2,1.633775234E-2,8.743286133E-3,2.399665903E-2
1.111811455E1,-8.650958538E-3,1.626753807E-2,-5.578041077E-3,1.925062131E-2
1.112315398E1,8.864402771E-4,1.145178080E-2,3.962516785E-3,1.215033329E-2
1.112818325E1,9.540915489E-4,1.606678963E-2,1.342582703E-2,2.095960045E-2
1.113321252E1,1.990854740E-2,6.451845169E-3,-9.307861328E-4,2.094857820E-2
1.113824179E1,-4.083067179E-3,-3.031611443E-3,-5.671501160E-3,7.617613204E-3
1.114327106E1,-4.128962755E-3,-7.741928101E-3,-2.461528778E-2,2.613232054E-2
1.114830033E1,-1.826474071E-2,6.529033184E-3,2.307415009E-2,3.014374611E-2
1.115337580E1,9.543001652E-4,-2.210575342E-2,-5.607604980E-3,2.282586815E-2
1.115840658E1,5.715370178E-3,-1.721024513E-2,2.767944336E-2,3.309092895E-2
1.116343736E1,-1.330238581E-2,6.635606289E-3,2.744960785E-2,3.121643333E-2
1.116846814E1,-8.367329836E-3,1.843273640E-3,3.473281860E-3,9.245190813E-3
1.117340851E1,-1.292082667E-2,1.128512621E-2,-1.307487488E-3,1.720498065E-2
1.117843476E1,-7.992029190E-3,1.655876637E-3,-1.297950745E-3,8.264329020E-3
1.118342267E1,2.058643103E-2,3.484332561E-2,-1.286506653E-3,4.049090740E-2
1.118844502E1,6.142079830E-3,-2.241861820E-2,1.771926880E-2,2.922827524E-2
1.119347507E1,4.415175319E-2,6.220102310E-3,1.282215118E-2,4.639476849E-2
1.119849820E1,-1.787373424E-2,1.562595367E-2,-2.527332306E-2,3.467537544E-2
1.120352132E1,-2.254882455E-2,1.205682755E-3,-2.030754089E-2,3.036938222E-2
1.120852012E1,1.255065203E-3,-8.345901966E-3,-1.538085938E-2,1.754423277E-2
1.121354158E1,-2.253463864E-2,-1.780831814E-2,3.745079041E-3,2.896500907E-2
1.121856304E1,1.413792372E-3,6.096422672E-3,1.795768738E-2,1.901693230E-2
1.122363195E1,-1.291954517E-2,-1.283782721E-2,-1.068592072E-2,2.111666064E-2
1.122865658E1,6.103545427E-3,1.626491547E-3,1.314258575E-2,1.458171121E-2
1.123368642E1,6.074249744E-3,6.372272968E-3,-1.071166992E-2,1.386514498E-2
1.123871158E1,2.498754859E-2,-1.741260290E-2,1.786994934E-2,3.531163284E-2
1.124373674E1,5.755305290E-3,2.073103189E-2,-1.272201538E-3,2.155267313E-2
1.124878908E1,-8.464455605E-3,-2.221947908E-2,1.773166656E-2,2.966082026E-2
1.125381606E1,5.824863911E-3,6.464481354E-3,-1.565456390E-2,1.791044192E-2
1.125885273E1,-2.749317884E-2,1.111757755E-2,-1.077175140E-2,3.155164088E-2
1.126388059E1,1.069402695E-2,1.103502512E-2,8.313179016E-3,1.747120308E-2
1.126890846E1,-3.618806601E-3,1.095312834E-2,-2.024936676E-2,2.330458401E-2
1.127393632E1,-3.618538380E-3,1.551693678E-2,-1.057624817E-2,1.912396853E-2
1.127896419E1,-3.615051508E-3,1.097857952E-3,-2.472972870E-2,2.501666187E-2
1.128396794E1,1.236706972E-3,-1.314687729E-2,-1.503086090E-2,2.000741378E-2
1.128899481E1,2.978757024E-2,2.491140366E-2,-1.965522766E-2,4.352246945E-2
1.129402168E1,1.018524170E-3,1.041656733E-2,-4.940032959E-4,1.047789605E-2
1.129902033E1,9.353756905E-4,1.508313417E-2,-5.234718323E-3,1.599306538E-2
1.130404528E1,-3.905713558E-3,-8.669257164E-3,-9.942054749E-3,1.375700079E-2
1.130907023E1,-3.796458244E-3,-8.589506149E-3,-3.662109375E-4,9.398235023E-3
1.131413361E1,1.113057137E-3,-2.285993099E-2,4.384994507E-3,2.330329414E-2
1.131916096E1,1.537114382E-2,-8.465588093E-3,-3.976821899E-4,1.755267487E-2
1.132418830E1,2.006191015E-2,1.061153412E-2,1.384735107E-2,2.658635039E-2
1.132921564E1,-8.577555418E-3,-1.325845718E-2,-1.000881195E-2,1.869592096E-2
1.133422033E1,1.525834203E-2,2.005016804E-2,-2.416896820E-2,3.491368304E-2
1.133924648E1,-3.892421722E-3,1.034468412E-2,2.352142334E-2,2.598885901E-2
1.134427262E1,-2.272531390E-2,-4.082500935E-3,-2.890777588E-2,3.699684057E-2
1.134929877E1,-3.519803286E-3,6.069540977E-4,-9.668350220E-3,1.030700754E-2
1.135432283E1,2.017080784E-2,-8.936285973E-3,9.412765503E-3,2.398580518E-2
1.135934887E1,-3.769278526E-3,5.394220352E-3,4.587173462E-3,8.021672780E-3
1.136440116E1,1.088112593E-3,5.409359932E-3,-4.955291748E-3,7.416203894E-3
1.136942965E1,1.046240330E-3,1.017773151E-2,4.580497742E-3,1.120989729E-2
1.137445814E1,-2.753472328E-2,-4.089951515E-3,-9.702682495E-3,2.947932729E-2
1.137948663E1,-1.784110069E-2,-3.990590572E-3,4.620552063E-3,1.885680748E-2
1.138446887E1,-8.323997259E-3,1.504528522E-2,1.883316040E-2,2.550171501E-2
1.138949491E1,-3.587394953E-3,5.434274673E-3,4.433631897E-3,7.877679580E-3
1.139452096E1,1.545849442E-2,5.452096462E-3,-3.566741943E-4,1.639565864E-2
1.139957377E1,2.004835010E-2,1.016694307E-2,-5.101203918E-3,2.305049575E-2
1.140460148E1,1.034808159E-2,-1.369506121E-2,-5.054473877E-3,1.789371957E-2
1.140962918E1,-8.710205555E-3,-4.071950912E-3,4.483222961E-3,1.060885258E-2
1.141464200E1,1.503017545E-2,-8.830964565E-3,-3.353500366E-2,3.779535130E-2
1.141966866E1,-1.836434007E-2,7.001757622E-4,4.735946655E-3,1.897810378E-2
1.142469533E1,-1.818940043E-2,-1.833891869E-2,9.446144104E-3,2.750272469E-2
1.142972200E1,5.784779787E-3,-1.337844133E-2,9.360313416E-3,1.732229306E-2
1.143475450E1,-3.790199757E-3,-4.174530506E-2,-2.136230469E-4,4.191755889E-2
1.143978148E1,1.040542126E-2,1.559734344E-2,4.539489746E-3,1.929136805E-2
1.144480846E1,1.493734121E-2,-8.264720440E-3,1.875305176E-2,2.535954883E-2
1.144983247E1,1.007986069E-2,1.370906830E-3,-1.939582825E-2,2.190162392E-2
1.145485924E1,5.176663399E-4,6.071925163E-3,1.875495911E-2,1.972016087E-2
1.145988601E1,5.322098732E-4,-8.363425732E-3,4.361152649E-3,9.447210686E-3
1.146491278E1,-8.998751640E-3,5.913436413E-3,4.328727722E-3,1.160534984E-2
1.146987481E1,5.295932293E-3,-8.370518684E-3,-4.549026489E-4,9.915614873E-3
1.147489830E1,5.289614201E-4,2.025294304E-2,-9.952545166E-3,2.257243135E-2
1.147992179E1,5.470812321E-4,1.065248251E-2,-2.411937714E-2,2.637269487E-2
1.148494528E1,1.006218791E-2,2.482289076E-2,4.570960999E-3,2.717199322E-2
1.149003038E1,-4.240751266E-3,8.326768875E-4,9.282112122E-3,1.023889289E-2
1.149505694E1,-9.082704782E-3,7.853507996E-4,-5.032539368E-3,1.041339304E-2
1.150009366E1,-9.084075689E-3,-4.010140896E-3,4.512786865E-3,1.090719517E-2
1.150512127E1,-3.268224001E-2,-3.957867622E-3,-2.784729004E-4,3.292219730E-2
1.151013892E1,8.499324322E-4,1.038855314E-2,-1.452732086E-2,1.787980629E-2
1.151516549E1,1.981225610E-2,-3.983736038E-3,-1.573562622E-4,2.020941378E-2
1.152019205E1,-2.316537499E-2,1.495152712E-2,-1.468658447E-4,2.757180319E-2
1.152521861E1,1.024302840E-2,-4.155576229E-3,9.351730347E-3,1.447906437E-2
1.153024517E1,1.967915893E-2,1.488703489E-2,-1.447010040E-2,2.860553984E-2
1.153528059E1,2.423340082E-2,-1.381498575E-2,-9.727478027E-5,2.789482047E-2
1.154030752E1,-9.179830551E-3,-4.243016243E-3,9.401321411E-3,1.380787167E-2
1.154533444E1,2.885815501E-2,-4.193484783E-3,4.574775696E-3,2.951790978E-2
1.155032221E1,9.748339653E-5,-8.941709995E-3,-2.079010010E-4,8.944657818E-3
1.155534642E1,-1.417160034E-2,3.382939100E-2,-9.699821472E-3,3.793874653E-2
1.156034215E1,-1.881468296E-2,-9.184718132E-3,9.374618530E-3,2.293980851E-2
1.156536356E1,9.859234095E-3,1.464873552E-2,-4.950523376E-3,1.833841954E-2
1.157038497E1,9.851813316E-3,-4.450380802E-3,4.583358765E-3,1.174186069E-2
1.157540637E1,-4.497557878E-3,-4.401206970E-3,4.545211792E-3,7.762576885E-3
1.158044846E1,-9.333908558E-3,1.464170218E-2,9.261131287E-3,1.967917286E-2
1.158547090E1,-4.477292299E-3,5.034983158E-3,4.433631897E-3,8.065624187E-3
1.159049335E1,1.463615894E-2,2.885115147E-2,-5.111694336E-3,3.275264125E-2
1.159551580E1,-9.200841188E-3,-2.355611324E-2,9.170532227E-3,2.690064332E-2
1.160058674E1,9.839147329E-3,5.151450634E-3,-5.151748657E-3,1.224282557E-2
1.160561158E1,5.091488361E-3,-2.336978912E-2,-1.461029053E-2,2.802732393E-2
1.161063642E1,1.467749476E-2,5.826950073E-4,-4.999160767E-3,1.551644271E-2
1.161569564E1,-4.407227039E-3,-4.157841206E-3,-1.920509338E-2,2.013819519E-2
1.162072283E1,-2.333274484E-2,1.008349657E-2,4.698753357E-3,2.584902644E-2
1.162575002E1,1.487508416E-2,-9.028196335E-3,-8.773803711E-5,1.740069412E-2
1.163074174E1,1.947045326E-2,-2.322936058E-2,-8.296966553E-5,3.031020665E-2
1.163576653E1,2.877914906E-2,1.017010212E-2,-1.432418823E-2,3.371724731E-2
1.164079486E1,4.832416773E-3,5.990266800E-4,4.786491394E-3,6.828000051E-3
1.164582002E1,-2.356639504E-2,-1.368737221E-2,1.898860931E-2,3.321575555E-2
1.165084767E1,9.898722172E-3,1.493346691E-2,9.330749512E-3,2.020039656E-2
1.165587309E1,-1.864224672E-2,-4.274964333E-3,9.256362915E-3,2.124826904E-2
1.166089846E1,-8.950829506E-3,1.940816641E-2,-3.137588501E-4,2.137504893E-2
1.166592382E1,3.853142262E-2,-9.174466133E-3,-5.060195923E-3,3.993052642E-2
1.167095262E1,4.896789789E-3,1.471221447E-2,9.226799011E-3,1.804332632E-2
1.167597835E1,4.833579063E-3,-9.136855602E-3,1.389884949E-2,1.732119032E-2
1.168100408E1,-9.419709444E-3,-4.298627377E-3,9.031295776E-3,1.373948422E-2
1.168602981E1,1.437884569E-2,5.534887314E-4,8.953094482E-3,1.694743208E-2
1.169108299E1,-9.502857924E-3,-2.323186398E-2,-2.435684204E-2,3.497541375E-2
1.169611007E1,-1.889160275E-2,-1.357680559E-2,9.086608887E-3,2.497576357E-2
1.170113715E1,-9.104847908E-3,5.649805069E-3,8.996963501E-3,1.399156549E-2
1.170612892E1,2.424240112E-2,2.455896139E-2,-2.431678772E-2,4.221543274E-2
1.171115366E1,-2.351593971E-2,5.373954773E-3,-1.461410522E-2,2.820373879E-2
1.171617840E1,-1.384606957E-2,-1.359701157E-2,-1.449489594E-2,2.422177480E-2
1.172120314E1,-3.270274401E-2,7.829666138E-4,1.411437988E-2,3.562721182E-2
1.172627632E1,5.534201860E-3,-2.300190926E-2,4.503250122E-3,2.408307458E-2
1.173130346E1,-2.291983366E-2,1.044279337E-2,-3.352737427E-2,4.193394250E-2
1.173633059E1,-8.455395699E-3,1.506870985E-2,-7.629394531E-6,1.727888281E-2
1.174137361E1,2.018576860E-2,-8.835077286E-3,-9.506225586E-3,2.399775343E-2
1.174640174E1,2.004513144E-2,-4.048585892E-3,4.819869995E-3,2.101022344E-2
1.175142986E1,-8.533835411E-3,-4.050552845E-3,2.956390381E-5,9.446385510E-3
1.175645799E1,-8.435487747E-3,6.960034370E-4,9.527206421E-3,1.274400002E-2
1.176148611E1,5.807191133E-3,1.500087976E-2,-5.054473877E-5,1.608578308E-2
1.176640981E1,9.416639805E-4,1.008754969E-2,-1.428985596E-2,1.751700240E-2
1.177143356E1,1.510259509E-2,4.191994667E-4,1.432991028E-2,2.082331470E-2
1.177645731E1,-4.042565823E-3,-1.386547089E-2,-3.327083588E-2,3.627040310E-2
1.178148106E1,7.173717022E-4,5.257546902E-3,-9.250640869E-3,1.066446333E-2
1.178659283E1,-8.815050125E-3,-9.012877941E-3,-9.173393250E-3,1.559128671E-2
1.179162101E1,1.976871490E-2,-9.020090103E-3,-9.093284607E-3,2.355529536E-2
1.179663632E1,-4.112929106E-3,4.649162292E-4,1.472854614E-2,1.529909816E-2
1.180166325E1,-1.365029812E-2,9.971559048E-3,-1.863098145E-2,2.515702880E-2
1.180669017E1,-8.811205626E-3,3.015995026E-4,-8.972167969E-3,1.257887534E-2
1.181171710E1,7.843971252E-4,4.960358143E-3,1.010131836E-2,1.128082729E-2
1.181674403E1,-3.942370415E-3,-9.312868118E-3,5.178451538E-4,1.012620169E-2
1.182183023E1,-8.626312017E-3,-1.872092485E-2,5.111694336E-4,2.061910717E-2
1.182685950E1,-1.813009381E-2,-4.303097725E-3,5.258560181E-3,1.936154454E-2
1.183188877E1,1.037827134E-2,1.954585314E-2,5.216598511E-3,2.273679377E-2
1.183691804E1,-2.777507901E-2,5.205690861E-3,4.243850708E-4,2.826188837E-2
1.184186606E1,2.941787243E-2,9.973049164E-3,-4.330635071E-3,3.136283355E-2
1.184689111E1,-8.684337139E-3,1.934951544E-2,5.198478699E-3,2.183679555E-2
1.185190986E1,1.990002394E-2,-1.878029108E-2,-4.343986511E-3,2.770524327E-2
1.185693424E1,7.643699646E-4,9.987473488E-3,-2.331066132E-2,2.537165385E-2
1.186195861E1,1.027911901E-2,-9.072661400E-3,-1.836967468E-2,2.292200734E-2
1.186696288E1,-1.357650757E-2,5.265653133E-3,-8.719444275E-3,1.697284211E-2
1.187198590E1,-8.742451668E-3,-9.057998657E-3,-8.643150330E-3,1.527029300E-2
1.187698335E1,2.464520931E-2,1.482874155E-2,1.991271973E-2,3.498277183E-2
1.188200377E1,6.665587425E-4,-3.275960684E-2,-8.744239807E-3,3.391309291E-2
1.188702419E1,1.488220692E-2,-1.827746630E-2,2.457141876E-2,3.404850183E-2
1.189207320E1,4.363954067E-4,3.887230158E-2,1.012420654E-2,4.017145540E-2
1.189709554E1,-9.191721678E-3,-8.921086788E-3,1.479434967E-2,1.956901426E-2
1.190211788E1,-4.400491714E-3,-8.926868439E-3,5.180358887E-3,1.122004571E-2
1.190718924E1,-9.195357561E-3,-1.363217831E-2,2.413654327E-2,2.920554069E-2
1.191221476E1,1.929011941E-2,5.496203899E-3,4.943847656E-3,2.065813626E-2
1.191724028E1,-1.403719187E-2,1.016807556E-2,9.649276733E-3,1.983786928E-2
1.192227715E1,5.046665668E-3,-2.318942547E-2,-4.740905762E-2,5.301732766E-2
1.192730346E1,-2.346163988E-2,5.564987659E-3,1.471042633E-2,2.824560632E-2
1.193231080E1,5.526542664E-4,-3.245085478E-2,9.834289551E-3,3.391278009E-2
1.193733517E1,-1.362076402E-2,-1.791632175E-2,-1.399517059E-2,2.650253945E-2
1.194235955E1,1.490563154E-2,1.074260473E-2,5.118370056E-3,1.907299452E-2
1.194738137E1,5.206525326E-3,-1.307070255E-2,1.932430267E-2,2.390355298E-2
1.195240559E1,-4.414886236E-3,1.069855690E-2,4.927635193E-3,1.257902734E-2
1.195742981E1,-9.152561426E-3,1.062798500E-2,4.886627197E-3,1.485269576E-2
1.196248799E1,-9.102225304E-3,-1.793289185E-2,-1.414775848E-2,2.458857836E-2
1.196751444E1,1.943904161E-2,-8.267879486E-3,1.446151733E-2,2.560018855E-2
1.197254090E1,3.093481064E-4,1.264870167E-3,-4.652023315E-3,4.830829506E-3
1.197756320E1,-2.805125713E-2,-3.478229046E-3,1.912212372E-2,3.412662772E-2
1.198258939E1,-3.728458285E-2,-8.181810379E-3,-4.782676697E-3,3.847019802E-2
1.198761559E1,9.893178940E-4,-1.759225130E-2,1.425075531E-2,2.266164342E-2
1.199264179E1,-2.758622169E-2,1.101195812E-2,-9.604454041E-3,3.121711688E-2
1.199761668E1,-8.434444666E-3,1.438736916E-3,1.422119141E-2,1.659674985E-2
1.200264017E1,-3.533273935E-3,-3.357708454E-3,-1.913833618E-2,1.974928208E-2
1.200766366E1,6.069272757E-3,-1.755452156E-2,4.758834839E-3,1.917403995E-2
1.201268611E1,-1.774749160E-2,1.115250587E-2,-3.327178955E-2,3.932383279E-2
1.201770955E1,-3.185883164E-2,-1.731753349E-2,4.986763000E-3,3.660259452E-2
1.202274189E1,1.112309098E-2,1.138502359E-2,-9.303092957E-3,1.843609107E-2
1.202776622E1,-1.268351078E-2,-2.988994122E-3,-9.224891663E-3,1.596571820E-2
1.203279054E1,2.069374919E-2,1.129680872E-2,2.408885956E-2,3.370641330E-2
1.203781486E1,2.059873939E-2,6.474554539E-3,-2.834987640E-2,3.563626542E-2
1.204283918E1,2.520152926E-2,1.113778353E-2,5.126953125E-3,2.802593348E-2
1.204786351E1,1.233249903E-3,1.509010792E-3,-9.158134460E-3,9.363196339E-3
1.205297866E1,2.025032043E-2,-3.236651421E-3,9.909629822E-3,2.277613122E-2
1.205800606E1,1.066598296E-2,1.089835167E-2,-9.161949158E-3,1.778984469E-2
1.206303346E1,-8.280485868E-3,2.501624823E-2,-1.383876801E-2,2.976391475E-2
1.206799028E1,6.171852350E-3,2.012246847E-2,5.260467529E-3,2.169511506E-2
1.207301304E1,-3.291726112E-3,-1.326990128E-2,-4.284858704E-3,1.432779658E-2
1.207806064E1,1.517653465E-3,-2.274531126E-2,5.035400391E-4,2.280144752E-2
1.208308596E1,-1.280727983E-2,-3.549695015E-3,5.025863647E-4,1.329959940E-2
1.208814741E1,2.057579160E-2,-8.308529854E-3,9.996414185E-3,2.433769021E-2
1.209317601E1,1.437187195E-3,2.501970530E-2,-1.858043671E-2,3.119749651E-2
1.209820460E1,-1.284196973E-2,9.822845459E-4,5.750656128E-4,1.289231437E-2
1.210323320E1,-2.220201492E-2,-1.335787773E-2,1.007080078E-2,2.779898186E-2
1.210825491E1,2.075248957E-2,-3.735303879E-3,-1.375865936E-2,2.517774862E-2
1.211328314E1,1.570045948E-3,-3.692388535E-3,-2.788925171E-2,2.817639328E-2
1.211829533E1,-8.010387421E-3,1.049494743E-2,-3.239631653E-2,3.498330392E-2
1.212332189E1,-1.261109114E-2,-8.569777012E-3,2.010250092E-2,2.523075981E-2
1.212834846E1,-1.722857356E-2,5.818009377E-3,1.992893219E-2,2.697842320E-2
1.213337502E1,3.027716279E-2,2.008086443E-2,7.705688477E-4,3.633925535E-2
1.213840158E1,2.525347471E-2,5.684733391E-3,1.500988007E-2,2.992241097E-2
1.214341512E1,1.082924008E-2,-3.897070885E-3,2.913093567E-2,3.132205318E-2
1.214844116E1,-3.368377686E-3,1.039260626E-2,3.362941742E-2,3.535943932E-2
1.215344064E1,2.043002844E-2,-3.922820091E-3,-1.413822174E-2,2.515281085E-2
1.215846398E1,-8.203476667E-3,-2.771914005E-2,-1.401615143E-2,3.212631718E-2
1.216346741E1,-3.307819366E-3,5.768060684E-3,1.458644867E-2,1.603049213E-2
1.216848877E1,-2.219876647E-2,1.048785448E-2,9.711265564E-3,2.640244313E-2
1.217352054E1,1.604631543E-2,-3.822982311E-3,1.912307739E-2,2.525453467E-2
1.217854294E1,1.113894582E-2,1.527154446E-2,3.795528412E-2,4.240164828E-2
1.218356533E1,2.057248354E-2,1.030713320E-2,2.814579010E-2,3.635449868E-2
1.218858773E1,1.484453678E-3,-8.755564690E-3,-5.332946777E-3,1.035875654E-2
1.219365679E1,1.497715712E-3,1.027673483E-2,4.209518433E-3,1.120600181E-2
1.219868153E1,-1.748371124E-2,-4.140257835E-3,4.178047180E-3,1.844662495E-2
1.220371070E1,1.587447524E-2,-1.363688707E-2,-2.909278870E-2,3.583788508E-2
1.220873590E1,-3.282397985E-3,1.013606787E-2,1.389312744E-2,1.750808380E-2
1.221376111E1,-1.267972589E-2,5.219995975E-3,-1.471138000E-2,2.011090520E-2
1.221878632E1,-3.105133772E-3,-9.102821350E-3,-5.087852478E-3,1.088069185E-2
1.222378085E1,1.701951027E-3,-2.321070433E-2,-5.050659180E-3,2.381475574E-2
1.222880450E1,-3.037929535E-3,-8.805334568E-3,2.823162079E-2,2.972856110E-2
1.223382814E1,1.755028963E-3,-1.820814610E-2,-1.474189758E-2,2.349340876E-2
1.223885179E1,-3.037691116E-3,5.756080151E-3,3.761196136E-2,3.817092694E-2
1.224388132E1,-3.042370081E-3,-1.331895590E-2,-1.493072510E-2,2.023801260E-2
1.224890528E1,1.600149274E-2,-1.319175959E-2,-3.380203247E-2,3.965662227E-2
1.225392924E1,3.008288145E-2,-1.306289434E-2,-5.029678345E-3,3.318006373E-2
1.225895320E1,-1.293861866E-2,1.080995798E-2,-2.393722534E-4,1.686180131E-2
1.226403919E1,2.517434955E-2,1.192569733E-3,4.511833191E-3,2.560325636E-2
1.226906627E1,-3.454923630E-3,-3.546535969E-3,9.218215942E-3,1.046374311E-2
1.227407205E1,1.563543081E-2,-1.779210567E-2,-1.935100555E-2,3.058573421E-2
1.227909695E1,2.502444386E-2,1.367270947E-3,-1.974105835E-4,2.506254559E-2
1.228412856E1,-8.404880762E-3,1.375675201E-3,4.550933838E-3,9.656371041E-3
1.228915413E1,-3.571212292E-3,1.386642456E-3,4.510879517E-3,5.918138943E-3
1.229417971E1,-3.575176001E-3,-8.153438568E-3,4.477500916E-3,9.965362932E-3
1.229920528E1,-3.472894430E-3,1.077115536E-2,4.445075989E-3,1.215884386E-2
1.230427898E1,-8.070737123E-3,1.152813435E-3,3.289508820E-2,3.389030251E-2
1.230930695E1,1.105260849E-2,-3.683090210E-3,-6.170272827E-4,1.166644893E-2
1.231433491E1,1.567381620E-2,1.056212187E-2,2.313423157E-2,2.987339289E-2
1.231936288E1,-2.248030901E-2,-1.804763079E-2,-1.029396057E-2,3.061122171E-2
1.232430320E1,2.995923162E-2,-1.323199272E-2,-1.495170593E-2,3.600270407E-2
1.232932679E1,-1.300814748E-2,1.039206982E-3,-1.007366180E-2,1.648546372E-2
1.233435523E1,1.555797458E-2,1.049482822E-2,3.275012970E-2,3.774603274E-2
1.233937929E1,-3.447502851E-3,-3.868103027E-3,3.247356415E-2,3.288434073E-2
1.234440335E1,1.084768772E-2,1.522666216E-2,-1.042366028E-3,1.872458534E-2
1.234946059E1,-3.522664309E-3,-1.337140799E-2,-1.053047180E-2,1.738086740E-2
1.235448689E1,1.214116812E-3,1.066243649E-2,3.793716431E-3,1.138217535E-2
1.235953445E1,-1.302793622E-2,-3.597259521E-3,1.325321198E-2,1.892921092E-2
1.236456278E1,6.036132574E-3,-1.304143667E-2,3.645896912E-3,1.482587371E-2
1.236959111E1,-1.779547334E-2,1.284062862E-3,-5.877494812E-3,1.878490442E-2
1.237461944E1,-3.440797329E-3,-2.729773521E-2,1.317214966E-2,3.050427774E-2
1.237958544E1,-1.295128465E-2,-3.353118896E-3,1.306629181E-2,1.870045887E-2
1.238461059E1,1.571130753E-2,-3.353118896E-3,8.208274841E-3,1.804063099E-2
1.238963575E1,2.988919616E-2,-1.279830933E-2,1.763248444E-2,3.698736644E-2
1.239466090E1,1.065757871E-2,1.107490063E-2,1.748371124E-2,2.327912298E-2
1.239969044E1,-1.316261292E-2,-7.935345173E-3,3.087043762E-3,1.567654047E-2
1.240471580E1,-3.593504429E-3,6.398260593E-3,5.054664612E-2,5.107655476E-2
1.240974486E1,-3.656417131E-3,2.061516047E-2,2.643585205E-3,2.110314597E-2
1.241477054E1,3.437227011E-2,2.041661739E-2,-2.125740051E-3,4.003510945E-2
1.241979622E1,-2.757960558E-2,2.976602316E-2,1.688098907E-2,4.395018283E-2
1.242484997E1,1.074874401E-2,-3.797531128E-3,-1.175117493E-2,1.637213647E-2
1.242987762E1,-3.576725721E-3,9.046196938E-4,-1.639747620E-2,1.680739508E-2
1.243489606E1,-3.582715988E-3,-1.807630062E-2,-6.763458252E-3,1.962989724E-2
1.243992278E1,-3.682839870E-2,-3.659427166E-3,-1.145553589E-2,3.874211740E-2
1.244494997E1,-1.287350059E-2,1.544272900E-2,-1.610851288E-2,2.576216379E-2
1.244997674E1,6.136417389E-3,-1.795351505E-2,7.774353027E-3,2.050426507E-2
1.245500351E1,-3.451615572E-3,-3.638088703E-3,-1.602649689E-2,1.679279435E-2
1.246001356E1,1.337260008E-3,-3.584027290E-3,3.099441528E-3,4.923418907E-3
1.246503924E1,-3.517478704E-3,1.546627283E-2,-6.420135498E-3,1.711129427E-2
1.247006059E1,-1.782560349E-2,5.812704563E-3,3.136634827E-3,1.900994876E-2
1.247508580E1,-3.420263529E-3,5.736649036E-3,2.685356140E-2,2.767166610E-2
1.248011101E1,6.116449833E-3,1.016199589E-3,1.237869263E-2,1.384469759E-2
1.248514898E1,-2.246937156E-2,5.783081055E-3,1.227569580E-2,2.624898840E-2
1.249017502E1,1.419842243E-3,5.604147911E-3,-2.061843872E-3,6.137884486E-3
1.249520106E1,-3.332585096E-3,2.452653646E-2,-1.154041290E-2,2.731003926E-2
1.250023637E1,2.519404888E-2,-4.141867161E-3,-1.949310303E-3,2.560654161E-2
1.250526304E1,5.998045206E-3,-4.212009907E-2,-1.932144165E-3,4.258887734E-2
1.251028971E1,-3.540992737E-3,-8.554339409E-3,1.233005524E-2,1.541900173E-2
1.251531637E1,2.023574710E-2,-1.325362921E-2,2.647399902E-2,3.586107600E-2
1.252033585E1,-2.266457677E-2,1.028656960E-3,-2.597522736E-2,3.448845621E-2
1.252536215E1,1.546874642E-2,5.795776844E-3,-3.050708771E-2,3.469229807E-2
1.253038846E1,-8.449375629E-3,1.028776169E-3,2.198028564E-2,2.357081428E-2
1.253539554E1,5.874842405E-3,-3.804028034E-3,-3.043174744E-2,3.122620141E-2
1.254042054E1,1.037389040E-3,9.493827820E-4,3.065109253E-3,3.372298685E-3
1.254544351E1,1.523113251E-2,-1.327651739E-2,-3.494834900E-2,4.036880490E-2
1.255046830E1,-2.773013711E-2,-3.690481186E-3,-1.412391663E-3,2.801026608E-2
1.255549309E1,1.524633169E-2,1.056176424E-2,-1.089668274E-2,2.151137347E-2
1.256051788E1,-8.662551641E-3,1.519584656E-2,1.294040680E-2,2.175793376E-2
1.256555028E1,1.516145468E-2,-1.814228296E-2,1.283073425E-2,2.690055539E-2
1.257057544E1,-8.701145649E-3,-3.766775131E-3,-3.476047516E-2,3.603039222E-2
1.257560059E1,9.330511093E-4,-1.805853844E-2,3.519058228E-3,1.842186651E-2
1.258066017E1,-1.805868745E-2,2.480483055E-2,1.298809052E-2,3.331795771E-2
1.258568767E1,2.009004354E-2,8.323788643E-4,-1.086139679E-2,2.285328520E-2
1.259071517E1,1.038444042E-2,-8.642971516E-3,-6.022453308E-3,1.479214330E-2
1.259570596E1,7.635056973E-4,1.003444195E-3,-2.022075653E-2,2.026003050E-2
1.260073101E1,-3.977119923E-3,-2.277266979E-2,-1.057624817E-3,2.314153285E-2
1.260575606E1,-1.343300939E-2,1.068812609E-2,-1.051902771E-3,1.719849644E-2
1.261078205E1,-2.760675550E-2,5.879759789E-3,2.269935608E-2,3.622106142E-2
1.261580715E1,2.006834745E-2,5.860149860E-3,-1.547813416E-2,2.601254626E-2
1.262083226E1,-1.332640648E-2,-1.795327663E-2,-5.850791931E-3,2.311157757E-2
1.262589200E1,1.524245739E-2,6.015717983E-3,-1.055335999E-2,1.949088959E-2
1.263091944E1,-8.611351252E-3,1.296162605E-3,-1.996803284E-2,2.178434629E-2
1.263594689E1,1.527056098E-2,2.020353079E-2,-1.505088806E-2,2.946017516E-2
1.264094241E1,-2.282857895E-2,5.765855312E-3,-6.790161133E-4,2.355525774E-2
1.264596778E1,2.485656738E-2,-2.274030447E-2,-2.916717529E-2,4.456113221E-2
1.265099314E1,1.052045822E-2,-8.223354816E-3,9.053230286E-3,1.613271782E-2
1.265604564E1,1.514628530E-2,-1.282316446E-2,3.271675110E-2,3.826524935E-2
1.266107283E1,5.540132523E-3,-1.273971796E-2,-5.542755127E-3,1.495712594E-2
1.266610002E1,-8.737504482E-3,6.339550018E-3,4.001617432E-3,1.151289803E-2
1.267112611E1,1.504361629E-2,6.315171719E-3,-1.027679443E-2,1.928222728E-2
1.267615320E1,-2.300366759E-2,6.345212460E-3,4.045486450E-3,2.420323128E-2
1.268118028E1,-3.751695156E-3,2.067226171E-2,4.000663757E-3,2.138744799E-2
1.268617382E1,-8.502483368E-3,6.231546402E-3,-5.526542664E-3,1.190239756E-2
1.269119872E1,-3.771603107E-3,6.159067154E-3,4.022598267E-3,8.266824966E-3
1.269623023E1,-8.467227221E-3,1.557910442E-2,-5.506515503E-3,1.856674835E-2
1.270125580E1,5.867153406E-3,5.929172039E-3,1.828289032E-2,2.009583660E-2
1.270628137E1,2.003046870E-2,1.070845127E-2,8.629798889E-3,2.429740797E-2
1.271130694E1,-3.863722086E-3,2.019882202E-2,1.330089569E-2,2.449152069E-2
1.271636189E1,1.512914896E-2,-3.735423088E-3,-1.052856445E-3,1.561899615E-2
1.272138892E1,-1.352098584E-2,-3.727674484E-3,-2.003479004E-2,2.445619404E-2
1.272641757E1,1.041105390E-2,2.956604958E-2,1.811504364E-2,3.620353763E-2
1.273144476E1,1.039472222E-2,1.035368443E-2,-1.527976990E-2,2.118302149E-2
1.273647194E1,8.266270161E-4,-1.349639893E-2,8.590698242E-3,1.601986868E-2
1.274149913E1,-3.913253546E-3,8.401274681E-4,-9.765625000E-4,4.119835166E-3
1.274648892E1,1.987403631E-2,-8.631527424E-3,-1.521682739E-2,2.647701684E-2
1.275151424E1,-8.715391159E-3,5.664050579E-3,-1.509189606E-2,1.832497854E-2
1.275653955E1,3.411245346E-2,-8.653104305E-3,4.029273987E-3,3.542274332E-2
1.276156611E1,1.484972239E-2,1.513928175E-2,1.824188232E-2,2.797281497E-2
1.276659148E1,-4.197657108E-3,7.426738739E-4,3.842353821E-3,5.738952218E-3
1.277161590E1,1.004976034E-2,-8.733987808E-3,-1.993179321E-2,2.396991044E-2
1.277664116E1,5.239307880E-3,8.596181870E-4,-5.522727966E-3,7.660927795E-3
1.278166642E1,1.476275921E-2,8.785128593E-4,1.826095581E-2,2.349836912E-2
1.278669533E1,5.106151104E-3,1.514512300E-2,-5.633354187E-3,1.694645123E-2
1.279172085E1,5.026966333E-3,1.029860973E-2,-8.382797241E-4,1.149062513E-2
1.279674637E1,2.030730247E-4,1.493507624E-2,-8.287429810E-4,1.495943033E-2
1.280177189E1,-2.352309227E-2,3.382980824E-2,-3.406429291E-2,5.346183542E-2
1.280679908E1,-9.066879749E-3,1.927828789E-2,2.320289612E-2,3.149976318E-2
1.281182465E1,1.002377272E-2,-1.889961958E-2,-1.022911072E-2,2.371299951E-2
1.281685023E1,1.465803385E-2,-9.171307087E-3,4.098892212E-3,1.776996757E-2
1.282191148E1,-9.192198515E-3,9.926319122E-3,-6.866455078E-4,1.354621006E-2
1.282693944E1,-2.339857817E-2,5.018472672E-3,2.306842804E-2,3.323899668E-2
1.283196741E1,1.955348253E-2,-2.354443073E-2,-1.985931396E-2,3.648384915E-2
1.283698778E1,-9.186565876E-3,4.181265831E-4,1.829719543E-2,2.047816357E-2
1.284201523E1,2.489686012E-4,9.987056255E-3,3.901481628E-3,1.072496326E-2
1.284703606E1,9.764015675E-3,5.176365376E-3,-8.811950684E-4,1.108635492E-2
1.285206283E1,1.507401466E-4,5.156695843E-3,-2.461624146E-2,2.515101545E-2
1.285708960E1,-4.692226648E-3,9.942173958E-3,-5.417823792E-3,1.225628935E-2
1.286211637E1,-4.688262939E-3,-4.311323166E-3,-1.012420654E-2,1.196105660E-2
1.286714366E1,-9.381294250E-3,-9.052634239E-3,4.206657410E-3,1.369871655E-2
1.287217049E1,1.445573568E-2,5.239427090E-3,8.920669556E-3,1.777633921E-2
1.287719616E1,1.544356346E-4,-2.332168818E-2,-1.014995575E-2,2.543514481E-2
1.288222283E1,9.714752436E-3,-8.856832981E-3,-1.006984711E-2,1.655964148E-2
1.288724606E1,1.434028149E-2,-8.755683899E-3,1.375675201E-2,2.171529184E-2
1.289227236E1,-1.186132431E-5,5.484104156E-3,4.149436951E-3,6.877017238E-3
1.289729866E1,4.694640636E-3,-8.780002594E-3,-1.013088226E-2,1.420432581E-2
1.290232835E1,1.416534185E-2,7.628202438E-4,4.199981689E-3,1.479454801E-2
1.290735491E1,2.830880880E-2,-1.357066631E-2,8.917808533E-3,3.263554732E-2
1.291237997E1,9.091764688E-3,1.025730371E-2,-1.964664459E-2,2.395544006E-2
1.291740637E1,-9.961903095E-3,-4.103899002E-3,2.325439453E-2,2.562905315E-2
1.292243278E1,4.331082106E-3,6.999969482E-4,-1.492691040E-2,1.555830717E-2
1.292745840E1,2.319529653E-2,6.687045097E-4,2.794075012E-2,3.632016608E-2
1.293248476E1,8.614450693E-3,1.957732439E-2,2.772045135E-2,3.501290925E-2
1.293751111E1,3.807187080E-3,-4.304885864E-3,8.493423462E-3,1.025499673E-2
1.294253450E1,-9.082853794E-4,-2.318805456E-2,8.415222168E-3,2.468454619E-2
1.294756064E1,-1.033279300E-2,-8.726179600E-3,1.308917999E-2,1.882125008E-2
1.295258325E1,-1.972723007E-2,2.455502748E-2,3.483772278E-3,3.168989824E-2
1.295760903E1,-5.349069834E-3,1.956820488E-2,-6.038665771E-3,2.116583744E-2
1.296263054E1,2.320003510E-2,5.130946636E-3,-4.397583008E-2,4.998441630E-2
1.296765604E1,-1.491919160E-2,3.650784492E-4,-5.625724792E-3,1.594880371E-2
1.297268140E1,-1.472613215E-2,5.079150200E-3,1.341438293E-2,2.055729565E-2
1.297769270E1,9.204536676E-3,3.109574318E-4,1.329803467E-2,1.617584359E-2
1.298271708E1,-2.419769764E-2,-1.861381531E-2,-1.055526733E-2,3.230195598E-2
1.298774145E1,1.395767927E-2,-8.786618710E-3,-9.794235229E-4,1.652212908E-2
1.299276583E1,-3.833770752E-4,-8.644163609E-3,8.520126343E-3,1.214335602E-2
1.299779020E1,9.037554264E-3,-2.280265093E-2,3.694248199E-2,4.434394268E-2
1.300284328E1,4.176259041E-3,-3.213900328E-2,-2.509212494E-2,4.098745424E-2
1.300786880E1,1.364967227E-2,1.341640949E-3,-1.139640808E-3,1.376271538E-2
1.301289432E1,2.774754167E-2,1.559579372E-2,-1.130104065E-3,3.185014891E-2
1.301792312E1,3.840237856E-3,1.242756844E-3,1.311969757E-2,1.372655586E-2
1.302294885E1,4.181092978E-2,1.544851065E-2,1.776027679E-2,4.798163984E-2
1.302797458E1,3.437727690E-3,-1.805245876E-2,1.762294769E-2,2.546129463E-2
1.303304276E1,-6.177127361E-3,1.535981894E-2,-1.515388489E-3,1.662460052E-2
1.303807130E1,1.758009195E-2,-3.791630268E-3,-2.524185181E-2,3.099334083E-2
1.304309984E1,1.265171170E-2,-3.740370274E-3,-1.553440094E-2,2.038072107E-2
1.304811890E1,-1.118433475E-2,1.050925255E-2,-5.907058716E-3,1.644466709E-2
1.305314687E1,-6.430774927E-3,1.988905668E-2,-5.850791931E-3,2.170624814E-2
1.305817484E1,3.632611036E-2,-2.779376507E-2,-1.049995422E-3,4.575130775E-2
1.306320281E1,-1.144614816E-2,-8.546173573E-3,3.705024719E-3,1.475732356E-2
1.306823104E1,-6.586730480E-3,1.054096222E-2,8.420944214E-3,1.501363395E-2
1.307325900E1,2.932310104E-3,2.471798658E-2,8.350372314E-3,2.625463809E-2
1.307826677E1,3.135976195E-2,2.928477526E-2,8.280754089E-3,4.369901166E-2
1.308329260E1,2.671748400E-3,5.740523338E-4,8.207321167E-3,8.650311921E-3
1.308831843E1,-6.779879332E-3,5.339443684E-3,3.385543823E-3,9.270292853E-3
1.309334427E1,-2.580145001E-2,5.314111710E-3,-2.038192749E-2,3.330732013E-2
1.309831046E1,-6.726384163E-3,-1.375639439E-2,-5.958557129E-3,1.643128216E-2
1.310333333E1,1.228830218E-2,5.735754967E-4,8.340835571E-3,1.486273519E-2
1.310835619E1,1.220560074E-2,-2.315473557E-2,4.150867462E-2,4.907227871E-2
1.311339203E1,1.681402326E-2,5.501329899E-3,-2.531242371E-2,3.088194946E-2
1.311841572E1,-2.610066533E-2,1.022785902E-2,-1.560401917E-2,3.208331724E-2
1.312343942E1,-6.968945265E-3,-1.353192329E-2,-2.971935272E-2,3.339040390E-2
1.312850093E1,-6.991088390E-3,-8.654415607E-3,1.801586151E-2,2.117417041E-2
1.313352724E1,2.157878876E-2,-3.866851330E-3,-1.127243042E-3,2.195147695E-2
1.313855354E1,-1.177769899E-2,-1.815730333E-2,-1.536178589E-2,2.654027738E-2
1.314357984E1,1.207759976E-2,-1.803398132E-2,-1.523303986E-2,2.651675700E-2
1.314860015E1,-2.298802137E-3,-1.791679859E-2,-8.563995361E-4,1.808395928E-2
1.315362614E1,-7.109850645E-3,-1.305216551E-2,-1.034069061E-2,1.810632163E-2
1.315862989E1,-2.331733704E-3,-3.530859947E-3,1.824283600E-2,1.872711989E-2
1.316365375E1,1.190045476E-2,1.216411591E-3,1.809501648E-2,2.169170584E-2
1.316867760E1,2.323538065E-3,1.552444696E-2,8.441925049E-3,1.782339421E-2
1.317370145E1,-1.197671890E-2,1.072180271E-2,-1.537418365E-2,2.224329949E-2
1.317877442E1,-1.196119189E-2,2.009850740E-2,-9.946823120E-4,2.340960282E-2
1.318380078E1,7.097721100E-3,-2.288526297E-2,-5.728721619E-3,2.463597283E-2
1.318882713E1,1.185920835E-2,-3.731131554E-3,-1.517963409E-2,1.962099530E-2
1.319380505E1,-2.413362265E-3,1.526367664E-2,-5.558013916E-3,1.642241337E-2
1.319882812E1,-2.606302500E-2,-1.333338022E-2,-7.677078247E-4,2.928565648E-2
1.320385119E1,7.463485003E-3,9.952783585E-4,-1.975727081E-2,2.114341357E-2
1.320887427E1,-6.825715303E-3,5.707502365E-3,-5.979537964E-4,8.917596167E-3
1.321394239E1,-2.584484220E-2,1.037782431E-2,-4.332351685E-2,5.150322531E-2
1.321896776E1,-2.549728751E-2,3.879863024E-2,-2.336502075E-4,4.642736231E-2
1.322396119E1,-1.516550779E-3,5.305945873E-3,-1.923179626E-2,2.000787284E-2
1.322898333E1,-1.535892487E-3,-8.959829807E-3,2.841377258E-2,2.983253238E-2
1.323400546E1,7.945477962E-3,-4.115104675E-3,-5.062103271E-3,1.028054454E-2
1.323909421E1,-6.394773722E-3,-8.807361126E-3,-2.401351929E-2,2.636497391E-2
1.324412078E1,1.736980677E-2,1.028430462E-2,-9.568214417E-3,2.233893094E-2
1.324914734E1,2.199429274E-2,-1.821631193E-2,1.899719238E-2,3.429979959E-2
1.325416614E1,-2.090454102E-2,-2.753710747E-2,-1.583099365E-4,3.457335947E-2
1.325919218E1,-1.596069336E-2,1.207888126E-3,-9.656906128E-3,1.869381080E-2
1.326421822E1,1.269116998E-2,1.217365265E-3,4.666328430E-3,1.357653839E-2
1.326920911E1,-1.128315926E-2,1.278042793E-3,-4.867553711E-3,1.235460057E-2
1.327423291E1,-1.590940356E-2,1.287162304E-3,-4.829406738E-3,1.667600306E-2
1.327925671E1,-6.303071976E-3,-1.300084591E-2,-4.786491394E-3,1.522042084E-2
1.328428562E1,2.706915140E-2,-3.375649452E-3,-9.499549866E-3,2.888555720E-2
1.328930974E1,-1.596426964E-2,-3.656959534E-2,-4.669189453E-3,4.017455088E-2
1.329433645E1,3.139913082E-3,-3.144472837E-2,1.144409180E-4,3.160131474E-2
1.329936083E1,7.836252451E-3,1.157623529E-2,9.610176086E-3,1.696383095E-2
1.330437208E1,2.194237709E-2,2.002656460E-3,-9.461402893E-3,2.397908860E-2
1.330939520E1,-1.625102758E-2,-1.703977585E-2,9.613990784E-3,2.543380973E-2
1.331442708E1,-1.850545406E-3,-1.217353344E-2,-1.420783997E-2,1.880112101E-2
1.331945109E1,-1.135447621E-2,1.163858175E-2,9.655952454E-3,1.891079409E-2
1.332447510E1,1.256367564E-2,2.012729645E-3,-9.420394897E-3,1.583164130E-2
1.332949911E1,-1.600581408E-2,2.121508121E-3,4.894256592E-3,1.687129599E-2
1.333452312E1,1.264485717E-2,-2.622485161E-3,1.434803009E-2,1.930377706E-2
1.333959182E1,-2.056595683E-2,-1.218211651E-2,-1.426315308E-2,2.783523089E-2
1.334461765E1,1.767471433E-2,1.173299551E-2,-2.365016937E-2,3.177088638E-2
1.334964349E1,-1.436918974E-3,3.064864874E-2,-9.210586548E-3,3.203497011E-2
1.335471229E1,-6.149977446E-3,-2.821803093E-3,-9.136199951E-3,1.136903447E-2
1.335974098E1,1.297026873E-2,-2.774238586E-3,5.180358887E-3,1.423939566E-2
1.336476968E1,-1.311510801E-3,1.920402050E-3,-1.860427856E-2,1.874905826E-2
1.336977177E1,-1.076793671E-2,2.566546202E-2,1.478767395E-2,3.151729212E-2
1.337479869E1,2.248451114E-2,-1.726388931E-2,-1.382350922E-2,3.153861954E-2
1.337982562E1,3.278046846E-3,6.591618061E-3,1.003742218E-2,1.244768508E-2
1.338485697E1,7.980555296E-3,1.855552197E-3,-4.295349121E-3,9.251073498E-3
1.338988421E1,-1.110190153E-2,-2.890467644E-3,-4.259109497E-3,1.223711708E-2
1.339491145E1,7.962644100E-3,-7.700502872E-3,-1.846218109E-2,2.153029438E-2
1.339993947E1,-1.112303138E-2,-2.867758274E-3,-8.810997009E-3,1.447686198E-2
1.340496677E1,-1.452088356E-3,1.136732101E-2,5.505561829E-3,1.271360526E-2
1.340999406E1,-2.985301614E-2,6.440520287E-3,-3.252601624E-2,4.461641633E-2
1.341502135E1,3.713130951E-3,-2.213627100E-2,-3.766059875E-3,2.275928475E-2
1.342004864E1,-1.048877835E-2,-7.736086845E-3,-8.484840393E-3,1.555165674E-2
1.342503484E1,3.866732121E-3,-2.952754498E-3,2.007770538E-2,2.065876642E-2
1.343006041E1,-1.993703842E-2,1.893639565E-3,2.465629578E-2,3.176482793E-2
1.343509875E1,8.690834045E-3,-3.144365549E-2,3.395462036E-2,4.708662561E-2
1.344012562E1,3.843784332E-3,-1.222044230E-2,5.184173584E-3,1.381989666E-2
1.344515250E1,-4.364788532E-2,2.197325230E-3,1.463222504E-2,4.608761375E-2
1.345017000E1,-2.431663871E-2,-1.674473286E-2,-1.873207092E-2,3.496534681E-2
1.345519625E1,-9.940415621E-3,-2.397775650E-3,-2.331924438E-2,2.546268543E-2
1.346022250E1,-2.776980400E-4,-1.666140556E-2,1.011276245E-2,1.949224246E-2
1.346520755E1,9.300380945E-3,-2.312541008E-3,5.292892456E-4,9.598181012E-3
1.347023104E1,-1.929551363E-2,1.197063923E-2,5.273818970E-3,2.331150395E-2
1.347525453E1,9.328663349E-3,1.188927889E-2,-9.016036987E-3,1.759738149E-2
1.348027802E1,9.326338768E-3,-7.288753986E-3,1.480388641E-2,1.895419696E-2
1.348531166E1,-3.346425295E-2,-1.200991869E-2,-1.380920410E-2,3.814168966E-2
1.349033567E1,-2.841681242E-2,2.135044336E-2,-8.947372437E-3,3.665258700E-2
1.349536619E1,-1.396313310E-2,2.588760853E-2,5.376815796E-3,2.990062724E-2
1.350039083E1,1.936390996E-2,-1.229774952E-2,-1.841068268E-2,2.941341342E-2
1.350541067E1,9.731382132E-3,2.014458179E-3,7.371902466E-4,9.965003232E-3
1.351043484E1,-4.617959261E-3,-7.537543774E-3,-1.351070404E-2,1.614556402E-2
1.351545900E1,-1.405107975E-2,-7.562041283E-3,1.984500885E-2,2.546451819E-2
1.352048317E1,3.883838654E-4,1.620781422E-2,6.837844849E-4,1.622688032E-2
1.352550734E1,-9.093403816E-3,1.848340034E-3,6.761550903E-4,9.303952899E-3
1.353060937E1,4.946589470E-4,1.857042313E-3,2.915954590E-2,2.922280634E-2
1.353563661E1,-1.373371482E-2,-2.188199759E-2,2.416610718E-2,3.537566222E-2
1.354066385E1,1.014754176E-2,2.007603645E-3,4.971504211E-3,1.147688679E-2
1.354565479E1,-4.158616066E-3,6.807148457E-3,1.754760742E-4,7.978856406E-3
1.355067937E1,5.393594503E-3,1.626670361E-2,1.916599274E-2,2.571053841E-2
1.355570395E1,-4.124760628E-3,-2.897620201E-3,-1.423263550E-2,1.509893262E-2
1.356071218E1,1.498162746E-2,-7.658958435E-3,-3.310966492E-2,3.713971886E-2
1.356573572E1,-8.865833282E-3,-1.707249880E-2,4.034042358E-4,1.924151631E-2
1.357075927E1,-2.306619287E-2,2.029418945E-3,5.152702332E-3,2.372168071E-2
1.357578072E1,-3.957331181E-3,1.975774765E-3,-1.862716675E-2,1.914511679E-2
1.358080411E1,-1.340219378E-2,-1.226615906E-2,-1.372528076E-2,2.276973404E-2
1.358582750E1,1.527431607E-2,-7.397711277E-3,1.012706757E-2,1.976330846E-2
1.359085088E1,-1.806730032E-2,-1.681762934E-2,5.435943604E-4,2.468917763E-2
1.359591807E1,1.047044992E-3,-2.361655235E-3,5.359649658E-4,2.638366372E-3
1.360094364E1,-1.329231262E-2,7.175743580E-3,-8.962631226E-3,1.756432832E-2
1.360596921E1,-8.463531733E-3,-7.162809372E-3,1.485824585E-2,1.853927391E-2
1.361099729E1,1.121759415E-3,1.666039228E-2,1.948070526E-2,2.565784271E-2
1.361602302E1,1.068180799E-2,-1.200246811E-2,-3.291702271E-2,3.662909563E-2
1.362101463E1,-1.317742467E-2,1.660478115E-2,5.345344543E-3,2.186174710E-2
1.362603697E1,-2.254754305E-2,-3.094547987E-2,5.294799805E-3,3.865293426E-2
1.363105932E1,-2.228796482E-2,1.681643724E-2,1.474285126E-2,3.157368526E-2
1.363608166E1,1.660108566E-3,-7.098615170E-3,2.886676788E-2,2.977308492E-2
1.364110400E1,-7.937639952E-3,1.667314768E-2,4.889488220E-3,1.910254110E-2
1.364612635E1,1.486778259E-3,-2.489447594E-3,-9.387969971E-3,9.825570675E-3
1.365125656E1,1.438111067E-3,-7.247507572E-3,-1.880264282E-2,2.020232429E-2
1.365628250E1,1.578763127E-2,2.282738686E-3,-1.390171051E-2,2.115934196E-2
1.366130843E1,-2.231964469E-2,1.173377037E-2,-4.287719727E-3,2.557796799E-2
1.366624916E1,1.581546664E-2,-2.585172653E-3,-9.000778198E-3,1.838004654E-2
1.367126942E1,-2.233752608E-2,1.165008545E-2,1.482009888E-2,2.922883667E-2
1.367633124E1,1.580619812E-2,1.917421818E-3,1.945590973E-2,2.514050176E-2
1.368135578E1,6.092250347E-3,1.136672497E-2,1.455116272E-2,1.944361816E-2
1.368638682E1,1.080793142E-2,-2.953410149E-3,1.917648315E-2,2.220971678E-2
1.369141197E1,1.287102699E-3,1.790702343E-3,4.770278931E-3,5.255360056E-3
1.369647166E1,6.088197231E-3,1.749098301E-3,9.477615356E-3,1.139959136E-2
1.370150000E1,-1.294541359E-2,-2.198266983E-2,1.889419556E-2,3.174605695E-2
1.370652833E1,-1.757171750E-2,1.146292686E-2,-2.593994141E-4,2.098168812E-2
1.371155666E1,-7.859110832E-3,1.138788462E-2,9.235382080E-3,1.663555894E-2
1.371654187E1,-3.031045198E-3,1.767635345E-3,9.159088135E-3,9.808193777E-3
1.372156791E1,-3.628936410E-2,1.127815247E-2,4.334449768E-3,3.824790353E-2
1.372659395E1,6.866902113E-3,6.458938122E-3,4.290580750E-3,1.035766911E-2
1.373158791E1,-2.673447132E-3,-7.868528366E-3,1.375293732E-2,1.606873807E-2
1.373661182E1,-7.437467575E-3,-2.682512999E-2,-2.909469604E-2,4.026667183E-2
1.374163572E1,1.638731360E-2,1.908004284E-3,4.384994507E-3,1.707081440E-2
1.374665963E1,2.019017935E-3,1.915812492E-3,2.808856964E-2,2.822613178E-2
1.375168354E1,6.709486246E-3,-1.231932640E-2,1.360893250E-2,1.954446347E-2
1.375677734E1,-1.232659817E-2,-1.229715347E-2,8.751869202E-3,1.948743750E-2
1.376180406E1,-7.458567619E-3,-2.727746964E-3,-8.172988892E-4,7.983659055E-3
1.376682739E1,6.865829229E-3,2.100753784E-2,-1.505470276E-2,2.674135996E-2
1.377185380E1,1.157054305E-2,-2.193129063E-2,1.831150055E-2,3.082482810E-2
1.377690208E1,1.153945923E-2,2.090871334E-2,-8.335113525E-4,2.389619539E-2
1.378193072E1,1.956343651E-3,-3.084182739E-3,-5.570411682E-3,6.661002174E-3
1.378695937E1,-2.189588547E-2,-3.147035837E-2,-1.027202606E-2,3.969039904E-2
1.379198802E1,-1.225498319E-2,2.004623413E-3,-6.856918335E-4,1.243677214E-2
1.379696203E1,-1.698750257E-2,1.615357399E-2,4.077911377E-3,2.379375039E-2
1.380198791E1,6.809443235E-3,-2.952158451E-3,2.304077148E-2,2.420662941E-2
1.380700895E1,-2.676516771E-3,1.139259338E-2,8.595466614E-3,1.452022632E-2
1.381203432E1,-2.168384194E-2,1.772224903E-3,-2.471160889E-2,3.292405498E-2
1.381705968E1,-7.293343544E-3,-7.716119289E-3,1.348209381E-2,1.716095016E-2
1.382213338E1,2.122560143E-2,-2.662450075E-2,3.872871399E-3,3.426936430E-2
1.382716197E1,-1.212325692E-2,6.808936596E-3,3.838539124E-3,1.442460948E-2
1.383219057E1,2.603319287E-2,-1.701802015E-2,-5.692481995E-3,3.161873641E-2
1.383721916E1,-2.768933773E-3,6.895363331E-3,1.810073853E-2,1.956654709E-2
1.384218755E1,-1.232957840E-2,-1.218312979E-2,-1.053524017E-2,2.028394539E-2
1.384721312E1,-2.650517225E-2,2.134144306E-3,-1.044368744E-2,2.856832749E-2
1.385224109E1,1.646775007E-2,-2.634996176E-2,-5.610466003E-3,3.157506304E-2
1.385726687E1,-1.214823127E-2,2.127850056E-2,3.936767578E-3,2.481637056E-2
1.386229265E1,-7.286250591E-3,1.163166761E-2,-5.595207214E-3,1.482199322E-2
1.386733343E1,-1.671347022E-2,-1.697784662E-2,-7.991790771E-4,2.383749253E-2
1.387236020E1,-3.080740571E-2,2.082049847E-3,3.959655762E-3,3.113053247E-2
1.387738697E1,2.752780914E-3,-7.455945015E-3,1.817035675E-2,1.983256875E-2
1.388242432E1,-6.800144911E-3,-1.211899519E-2,-9.746551514E-4,1.393061262E-2
1.388745177E1,-2.572184801E-2,-2.443373203E-3,1.327323914E-2,2.904758880E-2
1.389247921E1,-1.752614975E-3,-2.446055412E-3,3.666877747E-3,4.743504900E-3
1.389747026E1,2.201682329E-2,-1.194536686E-2,3.637313843E-3,2.531130872E-2
1.390249515E1,-1.144209504E-2,-2.322316170E-3,-1.141548157E-3,1.173106234E-2
1.390752005E1,-1.613113284E-2,-1.652175188E-2,-4.861736298E-2,5.382220466E-2
1.391254494E1,-1.683652401E-3,-1.171201468E-2,1.352024078E-2,1.796671601E-2
1.391762755E1,-1.590228081E-2,-6.888329983E-3,1.815700531E-2,2.509996946E-2
1.392265546E1,3.173124790E-2,-2.055168152E-3,3.757476807E-3,3.201897003E-2
1.392768338E1,-1.756489277E-3,-1.630783081E-2,-1.051807404E-2,1.948487828E-2
1.393271130E1,-1.121944189E-2,-6.598174572E-3,1.805496216E-2,2.225743567E-2
1.393768604E1,3.084480762E-3,7.678508759E-3,-1.058387756E-2,1.343473046E-2
1.394271125E1,-1.676648855E-3,2.844750881E-3,-9.975433350E-4,3.449471215E-3
1.394771953E1,1.734760404E-2,1.224303246E-2,1.800823212E-2,2.784111408E-2
1.395274307E1,2.197122574E-2,2.618014812E-3,-5.883216858E-3,2.289543628E-2
1.395779630E1,1.700100303E-2,1.207226515E-2,-1.082420349E-3,2.087930371E-2
1.396282281E1,2.166956663E-2,-1.653748751E-2,3.673553467E-3,2.750551956E-2
1.396784104E1,7.256835699E-3,-2.123117447E-3,1.313686371E-2,1.515739028E-2
1.397286671E1,1.196146011E-2,2.620220184E-3,1.302814484E-2,1.787944741E-2
1.397789890E1,2.277940512E-3,2.575635910E-3,1.767349243E-2,1.800486734E-2
1.398292520E1,-2.521336079E-3,-2.167642117E-3,-1.467704773E-3,3.634551591E-3
1.398795151E1,-2.538591623E-3,2.167636156E-2,3.289222717E-3,2.207097832E-2
1.399297781E1,6.886363029E-3,2.484500408E-3,-2.997207642E-2,3.085320247E-2
1.399800265E1,2.103617787E-2,-7.001101971E-3,3.675651550E-2,4.292525644E-2
1.400302890E1,6.528675556E-3,7.384181023E-3,-6.287574768E-3,1.169116463E-2
1.400805515E1,-7.751345634E-3,-1.164394617E-2,8.007049561E-3,1.611762030E-2
1.401304666E1,-2.921640873E-3,2.167105675E-2,-2.054977417E-2,3.000773074E-2
1.401807057E1,-7.625877857E-3,-2.172827721E-3,2.235221863E-2,2.371701649E-2
1.402309447E1,-7.542341948E-3,-3.531485796E-2,-1.582813263E-2,3.942785687E-2
1.402812026E1,1.147964597E-2,-6.447613239E-3,2.228832245E-2,2.588673996E-2
1.403314427E1,-2.664208412E-2,-3.490364552E-2,-1.588249207E-2,4.669388258E-2
1.403816828E1,1.633003354E-2,1.765358448E-2,3.648090363E-2,4.369411139E-2
1.404319229E1,1.958936453E-3,-1.569753885E-2,2.934455872E-3,1.608916372E-2
1.404825994E1,-2.788752317E-3,-6.038963795E-3,1.240444183E-2,1.407538278E-2
1.405328619E1,1.619383693E-2,3.538846970E-3,-1.944541931E-3,1.668966853E-2
1.405829739E1,-7.672965527E-3,-2.024924755E-2,1.231765747E-2,2.491246900E-2
1.406332213E1,-2.843290567E-3,1.318943501E-2,1.221179962E-2,1.819817428E-2
1.406836119E1,-2.174121141E-2,1.305568218E-2,-2.137184143E-3,2.544992470E-2
1.407338739E1,-2.603560686E-3,1.292806864E-2,-2.111053467E-2,2.489112615E-2
1.407841755E1,-7.319360971E-3,8.055448532E-3,-6.688117981E-3,1.277474924E-2
1.408344411E1,2.304673195E-3,1.271784306E-2,-2.562808990E-2,2.870285774E-2
1.408846885E1,-1.189717650E-2,-2.064412832E-2,3.074645996E-3,2.402449356E-2
1.409349526E1,2.413541079E-3,3.248691559E-3,3.051757812E-3,5.068767417E-3
1.409852166E1,-2.337187529E-3,3.199815750E-3,3.026962280E-3,4.986358092E-3
1.410354807E1,1.189082861E-2,-1.584029198E-2,1.250171661E-2,2.342220257E-2
1.410857531E1,-1.198762655E-2,-6.230890751E-3,-1.609039307E-2,2.101018655E-2
1.411360171E1,2.375960350E-3,3.295779228E-3,-1.120662689E-2,1.192039574E-2
1.411862619E1,7.019579411E-3,-1.564466953E-2,3.637123108E-2,4.021065319E-2
1.412365244E1,6.927788258E-3,-5.988180637E-3,-1.141643524E-2,1.463514780E-2
1.412867869E1,-2.715051174E-3,1.788729429E-2,1.716899872E-2,2.494195896E-2
1.413370494E1,2.019703388E-3,3.575682640E-3,-1.146888733E-2,1.218195734E-2
1.413873760E1,1.963287592E-3,1.302480698E-2,2.875328064E-3,1.348212173E-2
1.414376416E1,-7.592737675E-3,-1.241624355E-3,-1.900672913E-3,7.924888262E-3
1.414879072E1,2.577084303E-2,2.724373341E-2,1.235866547E-2,3.948536403E-2
1.415381494E1,1.607155800E-2,-1.098996401E-2,7.508277893E-3,2.086740334E-2
1.415884135E1,1.704692841E-3,3.276526928E-3,2.700805664E-3,4.575582763E-3
1.416386130E1,-3.087282181E-3,-3.001677990E-2,2.642345428E-2,4.010906784E-2
1.416888703E1,2.069690824E-2,3.451049328E-3,-2.128028870E-2,2.988515416E-2
1.417391276E1,6.346702576E-3,-6.096601486E-3,2.637863159E-3,9.187355730E-3
1.417893500E1,6.309986115E-3,8.229255676E-3,7.361412048E-3,1.271719156E-2
1.418396052E1,-3.171652555E-3,8.138418198E-3,-2.199172974E-3,9.007196704E-3
1.418898604E1,2.061688900E-2,3.658837080E-2,4.055309296E-2,5.838080454E-2
1.419399114E1,-8.074551821E-3,3.119409084E-3,-3.101634979E-2,3.220160019E-2
1.419901531E1,-8.039176464E-3,-1.628637314E-3,7.229804993E-3,1.093393332E-2
1.420403947E1,-1.744934916E-2,7.804930210E-3,-2.131748199E-2,2.863270439E-2
1.420906312E1,6.500422955E-3,-1.826703548E-3,-6.893157959E-3,9.649247177E-3
1.421408724E1,-1.732793450E-2,7.711589336E-3,-1.158428192E-2,2.222434503E-2
1.421911135E1,-1.721513271E-2,4.091274738E-2,-1.990318298E-3,4.443168981E-2
1.422413546E1,1.618796587E-2,2.557992935E-3,-2.571487427E-2,3.049341446E-2
1.422915958E1,-2.920746803E-3,7.362663746E-3,1.723003387E-2,1.896348192E-2
1.423418802E1,-1.242157817E-2,-1.166963577E-2,-1.615333557E-2,2.348204108E-2
1.423921229E1,-2.907216549E-3,1.699823141E-2,-6.523132324E-3,1.843754416E-2
1.424423656E1,2.082505822E-2,7.387399673E-3,1.252555847E-2,2.539973108E-2
1.424927145E1,-3.122150898E-3,-1.644319296E-2,-6.569862366E-3,1.798025340E-2
1.425429645E1,-7.930606604E-3,-2.084851265E-3,1.723289490E-2,1.908438609E-2
1.425932145E1,1.114377379E-2,-2.140939236E-3,2.659034729E-2,2.891044594E-2
1.426434187E1,-2.216780186E-2,2.546906471E-3,7.378578186E-3,2.350194860E-2
1.426936656E1,-1.257175207E-2,2.619194984E-2,-1.166820526E-2,3.130837270E-2
1.427439124E1,6.496310234E-3,-1.209306717E-2,-2.106094360E-2,2.513976264E-2
1.427945557E1,-2.203086019E-2,-7.216691971E-3,2.659702301E-2,3.528230543E-2
1.428448302E1,-7.583916187E-3,7.064104080E-3,-2.110862732E-2,2.351577127E-2
1.428949869E1,1.154282689E-2,1.642584801E-2,-6.685256958E-3,2.115982032E-2
1.429452505E1,2.129286528E-3,6.710410118E-3,1.710891724E-2,1.850077063E-2
1.429956140E1,-2.615511417E-3,-1.716732979E-2,2.724647522E-3,1.757787860E-2
1.430458880E1,1.636677980E-2,1.944780350E-3,2.169895172E-2,2.724881938E-2
1.430961619E1,6.803393364E-3,1.614910364E-2,-2.122020721E-2,2.752048153E-2
1.431465708E1,1.151359081E-2,6.492555141E-3,-1.629352570E-2,2.098082518E-2
1.431968541E1,1.612958312E-2,1.116460562E-2,-3.040027618E-2,3.617994835E-2
1.432471328E1,1.601037383E-2,-7.944703102E-3,-6.403923035E-3,1.898580016E-2
1.432974156E1,-3.095299006E-3,-7.854044437E-3,-3.009605408E-2,3.125762884E-2
1.433476984E1,6.449252367E-3,6.481468678E-3,-1.085376740E-2,1.419177787E-2
1.433979812E1,6.262183189E-3,1.594913006E-2,2.248096466E-2,2.826629548E-2
1.434478557E1,1.088404655E-2,1.641631126E-3,2.229309082E-2,2.486240778E-2
1.434981182E1,5.963385105E-3,-2.992272377E-3,-2.538108826E-2,2.624338578E-2
1.435483807E1,5.883961916E-3,2.090352774E-2,-1.093101501E-2,2.431184010E-2
1.435983994E1,-8.443325758E-3,1.131135225E-2,1.764774323E-2,2.259821410E-2
1.436486453E1,1.094430685E-3,-7.751584053E-3,-3.473281860E-2,3.560412226E-2
1.436989161E1,5.804240704E-3,-7.609844208E-3,-5.956649780E-3,1.127300384E-2
1.437491645E1,5.881428719E-3,-1.221764088E-2,-1.541519165E-2,2.053022372E-2
1.437994130E1,-3.590643406E-3,2.103686333E-3,8.454322815E-3,9.423045713E-3
1.438496614E1,1.155197620E-3,-7.485866547E-3,3.642082214E-3,8.404608400E-3
1.438999098E1,-8.274167776E-3,1.149064302E-2,4.634952545E-2,4.846416448E-2
1.439505739E1,1.081141829E-2,-1.237338781E-2,1.747322083E-2,2.398543178E-2
1.440008390E1,1.243591309E-3,2.003848553E-3,-6.417274475E-3,6.836910125E-3
1.440510869E1,-3.437817097E-3,1.959264278E-3,1.262855530E-2,1.323396055E-2
1.441013500E1,1.080071926E-2,-2.877533436E-3,7.781028748E-3,1.361910950E-2
1.441516156E1,1.067510247E-2,-7.673919201E-3,2.974510193E-3,1.347941243E-2
1.442018791E1,1.060548425E-2,-7.632672787E-3,-1.129436493E-2,1.727126716E-2
1.442521427E1,1.036196947E-3,1.615333557E-2,-1.119899750E-2,1.968302566E-2
1.443024062E1,-1.319861412E-2,-2.946078777E-3,-1.611709595E-3,1.361911901E-2
1.443526463E1,1.079380512E-3,-2.845704556E-3,7.897377014E-3,8.463548925E-3
1.444029083E1,-3.600627184E-3,-2.648860216E-2,7.822990417E-3,2.785336137E-2
1.444531703E1,5.890756845E-3,-7.345497608E-3,-2.072620392E-2,2.276472886E-2
1.445036421E1,1.060664654E-3,-1.670002937E-2,-6.311416626E-3,1.788434987E-2
1.445539182E1,1.067152619E-2,2.462327480E-3,3.231048584E-3,1.141859023E-2
1.446041942E1,-2.258583903E-2,7.219493389E-3,-3.478908539E-2,4.210132625E-2
1.446545453E1,1.318961382E-3,-1.181054115E-2,-1.550483704E-2,1.953531451E-2
1.447048265E1,-2.246692777E-2,-2.118009329E-2,-1.130104065E-3,3.089718968E-2
1.447551078E1,1.433670521E-3,1.221060753E-2,1.312732697E-2,1.798557924E-2
1.448053890E1,-3.407627344E-3,1.213520765E-2,3.522872925E-3,1.308762097E-2
1.448552651E1,1.340299845E-3,-2.112805843E-2,2.248382568E-2,3.088225501E-2
1.449055255E1,-3.674298525E-2,-1.132303476E-2,-6.197929382E-3,3.894447855E-2
1.449557859E1,1.096075773E-2,-1.594609022E-2,1.759815216E-2,2.615551496E-2
1.450060109E1,-1.760569215E-2,-1.103371382E-2,7.951736450E-3,2.224709755E-2
1.450562692E1,6.299376488E-3,-1.565939188E-2,1.737976074E-2,2.422714968E-2
1.451065276E1,-2.217337489E-2,1.773881912E-2,-1.763343811E-3,2.845054726E-2
1.451567859E1,-7.724076509E-3,1.287060976E-2,1.724243164E-2,2.286078307E-2
1.452073322E1,2.559563518E-2,-1.574897766E-2,-1.893997192E-3,3.011235731E-2
1.452576046E1,-1.258346438E-2,-1.089560986E-2,-2.087116241E-2,2.669575454E-2
1.453078770E1,-2.907693386E-3,1.285940409E-2,-1.119899750E-2,1.729845367E-2
1.453581494E1,1.932412386E-3,-1.576042175E-2,3.137588501E-3,1.618547414E-2
1.454077171E1,1.934915781E-3,-1.095551252E-2,-2.062702179E-2,2.343589515E-2
1.454579552E1,-1.705315709E-2,3.354251385E-3,-4.894542694E-2,5.193954166E-2
1.455081932E1,2.104997635E-3,3.402411938E-3,3.689765930E-3,5.442590804E-3
1.455584312E1,1.160642505E-2,-6.098628044E-3,3.689575195E-2,3.915608354E-2
1.456086692E1,1.622849703E-2,1.297020912E-2,-1.399993896E-3,2.082187368E-2
1.456593177E1,6.566286087E-3,3.285050392E-3,2.710914612E-2,2.808582333E-2
1.457095724E1,-1.251873374E-2,1.748025417E-2,-1.605033875E-3,2.156047574E-2
1.457599474E1,-7.750868797E-3,7.760107517E-3,-1.582908630E-2,1.925760133E-2
1.458102145E1,-3.025799990E-3,-2.087062597E-2,2.229976654E-2,3.069231307E-2
1.458608744E1,-2.981930971E-3,-2.067089081E-2,-1.112842560E-2,2.366473104E-2
1.459111802E1,2.070692182E-2,7.961094379E-3,-1.532554626E-3,2.223745396E-2
1.459614859E1,2.509766817E-2,3.117322922E-3,2.698135376E-2,3.698113168E-2
1.460117916E1,1.536157727E-2,1.266270876E-2,-1.123428345E-2,2.285894516E-2
1.460611520E1,-1.798456907E-2,-1.615524292E-3,-1.114654541E-2,2.122027611E-2
1.461114093E1,1.177877188E-3,1.741671562E-2,-1.559257507E-3,1.752599959E-2
1.461616666E1,1.068687439E-2,-3.493976593E-2,-6.298065186E-3,3.707643662E-2
1.462120651E1,-1.322641969E-2,-1.093590260E-2,-1.573657990E-2,2.328458911E-2
1.462623317E1,5.744665861E-3,8.222758770E-3,3.390312195E-3,1.058816152E-2
1.463125984E1,1.040911674E-2,-1.081299782E-2,-1.088333130E-2,1.853962064E-2
1.463628651E1,8.958876133E-4,-5.950152874E-3,-1.300811768E-3,6.156220033E-3
1.464135395E1,-1.333475113E-2,1.311516762E-2,2.244949341E-2,2.921990697E-2
1.464638270E1,1.040905714E-3,-2.026128769E-2,-1.479148865E-3,2.034185697E-2
1.465138000E1,1.059961319E-2,-1.126050949E-3,8.028030396E-3,1.334425204E-2
1.465640557E1,9.818673134E-4,-1.538997889E-2,3.216743469E-3,1.575318863E-2
1.466140630E1,5.635380745E-3,-2.478396893E-2,7.944107056E-3,2.662914698E-2
1.466642942E1,1.505002379E-2,-1.985436678E-2,-1.111316681E-2,2.728005815E-2
1.467145255E1,-1.829522848E-2,8.774101734E-3,-2.051639557E-2,2.885520289E-2
1.467654276E1,-3.929495811E-3,1.342111826E-2,-1.559352875E-2,2.094577503E-2
1.468157010E1,5.720436573E-3,3.786742687E-3,-5.970001221E-3,9.094159078E-3
1.468659744E1,-1.805272698E-2,8.581519127E-3,-2.491950989E-2,3.194566317E-2
1.469159067E1,1.530942321E-2,8.633613586E-3,8.521080017E-3,1.953270404E-2
1.469661552E1,1.039916277E-2,1.808470488E-2,-5.795478821E-3,2.165148289E-2
1.470164036E1,-8.667021990E-3,1.796257496E-2,3.223800659E-2,3.790858001E-2
1.470666859E1,1.036870480E-2,-1.060283184E-2,-6.021499634E-3,1.600589079E-2
1.471169364E1,8.551776409E-4,-9.398460388E-4,-2.497386932E-2,2.500617500E-2
1.471671869E1,5.618214607E-3,-1.040560007E-2,3.696155548E-2,3.880718273E-2
1.472174739E1,-1.344916224E-2,8.747696877E-3,-2.033138275E-2,2.589917548E-2
1.472677270E1,2.462139726E-2,3.949582577E-3,3.580093384E-3,2.519185333E-2
1.473179802E1,-4.055589437E-3,3.942310810E-3,1.779270172E-2,1.867002557E-2
1.473679364E1,1.499786973E-2,8.678317070E-3,8.144378662E-3,1.914628391E-2
1.474181697E1,5.295425653E-3,8.577227592E-3,-1.091194153E-2,1.485533015E-2
1.474684031E1,9.922713041E-3,-5.874454975E-3,1.768207550E-2,2.110983774E-2
1.475186364E1,1.936668158E-2,-1.065975428E-2,1.278972626E-2,2.553969096E-2
1.475693515E1,4.993200302E-3,8.385956287E-3,1.268386841E-2,1.600427536E-2
1.476196088E1,-9.312301874E-3,3.582298756E-3,-1.667022705E-3,1.011586849E-2
1.476698661E1,-4.562526941E-3,3.520429134E-3,-2.064132690E-2,2.143068944E-2
1.477197197E1,-2.354606986E-2,8.261382580E-3,1.276969910E-2,2.803093047E-2
1.477699505E1,1.466545463E-2,-1.078212261E-2,7.911682129E-3,1.984752986E-2
1.478202546E1,-4.474997520E-3,2.731490135E-2,-1.650810242E-3,2.772822773E-2
1.478704932E1,-1.866209507E-2,-1.379609108E-3,-2.063369751E-2,2.785545883E-2
1.479208265E1,5.208730698E-3,1.279532909E-2,-2.045536041E-2,2.468345786E-2
1.479710744E1,-1.385244727E-2,7.959008217E-3,3.194808960E-2,3.571997391E-2
1.480213224E1,-9.018599987E-3,-3.007161617E-2,-2.055168152E-2,3.752344411E-2
1.480715552E1,1.482078433E-2,-2.035218477E-2,2.710533142E-2,3.699413554E-2
1.481218020E1,-9.071797132E-3,-5.967974663E-3,7.887840271E-3,1.342133559E-2
1.481720489E1,5.163550377E-4,-5.890011787E-3,-1.117515564E-2,1.264290176E-2
1.482222958E1,5.923509598E-4,1.322281361E-2,-1.109027863E-2,1.726811974E-2
1.482731046E1,2.905845642E-2,1.318043470E-2,-3.474330902E-2,4.717218747E-2
1.483233786E1,3.026127815E-4,1.308840513E-2,1.777935028E-2,2.207947508E-2
1.483736526E1,-4.425823689E-3,8.253455162E-3,3.382682800E-3,9.957408315E-3
1.484239265E1,1.458254457E-2,3.401994705E-3,-2.513408661E-2,2.925656309E-2
1.484742937E1,-1.880088449E-2,-2.509987354E-2,1.781177521E-2,3.606572120E-2
1.485245724E1,3.727972507E-4,2.266824245E-2,-1.558208466E-2,2.750980836E-2
1.485748510E1,-2.814337611E-2,-2.493673563E-2,1.778411865E-2,4.159525549E-2
1.486251296E1,6.151497364E-4,3.724932671E-3,3.391265869E-3,5.074861259E-3
1.486750364E1,5.336880684E-3,8.356630802E-3,1.761531830E-2,2.021422797E-2
1.487252953E1,-1.367157698E-2,-1.543855667E-2,7.968902588E-3,2.210801795E-2
1.487755541E1,-1.352748275E-2,-1.529306173E-2,-1.597404480E-3,2.047980048E-2
1.488262151E1,8.580088615E-4,8.492052555E-3,-6.328582764E-3,1.062553978E-2
1.488764994E1,8.780360222E-4,3.588497639E-3,7.973670959E-3,8.787928717E-3
1.489267838E1,1.994368434E-2,-1.170814037E-3,1.739978790E-2,2.649290414E-2
1.489770682E1,-1.338616014E-2,-5.888044834E-3,3.005027771E-3,1.492945234E-2
1.490273526E1,-3.698408604E-3,1.312220097E-2,-1.126766205E-2,1.768701762E-2
1.490776369E1,1.060009003E-3,-1.081669331E-2,7.826805115E-3,1.339340701E-2
1.491276036E1,1.047605276E-2,-5.961835384E-3,-6.481170654E-3,1.368563976E-2
1.491778770E1,-1.343274117E-2,1.305145025E-2,-6.421089172E-3,1.979922410E-2
1.492281505E1,-3.796100616E-3,-1.284122467E-3,1.737213135E-2,1.782835657E-2
1.492780432E1,-3.736943007E-3,-6.003499031E-3,2.672195435E-2,2.764180869E-2
1.493282890E1,1.067072153E-2,1.305907965E-2,1.224613190E-2,2.084158357E-2
1.493785349E1,1.106053591E-3,-6.020188332E-3,1.214122772E-2,1.359689055E-2
1.494293552E1,5.817800760E-3,3.548204899E-3,-2.594757080E-2,2.682746716E-2
1.494796375E1,1.049700379E-2,-1.081430912E-2,-1.982688904E-3,1.520090213E-2
1.495299197E1,7.882714272E-4,1.298254728E-2,-6.706237793E-3,1.463357547E-2
1.495802020E1,5.457580090E-3,3.341555595E-3,1.234912872E-2,1.390870786E-2
1.496304843E1,5.491316319E-3,-1.571536064E-3,2.754211426E-3,6.341132477E-3
1.496802208E1,7.274150848E-4,-6.495773792E-3,-1.625251770E-2,1.751766370E-2
1.497304802E1,7.002949715E-4,-1.597440243E-2,2.880096436E-3,1.624705824E-2
1.497807724E1,7.734596729E-4,7.919609547E-3,-6.645202637E-3,1.036711982E-2
1.498310348E1,-1.350301504E-2,-1.112186909E-2,-1.608657837E-2,2.376563466E-2
1.498812359E1,1.512756944E-2,-2.050757408E-2,-2.545261383E-2,3.601721120E-2
1.499314921E1,7.862746716E-4,2.241605520E-2,-2.049446106E-2,3.038290132E-2
1.499817484E1,-1.818415523E-2,8.000195026E-3,-1.082992554E-2,2.262639850E-2
1.500317062E1,1.523995399E-2,7.947504520E-3,8.251190186E-3,1.906570653E-2
1.500819427E1,1.988488436E-2,-1.594007015E-3,2.717399597E-2,3.371016970E-2
1.501322578E1,-8.800238371E-3,1.263499260E-2,7.956504822E-3,1.733185513E-2
1.501825020E1,1.499357820E-2,2.998113632E-3,-1.110076904E-2,1.889505612E-2
1.502327463E1,6.462037563E-4,-1.804769039E-3,4.122638702E-2,4.127093115E-2
1.502833380E1,1.496139169E-2,-1.819133759E-3,-1.610088348E-2,2.205427255E-2
1.503336057E1,5.265593529E-3,-1.889705658E-3,-6.461143494E-3,8.546568781E-3
1.503838734E1,2.418991923E-2,7.591843605E-3,-1.655578613E-3,2.540726712E-2
1.504341390E1,9.768664837E-3,-6.696224213E-3,-1.589012146E-2,1.981822877E-2
1.504844067E1,4.967629910E-3,2.874970436E-3,-6.263732910E-3,8.495713737E-3
1.505346744E1,-9.342193604E-3,2.766311169E-3,3.292083740E-3,1.028430232E-2
1.505849671E1,-4.538863897E-3,-6.734788418E-3,-6.232261658E-3,1.023717470E-2
1.506352364E1,2.876695991E-2,7.534325123E-3,-1.430511475E-3,2.977163752E-2
1.506855057E1,6.473064423E-5,7.439315319E-3,-1.566314697E-2,1.734017807E-2
1.507356901E1,4.895776510E-3,2.646088600E-3,-1.078891754E-2,1.213965215E-2
1.507859536E1,1.863241196E-4,1.208949089E-2,1.304149628E-2,1.778401338E-2
1.508362171E1,1.931017637E-2,-1.183664799E-2,-6.062507629E-3,2.344660201E-2
1.508865010E1,1.799464226E-4,1.197606325E-2,-1.262664795E-3,1.204378654E-2
1.509367661E1,-1.409423351E-2,2.402842045E-3,1.774215698E-2,2.278607475E-2
1.509869916E1,2.414584160E-4,2.406775951E-3,3.348350525E-3,4.130656592E-3
1.510372526E1,2.400612831E-2,-2.337515354E-3,-3.466987610E-2,4.223456503E-2
1.510875135E1,-4.554301500E-3,-7.096230984E-3,-1.539134979E-2,1.754969529E-2
1.511377744E1,-1.403799653E-2,2.430558205E-3,-5.763053894E-3,1.536833595E-2
1.511880072E1,-9.090781212E-3,1.662427187E-2,8.528709412E-3,2.077853706E-2
1.512382666E1,5.354017019E-3,-7.280409336E-3,1.795005798E-2,2.009662758E-2
1.512885260E1,5.229234695E-3,-2.342104912E-3,-2.493953705E-2,2.558927234E-2
1.513387953E1,5.111724138E-3,-6.998300552E-3,-5.738258362E-3,1.039391857E-2
1.513890552E1,9.843528271E-3,1.207786798E-2,1.804924011E-2,2.384418194E-2
1.514393151E1,-1.396504045E-2,2.511978149E-3,-1.534366608E-2,2.089881522E-2
1.514895645E1,-1.858144999E-2,-2.173781395E-3,-1.047325134E-2,2.144025659E-2
1.515398239E1,4.827380180E-4,1.686805487E-2,8.609771729E-3,1.894445777E-2
1.515900833E1,-2.329382300E-2,7.206320763E-3,-1.520156860E-2,2.873362033E-2
1.516401984E1,-8.929491043E-3,7.117390633E-3,8.673667908E-3,1.433965044E-2
1.516904479E1,5.311459303E-3,-7.161915302E-3,-1.039028168E-2,1.369169763E-2
1.517405791E1,-1.850605011E-2,7.068216801E-3,2.294254303E-2,3.031161263E-2
1.517908171E1,6.692409515E-4,1.658123732E-2,8.500099182E-3,1.864502616E-2
1.518410552E1,-8.761376143E-3,-1.676791906E-2,-5.822181702E-3,1.979450988E-2
1.518913291E1,-8.771657944E-3,-7.154107094E-3,-5.767822266E-3,1.270397596E-2
1.519415692E1,7.666051388E-4,1.657348871E-2,-9.651184082E-4,1.661925585E-2
1.519918093E1,3.871279955E-2,-2.527177334E-3,2.753353119E-2,4.757271081E-2
1.520420494E1,4.248321056E-4,-2.479553223E-3,-1.068687439E-2,1.097897767E-2
1.520923864E1,-4.304796457E-3,2.212822437E-3,4.163932800E-2,4.191970291E-2
1.521426317E1,5.198568106E-3,2.591198683E-2,2.705001831E-2,3.781745182E-2
1.521928770E1,-1.862019300E-2,-2.765536308E-3,-6.414413452E-3,1.988729440E-2
1.522431224E1,5.195945501E-3,1.929581165E-3,-1.584911346E-2,1.679034040E-2
1.522937833E1,9.822040796E-3,6.686687469E-3,3.278732300E-3,1.232616567E-2
1.523440489E1,-1.883590221E-2,-2.784729004E-3,-1.574325562E-2,2.470619407E-2
1.523942724E1,-2.351579070E-2,-1.227807999E-2,-1.085758209E-2,2.866410210E-2
1.524445338E1,-1.380798221E-2,-1.219534874E-2,2.247333527E-2,2.905921027E-2
1.524947776E1,-8.926361799E-3,2.078056335E-3,1.754093170E-2,1.979097112E-2
1.525450369E1,1.490858197E-2,-1.690363884E-2,2.688884735E-2,3.508573691E-2
1.525952963E1,1.955088973E-2,-1.198464632E-2,2.191352844E-2,3.171863436E-2
1.526455416E1,9.915560484E-3,2.333641052E-3,-2.100467682E-2,2.334439266E-2
1.526958000E1,-1.858821511E-2,-1.200497150E-2,2.913475037E-3,2.231881311E-2
1.527461010E1,5.275756121E-3,1.656401157E-2,-1.135349274E-2,2.076299303E-2
1.527963635E1,-4.292041063E-3,2.153396606E-3,-1.125621796E-2,1.223769489E-2
1.528466447E1,-9.034752846E-3,-7.334351540E-3,-1.665115356E-3,1.175551278E-2
1.528969093E1,-3.263485432E-2,1.644980907E-2,2.208900452E-2,4.270309187E-2
1.529471739E1,1.983764768E-2,-1.694869995E-2,1.241111755E-2,2.889336488E-2
1.529973468E1,1.489111781E-2,2.267777920E-3,-6.690025330E-3,1.648164571E-2
1.530476052E1,-2.329552174E-2,-2.528965473E-3,-1.612567902E-2,2.844493844E-2
1.530978635E1,-4.088133574E-3,6.967306137E-3,1.724815369E-2,1.904612812E-2
1.531482005E1,-4.034638405E-3,-7.306218147E-3,1.710128784E-2,1.902927157E-2
1.531984640E1,1.031574607E-2,7.030189037E-3,-1.153755188E-2,1.699862578E-2
1.532487229E1,-1.348644495E-2,-1.199734211E-2,-6.695747375E-3,1.925236214E-2
1.532989859E1,5.539804697E-3,2.272367477E-3,-6.631851196E-3,8.935017645E-3
1.533492265E1,-8.780121803E-3,2.122342587E-2,-1.825332642E-3,2.304031648E-2
1.533994869E1,-3.934830427E-3,-2.171385288E-2,2.938270569E-3,2.226224902E-2
1.534497474E1,5.518615246E-3,-7.210373878E-3,7.660865784E-3,1.187996087E-2
1.534999744E1,-1.350066066E-2,-7.119834423E-3,7.594108582E-3,1.704788449E-2
1.535502328E1,5.630016327E-3,7.212996483E-3,2.779960632E-3,9.563084399E-3
1.536004911E1,8.589923382E-4,-1.181304455E-2,-1.149177551E-2,1.650293288E-2
1.536507494E1,2.456396818E-2,1.200681925E-2,1.234912872E-2,3.000088701E-2
1.537010578E1,1.483204961E-2,1.193749905E-2,1.699447632E-2,2.552069365E-2
1.537513187E1,2.897554636E-2,-7.125198841E-3,-1.164054871E-2,3.202894191E-2
1.538015630E1,5.013436079E-3,-2.608060837E-2,2.701759338E-3,2.669517143E-2
1.538518218E1,1.934468746E-4,-6.993412971E-3,2.643108368E-2,2.734131363E-2
1.539020807E1,9.652763605E-3,2.494454384E-3,1.671981812E-2,1.946665009E-2
1.539523395E1,4.846096039E-3,-2.398848534E-3,1.183891296E-2,1.301533639E-2
1.540030224E1,1.907706261E-2,2.346277237E-3,-1.200199127E-2,2.266025439E-2
1.540533026E1,4.695117474E-3,7.106363773E-3,7.089614868E-3,1.108183979E-2
1.541035828E1,4.678666592E-3,-2.418637276E-3,-2.146339417E-2,2.210015874E-2
1.541538630E1,-3.430247307E-5,2.277910709E-3,-3.078079224E-2,3.086498379E-2
1.542041432E1,-1.905032992E-2,-7.211744785E-3,-6.782531738E-3,2.146921214E-2
1.542538770E1,9.625405073E-3,1.656830311E-2,2.176475525E-2,2.899761476E-2
1.543041348E1,-2.361950278E-2,-7.332384586E-3,1.683235168E-2,2.991609665E-2
1.543545541E1,3.398358822E-4,2.125400305E-2,3.568363190E-2,4.153516245E-2
1.544048281E1,-1.389172673E-2,-7.532477379E-3,-2.594947815E-3,1.601412006E-2
1.544550171E1,9.935021400E-3,1.155847311E-2,-7.322311401E-3,1.690914531E-2
1.545052828E1,-1.861217618E-2,2.046227455E-3,-7.267951965E-3,2.008539954E-2
1.545555484E1,1.485759020E-2,-1.213258505E-2,1.177787781E-2,2.250924282E-2
1.546058140E1,-1.837888360E-2,-2.502381802E-3,1.167106628E-2,2.191481383E-2
1.546559911E1,1.973736286E-2,-1.200044155E-2,1.157665253E-2,2.583782061E-2
1.547062520E1,1.469928026E-2,-1.192486286E-2,-2.758026123E-3,1.912793514E-2
1.547563937E1,1.929390430E-2,-1.184213161E-2,2.575874329E-2,3.429291006E-2
1.548066427E1,-2.357992530E-2,-7.014095783E-3,2.079582214E-2,3.221298861E-2
1.548568697E1,3.824830055E-4,7.322490215E-3,5.860805511E-2,5.906495814E-2
1.549071166E1,-9.094387293E-3,-1.164811850E-2,-1.311397552E-2,1.975760357E-2
1.549573635E1,3.838953376E-2,1.227349043E-2,5.988121033E-3,4.074619569E-2
1.550074661E1,8.285045624E-6,1.214754581E-2,-1.305103302E-2,1.782953731E-2
1.550577031E1,-1.415923238E-2,-2.220273018E-3,1.300811768E-3,1.439116344E-2
1.551079401E1,-1.876014471E-2,-2.276957035E-3,2.028656006E-2,2.772493610E-2
1.551581770E1,-4.383713007E-3,2.151530981E-2,-2.262020111E-2,3.152457762E-2
1.552084140E1,4.242360592E-4,2.323746681E-3,-1.293468475E-2,1.314860618E-2
1.552592859E1,-9.000897408E-3,2.233624458E-3,1.091670990E-2,1.432409814E-2
1.553095484E1,5.335867405E-3,-2.598285675E-3,1.557731628E-2,1.666959364E-2
1.553598109E1,-4.128009081E-3,2.151310444E-3,5.948066711E-3,7.553018814E-3
1.554098885E1,-8.819699287E-3,1.636099815E-2,1.539516449E-2,2.413463167E-2
1.554601385E1,-4.081904888E-3,1.963794231E-3,1.052284241E-2,1.145638021E-2
1.555103885E1,1.011645794E-2,3.511744738E-2,1.519203186E-2,3.957746409E-2
1.555608057E1,9.895533323E-3,1.518189907E-3,-2.291202545E-2,2.500374753E-2
1.556110671E1,5.086570978E-3,1.539587975E-3,-3.222084045E-2,3.265618004E-2
1.556613286E1,9.817779064E-3,-2.223581076E-2,1.078414917E-2,2.659168929E-2
1.557114750E1,-9.287893772E-3,1.117146015E-2,1.069736481E-2,1.804162150E-2
1.557617286E1,-9.295463562E-3,-3.078639507E-3,2.010345459E-2,2.236140761E-2
1.558119822E1,-9.144753218E-3,2.542066574E-2,-3.808975220E-3,2.728268774E-2
1.558625260E1,-4.295170307E-3,6.143033504E-3,1.996803284E-2,2.132856498E-2
1.559127989E1,-9.034961462E-3,1.082068682E-2,1.505565643E-2,2.062499897E-2
1.559630718E1,-1.843208075E-2,-3.534555435E-3,5.433082581E-3,1.953850222E-2
1.560133447E1,-4.011660814E-3,1.547193527E-2,-8.857727051E-3,1.827384831E-2
1.560639942E1,7.884204388E-4,-1.311033964E-2,-1.828384399E-2,2.251225363E-2
1.561142859E1,7.448196411E-4,-3.464102745E-3,-1.813220978E-2,1.847516700E-2
1.561642354E1,-1.828572154E-2,1.450836658E-3,5.753517151E-3,1.922434651E-2
1.562144927E1,1.987257600E-2,2.047044039E-2,-3.794670105E-3,2.878120442E-2
1.562647500E1,1.507648826E-2,-8.202552795E-3,-3.767967224E-3,1.757213554E-2
1.563150072E1,-4.076927900E-3,-8.044540882E-3,1.050472260E-2,1.384504156E-2
1.563645171E1,-2.781563997E-2,-2.218794823E-2,9.193420410E-4,3.559297773E-2
1.564147374E1,5.625039339E-3,-3.151607513E-2,-2.282810211E-2,3.931954101E-2
1.564649578E1,8.539259434E-4,1.156789064E-2,1.534366608E-2,1.923469189E-2
1.565151781E1,1.981014013E-2,2.010405064E-3,9.689331055E-4,1.993545114E-2
1.565660911E1,-1.841977239E-2,3.046351671E-2,9.651184082E-4,3.561243208E-2
1.566163468E1,1.029741764E-2,2.074873447E-2,-8.545875549E-3,2.468964927E-2
1.566666026E1,-2.300685644E-2,-2.217614651E-2,1.526737213E-2,3.541453895E-2
1.567163150E1,1.519048214E-2,-1.255828142E-2,5.313110352E-2,5.666899806E-2
1.567665343E1,1.988837123E-2,-2.196860313E-2,1.469707489E-2,3.307825334E-2
1.568167536E1,2.449548244E-2,1.143598557E-2,-1.866531372E-2,3.285124598E-2
1.568669729E1,-2.322089672E-2,-1.701319218E-2,1.472187042E-2,3.233252575E-2
1.569174057E1,-3.730025887E-2,1.640188694E-2,-1.864147186E-2,4.480887948E-2
1.569676359E1,-8.577376604E-3,-2.695083618E-3,-1.373577118E-2,1.641664628E-2
1.570178661E1,-3.732949495E-3,-7.439136505E-3,-4.124641418E-3,9.289151237E-3
1.570680963E1,5.816340446E-3,2.052664757E-3,5.409240723E-3,8.203848730E-3
1.571187083E1,1.102566719E-3,-2.788305283E-3,-4.132270813E-3,5.105483502E-3
1.571689578E1,1.536330581E-2,-1.702880859E-2,5.398750305E-3,2.356179094E-2
1.572192614E1,5.811214447E-3,-2.605557442E-3,-3.263950348E-2,3.325501963E-2
1.572695161E1,5.838871002E-3,2.197921276E-3,1.036357880E-2,1.209657133E-2
1.573194109E1,1.996371150E-2,2.156198025E-3,-3.245449066E-2,3.816402666E-2
1.573696291E1,5.472898483E-3,6.971299648E-3,-1.319217682E-2,1.589292817E-2
1.574198474E1,5.503207445E-3,1.174616814E-2,-1.309204102E-2,1.842984797E-2
1.574705536E1,-8.718103170E-3,2.189338207E-3,-1.298904419E-2,1.579600562E-2
1.575208052E1,-3.934085369E-3,-7.389008999E-3,-3.377914429E-3,9.026892464E-3
1.575710724E1,-3.932088614E-3,-2.492368221E-3,6.143569946E-3,7.708221059E-3
1.576213255E1,-8.730381727E-3,-7.082045078E-3,6.087303162E-3,1.278398167E-2
1.576715786E1,-1.343059540E-2,-6.993472576E-3,1.287460327E-3,1.519694395E-2
1.577220500E1,2.464142442E-2,-2.154707909E-3,-4.146099091E-2,4.827894293E-2
1.577723171E1,1.016274095E-2,-6.853640079E-3,3.960800171E-2,4.146139753E-2
1.578222953E1,1.490157843E-2,-1.621085405E-2,1.552677155E-2,2.694307821E-2
1.578725322E1,3.389841318E-2,-1.599287987E-2,1.063728333E-2,3.896185852E-2
1.579228557E1,9.790360928E-3,-1.580536366E-3,2.004718781E-2,2.236602337E-2
1.579731010E1,-1.401665807E-2,7.913768291E-3,1.513195038E-2,2.209231437E-2
1.580233463E1,-4.382580519E-3,7.932543755E-3,-3.994941711E-3,9.904131547E-3
1.580737062E1,2.416834235E-2,-2.534264326E-2,1.028060913E-2,3.649725008E-2
1.581239593E1,2.445578575E-4,8.088827133E-3,6.980895996E-4,8.122577302E-3
1.581742124E1,2.874696255E-2,-2.992933989E-2,5.437850952E-3,4.185359560E-2
1.582241427E1,-4.718661308E-3,3.596246243E-3,-1.835250854E-2,1.928764686E-2
1.582743744E1,-9.359657764E-3,8.297145367E-3,-3.244686127E-2,3.477419475E-2
1.583246062E1,9.732037783E-3,-2.028334141E-2,-8.434295654E-3,2.402631560E-2
1.583748541E1,9.673774242E-3,-1.053726673E-2,1.062393188E-2,1.781807585E-2
1.584250869E1,-1.423320174E-2,-1.521903276E-2,-1.320171356E-2,2.466755422E-2
1.584753197E1,2.384433150E-2,3.929436207E-3,-1.784038544E-2,3.003784224E-2
1.585256890E1,4.622399807E-3,8.672535419E-3,-2.243995667E-2,2.449757347E-2
1.585759307E1,2.834224701E-2,-9.164810181E-4,1.098632812E-2,3.041089128E-2
1.586261724E1,4.379421473E-3,-8.773207664E-4,-3.353118896E-3,5.585018397E-3
1.586764140E1,-1.468381286E-2,-8.414387703E-4,6.172180176E-3,1.595049176E-2
1.587271796E1,3.293928504E-2,8.641362190E-3,-2.711772919E-2,4.353206721E-2
1.587774479E1,1.364114881E-2,-1.034772396E-2,1.595497131E-3,1.719598625E-2
1.588278599E1,-6.960332394E-4,-1.023668051E-2,-1.741504669E-2,2.021281627E-2
1.588781416E1,-5.420118570E-3,-6.276369095E-4,-3.026962280E-3,6.239720671E-3
1.589284234E1,2.307960391E-2,1.365190744E-2,-1.249885559E-2,2.958486242E-2
1.589787270E1,8.657008410E-3,8.818089962E-3,1.848220825E-3,1.249473591E-2
1.590290104E1,-1.983284950E-2,-7.811784744E-4,1.607608795E-2,2.554198041E-2
1.590792937E1,8.893400431E-3,-6.980299950E-4,-3.060340881E-3,9.431092376E-3
1.591295770E1,-5.453258753E-3,-7.244348526E-4,1.596260071E-2,1.688394084E-2
1.591798604E1,1.350727677E-2,3.997385502E-3,1.583480835E-2,2.119355497E-2
1.592301437E1,1.336100698E-2,3.253042698E-2,-2.228832245E-2,4.163549573E-2
1.592816234E1,-5.775600672E-3,8.538067341E-3,-3.108978271E-3,1.076670344E-2
1.593319468E1,-1.071155071E-3,-1.002252102E-3,-2.682304382E-2,2.686312645E-2
1.593822703E1,2.744647861E-2,8.422017097E-3,1.139259338E-2,3.088738810E-2
1.594325937E1,-2.030128241E-2,-1.067191362E-2,-2.943992615E-3,2.312355726E-2
1.594831994E1,-2.491492033E-2,3.684222698E-3,-7.667541504E-3,2.632713324E-2
1.595335369E1,3.804504871E-3,-1.128077507E-3,2.088832855E-2,2.126191633E-2
1.595838744E1,-1.520043612E-2,8.448362350E-3,6.463050842E-3,1.855260388E-2
1.596342119E1,-1.030775905E-2,-1.539582014E-2,-3.087043762E-3,1.878326419E-2
1.596845494E1,8.838176727E-3,8.445739746E-3,2.068042755E-2,2.402340466E-2
1.597348869E1,8.833765984E-3,-1.153707504E-3,-7.984161377E-3,1.196299692E-2
1.597847093E1,8.835107088E-3,1.306432486E-2,6.326675415E-3,1.699301395E-2
1.598350296E1,8.833914995E-3,-1.557075977E-2,-1.746940613E-2,2.501333174E-2
1.598853500E1,2.297148108E-2,-5.925297737E-3,-1.732254028E-2,2.937462337E-2
1.599356703E1,-5.644947290E-3,1.793926954E-2,2.080249786E-2,2.804330114E-2
1.599859906E1,-5.528748035E-3,1.305943727E-2,1.630783081E-3,1.427499248E-2
1.600361666E1,-2.920460701E-2,1.286274195E-2,-7.875442505E-3,3.286916177E-2
1.600864812E1,-2.894389629E-2,2.216666937E-2,1.593780518E-2,3.978849077E-2
1.601367958E1,-1.361966133E-4,1.239383221E-2,1.580715179E-2,2.008710218E-2
1.601871104E1,3.792506456E-2,2.175045013E-2,1.567459106E-2,4.644443356E-2
1.602374250E1,-5.110263824E-3,7.288932800E-3,-8.197784424E-3,1.210152913E-2
1.602851682E1,-5.051493645E-3,-1.654744148E-2,2.036285400E-2,2.672042722E-2
1.603353770E1,1.870158315E-2,1.684397459E-2,-3.678798676E-2,4.457381139E-2
1.603862281E1,-1.482707262E-2,-7.079541683E-3,-1.272964478E-2,2.078475040E-2
1.604365020E1,-5.446970463E-4,-3.074657917E-2,-7.872581482E-3,3.174313099E-2
1.604864755E1,-5.275368690E-3,1.226484776E-2,6.436347961E-3,1.482169290E-2
1.605367192E1,8.933663368E-3,1.217389107E-2,-1.735687256E-2,2.300597726E-2
1.605866807E1,-1.961231232E-2,-1.645630598E-2,-7.714271545E-3,2.673878805E-2
1.606368963E1,-4.419088364E-4,-6.751775742E-3,1.133918762E-2,1.320450435E-2
1.606875083E1,-1.476839185E-2,2.180927992E-2,1.124763489E-2,2.864017072E-2
1.607377640E1,-5.132377148E-3,-1.634418964E-2,-1.733875275E-2,2.437429337E-2
1.607880197E1,-1.447394490E-2,2.755641937E-3,-7.700920105E-3,1.662506583E-2
1.608383067E1,-9.598910809E-3,2.169883251E-2,-7.635116577E-3,2.492535709E-2
1.608885645E1,4.793763161E-3,1.193404198E-2,-2.820968628E-3,1.316660120E-2
1.609388224E1,-4.721403122E-3,-2.451121807E-3,2.094650269E-2,2.161146965E-2
1.609890802E1,-4.670143127E-3,1.183384657E-2,1.602172852E-2,2.045839549E-2
1.610393380E1,-4.616230726E-3,-1.679074764E-2,-7.852554321E-3,1.910239257E-2
1.610895958E1,2.371966839E-4,7.108449936E-3,-7.791519165E-3,1.054960159E-2
1.611398630E1,2.874076366E-2,-3.092181683E-2,-2.980232239E-3,4.232105901E-2
1.611901208E1,-1.896277070E-2,-2.264559269E-3,3.028869629E-2,3.580670362E-2
1.612401427E1,-4.541814327E-3,-7.082402706E-3,1.549720764E-3,8.555123606E-3
1.612903765E1,-2.348065376E-2,-1.645386219E-2,3.002262115E-2,4.151419592E-2
1.613409958E1,-4.169613123E-3,7.440805435E-3,1.552009583E-2,1.770945040E-2
1.613912671E1,-4.066199064E-3,-2.102971077E-3,1.063728333E-2,1.158051202E-2
1.614415624E1,7.329583168E-4,1.687222719E-2,-1.319217682E-2,2.142995118E-2
1.614918364E1,-2.295061946E-2,1.659452915E-2,-1.782512665E-2,3.346407733E-2
1.615418786E1,-8.606940508E-3,2.179980278E-3,1.323699951E-3,8.976854710E-3
1.615921291E1,-3.773719072E-3,1.167726517E-2,6.059646606E-3,1.368644565E-2
1.616423697E1,-8.478015661E-3,-7.447063923E-3,-3.485679626E-3,1.181039682E-2
1.616926192E1,1.102238894E-3,-2.646350861E-2,3.453636169E-2,4.352347065E-2
1.617426708E1,1.153647900E-3,6.966531277E-3,2.949905396E-2,3.033245202E-2
1.617929005E1,1.101315022E-3,2.117580175E-2,-8.733749390E-3,2.293263729E-2
1.618430859E1,-1.794475317E-2,2.102130651E-2,8.373260498E-4,2.765159324E-2
1.618933109E1,6.010681391E-3,-2.979934216E-3,-1.341342926E-2,1.499761258E-2
1.619435359E1,5.972087383E-3,6.561875343E-3,-8.555412292E-3,1.232554726E-2
1.619941833E1,-8.308559656E-3,-3.024041653E-3,2.950572968E-2,3.080203037E-2
1.620444369E1,2.501118183E-2,1.770138741E-3,-1.822662354E-2,3.099842598E-2
1.620946906E1,1.061969995E-2,1.827836037E-3,2.465438843E-2,2.690646540E-2
1.621452500E1,-1.789399981E-2,-1.246619225E-2,-1.828861237E-2,2.846180811E-2
1.621955239E1,-3.492414951E-3,1.855313778E-3,-3.890037537E-3,5.547210420E-3
1.622457979E1,2.498584986E-2,1.605522633E-2,1.039123535E-2,3.146491312E-2
1.622958380E1,2.009016275E-2,1.589173079E-2,1.505184174E-2,2.971059889E-2
1.623460974E1,-2.280446887E-2,-2.220648527E-2,1.492404938E-2,3.515535576E-2
1.623963567E1,-1.791188121E-2,1.113963127E-2,-3.267765045E-2,3.889416039E-2
1.624466161E1,1.188367605E-3,6.269395351E-3,-2.290439606E-2,2.377664599E-2
1.624970234E1,5.935311317E-3,-3.308594227E-3,2.477264404E-2,2.568771319E-2
1.625472900E1,1.069408655E-2,-2.700006962E-2,-8.678436279E-3,3.030977570E-2
1.625975567E1,-3.681242466E-3,-7.759928703E-3,5.640029907E-3,1.027511445E-2
1.626473744E1,1.060554385E-2,-1.247364283E-2,-1.340007782E-2,2.115730161E-2
1.626976088E1,-3.721177578E-3,1.848399639E-3,2.470016479E-2,2.504719315E-2
1.627478432E1,5.716800690E-3,3.034353256E-2,1.974868774E-2,3.665272768E-2
1.627983505E1,5.578398705E-3,-3.076851368E-3,1.008701324E-2,1.193035551E-2
1.628486026E1,-1.830440760E-2,6.468474865E-3,-2.798175812E-2,3.405688318E-2
1.628988546E1,-4.058569670E-3,6.442606449E-3,1.024532318E-2,1.276502302E-2
1.629489421E1,5.375027657E-3,1.614570618E-3,-2.307319641E-2,2.374595025E-2
1.629991828E1,1.003596187E-2,-1.272416115E-2,8.678436279E-4,1.622892356E-2
1.630494234E1,-1.383310556E-2,-3.148972988E-3,-1.338100433E-2,1.950184908E-2
1.630996640E1,1.477855444E-2,2.054297924E-2,2.472305298E-2,3.537865198E-2
1.631497536E1,1.935440302E-2,1.565247774E-2,5.523681641E-3,2.549713777E-2
1.631999864E1,-2.369645238E-2,1.080310345E-2,-2.775573730E-2,3.806060762E-2
1.632502192E1,-1.400336623E-2,-2.249407768E-2,-1.328086853E-2,2.963881350E-2
1.633009677E1,3.084838390E-4,-2.702474594E-2,5.825042725E-3,2.764711880E-2
1.633512328E1,9.704589844E-3,-7.829666138E-3,-8.461952209E-3,1.506941840E-2
1.634014979E1,1.433214545E-2,-1.723843813E-2,-1.313877106E-2,2.598463868E-2
1.634517630E1,-9.521305561E-3,-2.875328064E-3,-1.302814484E-2,1.639070862E-2
1.635017578E1,6.681680679E-5,-2.879500389E-3,3.456592560E-2,3.468572040E-2
1.635520088E1,9.565502405E-3,-2.876102924E-3,-2.270317078E-2,2.480332170E-2
1.636020015E1,-1.905095577E-2,1.770734787E-3,2.023315430E-2,2.784699176E-2
1.636522265E1,-4.792541265E-3,1.602792740E-2,-3.672599792E-3,1.712748953E-2
1.637024515E1,2.844780684E-2,6.318211555E-3,5.861282349E-3,2.972460499E-2
1.637526765E1,-2.188384533E-4,-8.004665375E-3,1.530742645E-2,1.727541208E-2
1.638030562E1,-5.062371492E-3,6.440818310E-3,-8.566856384E-3,1.185338660E-2
1.638532890E1,4.380583763E-3,-7.776975632E-3,1.524734497E-2,1.766783498E-2
1.639035218E1,-9.893953800E-3,1.126009226E-2,-2.286720276E-2,2.734207310E-2
1.639543166E1,-9.855747223E-3,6.343722343E-3,2.006626129E-2,2.323861891E-2
1.640045869E1,-1.926875114E-2,1.525938511E-3,-3.842353821E-3,1.970728144E-2
1.640548572E1,9.391665459E-3,-3.256559372E-3,-1.330661774E-2,1.660947424E-2
1.641051276E1,4.570990801E-3,-1.754516363E-2,1.055049896E-2,2.097712450E-2
1.641559786E1,-1.500248909E-4,-1.272648573E-2,9.670257568E-4,1.276405442E-2
1.642062765E1,4.561632872E-3,1.595073938E-2,-8.541107178E-3,1.865971846E-2
1.642565744E1,-1.930817962E-2,1.579469442E-2,-3.715515137E-3,2.522069041E-2
1.643068724E1,-4.887044430E-3,-8.050620556E-3,1.061439514E-3,9.477465296E-3
1.643564416E1,-4.780322313E-3,6.239473820E-3,1.050949097E-3,7.930132973E-3
1.644067005E1,4.714101553E-3,1.566690207E-2,-3.703117371E-3,1.677461332E-2
1.644569593E1,-1.640021801E-4,-1.761966944E-2,-2.266693115E-2,2.871009257E-2
1.645071140E1,1.884493232E-2,6.353080273E-3,-3.198051453E-2,3.765961248E-2
1.645573661E1,-3.436207771E-4,1.582920551E-2,-2.696514130E-2,3.126980441E-2
1.646075484E1,-9.926348925E-3,-2.700692415E-2,-1.724147797E-2,3.354362708E-2
1.646577932E1,-5.183249712E-3,-3.006994724E-3,-2.659320831E-2,2.725998575E-2
1.647080380E1,-5.069434643E-3,1.796603203E-3,2.113342285E-3,5.778682054E-3
1.647582567E1,-2.624690533E-4,-1.243120432E-2,1.633834839E-2,2.053156981E-2
1.648084994E1,-5.046933889E-3,1.849830151E-3,-2.652835846E-2,2.706745677E-2
1.648584911E1,2.345186472E-2,-2.932786942E-3,-2.561569214E-3,2.377294334E-2
1.649087088E1,1.377719641E-2,1.769781113E-3,6.960868835E-3,1.553695469E-2
1.649589187E1,8.822381496E-3,1.598691940E-2,6.908416748E-3,1.952286427E-2
1.650091359E1,-5.529522896E-3,1.589715481E-3,1.635074615E-2,1.733348547E-2
1.650593531E1,-1.501286030E-2,6.306529045E-3,-2.777099609E-3,1.651879430E-2
1.651097875E1,4.077434540E-3,-3.315865993E-3,-1.699352264E-2,1.778764323E-2
1.651600187E1,-1.977893710E-2,-1.760619879E-2,-3.108882904E-2,4.083748131E-2
1.652102500E1,2.773654461E-2,-1.262593269E-2,2.615356445E-2,4.015892201E-2
1.652604812E1,8.432477713E-3,-1.723819971E-2,-3.104400635E-2,3.649647298E-2
1.653108484E1,1.799094677E-2,1.617354155E-2,7.194519043E-3,2.523922970E-2
1.653610864E1,1.781144738E-2,-2.191555500E-2,1.663017273E-2,3.277349316E-2
1.654113244E1,-2.040576935E-2,-1.705408096E-2,2.124881744E-2,3.404040750E-2
1.654615625E1,-6.022125483E-3,6.815135479E-3,-1.691341400E-2,1.920353197E-2
1.655121755E1,-1.150995493E-3,2.098834515E-2,2.218246460E-3,2.113660427E-2
1.655624328E1,3.524422646E-3,-1.244133711E-2,-2.628612518E-2,2.929451828E-2
1.656127124E1,-6.025940180E-3,1.618462801E-2,1.666831970E-2,2.400181286E-2
1.656629718E1,1.299801469E-2,-2.196103334E-2,2.602958679E-2,3.645236289E-2
1.657132312E1,-6.027191877E-3,-2.184742689E-2,-1.692295074E-2,2.828468429E-2
1.657631734E1,-5.951225758E-3,-2.638012171E-2,2.208709717E-3,2.713312197E-2
1.658134119E1,-5.923688412E-3,2.413809299E-3,2.592945099E-2,2.670679667E-2
1.658636505E1,3.597885370E-3,-2.372443676E-3,-2.776145935E-3,5.126427058E-3
1.659138890E1,2.259570360E-2,-1.182055473E-2,-7.505416870E-3,2.658237420E-2
1.659648849E1,-1.411736012E-3,-3.062897921E-2,-1.694202423E-2,3.503083714E-2
1.660151614E1,-1.320004463E-3,-1.619744301E-2,-2.554893494E-3,1.645074626E-2
1.660654380E1,-1.228570938E-3,-1.597654819E-2,3.544521332E-2,3.889887692E-2
1.661157145E1,-1.063767076E-2,2.212965488E-2,-1.233768463E-2,2.747908526E-2
1.661659911E1,-1.521620154E-2,-2.555704117E-2,-1.698589325E-2,3.425223660E-2
1.662162677E1,3.986328840E-3,1.737511158E-2,1.639270782E-2,2.421788987E-2
1.662663447E1,-1.026856899E-2,2.972662449E-3,1.625633240E-2,1.945632479E-2
1.663166145E1,8.835315704E-3,7.684230804E-3,-7.621765137E-3,1.397145341E-2
1.663668843E1,1.343145967E-2,-1.837253571E-3,1.618480682E-2,2.111226140E-2
1.664171541E1,-1.044321060E-2,-1.890718937E-3,1.605606079E-2,1.924662448E-2
1.664674453E1,3.917872906E-3,-1.613503695E-2,-7.821083069E-3,1.835370496E-2
1.665177161E1,2.760475874E-2,-1.769721508E-3,-3.005981445E-3,2.782427975E-2
1.665679869E1,-1.062944531E-2,7.825851440E-3,1.762390137E-3,1.331672172E-2
1.666175765E1,-5.865454674E-3,1.249474287E-2,6.501197815E-3,1.525738283E-2
1.666677984E1,1.790693402E-2,-1.611739397E-2,1.700401306E-3,2.415201936E-2
1.667180958E1,-2.494260669E-2,2.198529243E-2,1.118183136E-2,3.507876942E-2
1.667683250E1,-1.520472765E-2,7.539570332E-3,-3.157615662E-3,1.726265913E-2
1.668186562E1,3.897488117E-3,-1.158607006E-2,-7.874488831E-3,1.454080491E-2
1.668688958E1,8.643597364E-3,-1.609748602E-2,6.425857544E-3,1.936833696E-2
1.669191354E1,-1.524084806E-2,3.168642521E-3,-3.637027740E-2,3.956160795E-2
1.669693750E1,-3.411948681E-2,3.120183945E-3,6.670951843E-3,3.490525070E-2
1.670205786E1,-1.950278878E-2,-1.122128963E-2,-7.630348206E-3,2.375917349E-2
1.670708650E1,-3.642737865E-4,-2.069360018E-2,-2.813339233E-3,2.088714105E-2
1.671211515E1,-1.932153106E-2,-1.492559910E-3,1.955032349E-3,1.947746002E-2
1.671709468E1,2.360939980E-2,-6.194353104E-3,-2.813339233E-3,2.457007625E-2
1.672211994E1,9.155690670E-3,2.237778902E-2,1.620292664E-2,2.910544527E-2
1.672713161E1,1.861003041E-2,1.752883196E-2,-3.142356873E-2,4.050967604E-2
1.673215541E1,-1.475408673E-2,-1.574218273E-3,-7.423400879E-3,1.659120608E-2
1.673717921E1,-9.897381067E-3,-6.277680397E-3,1.638031006E-2,2.014154862E-2
1.674220640E1,2.345502377E-2,-1.439929008E-3,3.998279572E-2,4.637710091E-2
1.674723041E1,-5.041956902E-4,-2.983039618E-2,1.590251923E-2,3.380823667E-2
1.675225442E1,-5.266577005E-3,1.324057579E-2,1.520156860E-3,1.433040675E-2
1.675730416E1,9.004563093E-3,2.266156673E-2,-3.241539001E-3,2.459951907E-2
1.676232994E1,-1.477947831E-2,-2.497810125E-2,6.278991699E-3,2.969451562E-2
1.676735572E1,9.168118238E-3,-9.909272194E-4,-1.277351379E-2,1.575433221E-2
1.677233479E1,-5.175054073E-3,1.319646835E-2,1.582908630E-2,2.124824545E-2
1.677735750E1,-1.000526547E-2,-1.061981916E-2,1.095199585E-2,1.824368684E-2
1.678238020E1,1.390561461E-2,-1.054948568E-2,-2.238178253E-2,2.838312800E-2
1.678740291E1,4.432618618E-3,-1.088559628E-3,-3.200531006E-3,5.574627216E-3
1.679243500E1,4.480749369E-3,1.319921017E-2,-1.742553711E-2,2.231469488E-2
1.679745817E1,-5.017161369E-3,3.622651100E-3,-1.728439331E-2,1.835880610E-2
1.680248135E1,4.557967186E-3,3.686219454E-2,6.598472595E-3,3.772447868E-2
1.680750453E1,-9.744167328E-3,-1.569747925E-2,6.545066833E-3,1.960095792E-2
1.681259093E1,-9.681940079E-3,-1.236140728E-3,-4.099941254E-2,4.214522317E-2
1.681761718E1,-2.381068468E-2,3.448963165E-3,2.081871033E-3,2.414908360E-2
1.682264343E1,1.440840960E-2,8.148908615E-3,2.064704895E-3,1.668142635E-2
1.682763526E1,-1.421844959E-2,1.285845041E-2,-2.644443512E-2,3.266209125E-2
1.683265911E1,1.917189360E-2,1.747959852E-2,-1.672744751E-2,3.086916534E-2
1.683770484E1,1.904448867E-2,3.119766712E-3,1.189899445E-2,2.267182308E-2
1.684273083E1,2.366635203E-2,7.873237133E-3,2.604198456E-2,3.605924349E-2
1.684775682E1,1.870083809E-2,3.158080578E-2,-1.691246033E-2,4.041163141E-2
1.685275052E1,-9.908080101E-3,1.240026951E-2,-2.152633667E-2,2.674546514E-2
1.685777442E1,1.400011778E-2,2.778410912E-3,2.392768860E-3,1.447232558E-2
1.686279833E1,4.414469004E-3,-6.657600403E-3,-2.382278442E-3,8.335852103E-3
1.686782224E1,-1.463371515E-2,7.670521736E-3,2.385139465E-3,1.669345420E-2
1.687289864E1,2.350735664E-2,7.636249065E-3,-2.387046814E-3,2.483155470E-2
1.687792531E1,-3.971755505E-4,-1.949489117E-3,1.662635803E-2,1.674497052E-2
1.688296437E1,4.329979420E-3,-2.574789524E-2,-1.199722290E-2,2.873388572E-2
1.688799224E1,9.020775557E-3,1.237988472E-2,7.102012634E-3,1.688414999E-2
1.689302010E1,-5.667805672E-4,1.230007410E-2,-1.670074463E-2,2.074916707E-2
1.689804796E1,4.212737083E-3,-6.714046001E-3,-7.071495056E-3,1.062222245E-2
1.690307583E1,8.900463581E-3,-6.627738476E-3,2.483367920E-3,1.137155598E-2
1.690807578E1,-6.900727749E-4,-1.798987389E-3,1.195907593E-2,1.211330067E-2
1.691310250E1,-1.490116119E-2,-1.135689020E-2,-2.382278442E-3,1.888647163E-2
1.691808567E1,-2.904236317E-2,1.255601645E-2,-7.114410400E-3,3.243034447E-2
1.692310807E1,2.341601253E-2,7.673203945E-3,7.193565369E-3,2.566973089E-2
1.692813046E1,-2.418467402E-2,2.887547016E-3,-2.136325836E-2,3.239791958E-2
1.693315286E1,9.280622005E-3,-6.552815437E-3,7.299423218E-3,1.350373705E-2
1.693824921E1,-9.812206030E-3,1.246756315E-2,2.492904663E-3,1.606032664E-2
1.694327531E1,-1.914551854E-2,-6.658375263E-3,1.671600342E-2,2.627374377E-2
1.694830140E1,9.534984827E-3,7.614314556E-3,2.132511139E-2,2.456937316E-2
1.695340093E1,-1.425686479E-2,1.707142591E-2,2.150535583E-3,2.234539280E-2
1.695843197E1,-4.614830017E-3,-6.839513779E-3,4.012012482E-2,4.095973657E-2
1.696346302E1,-2.348622680E-2,2.172875404E-2,1.791954041E-3,3.204610274E-2
1.696849406E1,9.926140308E-3,-1.166915894E-2,3.026771545E-2,3.392391679E-2
1.697352510E1,5.120307207E-3,1.219552755E-2,1.101875305E-2,1.721514906E-2
1.697865724E1,3.019571304E-4,-6.927609444E-3,-3.315925598E-3,7.686241818E-3
1.698369229E1,5.124568939E-3,-6.897151470E-3,6.206512451E-3,1.059965575E-2
1.698872734E1,-3.751999140E-2,-2.123653889E-3,-1.284408569E-2,3.971435758E-2
1.699376239E1,-4.102140665E-3,2.641171217E-2,6.261825562E-3,2.745207746E-2
1.699879744E1,1.004618406E-2,1.666682959E-2,6.217956543E-3,2.042968444E-2
1.700383250E1,1.003798842E-2,1.180332899E-2,2.040672302E-2,2.562253171E-2
1.700886755E1,-8.964389563E-3,-1.201379299E-2,-1.300716400E-2,1.984635527E-2
1.701357911E1,-1.356798410E-2,-1.668858528E-2,-2.239799500E-2,3.105268509E-2
1.701860479E1,1.026204228E-2,2.516984940E-3,-3.220558167E-3,1.104611787E-2
1.702363374E1,1.953777671E-2,-6.871759892E-3,6.300926208E-3,2.164826722E-2
1.702865974E1,-1.859062910E-2,-2.108860016E-2,4.423713684E-2,5.241435703E-2
1.703371796E1,1.482605934E-2,-2.088975906E-2,-3.211021423E-2,4.107626964E-2
1.703874724E1,-4.373043776E-3,1.254659891E-2,-1.759433746E-2,2.204770661E-2
1.704376697E1,1.446920633E-2,7.667064667E-3,-2.693462372E-2,3.152167139E-2
1.704879526E1,-1.412099600E-2,1.232248545E-2,2.077579498E-2,2.797998986E-2
1.705381380E1,9.760290384E-3,1.704221964E-2,-1.264286041E-2,2.335684992E-2
1.705884109E1,-1.404261589E-2,1.697415113E-2,-7.794380188E-3,2.336812424E-2
1.706384135E1,9.792536497E-3,1.684963703E-2,-2.981185913E-3,1.971526080E-2
1.706886599E1,-2.350807190E-2,-2.211153507E-3,1.128387451E-2,2.616953321E-2
1.707389760E1,9.950876236E-3,2.151727676E-2,1.119041443E-2,2.621523435E-2
1.707892291E1,5.146056414E-3,2.130287886E-2,-1.264476776E-2,2.530187139E-2
1.708397724E1,-4.311978817E-3,6.841838360E-3,1.704216003E-3,8.264881466E-3
1.708900546E1,4.987120628E-4,2.052605152E-3,2.543067932E-2,2.551825528E-2
1.709403093E1,1.465630531E-2,-1.218891144E-2,1.572418213E-2,2.471086302E-2
1.709905890E1,-2.813106775E-2,6.875932217E-3,1.559162140E-2,3.288972597E-2
1.710408307E1,1.491090655E-2,2.108490467E-2,3.445053101E-2,4.305516724E-2
1.710911067E1,1.005744934E-2,-1.705813408E-2,5.670547485E-3,2.059823619E-2
1.711413828E1,9.947597980E-3,-2.650099993E-2,8.811950684E-4,2.832020846E-2
1.711916026E1,2.931356430E-4,-2.576649189E-3,5.627632141E-3,6.196393553E-3
1.712418744E1,2.395519614E-2,-7.288575172E-3,1.508045197E-2,2.923003219E-2
1.712921312E1,1.907444000E-2,2.239882946E-3,7.076263428E-4,1.921853460E-2
1.713424015E1,1.423749328E-2,6.989479065E-3,5.445480347E-3,1.676938546E-2
1.713926677E1,-9.705036879E-3,6.948292255E-3,5.402565002E-3,1.310168747E-2
1.714429375E1,-1.019537449E-4,1.160156727E-2,-8.887290955E-3,1.461474249E-2
1.714931760E1,-2.753734589E-5,1.972913742E-3,5.431175232E-3,5.778478289E-3
1.715434427E1,-4.708737135E-3,-2.873837948E-3,6.389617920E-4,5.553325322E-3
1.715937093E1,-9.399473667E-3,6.614327431E-3,-1.835918427E-2,2.166008032E-2
1.716438906E1,9.691357613E-3,6.578028202E-3,7.858276367E-4,1.173926712E-2
1.716941515E1,-3.315585852E-2,2.073317766E-2,1.502895355E-2,4.189325787E-2
1.717444614E1,-1.386716962E-2,1.533269882E-3,1.015663147E-2,1.725707022E-2
1.717947276E1,1.475772262E-2,-1.270651817E-2,5.731582642E-4,1.948267156E-2
1.718449713E1,-9.089529514E-3,6.360054016E-3,-2.792167664E-2,3.004479755E-2
1.718952349E1,-3.273484111E-2,6.271243095E-3,5.551338196E-3,3.378928333E-2
1.719454984E1,1.978626847E-2,1.109164953E-2,-8.749008179E-3,2.431185418E-2
1.719957619E1,-4.048168659E-3,1.581519842E-2,-3.934860229E-3,1.679259645E-2
1.720456947E1,-4.041582346E-3,1.094806194E-2,-3.714084625E-2,3.893118170E-2
1.720959416E1,2.455896139E-2,1.561856270E-2,2.014541626E-2,3.539660834E-2
1.721461885E1,5.326241255E-3,-2.717810869E-2,9.803771973E-4,2.771244445E-2
1.721964354E1,1.469293237E-2,-7.939398289E-3,2.471733093E-2,2.983056746E-2
1.722466822E1,-2.820035815E-2,6.338834763E-3,-1.347255707E-2,3.188966635E-2
1.722969291E1,5.944967270E-4,1.452445984E-3,5.635261536E-3,5.849717794E-3
1.723473203E1,1.010361314E-2,-3.341674805E-3,-1.815319061E-2,2.104253118E-2
1.723975724E1,-1.380309463E-2,-7.997274399E-3,5.740165710E-3,1.695379962E-2
1.724481005E1,-3.271391988E-2,1.107925177E-2,1.519012451E-2,3.773182021E-2
1.724983796E1,-1.343071461E-2,-7.988691330E-3,5.564689636E-3,1.658822036E-2
1.725484234E1,5.694836378E-3,-2.215176821E-2,1.501369476E-2,2.735951437E-2
1.725986786E1,5.660474300E-3,-7.700741291E-3,5.390167236E-3,1.097252426E-2
1.726491114E1,1.038131118E-2,-7.672369480E-3,5.979537964E-4,1.292263224E-2
1.726993848E1,-8.734881878E-3,-2.893090248E-3,-8.900642395E-3,1.280193609E-2
1.727496588E1,5.450695753E-3,-2.654623985E-2,-2.781867981E-2,3.883673365E-2
1.727999322E1,-4.021018744E-3,-2.161216736E-2,-8.593559265E-3,2.360304282E-2
1.728502057E1,1.976731420E-2,-1.196569204E-2,-1.326942444E-2,2.664586500E-2
1.729004791E1,1.482111216E-2,-2.456367016E-3,1.092910767E-3,1.506298637E-2
1.729503625E1,5.321681499E-3,-1.201951504E-2,2.957439423E-2,3.236408240E-2
1.730006161E1,5.289375782E-3,2.243936062E-3,1.508712769E-2,1.614416820E-2
1.730508697E1,5.184412003E-4,-2.150362730E-2,1.021099091E-2,2.381048306E-2
1.731011234E1,-2.321007848E-2,-2.314329147E-3,6.265640259E-4,2.333359048E-2
1.731513770E1,2.918326855E-2,-2.602136135E-2,1.011943817E-2,4.038783776E-2
1.732020046E1,5.219072104E-3,7.448732853E-3,1.003360748E-2,1.354236367E-2
1.732522734E1,1.458713412E-2,-1.148772240E-2,-9.047508240E-3,2.065453106E-2
1.733022109E1,-4.465728998E-3,-6.622374058E-3,-8.976936340E-3,1.201598767E-2
1.733524468E1,5.034595728E-3,-2.564829588E-2,1.009941101E-2,2.802106954E-2
1.734026828E1,5.007117987E-3,-1.621663570E-3,-4.235267639E-3,6.755628412E-3
1.734533166E1,2.281963825E-4,-2.532917261E-2,-1.844692230E-2,3.133541130E-2
1.735035796E1,5.040884018E-3,-1.356840134E-3,-8.800506592E-3,1.023232345E-2
1.735540244E1,3.198683262E-4,3.471255302E-3,-3.986358643E-3,5.295562704E-3
1.736043052E1,2.797544003E-4,-1.083594561E-2,7.991790771E-4,1.086897727E-2
1.736545859E1,-1.870563626E-2,-6.079196930E-3,-1.344776154E-2,2.382645071E-2
1.737048666E1,1.934891939E-2,1.768112183E-2,5.664825439E-3,2.681590942E-2
1.737546453E1,9.656608105E-3,2.229857445E-2,-2.287197113E-2,3.337069921E-2
1.738049000E1,4.844874144E-3,-6.361722946E-3,1.055622101E-2,1.324304067E-2
1.738551546E1,1.906713843E-2,-1.584088802E-2,3.896045685E-2,4.617798934E-2
1.739057708E1,-1.917314529E-2,1.280385256E-2,1.964473724E-2,3.028966560E-2
1.739560494E1,4.639536142E-3,3.219306469E-3,5.238533020E-3,7.702691605E-3
1.740063859E1,-9.682625532E-3,1.270866394E-2,-9.049415588E-3,1.836178910E-2
1.740566703E1,-4.784733057E-3,-2.067178488E-2,-4.226684570E-3,2.163518484E-2
1.741069546E1,-1.892820001E-2,-1.098072529E-2,-8.944511414E-3,2.364016429E-2
1.741571656E1,1.887679100E-4,-1.562094688E-2,-1.836585999E-2,2.411129254E-2
1.742074447E1,-9.396374226E-3,-1.280188560E-3,1.503372192E-2,1.777480031E-2
1.742577239E1,-1.885315776E-2,-1.405298710E-3,1.016998291E-2,2.146730012E-2
1.743079390E1,-1.857915521E-2,-2.031654119E-2,1.957225800E-2,3.377898958E-2
1.743582140E1,1.477378607E-2,-1.079559326E-3,9.909629822E-3,1.782220431E-2
1.744084890E1,-9.081482887E-3,8.448421955E-3,2.881908417E-2,3.137497055E-2
1.744587640E1,-9.043961763E-3,3.597319126E-3,-1.415348053E-2,1.717716392E-2
1.745087401E1,-4.257947206E-3,-1.060736179E-2,3.819465637E-2,3.986825823E-2
1.745590000E1,5.339801311E-3,8.494496346E-3,-9.613037109E-3,1.389533838E-2
1.746092598E1,5.022883415E-4,3.596365452E-3,2.846240997E-2,2.869311624E-2
1.746599604E1,1.950260997E-2,-2.025818825E-2,-2.875232697E-2,4.021743767E-2
1.747102479E1,3.598332405E-4,1.311790943E-2,-3.326034546E-2,3.575555352E-2
1.747605354E1,5.064129829E-3,-5.963265896E-3,-2.348518372E-2,2.475398564E-2
1.748108229E1,-1.396149397E-2,1.305073500E-2,4.539489746E-4,1.911677450E-2
1.748611104E1,4.174411297E-4,3.410279751E-3,1.469707489E-2,1.509331890E-2
1.749110505E1,-2.331149578E-2,-1.554381847E-2,5.072593689E-3,2.847397645E-2
1.749613234E1,-8.909434080E-3,1.319968700E-2,1.926994324E-2,2.499880927E-2
1.750116781E1,6.241500378E-4,-5.832850933E-3,9.609222412E-3,1.125828000E-2
1.750619593E1,-1.366087794E-2,-1.521229744E-2,1.427459717E-2,2.493587183E-2
1.751122406E1,1.490977407E-2,3.873884678E-3,2.840518951E-2,3.231351322E-2
1.751622505E1,9.948462248E-3,1.815807819E-2,2.342033386E-2,3.126019423E-2
1.752125145E1,-2.341115475E-2,-1.526474953E-2,-1.950740814E-2,3.408274809E-2
1.752627786E1,9.992808104E-3,1.336807013E-2,-2.409267426E-2,2.930901679E-2
1.753130427E1,-4.369705915E-3,-5.616784096E-3,1.409053802E-2,1.578562179E-2
1.753633067E1,1.003047824E-2,-1.515072584E-2,-9.770393372E-3,2.063045259E-2
1.754137088E1,5.164861679E-3,-1.031064987E-2,-9.685516357E-3,1.505969867E-2
1.754639786E1,1.457902789E-2,-1.510632038E-2,-9.593963623E-3,2.308231158E-2
1.755139432E1,9.676069021E-3,-2.461475134E-2,3.323268890E-2,4.247262538E-2
1.755641817E1,-4.579722881E-3,2.778905630E-2,1.870918274E-2,3.381181791E-2
1.756141838E1,1.921963692E-2,1.802593470E-2,-1.468563080E-2,3.016614853E-2
1.756643989E1,-1.411265135E-2,3.546297550E-3,-2.405834198E-2,2.811666718E-2
1.757146140E1,-1.387262344E-2,-1.369893551E-3,-1.435756683E-2,2.001164698E-2
1.757648291E1,-4.137426615E-3,7.948756218E-3,4.761695862E-3,1.014764859E-2
1.758150442E1,1.490396261E-2,3.149187565E-2,-1.901245117E-2,3.969054841E-2
1.758654848E1,1.949599385E-2,2.703547478E-3,4.892349243E-3,2.028147003E-2
1.759157088E1,-2.338010073E-2,1.688933372E-2,-1.889038086E-2,3.447789426E-2
1.759659708E1,1.017412543E-2,-2.329230309E-3,-4.487991333E-3,1.136134712E-2
1.760161989E1,5.402624607E-3,1.201200485E-2,-2.345180511E-2,2.689728195E-2
1.760665843E1,1.476764679E-2,2.486646175E-3,-1.375961304E-2,2.033700450E-2
1.761168281E1,-1.387491822E-2,1.202958822E-2,-4.150390625E-3,1.882684495E-2
1.761670718E1,2.414211631E-2,1.674968004E-2,6.322860718E-4,2.939036146E-2
1.762173052E1,-4.633337259E-3,-1.655983925E-2,-8.870124817E-3,1.934877785E-2
1.762675484E1,6.404519081E-5,-2.049922943E-3,5.445480347E-3,5.818895262E-3
1.763178281E1,4.722237587E-3,-1.957893372E-3,1.489734650E-2,1.575004149E-2
1.763680750E1,1.883870363E-2,-1.866459846E-3,1.002502441E-2,2.142152052E-2
1.764182963E1,-1.938939095E-2,1.731663942E-2,-9.058952332E-3,2.752960406E-2
1.764685406E1,-2.652108669E-4,-6.551265717E-3,5.130767822E-4,6.576675990E-3
1.765187848E1,-1.443654299E-2,-1.729130745E-3,3.374385834E-2,3.674304889E-2
1.765690291E1,-4.850536585E-3,-1.643776894E-3,1.921463013E-2,1.988546501E-2
1.766194416E1,4.655480385E-3,-6.359040737E-3,-1.893329620E-2,2.050806187E-2
1.766696942E1,2.363109589E-2,-1.108658314E-2,9.716033936E-3,2.785215133E-2
1.767199468E1,-9.684681892E-3,3.170251846E-3,1.373291016E-4,1.019129135E-2
1.767704864E1,1.895642281E-2,-6.382465363E-3,4.882812500E-3,2.058940717E-2
1.768207583E1,-4.981607199E-3,-6.407499313E-3,4.848480225E-3,9.454111181E-3
1.768710302E1,-2.396842837E-2,-1.598334312E-2,1.431560516E-2,3.216969641E-2
1.769216536E1,4.687786102E-3,7.707238197E-3,-4.784584045E-3,1.021122440E-2
1.769719489E1,-4.830807447E-3,-1.617968082E-2,-1.423835754E-2,2.208731758E-2
1.770222442E1,8.216500282E-5,-1.830220222E-3,-2.836894989E-2,2.842804557E-2
1.770725395E1,4.850775003E-3,-1.614290476E-2,-1.388359070E-2,2.183752465E-2
1.771228348E1,1.907667518E-2,-1.123875380E-2,-1.851844788E-2,2.886454632E-2
1.771725583E1,-4.701822996E-3,-2.056992054E-2,1.961326599E-2,2.880814075E-2
1.772228307E1,-3.313592076E-2,3.367841244E-3,-4.294395447E-3,3.358233809E-2
1.772732546E1,5.097448826E-3,-1.088416576E-2,-4.258155823E-3,1.275072311E-2
1.773235411E1,-4.420906305E-3,-5.919933319E-3,2.425956726E-2,2.535974422E-2
1.773738276E1,-4.518061876E-3,-1.524251699E-2,-4.434585571E-3,1.650493128E-2
1.774241140E1,-9.414583445E-3,-1.034533978E-2,9.855270386E-3,1.711101373E-2
1.774742874E1,-9.424537420E-3,1.820683479E-2,1.452732086E-2,2.512675447E-2
1.775245682E1,2.380827069E-2,-1.516020298E-2,3.340339661E-2,4.373159513E-2
1.775746427E1,1.888284087E-2,-7.667541504E-4,3.787040710E-2,4.232395688E-2
1.776249010E1,-4.992127419E-3,2.764636278E-2,-1.467514038E-2,3.169546429E-2
1.776751593E1,4.726529121E-3,-1.159250736E-3,4.437446594E-3,6.585960225E-3
1.777254177E1,4.757463932E-3,-1.062238216E-2,-3.834056854E-2,4.006828749E-2
1.777753770E1,-9.505897760E-3,-3.440892696E-2,-1.427078247E-2,3.844465606E-2
1.778256203E1,-4.652947187E-3,3.712445498E-2,-1.415443420E-2,4.000278843E-2
1.778758635E1,1.563727856E-4,3.442406654E-3,4.964828491E-3,6.043520329E-3
1.779261067E1,1.436772943E-2,-6.162226200E-3,1.811981201E-4,1.563449754E-2
1.779763322E1,2.366054058E-2,8.107423782E-3,-5.679702759E-2,6.206008253E-2
1.780265744E1,4.488289356E-3,1.750975847E-2,-5.632305145E-2,5.915253594E-2
1.780769374E1,-3.304183483E-4,1.744043827E-2,-1.311969757E-2,2.182669301E-2
1.781271916E1,-1.940608025E-2,-1.581609249E-2,2.022552490E-2,3.218410461E-2
1.781774458E1,1.860433817E-2,3.389000893E-3,1.056194305E-2,2.166013312E-2
1.782277000E1,8.771091700E-3,-1.081287861E-2,3.422069550E-2,3.694463958E-2
1.782783010E1,8.509039879E-3,1.779377460E-2,-2.303886414E-2,3.032839322E-2
1.783285724E1,1.305392385E-2,8.171498775E-3,-1.334476471E-2,2.037795537E-2
1.783790057E1,8.219212294E-3,2.242398262E-2,1.006126404E-3,2.390403183E-2
1.784292937E1,-2.032086253E-2,2.231454849E-2,-1.325321198E-2,3.296246587E-2
1.784795817E1,1.785600185E-2,-2.517545223E-2,2.958106995E-2,4.275137304E-2
1.785295072E1,1.302641630E-2,1.315319538E-2,-8.665084839E-3,2.043961266E-2
1.785797708E1,3.486037254E-3,-5.919456482E-3,2.464199066E-2,2.558163647E-2
1.786300343E1,-1.323074102E-3,2.275013924E-2,1.018428802E-2,2.496075085E-2
1.786802687E1,3.460049629E-3,-1.106977463E-3,1.009368896E-2,1.072752998E-2
1.787305302E1,-1.559385657E-2,-2.011764050E-2,1.001262665E-2,2.735215740E-2
1.787806572E1,-1.549786329E-2,3.820657730E-3,-4.316329956E-3,1.653517150E-2
1.788309046E1,-1.539924741E-2,8.511245251E-3,5.219459534E-3,1.835268030E-2
1.788810703E1,2.743852139E-2,-2.007931471E-2,-9.066581726E-3,3.518883685E-2
1.789313099E1,-1.152873039E-3,1.314365864E-2,-8.985519409E-3,1.596322141E-2
1.789815697E1,3.730535507E-3,-2.513533831E-2,-4.156112671E-3,2.574830867E-2
1.790318114E1,-1.992076635E-2,8.237838745E-3,5.374908447E-3,2.221685307E-2
1.790820531E1,8.761942387E-3,-1.408755779E-3,1.957893372E-2,2.149629905E-2
1.791322947E1,8.769810200E-3,-2.511972189E-2,-2.332496643E-2,3.538310413E-2
1.791829619E1,-1.496395469E-2,1.299303770E-2,3.860092163E-2,4.339089904E-2
1.792332250E1,-5.315721035E-3,1.280325651E-2,-1.869869232E-2,2.327705656E-2
1.792834880E1,-1.949015260E-2,-1.592779160E-2,9.954452515E-3,2.706753994E-2
1.793337510E1,9.135365486E-3,2.201020718E-2,3.881454468E-4,2.383389979E-2
1.793840140E1,-4.622042179E-4,-1.634657383E-2,2.414035797E-2,2.915786329E-2
1.794342770E1,-9.927928448E-3,-2.109265327E-2,-4.545211792E-3,2.375126809E-2
1.794842463E1,4.479229450E-3,-3.529554605E-2,-4.502296448E-3,3.586237222E-2
1.795344994E1,1.401516795E-2,7.603526115E-3,-9.208679199E-3,1.841299309E-2
1.795848505E1,4.474729300E-3,-1.633161306E-2,-3.286933899E-2,3.697483243E-2
1.796351135E1,-1.928025484E-2,2.181589603E-2,-3.734683990E-2,4.735449290E-2
1.796853765E1,9.292930365E-3,1.210892200E-2,-2.278423309E-2,2.742454785E-2
1.797361083E1,4.391044378E-3,2.147406340E-2,-1.784038544E-2,2.826121055E-2
1.797864026E1,1.846966147E-2,-7.016956806E-3,6.046295166E-3,2.066213355E-2
1.798366208E1,-7.598996162E-4,1.216524839E-2,-3.674411774E-2,3.871305857E-2
1.798869072E1,-1.502594352E-2,3.118544817E-2,1.543045044E-3,3.465100495E-2
1.799371937E1,-2.452808619E-2,1.205945015E-2,-3.171157837E-2,4.186503974E-2
1.799874802E1,-1.020535827E-2,2.639353275E-3,-1.245784760E-2,1.631911425E-2
1.800373869E1,-1.019528508E-2,7.542252541E-3,1.612949371E-2,2.051804032E-2
1.800876541E1,4.211455584E-3,-3.043150902E-2,1.123809814E-2,3.271250448E-2
1.801375900E1,-4.964470863E-4,-1.585549116E-2,6.387710571E-3,1.710104985E-2
1.801878244E1,1.852285862E-2,-2.049493790E-2,1.585960388E-3,2.767045430E-2
1.802380588E1,-1.485314965E-2,3.398239613E-3,2.531528473E-2,2.954704263E-2
1.802885265E1,-1.470825076E-2,-1.094985008E-2,-3.382682800E-3,1.864602907E-2
1.803387765E1,-9.861439466E-3,-1.098895073E-2,-1.284217834E-2,1.956850968E-2
1.803890265E1,9.183913469E-3,-6.273806095E-3,2.051353455E-2,2.333473825E-2
1.804395786E1,4.383087158E-3,-6.349444389E-3,-8.141517639E-3,1.121655948E-2
1.804898479E1,1.397097111E-2,-6.423294544E-3,1.424789429E-3,1.544269314E-2
1.805399802E1,-5.067169666E-3,1.730072498E-2,-3.657436371E-2,4.077591659E-2
1.805902348E1,-2.008080482E-4,2.652752399E-2,-7.774353027E-3,2.764399425E-2
1.806403942E1,-4.820615053E-3,2.490162849E-3,1.603126526E-2,1.692455926E-2
1.806906385E1,2.373763919E-2,-2.355158329E-3,-3.158378601E-2,3.957976533E-2
1.807408828E1,1.391166449E-2,-2.135109901E-2,-1.706790924E-2,3.067111611E-2
1.807909916E1,-5.329072475E-3,2.634215355E-2,-2.675056458E-3,2.700859112E-2
1.808412265E1,1.837828755E-2,1.190793514E-2,-4.063892365E-2,4.616364899E-2
1.808914906E1,1.344552636E-2,-2.299785614E-3,-1.181602478E-2,1.804687326E-2
1.809417286E1,-2.462744713E-2,3.109103441E-2,1.201534271E-2,4.144311805E-2
1.809919666E1,4.089385271E-3,-2.270042896E-3,1.665401459E-2,1.729833427E-2
1.810422088E1,-1.027289033E-2,-1.166206598E-2,1.651382446E-2,2.267691463E-2
1.810924468E1,1.827597618E-2,1.706147194E-2,1.162052155E-2,2.757066650E-2
1.811426848E1,-5.694866180E-3,7.503628731E-3,6.773948669E-3,1.160268613E-2
1.811929229E1,8.522033691E-3,-1.627159119E-2,2.571296692E-2,3.159978490E-2
1.812431609E1,5.585357547E-2,-3.509503603E-2,2.075195312E-2,6.915147869E-2
1.812933989E1,-1.724660397E-3,-6.330728531E-3,-3.155708313E-3,7.280870289E-3
1.813444354E1,7.706403732E-3,2.699458599E-2,-7.876396179E-3,2.915705657E-2
1.813947005E1,1.716032624E-2,2.190124989E-2,1.118946075E-2,2.998909094E-2
1.814449656E1,-3.038826585E-2,-2.096831799E-3,1.109695435E-2,3.241891116E-2
1.814951932E1,-6.261527538E-3,1.678991318E-2,1.509666443E-3,1.798296428E-2
1.815454557E1,2.236124873E-2,-7.268786430E-3,1.504898071E-3,2.356109970E-2
1.815957182E1,-6.288021803E-3,-1.208120584E-2,-7.998466492E-3,1.579462627E-2
1.816454156E1,-2.510279417E-2,1.164150238E-2,1.106357574E-2,2.980063021E-2
1.816956380E1,-1.057150960E-2,-2.822577953E-3,1.478195190E-3,1.104123284E-2
1.817458604E1,-5.709826946E-3,-2.920448780E-3,-3.275871277E-3,7.201560765E-3
1.817966604E1,8.507460356E-3,-2.969086170E-3,-3.239631653E-3,9.575362533E-3
1.818469218E1,-5.887031555E-3,-2.910494804E-3,-2.695369720E-2,2.774220455E-2
1.818971718E1,-1.536130905E-2,-2.903878689E-3,-1.722908020E-2,2.326464123E-2
1.819474322E1,-1.065671444E-3,-1.714259386E-2,-7.583618164E-3,1.877539465E-2
1.819976927E1,3.717303276E-3,-2.668201923E-3,6.718635559E-3,8.128819651E-3
1.820477374E1,-1.053035259E-2,-2.511084080E-3,-7.592201233E-3,1.322253336E-2
1.820979828E1,8.470714092E-3,-7.149696350E-3,-2.781867981E-3,1.142847079E-2
1.821484598E1,1.792973280E-2,7.289171219E-3,6.728172302E-3,2.049086718E-2
1.821987276E1,-5.929499865E-3,-2.577424049E-2,3.039836884E-2,4.029306726E-2
1.822489953E1,-1.208692789E-3,-1.597559452E-2,6.401062012E-3,1.725265642E-2
1.822994984E1,-1.066908240E-2,7.987439632E-3,-7.904052734E-3,1.549524317E-2
1.823497817E1,8.388727903E-3,-2.528309822E-2,2.065181732E-2,3.370613253E-2
1.823999479E1,3.198799491E-2,1.774859428E-2,3.947162628E-2,5.381685330E-2
1.824502192E1,3.208875656E-3,-1.360177994E-3,-3.594398499E-3,5.006662333E-3
1.825004906E1,2.694836259E-2,-6.110787392E-3,-1.306152344E-2,3.056402073E-2
1.825505989E1,-1.118555665E-2,1.286673546E-2,-1.295280457E-2,2.141132189E-2
1.826008593E1,8.032292128E-3,7.891833782E-3,1.401901245E-3,1.134742633E-2
1.826511197E1,-1.504302025E-3,1.245546341E-2,1.089286804E-2,1.661493507E-2
1.827013802E1,-2.515518665E-2,1.228439808E-2,1.555061340E-2,3.202360737E-2
1.827514291E1,-1.531830430E-2,7.418096066E-3,-8.327484131E-3,1.894797055E-2
1.828016791E1,-2.460846305E-2,1.203769445E-2,5.987167358E-3,2.804155335E-2
1.828519291E1,-6.850659847E-4,-2.375066280E-3,-2.254772186E-2,2.268281324E-2
1.829019083E1,-7.034242153E-4,2.326726913E-3,-1.760578156E-2,1.777278841E-2
1.829521401E1,-7.250010967E-4,2.346336842E-3,-7.963180542E-3,8.333256717E-3
1.830023942E1,-1.974043250E-2,-2.382576466E-3,3.009033203E-2,3.606645849E-2
1.830526281E1,-1.010963321E-2,-2.269387245E-3,-1.290130615E-2,1.654685778E-2
1.831028619E1,8.989542723E-3,7.339894772E-3,-2.704620361E-2,2.943098815E-2
1.831530958E1,-5.550086498E-4,-6.775140762E-3,1.656532288E-3,6.996761120E-3
1.832034349E1,-2.436903119E-2,-1.726448536E-3,-3.117561340E-3,2.462822556E-2
1.832536739E1,-1.004818082E-2,2.211862803E-2,1.657485962E-3,2.435050109E-2
1.833039130E1,-5.288749933E-3,-3.496205807E-2,-7.855415344E-3,3.622187088E-2
1.833541520E1,1.842492819E-2,-1.548796892E-2,1.119518280E-2,2.654594655E-2
1.834050171E1,8.749574423E-3,-2.001863718E-2,1.600265503E-3,2.190574666E-2
1.834552880E1,3.845453262E-3,3.983199596E-3,-3.163337708E-3,6.376526897E-3
1.835055208E1,-5.756616592E-3,4.034698009E-3,3.010082245E-2,3.091078994E-2
1.835557875E1,3.818660975E-3,1.353079081E-2,-2.238750458E-2,2.643605176E-2
1.836060541E1,8.614063263E-3,8.652865887E-3,-7.958412170E-3,1.457430953E-2
1.836562119E1,1.827257872E-2,3.763675690E-3,-1.264762878E-2,2.253918591E-2
1.837064713E1,-7.917582989E-4,-1.538491249E-2,1.120376587E-2,1.904853756E-2
1.837567307E1,-1.024875045E-2,8.411347866E-3,1.616477966E-3,1.335667098E-2
1.838070953E1,2.316138148E-2,1.776337624E-2,2.059841156E-2,3.572508483E-2
1.838573614E1,-7.989704609E-4,2.699059248E-2,-3.307342529E-3,2.720420833E-2
1.839076276E1,-8.688867092E-4,-6.492555141E-3,-3.651428223E-2,3.709718376E-2
1.839578937E1,1.805889606E-2,1.253396273E-2,-7.714271545E-3,2.329665071E-2
1.840083026E1,1.788327098E-2,1.241004467E-2,-2.898216248E-3,2.195951382E-2
1.840585760E1,-2.032729983E-2,-2.105855942E-2,-1.710796356E-2,3.390198314E-2
1.841088494E1,3.559470177E-3,1.228457689E-2,-7.462501526E-3,1.480775427E-2
1.841591229E1,-1.057928801E-2,-6.837368011E-3,2.092361450E-3,1.276906075E-2
1.842093963E1,3.835856915E-3,1.699042320E-2,2.069473267E-3,1.754055297E-2
1.842589135E1,8.473485708E-3,2.635776997E-3,-2.694129944E-3,9.273921316E-3
1.843091552E1,-5.919426680E-3,1.688933372E-2,-1.691532135E-2,2.462554166E-2
1.843593968E1,2.259573340E-2,2.636075020E-3,6.960868835E-3,2.379011884E-2
1.844100213E1,1.773771644E-2,-1.614212990E-2,2.135276794E-3,2.407808857E-2
1.844602890E1,-6.180942059E-3,-6.427466869E-3,2.113342285E-3,9.164201586E-3
1.845105567E1,-2.535533905E-2,-6.190240383E-3,2.096176147E-3,2.618408388E-2
1.845608244E1,-6.226807833E-3,3.438174725E-3,-2.641296387E-2,2.735395477E-2
1.846105776E1,2.714210749E-2,-1.085960865E-2,2.296447754E-3,2.932403061E-2
1.846608197E1,-6.300061941E-3,8.254826069E-3,1.177120209E-2,1.569694660E-2
1.847110619E1,-1.101455092E-2,-1.083755493E-2,-2.569198608E-3,1.566440904E-2
1.847615291E1,2.699151635E-2,-1.329779625E-3,2.209663391E-3,2.711444045E-2
1.848117859E1,2.679663897E-2,3.350317478E-3,-7.302284241E-3,2.797512899E-2
1.848619796E1,-1.832693815E-3,-1.100528240E-2,-1.198863983E-2,1.637688897E-2
1.849122302E1,-2.073287964E-2,7.951200008E-3,-1.663303375E-2,2.774403885E-2
1.849625697E1,-1.487374306E-3,-1.118695736E-2,-1.174545288E-2,1.628852236E-2
1.850128291E1,3.455519676E-3,7.770478725E-3,-2.151489258E-3,8.772107038E-3
1.850630885E1,3.505378962E-3,2.187293768E-2,-1.637840271E-2,2.754932231E-2
1.851136958E1,-2.498438954E-2,2.615213394E-3,1.700115204E-2,3.033312105E-2
1.851639786E1,-1.050043106E-2,2.564072609E-3,1.685905457E-2,2.002651347E-2
1.852142614E1,3.856420517E-3,2.569913864E-3,2.146434784E-2,2.195893132E-2
1.852645442E1,-2.463963628E-2,-2.227127552E-3,-2.456665039E-3,2.486175730E-2
1.853148270E1,-1.960703731E-2,-1.168107986E-2,-7.190704346E-3,2.392884802E-2
1.853648307E1,2.331975102E-2,-2.062499523E-3,2.363204956E-3,2.352975626E-2
1.854151020E1,-6.417930126E-4,2.727389336E-3,7.092475891E-3,7.625861599E-3
1.854653734E1,-5.461424589E-3,-6.716489792E-3,-2.464294434E-3,9.000618908E-3
1.855161677E1,-1.963427663E-2,-6.636202335E-3,7.050514221E-3,2.189186495E-2
1.855664744E1,-5.298584700E-3,-3.030186892E-2,1.174259186E-2,3.292668710E-2
1.856167812E1,8.862555027E-3,1.271104813E-2,-7.344245911E-3,1.714799038E-2
1.856669296E1,-5.636513233E-3,7.880449295E-3,6.970405579E-3,1.193559033E-2
1.857172260E1,-1.036649942E-2,-2.064990997E-2,-2.584457397E-3,2.325000026E-2
1.857675224E1,1.343390346E-2,8.039474487E-3,-2.155685425E-2,2.664208845E-2
1.858176708E1,3.802925348E-3,7.941961288E-3,7.116317749E-3,1.132161511E-2
1.858679572E1,-1.039302349E-2,3.096699715E-3,-1.193904877E-2,1.612902266E-2
1.859185552E1,-8.350908756E-4,-1.120281219E-2,7.157325745E-3,1.332019856E-2
1.859688724E1,-5.602240562E-3,-1.640498638E-3,2.351760864E-3,6.293418329E-3
1.860191895E1,2.776491642E-2,2.203351259E-2,1.183032990E-2,3.736740513E-2
1.860695067E1,-1.037675142E-2,2.828001976E-3,-7.264137268E-3,1.297853056E-2
1.861198239E1,1.347807050E-2,-6.772041321E-3,-7.200241089E-3,1.671413772E-2
1.861691463E1,1.344168186E-2,3.119456768E-2,-2.390861511E-3,3.405137417E-2
1.862194218E1,1.330676675E-2,-2.386569977E-3,-3.085517883E-2,3.368690871E-2
1.862696974E1,8.472830057E-3,7.051289082E-3,2.645492554E-3,1.133614387E-2
1.863204562E1,3.731489182E-3,-7.228195667E-3,-1.162815094E-2,1.419100836E-2
1.863707619E1,1.797431707E-2,1.659661531E-2,1.220798492E-2,2.734151806E-2
1.864210677E1,3.652632236E-3,2.188444138E-3,-3.538036346E-2,3.563567214E-2
1.864713734E1,-5.849838257E-3,6.891965866E-3,2.902030945E-3,9.494292219E-3
1.865217177E1,8.472532034E-3,1.165741682E-2,-2.087020874E-2,2.536227077E-2
1.865720255E1,-5.822032690E-3,-2.657353878E-3,3.043174744E-3,7.086501732E-3
1.866223333E1,-5.755335093E-3,2.143859863E-3,2.675724030E-2,2.745304947E-2
1.866730958E1,-9.830296040E-4,1.164627075E-2,-1.620197296E-2,1.997763493E-2
1.867234328E1,-1.999610662E-2,1.632350683E-2,7.675170898E-3,2.692971229E-2
1.867737697E1,-1.985681057E-2,-2.652305365E-2,2.862930298E-3,3.325600202E-2
1.868241067E1,4.023730755E-3,-1.203042269E-2,-3.040027618E-2,3.294082985E-2
1.868734119E1,8.809953928E-3,-2.404928207E-3,-1.661300659E-3,9.282181197E-3
1.869236979E1,1.815098524E-2,-7.052719593E-3,-1.647949219E-3,1.954264198E-2
1.869739838E1,-1.051893830E-2,-2.126455307E-2,3.160762787E-2,3.952051897E-2
1.870242697E1,-1.045584679E-2,7.479548454E-3,-2.089309692E-2,2.453140592E-2
1.870745557E1,-2.938738465E-2,7.389903069E-3,1.252365112E-2,3.278827354E-2
1.871242895E1,2.311760187E-2,-1.164144278E-2,-3.506851196E-2,4.358608995E-2
1.871745526E1,2.295169234E-2,-1.157146692E-2,1.745700836E-2,3.107130781E-2
1.872242822E1,-1.994651556E-2,-3.039586544E-2,1.730632782E-2,4.026513506E-2
1.872744911E1,-5.563169718E-3,3.124356270E-3,-6.580352783E-3,9.165778863E-3
1.873247848E1,-1.504242420E-2,1.251947880E-2,-1.126861572E-2,2.258303734E-2
1.873750020E1,8.845150471E-3,-1.609730721E-2,1.731586456E-2,2.524280396E-2
1.874252864E1,8.849203587E-3,2.199834585E-2,1.716995239E-2,2.927529487E-2
1.874755104E1,4.156112671E-3,-2.094775438E-2,-6.720542908E-3,2.238855474E-2
1.875257343E1,-1.015323400E-2,1.719105244E-2,1.708030701E-2,2.627465189E-2
1.875765343E1,1.834374666E-2,1.707357168E-2,-3.529357910E-2,4.328552434E-2
1.876267968E1,-1.502966881E-2,2.768099308E-3,-1.765251160E-3,1.538406415E-2
1.876770593E1,2.769902349E-2,2.176707983E-2,7.751464844E-3,3.607113629E-2
1.877273713E1,3.699153662E-3,2.617299557E-3,-1.810073853E-3,4.879586267E-3
1.877776369E1,3.638386726E-3,2.571821213E-3,1.720142365E-2,1.776910515E-2
1.878277484E1,1.777529716E-2,7.272779942E-3,-4.466629028E-2,4.862028388E-2
1.878779979E1,-1.558759809E-2,7.237672806E-3,1.268482208E-2,2.136028635E-2
1.879282474E1,-1.068454981E-2,2.402603626E-3,-1.591205597E-2,1.931646018E-2
1.879784968E1,-9.672939777E-4,1.659929752E-2,1.270675659E-2,2.092687265E-2
1.880289854E1,-1.043161750E-2,-2.507567406E-3,-1.646995544E-3,1.085445219E-2
1.880792468E1,-5.626589060E-3,-7.207393646E-3,-2.537536621E-2,2.697247185E-2
1.881295083E1,4.048317671E-3,2.372384071E-3,1.281642914E-2,1.364836759E-2
1.881795036E1,1.833251119E-2,2.142548561E-2,-1.543998718E-3,2.824033166E-2
1.882297474E1,-1.509034634E-2,-1.661014557E-2,3.211021423E-3,2.266993928E-2
1.882800203E1,-1.029846072E-2,3.109234571E-2,7.931709290E-3,3.370021168E-2
1.883302666E1,-5.498081446E-3,2.423822880E-3,-6.383895874E-3,8.766866228E-3
1.883805130E1,1.351094246E-2,-2.162635326E-3,-1.591682434E-3,1.377519549E-2
1.884305307E1,-1.042303443E-2,-2.017319202E-3,1.266288757E-2,1.652446505E-2
1.884807614E1,1.817560196E-2,-2.025187016E-3,3.155231476E-2,3.646919872E-2
1.885309921E1,-5.687922239E-3,2.759456635E-3,7.544517517E-3,9.843109513E-3
1.885812229E1,-1.046517491E-2,-2.573293447E-2,7.483482361E-3,2.876988549E-2
1.886320874E1,-2.470386028E-2,-1.610195637E-2,-2.106094360E-2,3.623695706E-2
1.886823494E1,-1.487380266E-2,2.946496010E-3,-1.138973236E-2,1.896412001E-2
1.887326114E1,9.016484022E-3,2.790331841E-3,7.705688477E-3,1.218443970E-2
1.887826645E1,2.330702543E-2,-2.107739449E-3,3.138542175E-2,3.914977265E-2
1.888329119E1,-1.955145597E-2,-6.916582584E-3,7.382392883E-3,2.201359285E-2
1.888834312E1,9.223759174E-3,1.205903292E-2,-1.167392731E-2,1.915146436E-2
1.889337057E1,-5.081325769E-3,1.663106680E-2,-6.824493408E-3,1.868116604E-2
1.889839348E1,-2.700686455E-4,-2.632260323E-2,-2.575778961E-2,3.682955475E-2
1.890342046E1,4.604458809E-3,2.412199974E-3,-1.808166504E-3,5.503563913E-3
1.890844744E1,-1.071393490E-4,2.145957947E-2,1.719284058E-2,2.749761438E-2
1.891345015E1,-1.922547817E-4,1.181024313E-2,7.555007935E-3,1.402130342E-2
1.891847552E1,4.471331835E-3,1.653832197E-2,7.491111755E-3,1.869827953E-2
1.892350062E1,9.257465601E-3,-2.520680428E-3,-1.157379150E-2,1.503353415E-2
1.892852593E1,1.864871383E-2,-7.227182388E-3,7.516860962E-3,2.136609209E-2
1.893355124E1,3.265509009E-2,-3.563463688E-2,-2.103424072E-2,5.271263167E-2
1.893857656E1,-1.513412595E-2,-1.152044535E-2,1.712608337E-2,2.559424078E-2
1.894360187E1,-1.034346223E-2,7.540762424E-3,-3.999328613E-2,4.199182354E-2
1.894861130E1,1.815310121E-2,-2.574145794E-2,7.827758789E-3,3.245661023E-2
1.895363599E1,-5.618214607E-3,7.683336735E-3,-6.486892700E-3,1.151858393E-2
1.895863609E1,1.354750991E-2,-1.135498285E-2,-1.691818237E-3,1.775761553E-2
1.896365833E1,2.289551497E-2,-1.118409634E-2,2.681064606E-2,3.698782716E-2
1.896868057E1,2.272662520E-2,1.277428865E-2,3.132724762E-2,4.075632941E-2
1.897370281E1,-1.186728477E-3,-6.304323673E-3,-6.923675537E-3,9.438755448E-3
1.897878500E1,1.303169131E-2,1.276665926E-2,2.162456512E-2,2.829194910E-2
1.898381020E1,1.289287210E-2,-2.056014538E-2,-1.179504395E-2,2.698274987E-2
1.898883541E1,3.309726715E-3,-1.324176788E-3,2.543449402E-3,4.379140321E-3
1.899386656E1,-2.054277062E-2,-1.242578030E-3,-6.975173950E-3,2.173022036E-2
1.899889218E1,-1.463264227E-3,-5.907833576E-3,-2.168655396E-3,6.461169088E-3
1.900391781E1,-1.485258341E-3,-5.785822868E-3,-3.064441681E-2,3.122117903E-2
1.900896250E1,3.344833851E-3,2.277439833E-2,3.133678436E-2,3.888258205E-2
1.901398932E1,-2.035024762E-2,-5.838930607E-3,1.207447052E-2,2.437249530E-2
1.901901614E1,3.681823611E-2,3.675699234E-3,7.225990295E-3,3.770024153E-2
1.902404296E1,-1.508146524E-3,-1.538270712E-2,-3.556728363E-2,3.878058598E-2
1.902901421E1,7.922083139E-3,-1.045227051E-3,-1.627159119E-2,1.812778477E-2
1.903403807E1,1.727280021E-2,-5.718529224E-3,-1.890182495E-3,1.829273061E-2
1.903906192E1,-1.144897938E-2,-1.039969921E-2,7.625579834E-3,1.724477719E-2
1.904412557E1,-2.088612318E-2,3.244292736E-2,-1.934051514E-3,3.863307175E-2
1.904915208E1,7.743626833E-3,8.449196815E-3,2.831459045E-3,1.180550057E-2
1.905415744E1,-1.856327057E-3,-1.069700718E-2,-1.617908478E-2,1.948421661E-2
1.905918182E1,2.920717001E-3,-5.838453770E-3,7.696151733E-3,1.009202070E-2
1.906420619E1,-1.835763454E-3,-2.006894350E-2,2.187824249E-2,2.974542007E-2
1.906922072E1,-1.129794121E-2,-1.038956642E-2,1.219749451E-2,1.960524007E-2
1.907424442E1,1.730361581E-2,1.820528507E-2,7.345199585E-3,2.616867367E-2
1.907927557E1,-1.131188869E-2,3.770768642E-3,2.536773682E-3,1.219068262E-2
1.908430000E1,-1.120114326E-2,-1.528966427E-2,1.201343536E-2,2.244018879E-2
1.908932442E1,3.157526255E-3,1.334249973E-2,1.191139221E-2,1.816242097E-2
1.909434885E1,-1.594185829E-3,3.693300486E-2,-2.431869507E-3,3.704729768E-2
1.909941057E1,-1.560807228E-3,1.294797659E-2,1.182937622E-2,1.760739500E-2
1.910443692E1,1.255619526E-2,-6.187856197E-3,-2.505302429E-3,1.422055357E-2
1.910946328E1,-1.935333014E-3,-1.081568003E-2,1.176357269E-2,1.609677268E-2
1.911448958E1,1.719191670E-2,-1.159787178E-3,-1.683616638E-2,2.409073691E-2
1.911951593E1,7.672190666E-3,3.612637520E-3,2.291679382E-3,8.784386937E-3
1.912453812E1,-1.761704683E-3,3.213399649E-2,7.010459900E-3,3.293696831E-2
1.912956406E1,-3.496265411E-2,-1.364767551E-3,1.169872284E-2,3.689322281E-2
1.913459000E1,1.288288832E-2,1.285368204E-2,1.634883881E-2,2.446365638E-2
1.913961593E1,8.148044348E-3,-2.517670393E-2,-1.228904724E-2,2.917666413E-2
1.914464250E1,3.404319286E-3,2.252823114E-2,2.055168152E-3,2.287650114E-2
1.914966843E1,-2.499383688E-2,-6.189703941E-3,-2.714157104E-3,2.589152305E-2
1.915469437E1,-5.773633718E-3,3.319323063E-3,-2.689361572E-3,7.182298906E-3
1.915972588E1,3.682732582E-3,8.002877235E-3,-2.660751343E-3,9.202617075E-3
1.916475218E1,-1.536917686E-2,7.891118526E-3,6.862640381E-3,1.858970635E-2
1.916977849E1,-9.743273258E-4,-1.121133566E-2,2.058982849E-3,1.144040084E-2
1.917483505E1,1.803937554E-2,7.788419724E-3,-2.644443512E-2,3.294520755E-2
1.917986338E1,-1.543590426E-2,-1.136285067E-2,-2.470970154E-3,1.932581717E-2
1.918489171E1,-1.047044992E-3,-3.979742527E-2,2.300262451E-3,3.987759482E-2
1.918992005E1,-5.768924952E-3,8.029878139E-3,2.602195740E-2,2.783705632E-2
1.919494838E1,8.542418480E-3,3.173291683E-3,-1.218128204E-2,1.521270278E-2
1.919994619E1,-1.520228386E-2,3.105819225E-3,-3.107452393E-2,3.473300426E-2
1.920497333E1,-8.641779423E-4,3.090202808E-3,2.425193787E-3,4.022153878E-3
1.921000046E1,-5.584746599E-3,-1.117330790E-2,1.664829254E-2,2.081340550E-2
1.921502760E1,-8.208453655E-4,-1.102083921E-2,7.010459900E-3,1.308736918E-2
1.922003437E1,2.289408445E-2,3.176599741E-2,-1.203727722E-2,4.096478655E-2
1.922506041E1,1.802673936E-2,2.660530806E-2,-7.183074951E-3,3.293026441E-2
1.923008791E1,1.789659262E-2,-1.170021296E-2,2.378463745E-3,2.151371889E-2
1.923511411E1,2.719968557E-2,-6.836652756E-3,2.610206604E-2,3.831292951E-2
1.924014031E1,-1.575347781E-2,-4.005575180E-2,2.143859863E-3,4.309560825E-2
1.924512974E1,8.085101843E-3,7.721662521E-3,6.878852844E-3,1.312674980E-2
1.925015349E1,-1.100873947E-2,2.813100815E-3,3.057193756E-2,3.261516897E-2
1.925517724E1,8.092790842E-3,-2.579438686E-2,-2.917289734E-3,2.719106906E-2
1.926020098E1,-2.039518952E-2,-1.148104668E-2,4.459762573E-2,5.036592508E-2
1.926524432E1,1.308149099E-2,-1.981556416E-3,-3.255844116E-3,1.362543553E-2
1.927026906E1,-6.058096886E-3,-1.902639866E-3,-3.231048584E-3,7.124622887E-3
1.927531869E1,1.300784945E-2,2.919554710E-3,-3.209114075E-3,1.371227043E-2
1.928034604E1,3.420412540E-3,-1.741230488E-3,-1.743507385E-2,1.785253220E-2
1.928537338E1,8.209854364E-3,-1.121473312E-2,1.119709015E-2,1.784787874E-2
1.929044968E1,-1.088705659E-2,-6.363391876E-3,1.607894897E-3,1.271243814E-2
1.929548026E1,2.235382795E-2,2.219271660E-2,-3.149986267E-3,3.165647971E-2
1.930051083E1,-6.306231022E-3,-6.524980068E-3,-7.870674133E-3,1.201213661E-2
1.930554140E1,-2.533739805E-2,-1.761078835E-3,6.446838379E-3,2.620394749E-2
1.931052500E1,-1.424729824E-3,-1.122790575E-2,6.394386292E-3,1.299938070E-2
1.931555322E1,1.290103793E-2,-1.587188244E-2,1.588821411E-3,2.051530612E-2
1.932059005E1,-6.187111139E-3,-2.052605152E-2,6.325721741E-3,2.235204444E-2
1.932561916E1,1.276817918E-2,1.764720678E-2,1.528739929E-3,2.183546090E-2
1.933064828E1,-1.112264395E-2,-6.225228310E-3,1.101398468E-2,1.684560876E-2
1.933565421E1,1.736772060E-2,1.283800602E-2,-3.319740295E-3,2.185115084E-2
1.934068182E1,2.203926444E-2,7.995307446E-3,1.452445984E-3,2.348965129E-2
1.934570942E1,7.567912340E-3,7.946908474E-3,6.189346313E-3,1.259899438E-2
1.935073703E1,1.226279140E-2,-6.397962570E-3,2.988243103E-2,3.292825021E-2
1.935577682E1,-2.581152320E-2,-1.685917377E-3,1.064395905E-2,2.797089400E-2
1.936080505E1,-1.613211632E-2,7.733404636E-3,4.380226135E-2,4.731478441E-2
1.936583494E1,7.763832808E-3,7.629215717E-3,-2.778816223E-2,2.984399425E-2
1.937086333E1,-1.785397530E-3,2.177685499E-2,5.684852600E-3,2.257734720E-2
1.937589171E1,-2.080056071E-2,-2.287030220E-3,8.993148804E-4,2.094522858E-2
1.938092010E1,-1.569062471E-3,7.143735886E-3,1.039028168E-2,1.270641070E-2
1.938594848E1,7.953435183E-3,1.659965515E-2,-3.943443298E-3,1.882435729E-2
1.939091864E1,-6.346017122E-3,-2.667427063E-3,1.034259796E-2,1.242402644E-2
1.939594463E1,-6.277441978E-3,2.068221569E-3,-3.987312317E-3,7.718968698E-3
1.940098052E1,1.747801900E-2,1.631599665E-2,-3.952980042E-3,2.423466414E-2
1.940600750E1,2.194145322E-2,1.624900103E-2,-3.916740417E-3,2.758257166E-2
1.941104187E1,-2.575910091E-2,-1.711070538E-2,2.460765839E-2,3.952017674E-2
1.941606963E1,-6.531357765E-3,6.841540337E-3,-1.358985901E-2,1.655746286E-2
1.942107713E1,-1.600641012E-2,6.748855114E-3,-1.347255707E-2,2.198322097E-2
1.942610286E1,3.188639879E-3,-1.223099232E-2,-3.236198425E-2,3.474280677E-2
1.943112859E1,-6.267189980E-3,1.158076525E-2,-3.602027893E-3,1.365160792E-2
1.943618463E1,-6.305992603E-3,1.150631905E-2,5.928039551E-3,1.439800589E-2
1.944121239E1,1.739534736E-2,1.613205671E-2,-2.735424042E-2,3.620905732E-2
1.944625099E1,1.731857657E-2,-3.028035164E-3,-1.288127899E-2,2.179517011E-2
1.945127984E1,-6.600230932E-3,-3.617262840E-2,1.468658447E-3,3.679917189E-2
1.945630869E1,2.858400345E-3,2.142608166E-3,-8.037567139E-3,8.795664147E-3
1.946133755E1,1.234826446E-2,3.533351421E-2,1.527786255E-3,3.746025884E-2
1.946636640E1,2.650764585E-2,-3.030955791E-3,1.101684570E-2,2.886542691E-2
1.947139526E1,-1.168748736E-2,3.495478630E-2,1.567459106E-2,4.005155741E-2
1.947632974E1,2.636387944E-2,-8.051335812E-3,-1.294708252E-2,3.045496829E-2
1.948135541E1,-1.188153028E-2,-8.011043072E-3,-3.338813782E-3,1.471377757E-2
1.948638026E1,4.051995277E-2,-1.741850376E-2,-1.281261444E-2,4.592857427E-2
1.949140588E1,-2.536684275E-3,1.691997051E-3,-7.956504822E-3,8.520774032E-3
1.949643150E1,-2.549618483E-3,1.649558544E-3,-3.137588501E-3,4.366469901E-3
1.950145713E1,-2.510607243E-3,-1.263761520E-2,-3.110885620E-3,1.325481332E-2
1.950648598E1,7.180333138E-3,-7.759809494E-3,6.402015686E-3,1.235951586E-2
1.951151177E1,1.657408476E-2,-1.716023684E-2,1.584529877E-2,2.863996346E-2
1.951653755E1,-1.684030890E-2,-7.544815540E-3,-3.276824951E-3,1.874187363E-2
1.952156333E1,7.005870342E-3,6.790995598E-3,1.499176025E-3,9.871543406E-3
1.952665822E1,6.910443306E-3,2.066373825E-3,-8.012771606E-3,1.078093856E-2
1.953168750E1,6.816446781E-3,2.576780319E-2,1.553535461E-3,2.669938390E-2
1.953671677E1,-1.696744561E-2,1.786947250E-3,1.578712463E-2,2.324479932E-2
1.954166463E1,-7.262825966E-3,6.395697594E-3,-8.082389832E-3,1.260867218E-2
1.954668848E1,1.175242662E-2,1.676559448E-3,-8.017539978E-3,1.432519914E-2
1.955171234E1,3.535780311E-2,6.442308426E-3,-3.202438354E-3,3.608231131E-2
1.955673619E1,-7.705807686E-3,1.563131809E-3,-7.917404175E-3,1.115832165E-2
1.956176005E1,2.561387420E-2,-7.969558239E-3,6.395339966E-3,2.757688857E-2
1.956688041E1,1.117470860E-2,-3.127515316E-3,-2.690029144E-2,2.929643569E-2
1.957190802E1,-2.992540598E-3,-7.872283459E-3,1.808166504E-3,8.613803584E-3
1.957693562E1,1.797229052E-3,1.116514206E-2,1.129150391E-2,1.598087888E-2
1.958196322E1,-2.674400806E-2,-3.195405006E-3,1.594829559E-2,3.130176853E-2
1.958696984E1,-1.220127940E-2,-3.195583820E-3,-7.928848267E-3,1.489797335E-2
1.959199635E1,-2.586007118E-3,-2.693313360E-2,-3.113746643E-3,2.723557484E-2
1.959702286E1,-7.348001003E-3,-7.787942886E-3,6.415367126E-3,1.248207148E-2
1.960204937E1,-1.676386595E-2,2.079570293E-2,-3.137588501E-3,2.689484939E-2
1.960709281E1,-2.140450478E-2,-3.092050552E-3,1.113414764E-2,2.432453175E-2
1.961212020E1,-1.646417379E-2,-3.136515617E-3,-7.948875427E-3,1.854969998E-2
1.961714760E1,2.735465765E-3,-1.737678051E-2,1.110935211E-2,2.080511904E-2
1.962217500E1,2.182677388E-2,2.553540468E-2,-1.273345947E-2,3.592500439E-2
1.962718687E1,2.667546272E-3,1.115971804E-2,-3.135681152E-3,1.189485629E-2
1.963221348E1,-6.780058146E-3,1.598536968E-3,1.587867737E-2,1.733946089E-2
1.963724010E1,1.709371805E-2,-1.278895140E-2,-1.274013519E-2,2.486088332E-2
1.964225005E1,-6.723195314E-3,1.109153032E-2,1.585102081E-2,2.048116845E-2
1.964727546E1,1.234653592E-2,2.052527666E-2,-2.227210999E-2,3.270735108E-2
1.965233572E1,-2.103140950E-2,-3.356158733E-3,1.590156555E-2,2.657901003E-2
1.965736474E1,-1.900851727E-3,-2.703607082E-2,-1.747035980E-2,3.224555527E-2
1.966235854E1,-2.091437578E-2,-3.087699413E-3,-1.257324219E-2,2.459738647E-2
1.966738401E1,2.860128880E-3,1.121836901E-2,-2.966880798E-3,1.195133976E-2
1.967240947E1,-1.619359851E-2,2.540284395E-2,-3.143310547E-2,4.353822726E-2
1.967737109E1,1.245099306E-2,1.478433609E-3,1.156234741E-2,1.705581636E-2
1.968239229E1,-1.137977839E-2,1.104742289E-2,1.963615417E-3,1.598126071E-2
1.968741348E1,2.920985222E-3,1.573920250E-2,1.619243622E-2,2.276948925E-2
1.969244739E1,2.808272839E-3,-1.759839058E-2,-1.243114471E-2,2.172839401E-2
1.969746947E1,-6.693959236E-3,6.269574165E-3,-2.657318115E-2,2.811139639E-2
1.970249156E1,7.625311613E-3,1.579654217E-2,-3.110599518E-2,3.571076949E-2
1.970751364E1,3.131878376E-2,1.089799404E-2,1.188945770E-2,3.522771203E-2
1.971257489E1,-2.215892076E-3,2.028310299E-2,1.654148102E-2,2.626661453E-2
1.971759890E1,-1.172536612E-2,-1.320046186E-2,-1.682949066E-2,2.439196917E-2
1.972260291E1,-2.113372087E-3,-3.614187241E-3,-2.443313599E-3,4.847522288E-3
1.972762484E1,-2.085059881E-3,-2.259385586E-2,-2.423286438E-3,2.281889819E-2
1.973264677E1,7.549643517E-3,-1.757460833E-2,-2.414703369E-3,1.927938711E-2
1.973766869E1,-1.154527068E-2,-3.149271011E-3,-1.189136505E-2,1.687055855E-2
1.974276072E1,-1.994013786E-3,-7.835149765E-3,-1.179218292E-2,1.429759563E-2
1.974778619E1,-6.812602282E-3,1.130664349E-2,2.551078796E-3,1.344469188E-2
1.975282869E1,1.695135236E-2,-2.669280767E-2,-2.121639252E-2,3.807872949E-2
1.975785588E1,7.332742214E-3,1.159745455E-2,2.643966675E-2,2.978801837E-2
1.976288307E1,1.203644276E-2,6.782948971E-3,2.621650696E-2,2.963426375E-2
1.976787213E1,7.152467966E-3,-1.228857040E-2,1.175498962E-2,1.844848345E-2
1.977289677E1,2.205550671E-3,2.141296864E-3,-7.334709167E-3,7.952833746E-3
1.977792140E1,6.896913052E-3,1.634997129E-2,3.546524048E-2,3.965693197E-2
1.978298260E1,1.640149951E-2,3.993690014E-2,1.142501831E-2,4.465978305E-2
1.978800953E1,1.632949710E-2,-3.159093857E-2,2.082252502E-2,4.120943367E-2
1.979303645E1,3.515189886E-2,-2.654957771E-2,1.590061188E-2,4.683338049E-2
1.979802677E1,-1.260977983E-2,-2.170461416E-2,-1.746463776E-2,3.057957481E-2
1.980305104E1,-1.254329085E-2,2.114105225E-2,-3.067016602E-3,2.477266288E-2
1.980808166E1,-2.925336361E-3,1.149684191E-2,1.120090485E-2,1.631549068E-2
1.981310656E1,1.918941736E-3,-2.656072378E-2,6.354331970E-3,2.737758061E-2
1.981813145E1,-7.525831461E-3,-2.156239748E-2,-1.269721985E-2,2.613033708E-2
1.982316338E1,1.619249582E-2,-7.108926773E-3,-2.208518982E-2,2.829292085E-2
1.982818875E1,6.477147341E-3,-2.327322960E-3,-2.901077271E-3,7.469010588E-3
1.983321411E1,-7.750630379E-3,-2.282619476E-3,-2.882003784E-3,8.578377979E-3
1.983825546E1,1.827895641E-3,-6.932616234E-3,1.884460449E-3,7.413066943E-3
1.984328182E1,-7.615715265E-3,-1.164764166E-2,-2.187538147E-2,2.592680061E-2
1.984830817E1,2.065151930E-3,-6.826698780E-3,6.793022156E-3,9.849559317E-3
1.985330229E1,-4.537194967E-2,-1.623737812E-2,1.983642578E-3,4.823070706E-2
1.985832630E1,2.625074983E-2,-1.881659031E-3,-2.652263641E-2,3.736432456E-2
1.986335031E1,-2.143898606E-2,-1.733779907E-3,-1.681327820E-2,2.730059413E-2
1.986835671E1,-1.170110703E-2,-6.436765194E-3,7.064819336E-3,1.510826013E-2
1.987337958E1,2.652764320E-3,-1.603722572E-3,7.002830505E-3,7.658245211E-3
1.987840244E1,-1.640087366E-2,1.273488998E-2,-2.554893494E-3,2.092112713E-2
1.988345145E1,2.588242292E-3,1.745718718E-2,-2.532005310E-3,1.782872494E-2
1.988847609E1,2.480715513E-3,-1.115417480E-2,6.988525391E-3,1.339436643E-2
1.989348843E1,-1.177459955E-2,-1.572841406E-2,1.642131805E-2,2.560632520E-2
1.989851187E1,-6.968677044E-3,3.426194191E-3,-1.220607758E-2,1.446684472E-2
1.990353531E1,2.606987953E-3,1.286464930E-2,1.163864136E-2,1.754290627E-2
1.990855874E1,7.347881794E-3,3.287017345E-3,1.153945923E-2,1.406964709E-2
1.991358218E1,7.194191217E-3,3.236711025E-3,-1.229381561E-2,1.460721013E-2
1.991860562E1,-1.190054417E-2,3.186583519E-3,5.429172516E-2,5.567197398E-2
1.992371046E1,2.405971289E-3,7.882058620E-3,-1.263618469E-2,1.508604353E-2
1.992873661E1,-1.184552908E-2,-1.125562191E-2,1.121520996E-2,1.981884250E-2
1.993376276E1,-1.167786121E-2,3.106236458E-3,1.111698151E-2,1.641975716E-2
1.993878890E1,7.530868053E-3,-6.495177746E-3,-1.271915436E-2,1.614553174E-2
1.994384343E1,-1.140135527E-2,1.252055168E-2,-7.868766785E-3,1.867277716E-2
1.994887093E1,7.698386908E-3,2.946019173E-3,6.440162659E-3,1.046039603E-2
1.995389843E1,-1.134586334E-2,1.713919640E-2,-3.109931946E-3,2.078827421E-2
1.995889010E1,-3.502812982E-2,7.366299629E-3,-7.822036743E-3,3.663900254E-2
1.996391510E1,1.276257634E-2,2.152210474E-2,6.489753723E-3,2.584958899E-2
1.996894010E1,-6.375670433E-3,1.192051172E-2,-3.064155579E-3,1.386134274E-2
1.997393489E1,2.687913179E-2,7.095396519E-3,1.595497131E-2,3.205297938E-2
1.997895776E1,7.729679346E-3,1.175320148E-2,3.006649017E-2,3.319457063E-2
1.998395947E1,-2.075755596E-2,-2.161580324E-2,-3.424644470E-3,3.016367466E-2
1.998898026E1,7.974773645E-3,1.177179813E-2,-8.145332336E-3,1.638653975E-2
1.999400104E1,-1.626849174E-3,2.198636532E-3,-1.757335663E-2,1.778492350E-2
1.999903822E1,2.214258909E-2,-1.204335690E-2,1.106262207E-2,2.752668349E-2
2.000406010E1,-2.556201816E-2,2.131557465E-2,-8.022308350E-3,3.423635386E-2
2.000908661E1,-2.538415790E-2,-7.282435894E-3,-7.958412170E-3,2.758125575E-2
2.001410895E1,2.233204246E-2,-7.257163525E-3,2.534866333E-2,3.455345533E-2
2.001913130E1,-1.103195548E-2,2.116298676E-2,6.149291992E-3,2.464528032E-2
2.002415364E1,3.266930580E-3,1.858711243E-3,-3.388404846E-3,5.060526682E-3
2.002917599E1,1.269805431E-2,3.035509586E-2,2.038288116E-2,3.870573953E-2
2.003419833E1,3.108203411E-3,1.118069887E-2,5.962371826E-3,1.304679399E-2
2.003928552E1,-2.539238334E-2,-1.263636351E-2,1.065921783E-2,3.029966566E-2
2.004431000E1,-1.574039459E-3,-1.731544733E-2,1.081466675E-3,1.742044450E-2
2.004933447E1,1.258742809E-2,2.079105377E-2,-3.669738770E-3,2.458003754E-2
2.005439416E1,7.798761129E-3,-2.209764719E-2,-2.263832092E-2,3.258251465E-2
2.005942099E1,-1.594775915E-2,2.074301243E-2,-4.144191742E-2,4.901057137E-2
2.006443677E1,-1.105397940E-2,1.579099894E-2,-2.684974670E-2,3.305230712E-2
2.006946260E1,3.241032362E-3,-8.111178875E-3,-7.628440857E-3,1.159692302E-2
2.007448843E1,1.742330194E-2,1.471996307E-3,1.933097839E-3,1.759190412E-2
2.007951427E1,-1.119753718E-2,1.426756382E-3,1.616382599E-2,1.971521604E-2
2.008451197E1,3.053724766E-3,-1.750898361E-2,-1.246166229E-2,2.170674479E-2
2.008953630E1,2.882003784E-3,-1.733905077E-2,2.088737488E-2,2.729892043E-2
2.009456192E1,-1.132714748E-2,-2.976655960E-3,1.718521118E-3,1.183714770E-2
2.009958640E1,3.027915955E-3,1.815795898E-3,1.119899750E-2,1.174235644E-2
2.010461088E1,-6.527602673E-3,1.765787601E-3,6.361007690E-3,9.283858107E-3
2.010959796E1,7.889837027E-3,2.076429129E-2,1.105022430E-2,2.480952999E-2
2.011462005E1,-2.535191178E-2,6.367802620E-3,1.456260681E-3,2.617993576E-2
2.011964213E1,-1.389503479E-3,-2.695167065E-2,1.094245911E-2,2.912148145E-2
2.012469166E1,-1.365959644E-3,1.112753153E-2,-1.763248444E-2,2.089479148E-2
2.012971567E1,3.302484751E-3,-1.273691654E-2,1.515388489E-3,1.324506892E-2
2.013474421E1,7.986932993E-3,1.634836197E-3,-2.698707581E-2,2.819159535E-2
2.013976869E1,-1.509726048E-3,-3.158748150E-3,1.728057861E-3,3.904247249E-3
2.014479317E1,-6.126999855E-3,-3.215432167E-3,-1.253318787E-2,1.431642167E-2
2.014981765E1,-1.208782196E-3,1.097404957E-2,1.815795898E-3,1.118874582E-2
2.015487822E1,3.614038229E-3,-3.339469433E-3,-1.719760895E-2,1.788773552E-2
2.015990453E1,1.309308410E-2,1.090556383E-2,-7.555961609E-3,1.864008395E-2
2.016493083E1,3.673863411E-2,-1.765263081E-2,-2.173995972E-2,4.619489646E-2
2.016992010E1,-1.579204202E-2,6.263136864E-3,6.930351257E-3,1.834789478E-2
2.017494395E1,-1.089972258E-2,-8.062183857E-3,-1.686859131E-2,2.164144481E-2
2.017996781E1,-1.089671254E-2,1.523733139E-3,-2.479553223E-3,1.127866531E-2
2.018500135E1,-6.151884794E-3,-1.275920868E-2,2.128982544E-2,2.557146378E-2
2.019002583E1,-1.558864117E-2,6.316602230E-3,1.161670685E-2,2.044145482E-2
2.019505031E1,-2.499517798E-2,1.108902693E-2,6.768226624E-3,2.816974143E-2
2.020010567E1,-9.768903255E-4,1.574337482E-3,-2.792358398E-3,3.351136918E-3
2.020513224E1,3.708630800E-2,-3.216207027E-3,-2.771377563E-3,3.732852478E-2
2.021015880E1,-5.998730659E-3,-8.015751839E-3,-2.741813660E-3,1.038049080E-2
2.021518598E1,2.249616385E-2,-1.741522551E-2,-1.696491241E-2,3.312364292E-2
2.022021260E1,-1.561555266E-2,3.013736010E-2,3.066349030E-2,4.574227362E-2
2.022523921E1,1.307576895E-2,3.460407257E-2,-2.833366394E-3,3.710047893E-2
2.023027770E1,3.433287144E-3,-8.500754833E-3,1.945495605E-3,9.372046014E-3
2.023530510E1,-1.562920213E-2,1.523572206E-2,1.935958862E-3,2.191225964E-2
2.024033250E1,1.305225492E-2,2.463501692E-2,1.914978027E-3,2.794481272E-2
2.024536265E1,1.774561405E-2,5.470335484E-3,-2.854347229E-3,1.878772702E-2
2.025039020E1,-2.993065119E-2,-1.348775625E-2,-2.657604218E-2,4.223800974E-2
2.025541776E1,8.266508579E-3,1.039457321E-2,1.638221741E-2,2.108931871E-2
2.026044531E1,-6.085008383E-3,2.457863092E-2,-7.496833801E-3,2.640717596E-2
2.026544562E1,-1.066884398E-2,-2.788329124E-2,-1.693534851E-2,3.432358070E-2
2.027047182E1,-1.061406732E-2,8.631348610E-4,6.948471069E-3,1.271552897E-2
2.027549812E1,-1.056635380E-2,9.359717369E-4,2.139091492E-3,1.082125631E-2
2.028052432E1,-3.891003132E-2,-2.267986536E-2,2.109527588E-3,4.508677119E-2
2.028555052E1,1.845857501E-2,-1.771366596E-2,6.835937500E-3,2.648061545E-2
2.029057286E1,-1.027575135E-2,-8.094370365E-3,-2.170658112E-2,2.534335339E-2
2.029559880E1,4.010945559E-3,1.553356647E-3,-2.152824402E-2,2.195372159E-2
2.030063020E1,8.684635162E-3,-3.282368183E-3,2.614307404E-2,2.774269541E-2
2.030565666E1,-8.195042610E-4,1.468539238E-3,-2.156162262E-2,2.162710717E-2
2.031068224E1,-1.974156499E-2,-2.231097221E-2,1.660442352E-2,3.410594889E-2
2.031570864E1,-5.696713924E-4,1.108968258E-2,-1.677227020E-2,2.011503500E-2
2.032073359E1,-5.355089903E-3,-3.270387650E-3,-2.383232117E-3,6.712094946E-3
2.032575984E1,8.893221617E-3,-1.286554337E-2,7.143020630E-3,1.719402049E-2
2.033078677E1,8.832186460E-3,2.040487528E-2,-3.564929962E-2,4.201474761E-2
2.033581307E1,4.078000784E-3,-8.231401443E-3,-2.117156982E-3,9.427004498E-3
2.034083937E1,-5.388408899E-3,1.080667973E-2,4.063510895E-2,4.239140663E-2
2.034586224E1,-1.008248329E-2,-1.304763556E-2,-2.439498901E-3,1.666878573E-2
2.035088828E1,-5.953311920E-4,-3.411948681E-3,2.331733704E-3,4.175259883E-3
2.035591432E1,-5.260705948E-4,-4.139572382E-2,-2.438545227E-3,4.147082352E-2
2.036094036E1,-2.420321107E-2,6.464242935E-3,-3.091430664E-2,3.979040359E-2
2.036596640E1,-2.465546131E-4,-1.260769367E-2,1.208114624E-2,1.746335659E-2
2.037102677E1,-2.287924290E-4,1.121306419E-2,7.232666016E-3,1.334528427E-2
2.037605416E1,-2.870887518E-2,-7.895886898E-3,7.173538208E-3,3.062685414E-2
2.038108156E1,9.475558996E-3,-2.199363708E-2,1.185894012E-2,2.672341205E-2
2.038610895E1,-1.444050670E-2,-2.786099911E-3,-2.482414246E-3,1.491485725E-2
2.039113635E1,-9.514480829E-3,-7.581949234E-3,7.037162781E-3,1.405464193E-2
2.039612374E1,4.815638065E-3,-2.183431387E-2,-2.514839172E-3,2.250004552E-2
2.040114942E1,-4.709720612E-3,-2.162450552E-2,7.000923157E-3,2.321235947E-2
2.040617718E1,8.970499039E-5,7.022917271E-3,-7.302284241E-3,1.013177029E-2
2.041120307E1,9.549081326E-3,-2.610564232E-3,-7.234573364E-3,1.226128262E-2
2.041622869E1,-1.421308517E-2,2.582931519E-2,-2.141761780E-2,3.644008322E-2
2.042125458E1,1.435932517E-2,1.609092951E-2,7.255554199E-3,2.275414904E-2
2.042628161E1,-4.843145609E-3,2.553117275E-2,-1.654815674E-2,3.080808876E-2
2.043130760E1,-9.801983833E-5,-2.208399773E-2,7.328987122E-3,2.326857571E-2
2.043633359E1,-1.433160901E-2,-2.197486162E-2,-1.647090912E-2,3.097709488E-2
2.044135958E1,4.844546318E-3,2.086997032E-2,-4.482269287E-2,4.967996665E-2
2.044642208E1,1.430892944E-2,-2.680945396E-2,1.253414154E-2,3.287243508E-2
2.045144989E1,9.400457144E-3,2.562445402E-2,7.684707642E-3,2.835552803E-2
2.045646489E1,-1.608431339E-4,1.694977283E-3,2.870559692E-3,3.337503776E-3
2.046149140E1,-2.037286758E-4,6.512820721E-3,1.234054565E-2,1.395519280E-2
2.046651791E1,9.247422218E-3,-2.679818869E-2,-1.150131226E-2,3.059310246E-2
2.047154442E1,9.180963039E-3,2.083623409E-2,-1.140213013E-2,2.546462851E-2
2.047657093E1,9.066551924E-3,-2.199488878E-2,-1.812934875E-3,2.385925877E-2
2.048161145E1,4.152625799E-3,6.706833839E-3,-1.794815063E-3,8.089949462E-3
2.048663848E1,8.822083473E-3,-1.241385937E-2,1.247215271E-2,1.968470610E-2
2.049166552E1,-1.024144888E-2,1.136398315E-2,3.136634827E-2,3.489806860E-2
2.049669255E1,8.845150471E-3,-1.713705063E-2,-2.140045166E-3,1.940347867E-2
2.050166614E1,4.081249237E-3,-7.362186909E-3,7.363319397E-3,1.118377682E-2
2.050669036E1,-2.432993054E-2,1.652401686E-2,7.291793823E-3,3.030113712E-2
2.051168968E1,-1.461970806E-2,-7.325410843E-3,2.479553223E-3,1.653921679E-2
2.051671145E1,-4.993498325E-3,2.120846510E-2,1.670551300E-2,2.745556741E-2
2.052173322E1,-1.914161444E-2,1.151925325E-2,1.181602478E-2,2.527277271E-2
2.052676380E1,9.568065405E-3,-3.127932549E-2,1.171302795E-2,3.474390741E-2
2.053178614E1,-4.749685526E-3,-7.190644741E-3,-1.688098907E-2,1.895343443E-2
2.053680848E1,4.589557648E-5,-2.399921417E-3,-3.098487854E-2,3.107771593E-2
2.054183083E1,1.899862289E-2,1.649069786E-2,-1.172351837E-2,2.775484950E-2
2.054689916E1,4.602491856E-3,6.786525249E-3,7.371902466E-3,1.102654988E-2
2.055192385E1,-9.670495987E-3,-7.535517216E-3,-2.185821533E-3,1.245312523E-2
2.055694854E1,1.421520114E-2,-1.234447956E-2,2.585411072E-3,1.900374883E-2
2.056197322E1,9.355932474E-3,2.092880011E-2,1.206493378E-2,2.590580579E-2
2.056699791E1,3.303459287E-2,1.738131046E-3,-3.077125549E-2,4.517937129E-2
2.057200900E1,-2.890866995E-2,6.400942802E-3,7.474899292E-3,3.053780258E-2
2.057703312E1,-9.562730789E-3,-3.166556358E-3,-6.837844849E-3,1.217493415E-2
2.058208432E1,9.573906660E-3,1.113760471E-2,2.711296082E-3,1.493509471E-2
2.058711114E1,-4.788875580E-3,-3.171086311E-3,-2.059936523E-3,6.101840394E-3
2.059214500E1,3.963708878E-6,-7.855892181E-3,1.694869995E-2,1.868083209E-2
2.059717250E1,1.895707846E-2,-7.654786110E-3,2.629756927E-2,3.330958907E-2
2.060221859E1,2.840742469E-2,-2.169775963E-2,-1.192378998E-2,3.768224141E-2
2.060724796E1,1.397794485E-2,-1.657336950E-2,3.089714050E-2,3.774510313E-2
2.061227734E1,2.336254716E-2,-1.997172832E-3,-7.360458374E-3,2.457587550E-2
2.061730671E1,-1.491311193E-2,-4.463285208E-2,-2.154541016E-2,5.175613095E-2
2.062227656E1,8.858472109E-3,-1.098692417E-2,-2.368927002E-3,1.431072486E-2
2.062730291E1,-5.508840084E-3,-1.309275627E-3,3.088760376E-2,3.140231819E-2
2.063232927E1,2.298635244E-2,-1.266121864E-3,-2.609252930E-3,2.316859219E-2
2.063733057E1,1.325935125E-2,-1.082599163E-2,3.065872192E-2,3.511366857E-2
2.064235526E1,1.310038567E-2,1.299208403E-2,-1.233005524E-2,2.219109313E-2
2.064737994E1,3.445535898E-3,-1.562190056E-2,-2.647018433E-2,3.092872699E-2
2.065240463E1,-1.081934571E-2,-1.545989513E-2,-2.510070801E-3,1.903594113E-2
2.065747000E1,1.307463646E-2,-1.065486670E-2,7.009506226E-3,1.826487012E-2
2.066249671E1,-5.864202976E-3,3.607511520E-3,-2.550125122E-3,7.342081044E-3
2.066752588E1,2.268776298E-2,1.294821501E-2,2.596950531E-2,3.683484854E-2
2.067255286E1,1.305893064E-2,7.970452309E-3,-1.222991943E-2,1.958659513E-2
2.067757984E1,-1.083877683E-2,-1.662790775E-3,-2.624511719E-3,1.127528350E-2
2.068263468E1,-6.098657846E-3,3.029167652E-3,2.155303955E-3,7.142465914E-3
2.068766348E1,-1.345992088E-3,3.037154675E-3,2.113151550E-2,2.139104838E-2
2.069269229E1,8.222073317E-3,-6.454527378E-3,-4.078006744E-2,4.209842413E-2
2.069767088E1,3.412961960E-3,-1.111912727E-2,1.179122925E-2,1.656249944E-2
2.070269625E1,3.389120102E-3,-1.099377871E-2,2.593612671E-2,2.837308538E-2
2.070770364E1,3.262341022E-3,8.227229118E-3,-7.523536682E-3,1.161609969E-2
2.071272724E1,-1.508980989E-3,1.288777590E-2,2.037048340E-3,1.313473856E-2
2.071775083E1,2.225360274E-2,3.261327744E-3,2.101516724E-2,3.078142862E-2
2.072278849E1,2.197203040E-2,-6.233394146E-3,-2.189350128E-2,3.163780525E-2
2.072781302E1,-2.099508047E-2,-1.559507847E-2,-2.719879150E-3,2.629444084E-2
2.073283755E1,7.623285055E-3,-1.188158989E-3,2.104568481E-2,2.241533060E-2
2.073786208E1,1.221546531E-2,-3.439158201E-2,1.878738403E-3,3.654487877E-2
2.074288661E1,2.517402172E-3,-1.027983427E-2,-1.713085175E-2,2.013649393E-2
2.074798656E1,-2.129766345E-2,1.358211040E-2,2.099990845E-2,3.284905396E-2
2.075301411E1,-1.642248034E-2,8.701860905E-3,-7.661819458E-3,2.010282869E-2
2.075802317E1,-1.627817750E-2,1.810264587E-2,1.614570618E-2,2.921247470E-2
2.076304901E1,-6.689757109E-3,1.792800426E-2,-4.096698761E-2,4.521570812E-2
2.076805666E1,-6.684303284E-3,-6.034374237E-3,2.111148834E-2,2.295187406E-2
2.077308046E1,2.187013626E-2,1.773416996E-2,1.942634583E-3,2.822370410E-2
2.077810140E1,-1.154372096E-2,-1.562577486E-2,6.672859192E-3,2.054140656E-2
2.078312489E1,7.602959871E-3,1.292181015E-2,-7.626533508E-3,1.682088552E-2
2.078814838E1,-1.139774919E-2,-1.505076885E-3,-2.812385559E-3,1.183568568E-2
2.079317869E1,1.719662547E-2,3.231227398E-3,-2.653026581E-2,3.178080808E-2
2.079820265E1,-1.143231988E-2,7.982313633E-3,2.592277527E-2,2.943476765E-2
2.080322661E1,-1.782804728E-3,-1.110047102E-2,-2.784729004E-3,1.158246801E-2
2.080825057E1,2.879709005E-3,-1.582503319E-3,1.149368286E-2,1.195415352E-2
2.081328807E1,-1.148742437E-2,1.270550489E-2,1.903533936E-3,1.723410035E-2
2.081831270E1,-1.891732216E-3,3.134250641E-3,1.138305664E-2,1.195726375E-2
2.082333734E1,7.575809956E-3,1.263421774E-2,-1.720237732E-2,2.264813767E-2
2.082832541E1,3.121051192E-2,-1.123607159E-2,1.938819885E-3,3.322806618E-2
2.083334760E1,-1.187908649E-2,3.129422665E-3,-1.231956482E-2,1.739763373E-2
2.083836979E1,1.197615266E-2,-6.473124027E-3,2.577590942E-2,2.915007845E-2
2.084340583E1,-7.161825895E-3,3.634613752E-2,1.606369019E-2,4.037790987E-2
2.084842895E1,2.139997482E-2,2.778351307E-3,1.118183136E-2,2.430455741E-2
2.085345208E1,-1.200962067E-2,-2.067923546E-3,-1.264953613E-2,1.756468220E-2
2.085848677E1,-3.569197655E-2,-2.024590969E-3,1.119804382E-2,3.746214548E-2
2.086351067E1,2.550721169E-3,-1.152777672E-2,-3.136634827E-3,1.221614884E-2
2.086853458E1,-1.170676947E-2,1.228773594E-2,-1.260662079E-2,2.114151824E-2
2.087355848E1,-2.102583647E-3,7.362127304E-3,1.748085022E-3,7.853507349E-3
2.087864276E1,-2.022713423E-3,-2.271831036E-3,-2.200698853E-2,2.221621322E-2
2.088366953E1,7.504671812E-3,2.521753311E-3,2.091121674E-2,2.235974786E-2
2.088869630E1,-2.104148269E-2,2.147424221E-2,-3.005027771E-3,3.021452075E-2
2.089373474E1,1.232928038E-2,-7.216036320E-3,-1.722145081E-2,2.237544866E-2
2.089876234E1,-6.811112165E-3,1.176613569E-2,-1.232242584E-2,1.834871594E-2
2.090378994E1,-2.045989037E-3,-2.600014210E-3,-7.467269897E-3,8.167390327E-3
2.090881755E1,-2.100780606E-2,-7.351815701E-3,2.093315125E-3,2.235529194E-2
2.091384515E1,-2.086904645E-2,6.981790066E-3,-7.421493530E-3,2.322371758E-2
2.091882942E1,-6.434053183E-3,2.201914787E-3,2.587699890E-2,2.675564503E-2
2.092385531E1,-6.416112185E-3,-7.337927818E-3,-1.707267761E-2,1.965929808E-2
2.092888119E1,7.792532444E-3,7.050216198E-3,6.811141968E-3,1.252280980E-2
2.093392385E1,2.989232540E-3,2.275645733E-3,2.002716064E-3,4.257340287E-3
2.093895083E1,-1.126426458E-2,-1.676130295E-2,-1.225852966E-2,2.362406575E-2
2.094397781E1,-1.584672928E-2,-1.189947128E-2,-1.215839386E-2,2.324957606E-2
2.094900479E1,-1.089048386E-2,-1.657754183E-2,2.118015289E-2,2.901751899E-2
2.095400442E1,3.360688686E-3,1.197677851E-2,-7.478713989E-3,1.451442781E-2
2.095903005E1,-1.404196024E-3,2.310037613E-3,1.632976532E-2,1.655201727E-2
2.096408036E1,-2.511653304E-2,-7.229387760E-3,-7.547378540E-3,2.720417619E-2
2.096910843E1,8.405894041E-3,-2.624022961E-2,-1.223182678E-2,3.014674594E-2
2.097413650E1,2.254855633E-2,-2.134740353E-2,-2.636909485E-2,4.073669345E-2
2.097913968E1,1.277661324E-2,-2.143859863E-3,-7.153511047E-3,1.479901014E-2
2.098416609E1,-1.552700996E-3,1.684325933E-2,-1.184272766E-2,2.064840100E-2
2.098919250E1,7.928401232E-3,-1.656097174E-2,7.252693176E-3,1.974150170E-2
2.099421239E1,-2.056047320E-2,-1.644200087E-2,7.190704346E-3,2.729063355E-2
2.099923833E1,3.418624401E-3,7.421195507E-3,1.662635803E-2,1.852557467E-2
2.100423781E1,-1.290023327E-3,2.153497934E-2,6.991386414E-3,2.267816085E-2
2.100926114E1,3.437995911E-3,2.340734005E-3,-1.205825806E-2,1.275540822E-2
2.101428916E1,1.762375236E-2,-7.299721241E-3,-1.194858551E-2,2.250891541E-2
2.101931296E1,-3.478750587E-2,-2.155625820E-2,2.402305603E-3,4.099529124E-2
2.102433677E1,8.253306150E-3,-2.139145136E-2,2.137660980E-2,3.134757886E-2
2.102936057E1,3.447353840E-3,7.214128971E-3,2.120208740E-2,2.265957668E-2
2.103439630E1,-6.063610315E-3,-3.079634905E-2,6.776809692E-3,3.211086474E-2
2.103942067E1,-1.298189163E-3,7.483541965E-3,-1.227474213E-2,1.443461083E-2
2.104444385E1,-6.014466286E-3,-6.791234016E-3,-7.427215576E-3,1.172425671E-2
2.104946812E1,-1.074624062E-2,-2.574425936E-2,-7.362365723E-3,2.885226172E-2
2.105449239E1,-5.889803171E-3,-1.135122776E-2,3.543853760E-2,3.767532482E-2
2.105952906E1,-1.125544310E-3,-2.546536922E-2,1.902580261E-3,2.556113635E-2
2.106455416E1,3.757447004E-3,-1.097309589E-2,-7.618904114E-3,1.387713736E-2
2.106957927E1,1.804509759E-2,8.095622063E-3,1.938819885E-3,1.987268643E-2
2.107463640E1,2.266195416E-2,-1.378774643E-3,1.915931702E-3,2.278455574E-2
2.107966364E1,8.243054152E-3,3.370285034E-3,1.139736176E-2,1.446397656E-2
2.108469088E1,8.141309023E-3,-1.566481590E-2,-1.243686676E-2,2.159497684E-2
2.108971812E1,7.995218039E-3,-6.054997444E-3,2.091121674E-2,2.319192728E-2
2.109478739E1,-1.109543443E-2,-2.026492357E-2,-2.199649811E-2,3.190018372E-2
2.109981671E1,-1.568430662E-2,-1.111447811E-3,6.674766541E-3,1.708172412E-2
2.110484604E1,-1.547998190E-2,8.380711079E-3,-1.237773895E-2,2.151916772E-2
2.110987536E1,-1.532590389E-2,1.304310560E-2,4.470729828E-2,4.902803742E-2
2.111484046E1,8.565872908E-3,8.172810078E-3,-1.739597321E-2,2.104254944E-2
2.111986650E1,-1.032412052E-3,2.718907595E-2,3.497886658E-2,4.431515353E-2
2.112489255E1,-1.050236821E-2,2.705579996E-2,-1.755237579E-2,3.391757576E-2
2.112990234E1,-1.508700848E-2,7.821559906E-3,-7.911682129E-3,1.874538178E-2
2.113492734E1,8.948117495E-3,-1.796782017E-3,-4.109001160E-2,4.209140394E-2
2.113995234E1,-6.051957607E-4,-1.128804684E-2,-3.599929810E-2,3.773242275E-2
2.114500046E1,-3.392523527E-2,-1.705944538E-3,-1.670074463E-2,3.785164073E-2
2.115002703E1,2.325734496E-2,3.097236156E-3,-7.062911987E-3,2.450268745E-2
2.115506567E1,-7.613301277E-4,-6.384730339E-3,-2.124786377E-2,2.219946215E-2
2.116009343E1,-5.488902330E-3,2.215379477E-2,-3.531646729E-2,4.204963178E-2
2.116513150E1,-6.283819675E-4,-1.602429152E-2,-1.785278320E-3,1.613567480E-2
2.117016020E1,2.788856626E-2,-6.352424622E-3,-2.076816559E-2,3.534744868E-2
2.117518890E1,-5.565881729E-3,2.213209867E-2,-2.534103394E-2,3.410244613E-2
2.118023161E1,1.824355125E-2,-6.501555443E-3,-6.139755249E-3,2.031733201E-2
2.118526125E1,1.336014271E-2,-3.019726276E-2,-1.083755493E-2,3.475371474E-2
2.119029088E1,-5.731463432E-3,-6.156206131E-3,-1.075077057E-2,1.365018736E-2
2.119532052E1,2.277234197E-2,-1.260161400E-3,2.732181549E-2,3.559001499E-2
2.120035015E1,-2.968275547E-2,-1.207649708E-3,-1.398086548E-3,2.974019227E-2
2.120537979E1,-1.512172818E-2,2.728629112E-2,-6.137847900E-3,3.179436307E-2
2.121036505E1,4.014432430E-3,1.290899515E-2,-2.033901215E-2,2.442198269E-2
2.121539322E1,3.728500009E-2,1.284867525E-2,3.567695618E-3,3.959782998E-2
2.122042140E1,8.502572775E-3,-1.101040840E-2,1.303482056E-2,1.906382396E-2
2.122544348E1,-1.059818268E-2,-2.527439594E-2,8.186340332E-3,2.860301967E-2
2.123047119E1,-9.972751141E-4,1.291716099E-2,3.369331360E-3,1.338656040E-2
2.123549890E1,-1.046735048E-2,-6.194055080E-3,2.708339691E-2,2.968909114E-2
2.124052661E1,1.823273301E-2,1.764214039E-2,-1.113891602E-2,2.770835832E-2
2.124557791E1,8.595615625E-3,1.279389858E-2,-1.552581787E-3,1.549125428E-2
2.125060682E1,-1.530715823E-2,-3.000468016E-2,2.695274353E-2,4.313977640E-2
2.125563572E1,3.570467234E-3,-5.864322186E-3,2.198219299E-2,2.302944463E-2
2.126060062E1,1.300087571E-2,-2.006834745E-2,-1.941680908E-3,2.399023684E-2
2.126562515E1,1.765528321E-2,-1.510846615E-2,-1.142597198E-2,2.589454789E-2
2.127061859E1,-6.268441677E-3,-1.968985796E-2,1.241111755E-2,2.410435036E-2
2.127564010E1,-1.508653164E-3,-5.285620689E-3,2.655506134E-2,2.711798487E-2
2.128066161E1,-6.385654211E-3,4.247367382E-3,-2.114391327E-2,2.249181579E-2
2.128568312E1,7.933169603E-3,-5.298256874E-3,1.702022552E-2,1.951140135E-2
2.129073640E1,3.086805344E-3,4.229366779E-3,7.384300232E-3,9.052281508E-3
2.129575947E1,-1.127099991E-2,4.234671593E-3,1.682186127E-2,2.068678078E-2
2.130077161E1,-3.975772858E-2,-9.951770306E-3,1.193141937E-2,4.268575268E-2
2.130579354E1,3.326714039E-3,1.381045580E-2,-2.140426636E-2,2.568926496E-2
2.131083067E1,-6.184577942E-3,-6.111860275E-4,7.267951965E-3,9.562723380E-3
2.131585411E1,-6.164848804E-3,-2.431142330E-2,1.195526123E-2,2.778450890E-2
2.132087755E1,3.393709660E-3,1.867204905E-2,7.103919983E-3,2.026396703E-2
2.132593588E1,3.330200911E-3,4.258394241E-3,-2.144336700E-2,2.211429737E-2
2.133096166E1,-1.484215260E-3,-2.417504787E-2,2.146816254E-2,3.236538023E-2
2.133598744E1,7.983833551E-3,-4.935920238E-3,-1.195144653E-2,1.519677535E-2
2.134098177E1,3.134250641E-3,2.833145857E-2,-7.100105286E-3,2.937527135E-2
2.134600546E1,-6.423473358E-3,-3.575682640E-4,2.454757690E-3,6.885833309E-3
2.135102916E1,1.263800263E-2,4.382550716E-3,-1.181125641E-2,1.784465296E-2
2.135605286E1,1.259833574E-2,1.858013868E-2,2.152347565E-2,3.109983313E-2
2.136108484E1,-3.023198247E-2,-5.781054497E-4,-2.398490906E-3,3.033248636E-2
2.136610895E1,3.166484833E-2,-1.958203316E-2,-1.661968231E-2,4.077171179E-2
2.137113489E1,1.237013936E-2,4.414498806E-3,-1.173686981E-2,1.761426298E-2
2.137615921E1,-6.711840630E-3,4.416525364E-3,3.584289551E-2,3.673237890E-2
2.138118354E1,7.608175278E-3,-1.927506924E-2,-1.194763184E-2,2.391983553E-2
2.138621578E1,-1.930087805E-3,-4.783987999E-3,-2.135181427E-2,2.196615016E-2
2.139124062E1,-2.564054728E-2,1.898461580E-2,-2.180099487E-3,3.197821345E-2
2.139626375E1,1.727420092E-2,-2.332329750E-4,1.208877563E-2,2.108532455E-2
2.140128843E1,1.239511371E-2,-4.991590977E-3,1.198768616E-2,1.795158610E-2
2.140631687E1,1.230549812E-2,-9.658932686E-3,-2.610301971E-2,3.043169241E-2
2.141134192E1,-1.152235270E-2,4.600405693E-3,-3.063011169E-2,3.304742178E-2
2.141636697E1,-1.960247755E-3,-4.849314690E-3,1.710605621E-2,1.788786134E-2
2.142139203E1,-6.774723530E-3,3.331601620E-2,2.713203430E-3,3.410594211E-2
2.142641708E1,-2.054989338E-3,-1.915925741E-2,-6.804466248E-3,2.043528533E-2
2.143147291E1,-6.767809391E-3,-1.405942440E-2,7.484436035E-3,1.730570545E-2
2.143649921E1,2.654677629E-2,-4.513442516E-3,2.676963806E-3,2.706046249E-2
2.144150338E1,-7.001072168E-3,-2.348405123E-2,-1.158618927E-2,2.710637297E-2
2.144652750E1,-1.172360778E-2,4.886388779E-4,1.225185394E-2,1.696436478E-2
2.145155161E1,-3.054863214E-2,-2.322375774E-2,-2.100944519E-3,3.843144308E-2
2.145657572E1,-1.783192158E-3,1.024305820E-2,1.215934753E-2,1.599842955E-2
2.146163802E1,-6.597369909E-3,1.018887758E-2,-1.643085480E-2,2.042820368E-2
2.146666406E1,-1.770228148E-3,5.857944489E-4,-1.154518127E-2,1.169478830E-2
2.147168989E1,-6.483256817E-3,6.135106087E-4,-1.955032349E-3,6.799350388E-3
2.147671588E1,-1.595050097E-2,1.013261080E-2,7.556915283E-3,2.035178742E-2
2.148174260E1,3.149211407E-3,9.974181652E-3,2.649402618E-2,2.848394733E-2
2.148676864E1,7.847696543E-3,1.461434364E-2,7.282257080E-3,1.811619853E-2
2.149179468E1,-1.129335165E-2,-9.322226048E-3,2.481460571E-3,1.485265419E-2
2.149683645E1,1.715508103E-2,4.982471466E-3,-7.028579712E-3,1.919694663E-2
2.150186354E1,1.223418117E-2,1.446825266E-2,2.527236938E-3,1.911524131E-2
2.150689062E1,2.165496349E-2,-9.212315083E-3,1.673984528E-2,2.887951892E-2
2.151191770E1,-2.113577724E-2,1.938498020E-2,-2.401351929E-3,2.877959395E-2
2.151690583E1,2.856999636E-3,9.704113007E-3,7.113456726E-3,1.236662940E-2
2.152193093E1,2.856492996E-3,4.903554916E-3,2.303123474E-3,6.124441264E-3
2.152695604E1,-1.149260998E-2,-4.657566547E-3,1.178646088E-2,1.710829244E-2
2.153198984E1,-1.142477989E-2,1.910001040E-2,-7.303237915E-3,2.342377589E-2
2.153701552E1,-6.453603506E-3,-4.825711250E-3,-1.674365997E-2,1.858189002E-2
2.154204119E1,7.976561785E-3,2.847868204E-2,2.382278442E-3,2.967045870E-2
2.154706687E1,7.889419794E-3,-1.927345991E-2,-1.187992096E-2,2.397585710E-2
2.155209255E1,-6.493926048E-3,-9.697794914E-3,-2.275466919E-3,1.189100717E-2
2.155716046E1,-1.591160893E-2,9.403407574E-3,-2.125358582E-2,2.816590639E-2
2.156218781E1,-2.529922128E-2,4.599869251E-3,1.216316223E-2,2.844559561E-2
2.156718317E1,3.331571817E-3,-1.441210508E-2,1.206398010E-2,1.908789563E-2
2.157220734E1,-1.101619005E-2,-9.624123573E-3,-2.126789093E-2,2.581285305E-2
2.157723150E1,2.228921652E-2,-2.381610870E-2,-6.842613220E-3,3.332922985E-2
2.158227755E1,1.732593775E-2,1.521706581E-4,-1.153373718E-2,2.081437888E-2
2.158730322E1,2.191096544E-2,1.441574097E-2,3.604698181E-2,4.457901852E-2
2.159232890E1,-6.791174412E-3,-9.420156479E-3,-1.173877716E-2,1.651236770E-2
2.159731229E1,1.223123074E-2,1.917558908E-2,2.604484558E-3,2.289300247E-2
2.160233515E1,7.355839014E-3,-9.503126144E-3,-6.911277771E-3,1.386302761E-2
2.160736307E1,-2.278983593E-3,1.439380646E-2,-1.160335541E-2,1.862829266E-2
2.161238645E1,7.212370634E-3,2.379417419E-2,-1.625537872E-2,2.970552732E-2
2.161740984E1,-7.062792778E-3,-9.726226330E-3,2.878189087E-3,1.235987431E-2
2.162243322E1,-2.228051424E-3,1.881712675E-2,-6.642341614E-3,2.007907305E-2
2.162745661E1,-2.181917429E-3,-2.410501242E-2,2.190399170E-2,3.264348694E-2
2.163254296E1,-6.880879402E-3,2.349656820E-2,-2.017021179E-3,2.456631012E-2
2.163756880E1,2.159845829E-2,9.072780609E-3,-1.997947693E-3,2.351171077E-2
2.164259463E1,-1.178973913E-2,-5.316138268E-4,2.767562866E-3,1.212187965E-2
2.164760161E1,7.330626249E-3,1.368904114E-2,2.648735046E-2,3.070354480E-2
2.165262604E1,2.555847168E-3,-6.533861160E-4,-2.226829529E-3,3.452251137E-3
2.165765046E1,1.206332445E-2,8.868694305E-3,-6.959915161E-3,1.651114637E-2
2.166267312E1,-2.302467823E-3,-2.922534943E-2,-2.150535583E-3,2.939467997E-2
2.166769744E1,-3.074547648E-2,8.976459503E-3,1.211261749E-2,3.424290659E-2
2.167272968E1,-1.146626472E-2,-5.733370781E-4,-1.173400879E-2,1.641617813E-2
2.167775479E1,2.858728170E-3,-5.351781845E-3,2.160644531E-2,2.244220075E-2
2.168277947E1,2.650651336E-2,-9.984552860E-3,-3.080844879E-2,4.185029347E-2
2.168780453E1,-6.979286671E-3,-5.180060863E-3,-2.058029175E-3,8.931906687E-3
2.169282958E1,2.605438232E-3,-1.466357708E-2,-2.103519440E-2,2.577378910E-2
2.169785463E1,-1.168373227E-2,9.171426296E-3,-6.611824036E-3,1.625856320E-2
2.170290213E1,2.685934305E-3,-1.467472315E-2,2.193450928E-2,2.652705110E-2
2.170792833E1,-2.584907413E-2,-9.781897068E-3,-2.098464966E-2,3.470181068E-2
2.171295453E1,7.532656193E-3,9.263992310E-3,7.686614990E-3,1.420022932E-2
2.171798072E1,7.451772690E-3,-5.090773106E-3,1.237392426E-2,1.531531549E-2
2.172299020E1,-2.101942897E-2,9.167671204E-3,7.520675659E-3,2.413344467E-2
2.172801552E1,1.253238320E-2,1.385945082E-2,1.219940186E-2,2.231525064E-2
2.173304083E1,-2.083250880E-2,-4.792213440E-4,1.684665680E-2,2.679613632E-2
2.173806614E1,3.114432096E-3,-5.045533180E-4,-7.036209106E-3,7.711193158E-3
2.174308750E1,-1.112616062E-2,-1.472336054E-2,-2.597427368E-2,3.186270059E-2
2.174811260E1,1.269158721E-2,-5.032002926E-3,-2.018928528E-3,1.380121414E-2
2.175310921E1,-1.628816128E-3,4.478096962E-3,-1.624774933E-2,1.693209239E-2
2.175813150E1,-2.543002367E-2,4.411756992E-3,7.636070251E-3,2.691578111E-2
2.176316255E1,-3.478738666E-2,-9.899318218E-3,-1.616477966E-2,3.961639652E-2
2.176818578E1,4.620650411E-2,-2.873623371E-2,2.960205078E-3,5.449380666E-2
2.177320901E1,-2.547493577E-2,-1.417905092E-2,-1.605892181E-2,3.328523407E-2
2.177824098E1,1.270487905E-2,-4.592418671E-3,1.731681824E-2,2.196307025E-2
2.178326479E1,3.084838390E-3,-2.363067865E-2,-1.131248474E-2,2.637986946E-2
2.178829546E1,-1.115506887E-2,-9.268283844E-3,2.202510834E-2,2.637123517E-2
2.179331994E1,7.960021496E-3,5.028724670E-3,-1.900672913E-3,9.605340782E-3
2.179834447E1,-2.061438560E-2,-4.489123821E-3,-1.885414124E-3,2.118159373E-2
2.180336895E1,-1.362293959E-3,-9.230732918E-3,2.187061310E-2,2.377784667E-2
2.180839343E1,-1.076483727E-2,-9.078323841E-3,7.433891296E-3,1.592358078E-2
2.181341791E1,3.204438090E-2,1.476114988E-2,2.622604370E-3,3.537812809E-2
2.181848041E1,8.066624403E-3,-9.132206440E-3,-2.147674561E-3,1.237255551E-2
2.182350682E1,-6.266206503E-3,5.213499069E-3,7.366180420E-3,1.098665238E-2
2.182853322E1,1.286968589E-2,-1.380479336E-2,1.679611206E-2,2.526480783E-2
2.183356187E1,-2.519395947E-2,9.973585606E-3,-1.657962799E-2,3.176620953E-2
2.183858843E1,-1.213192940E-3,1.936268806E-2,4.054069519E-2,4.494367022E-2
2.184361385E1,2.262583375E-2,9.622871876E-3,-4.052066803E-2,4.739675678E-2
2.184864026E1,3.423154354E-3,-1.902705431E-2,-1.643466949E-2,2.537410378E-2
2.185366666E1,1.287141442E-2,4.898607731E-3,-2.104759216E-2,2.515294819E-2
2.185869307E1,-1.449912786E-3,-4.562795162E-3,1.710891724E-2,1.776615872E-2
2.186371869E1,3.342032433E-3,9.693861008E-3,-1.152420044E-2,1.542554109E-2
2.186874505E1,-1.399785280E-3,2.857780457E-2,-2.092552185E-2,3.544753556E-2
2.187377140E1,-1.302003860E-3,1.401329041E-2,-1.600170135E-2,2.131013769E-2
2.187883078E1,-1.256555319E-3,-9.823143482E-3,1.261997223E-2,1.604171993E-2
2.188385937E1,1.773050427E-2,-2.215504646E-4,-1.597690582E-2,2.386799921E-2
2.188888796E1,-6.128758192E-3,-4.942774773E-3,1.739311218E-2,1.909222488E-2
2.189391656E1,1.774734259E-2,1.881468296E-2,7.748603821E-3,2.700002454E-2
2.189890036E1,-1.415342093E-3,9.083867073E-3,-1.807212830E-3,9.369410464E-3
2.190392666E1,3.278613091E-3,4.280388355E-3,2.958297729E-3,6.150004368E-3
2.190893937E1,-1.101225615E-2,-4.289150238E-4,3.142070770E-2,3.329736665E-2
2.191396437E1,-1.094198227E-2,-3.992915154E-4,1.691246033E-2,2.014739993E-2
2.191897661E1,1.281532645E-2,9.078145027E-3,1.202774048E-2,1.978160383E-2
2.192400031E1,-6.307363510E-3,4.280388355E-3,1.192665100E-2,1.415448915E-2
2.192902401E1,-1.425057650E-3,8.968055248E-3,-3.091239929E-2,3.221852315E-2
2.193404739E1,3.316253424E-3,8.865773678E-3,-1.165771484E-2,1.501671719E-2
2.193907104E1,1.756325364E-2,-5.530118942E-3,-1.155662537E-2,2.173949594E-2
2.194409468E1,-2.049052715E-2,-1.510912180E-2,-6.708145142E-3,2.632767509E-2
2.194911833E1,2.244216204E-2,1.823413372E-2,-3.039455414E-2,4.195191522E-2
2.195414197E1,2.223193645E-2,1.805776358E-2,-1.114463806E-2,3.073344728E-2
2.195924468E1,7.780641317E-3,-1.541191339E-2,-2.054309845E-2,2.683438741E-2
2.196427151E1,7.750272751E-3,-1.067221165E-3,-6.126403809E-3,9.936725434E-3
2.196929833E1,-3.027132154E-2,-1.053005457E-2,-1.557540894E-2,3.563465056E-2
2.197432515E1,-1.574605703E-2,-2.951169014E-2,-5.945205688E-3,3.397386698E-2
2.197928364E1,-1.339226961E-3,1.344496012E-2,2.734375000E-2,3.049985484E-2
2.198430703E1,2.244788408E-2,3.235018253E-2,-1.562309265E-2,4.236180867E-2
2.198933041E1,1.748743653E-2,1.316684484E-2,1.299381256E-2,2.545614669E-2
2.199439265E1,-2.067485452E-2,-1.104712486E-3,-3.460311890E-2,4.032425866E-2
2.199941864E1,2.700224519E-2,3.738760948E-3,-1.081466675E-3,2.728129668E-2
2.200441385E1,-6.535768509E-3,2.283084393E-2,-1.057434082E-2,2.599577635E-2
2.200943677E1,-2.070096135E-2,1.786988974E-2,-9.889602661E-4,2.736495574E-2
2.201446468E1,-6.312161684E-3,-5.989372730E-3,-1.997566223E-2,2.178859914E-2
2.201948807E1,-1.578924060E-2,2.263802290E-2,1.817512512E-2,3.304716891E-2
2.202451145E1,3.306746483E-3,-1.260578632E-3,-1.046848297E-2,1.105046454E-2
2.202953484E1,-1.094445586E-2,2.257674932E-2,8.605957031E-3,2.652457767E-2
2.203461875E1,8.120238781E-3,-1.557379961E-2,-1.995754242E-2,2.658542856E-2
2.203964520E1,-3.471407294E-2,8.383095264E-3,-8.010864258E-4,3.572093064E-2
2.204465599E1,8.329808712E-3,1.309716702E-2,1.344776154E-2,2.053688845E-2
2.204968088E1,3.588050604E-3,1.766383648E-2,-2.939987183E-2,3.448532572E-2
2.205470015E1,-1.065978408E-2,-3.954035044E-2,1.358509064E-2,4.314655255E-2
2.205972447E1,1.319572330E-2,-2.028936148E-2,-5.517959595E-3,2.482404440E-2
2.206474880E1,1.775178313E-2,-5.944788456E-3,-1.021194458E-2,2.132487107E-2
2.206977312E1,3.333896399E-3,3.578424454E-3,-5.375862122E-3,7.267728690E-3
2.207481161E1,-1.095756888E-2,1.291352510E-2,-1.481819153E-2,2.250347188E-2
2.207983666E1,3.454625607E-3,1.743036509E-2,4.302978516E-3,1.828298907E-2
2.208486171E1,-6.050795317E-3,-1.778721809E-3,4.270553589E-3,7.616666147E-3
2.208988979E1,-2.017065883E-2,7.764041424E-3,-2.900981903E-2,3.617603374E-2
2.209491500E1,-1.992753148E-2,7.678687572E-3,9.218215942E-3,2.326035810E-2
2.209994020E1,1.355296373E-2,-1.129657030E-2,-5.112648010E-3,1.836939020E-2
2.210493557E1,3.969281912E-3,4.116207361E-2,-2.407360077E-2,4.784986684E-2
2.210995880E1,-2.453497052E-2,2.185857296E-2,1.411247253E-2,3.576204512E-2
2.211498203E1,3.747129440E-2,-1.627802849E-2,-3.349590302E-2,5.283036659E-2
2.212000526E1,-1.035147905E-2,-1.765191555E-3,-4.732131958E-3,1.151790314E-2
2.212503531E1,1.820006967E-2,3.129899502E-3,1.429462433E-2,2.335326725E-2
2.213005885E1,8.419066668E-3,-6.259083748E-3,-7.152557373E-5,1.049104041E-2
2.213508239E1,3.571271896E-3,3.372490406E-3,4.673957825E-3,6.780380243E-3
2.214011895E1,8.309185505E-3,-1.215517521E-3,1.412010193E-2,1.642855213E-2
2.214514338E1,2.245923877E-2,-1.074075699E-3,-2.498626709E-4,2.248629529E-2
2.215016781E1,7.997095585E-3,-2.942240238E-2,5.197906494E-2,6.026155069E-2
2.215519224E1,1.264607906E-2,-1.495057344E-2,3.255462646E-2,3.799008642E-2
2.216024041E1,3.017038107E-3,1.358884573E-2,2.279186249E-2,2.670633338E-2
2.216526604E1,-1.122859120E-2,-1.029115915E-2,8.356094360E-3,1.737278130E-2
2.217030776E1,-6.361484528E-3,-7.329583168E-4,-1.545619965E-2,1.673020684E-2
2.217533500E1,2.220728993E-2,1.328712702E-2,-1.531410217E-2,3.007047050E-2
2.218036224E1,-6.444036961E-3,3.447711468E-3,8.568763733E-3,1.126215071E-2
2.218535250E1,1.742786169E-2,-1.559996605E-2,1.324367523E-2,2.687906690E-2
2.219037724E1,1.266193390E-2,3.395318985E-3,-1.060771942E-2,1.686346561E-2
2.219540197E1,-1.664757729E-3,2.223217487E-2,-2.000999451E-2,2.995731794E-2
2.220046760E1,-2.062377334E-2,7.673859596E-3,1.340293884E-2,2.576561502E-2
2.220549510E1,8.063137531E-3,7.532298565E-3,3.798484802E-3,1.166954135E-2
2.221051619E1,-1.528799534E-3,-2.109909058E-2,-2.471733093E-2,3.253391000E-2
2.221554307E1,-6.295740604E-3,-6.804883480E-3,-4.349613190E-2,4.447309612E-2
2.222056994E1,-6.274610758E-3,-1.626902819E-2,1.385116577E-2,2.226896521E-2
2.222559234E1,1.278856397E-2,1.713615656E-2,-1.950645447E-2,2.894299563E-2
2.223061890E1,-6.343632936E-3,1.227241755E-2,-1.459503174E-2,2.009648881E-2
2.223564546E1,-6.367743015E-3,2.902269363E-3,-2.872943878E-2,2.956944320E-2
2.224069182E1,7.902026176E-3,-6.490230560E-3,1.424026489E-2,1.753140766E-2
2.224571968E1,7.800847292E-3,1.263928413E-2,-1.277923584E-4,1.485331790E-2
2.225073770E1,2.952009439E-3,1.266676188E-2,-4.881858826E-3,1.389221947E-2
2.225576463E1,7.595181465E-3,3.037095070E-3,1.415824890E-2,1.635135285E-2
2.226079156E1,-2.099469304E-2,1.253831387E-2,9.291648865E-3,2.615953343E-2
2.226581848E1,1.713258028E-2,3.069698811E-3,4.459381104E-3,1.796759410E-2
2.227084541E1,-6.730258465E-3,-1.122868061E-2,1.391983032E-2,1.910867142E-2
2.227585114E1,7.590353489E-3,7.782757282E-3,4.310607910E-3,1.169470468E-2
2.228087718E1,-1.144459844E-2,-1.130336523E-2,2.326965332E-2,2.828818949E-2
2.228590307E1,-6.630122662E-3,-6.539642811E-3,8.836746216E-3,1.283797251E-2
2.229092911E1,2.668353915E-2,2.198117971E-2,4.015922546E-3,3.480389572E-2
2.229595421E1,-2.575010061E-2,7.422089577E-3,-1.500511169E-2,3.071332727E-2
2.230098015E1,1.247134805E-2,1.203262806E-2,-1.487636566E-2,2.283910934E-2
2.230601072E1,-2.090165019E-2,2.145415545E-2,-5.073547363E-4,2.995692199E-2
2.231103713E1,2.991914749E-3,-2.498924732E-3,-1.474571228E-2,1.525228538E-2
2.231606354E1,-2.070501447E-2,-2.502143383E-3,4.369735718E-3,2.130851792E-2
2.232108994E1,-6.316572428E-3,-1.190137863E-2,-4.186630249E-4,1.348025146E-2
2.232608197E1,-1.499950886E-3,-7.023513317E-3,4.330635071E-3,8.386536358E-3
2.233110661E1,-1.575142145E-3,-2.123159170E-2,2.804279327E-2,3.520880307E-2
2.233613124E1,7.902204990E-3,1.701307297E-2,8.810997009E-3,2.072494062E-2
2.234116869E1,-1.593896747E-2,2.164810896E-2,-1.025676727E-2,2.877312253E-2
2.234619421E1,8.003801107E-3,-1.648938656E-2,-5.428314209E-3,1.911615276E-2
2.235121974E1,-2.048310637E-2,2.670407295E-3,-6.399154663E-4,2.066635463E-2
2.235628036E1,3.394097090E-3,-6.869614124E-3,5.634975433E-2,5.686832428E-2
2.236130822E1,2.232089639E-2,-6.830513477E-3,2.739238739E-2,3.598918194E-2
2.236633609E1,-2.537918091E-2,-2.154171467E-3,2.717399597E-2,3.724472225E-2
2.237136395E1,1.759478450E-2,1.677781343E-2,3.209114075E-3,2.452284401E-2
2.237634067E1,8.079320192E-3,-2.435147762E-3,-2.530956268E-2,2.667919269E-2
2.238136599E1,-2.515617013E-2,6.955623627E-3,-1.351356506E-3,2.613502937E-2
2.238639130E1,-5.929499865E-3,-2.676665783E-3,3.412246704E-3,7.346219159E-3
2.239141661E1,-1.108497381E-3,-7.428407669E-3,8.132934570E-3,1.107043954E-2
2.239648932E1,-5.879819393E-3,1.645714045E-2,-2.517795563E-2,3.064864104E-2
2.240151692E1,-1.530787349E-2,6.800174713E-3,3.522872925E-3,1.711677541E-2
2.240654453E1,2.277600765E-2,-2.724528313E-3,8.241653442E-3,2.437405240E-2
2.241153479E1,-1.068469882E-2,2.178192139E-3,3.190898895E-2,3.372077825E-2
2.241655968E1,-1.181930304E-3,2.292633057E-3,7.895469666E-3,8.306116229E-3
2.242157224E1,-2.984920144E-2,1.670295000E-2,7.826805115E-3,3.508877661E-2
2.242659588E1,1.769801974E-2,7.199645042E-3,3.013610840E-3,1.934261207E-2
2.243162520E1,3.276765347E-3,-2.381920815E-3,-1.125431061E-2,1.196119748E-2
2.243664942E1,3.266423941E-3,3.090965748E-2,-1.666069031E-3,3.112639132E-2
2.244167364E1,8.007973433E-3,1.158463955E-2,4.108810425E-2,4.343459247E-2
2.244670411E1,-1.638829708E-3,-2.779185772E-3,1.226043701E-2,1.267785282E-2
2.245172874E1,3.192186356E-3,-2.878546715E-3,2.165985107E-2,2.208223796E-2
2.245675338E1,-6.255954504E-3,-7.833898067E-3,-7.000923157E-3,1.222783099E-2
2.246177802E1,-6.076604128E-3,1.104629040E-2,1.205635071E-2,1.744423233E-2
2.246680265E1,2.723422647E-2,-1.766163111E-2,1.196289062E-2,3.459403210E-2
2.247184395E1,-1.095980406E-2,2.034831047E-2,-2.136993408E-2,3.147769252E-2
2.247686927E1,-2.039623260E-2,-8.385241032E-3,-2.118587494E-2,3.058038372E-2
2.248189458E1,-1.107901335E-3,-1.793688536E-2,2.735137939E-3,1.817801643E-2
2.248695020E1,-1.031994820E-3,-2.265596390E-2,2.717018127E-3,2.284162650E-2
2.249197760E1,-8.471310139E-4,-1.299101114E-2,-1.630687714E-2,2.086619859E-2
2.249700500E1,-6.023049355E-4,1.437902451E-3,2.806663513E-3,3.210559884E-3
2.250200088E1,-1.001855731E-2,-1.279097795E-2,-1.621627808E-2,2.295535411E-2
2.250702619E1,-5.220174789E-3,1.104044914E-2,2.915382385E-3,1.255552454E-2
2.251207130E1,9.145319462E-3,2.532702684E-2,-1.611518860E-2,3.138143496E-2
2.251709864E1,4.286944866E-3,1.563191414E-3,-1.746177673E-3,4.885754819E-3
2.252212599E1,-1.007968187E-2,3.497958183E-2,-1.123619080E-2,3.809754737E-2
2.252715333E1,-6.293058395E-4,-1.741194725E-2,7.849693298E-3,1.910993505E-2
2.253218067E1,2.303618193E-2,-2.667939663E-2,-1.595878601E-2,3.869287703E-2
2.253717015E1,1.326236129E-2,2.116572857E-2,2.215766907E-2,3.338922867E-2
2.254219599E1,1.792138815E-2,2.112591267E-2,-1.127624512E-2,2.991043368E-2
2.254725546E1,-1.194268465E-3,6.732881069E-3,3.629970551E-2,3.693814538E-2
2.255228479E1,-1.108378172E-3,-7.486045361E-3,-1.998901367E-3,7.827195155E-3
2.255732697E1,2.271610498E-2,-1.219022274E-2,1.226043701E-2,2.854717625E-2
2.256235754E1,-1.143187284E-3,-7.409751415E-3,2.165603638E-2,2.291713780E-2
2.256738150E1,1.783248782E-2,-7.316589355E-3,1.197719574E-2,2.269324392E-2
2.257241145E1,1.781103015E-2,-1.687622070E-2,-7.114410400E-3,2.554710268E-2
2.257744140E1,1.293435693E-2,2.587991953E-2,7.197380066E-3,2.981392466E-2
2.258247135E1,-1.559263468E-2,-2.178633213E-2,1.187992096E-2,2.930711596E-2
2.258746234E1,2.255460620E-2,1.160997152E-2,-7.212638855E-3,2.637278633E-2
2.259249030E1,-1.089853048E-2,-2.806186676E-3,-1.189517975E-2,1.637522371E-2
2.259751827E1,-1.346349716E-3,1.149976254E-2,7.197380066E-3,1.363302885E-2
2.260254624E1,1.298430562E-2,-7.557928562E-3,-2.610778809E-2,3.012193678E-2
2.260752020E1,-1.549732685E-2,-7.509350777E-3,2.595901489E-3,1.741540103E-2
2.261254546E1,-1.156002283E-3,2.084791660E-3,-4.491138458E-2,4.497460575E-2
2.261757202E1,2.726247907E-2,2.099454403E-3,2.949714661E-3,2.750184158E-2
2.262259739E1,8.059024811E-3,2.116197348E-2,-6.578445435E-3,2.358077494E-2
2.262762286E1,-1.491039991E-3,-7.468521595E-3,-3.026866913E-2,3.121208654E-2
2.263264822E1,-6.206840277E-3,1.641952991E-2,-1.102924347E-2,2.073089579E-2
2.263767385E1,-1.490026712E-3,-7.324934006E-3,-1.444816589E-3,7.613299729E-3
2.264269926E1,-2.060696483E-2,-1.192951202E-2,1.756191254E-2,2.958683877E-2
2.264772468E1,-6.222009659E-3,-1.179909706E-2,-2.057266235E-2,2.451869760E-2
2.265275603E1,-6.147772074E-3,-2.175569534E-3,1.283550262E-2,1.439716402E-2
2.265778181E1,3.467768431E-3,-6.873011589E-3,1.272296906E-2,1.487069762E-2
2.266280760E1,3.447800875E-3,-1.152658463E-2,3.117561340E-3,1.242854266E-2
2.266782775E1,-1.359462738E-3,-1.145488024E-2,1.733970642E-2,2.082613356E-2
2.267285317E1,-6.136655807E-3,7.669091225E-3,2.949714661E-3,1.025545325E-2
2.267787859E1,8.122920990E-3,-1.860141754E-3,-6.571769714E-3,1.061273433E-2
2.268291176E1,-1.571810246E-2,-1.616722345E-2,-1.761436462E-3,2.261726149E-2
2.268793770E1,-1.552125812E-2,1.238620281E-2,-1.599121094E-2,2.549600559E-2
2.269296364E1,3.616034985E-3,-1.983404160E-3,7.885932922E-3,8.899299923E-3
2.269798494E1,1.784187555E-2,1.226001978E-2,-1.117324829E-2,2.436148775E-2
2.270301056E1,-5.984067917E-3,1.213639975E-2,-1.585006714E-3,1.362400506E-2
2.270803817E1,-5.865901709E-3,7.262468338E-3,-1.107025146E-2,1.448111587E-2
2.271306400E1,-1.523947716E-2,-1.651847363E-2,3.262519836E-3,2.271003458E-2
2.271809093E1,1.814326644E-2,-6.701946259E-3,-1.525878906E-3,1.940161094E-2
2.272311687E1,-9.825825691E-4,-1.821935177E-3,-1.101589203E-2,1.120869276E-2
2.272814280E1,-5.710214376E-3,-6.578266621E-3,-2.042007446E-2,2.220044101E-2
2.273315921E1,2.274090052E-2,2.896249294E-3,1.774787903E-2,2.899179240E-2
2.273818447E1,1.776361465E-2,1.229381561E-2,-1.387596130E-3,2.164738624E-2
2.274320973E1,3.272503614E-3,2.778828144E-3,-6.125450134E-3,7.480127346E-3
2.274823697E1,-6.236404181E-3,-6.716430187E-3,8.169174194E-3,1.227756403E-2
2.275326239E1,1.757007837E-2,1.230895519E-2,-1.395225525E-3,2.149801587E-2
2.275828780E1,-1.575222611E-2,-3.055500984E-2,3.185367584E-2,4.686574355E-2
2.276332577E1,-1.091563702E-2,2.671056986E-2,1.259422302E-2,3.148364857E-2
2.276835202E1,1.762318611E-2,1.216775179E-2,-1.749992371E-3,2.148705065E-2
2.277337827E1,-2.044504881E-2,2.489268780E-3,2.200889587E-2,3.014279313E-2
2.277840176E1,1.292800903E-2,2.439856529E-3,2.835273743E-3,1.345827235E-2
2.278342780E1,-2.045938373E-2,-1.660090685E-2,-6.681442261E-3,2.718120971E-2
2.278845400E1,-1.077720523E-2,2.450525761E-3,7.624626160E-3,1.342714240E-2
2.279348004E1,1.307299733E-2,2.608901262E-2,7.565498352E-3,3.014592185E-2
2.279850952E1,1.303362846E-2,2.098751068E-2,1.700401306E-2,2.999145771E-2
2.280353593E1,1.763957739E-2,1.598012447E-2,-6.873130798E-3,2.477415984E-2
2.280856067E1,-6.287127733E-3,6.268441677E-3,7.435798645E-3,1.158069245E-2
2.281358687E1,-6.171911955E-3,-8.005023003E-3,-6.875991821E-3,1.222506253E-2
2.281861306E1,-1.560315490E-2,-7.968366146E-3,-2.069473267E-3,1.764188259E-2
2.282363468E1,-1.551052928E-2,2.535909414E-2,2.169036865E-2,3.679853620E-2
2.282866056E1,-1.062184572E-2,6.126224995E-3,1.676177979E-2,2.076804037E-2
2.283369015E1,8.419811726E-3,-8.146226406E-3,-7.119178772E-3,1.370900947E-2
2.283871640E1,-1.246422529E-3,2.044183016E-2,2.440452576E-3,2.062468904E-2
2.284374135E1,8.223265409E-3,1.247525215E-3,-1.182174683E-2,1.445448412E-2
2.284876749E1,-1.082533598E-2,-1.768338680E-2,-2.122592926E-2,2.967204309E-2
2.285379364E1,-1.072117686E-2,1.479804516E-3,-1.630210876E-2,1.956763156E-2
2.285882411E1,-1.066961884E-2,1.541197300E-3,-6.671905518E-3,1.267794852E-2
2.286385051E1,1.327911019E-2,-7.998228073E-3,-1.611709595E-2,2.236218240E-2
2.286887692E1,1.323729753E-2,1.583063602E-2,-1.742362976E-3,2.070919872E-2
2.287390332E1,2.263793349E-2,1.475691795E-3,1.726436615E-2,2.850810477E-2
2.287892374E1,-1.437366009E-3,1.436829567E-3,1.238059998E-2,1.254630448E-2
2.288394984E1,-6.218105555E-3,1.569813490E-2,1.227760315E-2,2.087668113E-2
2.288898082E1,3.344684839E-3,1.084178686E-2,1.217365265E-2,1.664118619E-2
2.289400744E1,2.232152224E-2,-3.468394279E-3,-2.175331116E-3,2.269387978E-2
2.289902916E1,-6.341457367E-3,-2.721023560E-2,-1.640129089E-2,3.239773674E-2
2.290405525E1,-1.102635264E-2,2.047586441E-2,1.697540283E-2,2.879246042E-2
2.290908135E1,8.118808270E-3,2.503085136E-2,2.586364746E-3,2.644140409E-2
2.291411187E1,-2.047425508E-2,1.529502869E-2,-2.180099487E-3,2.564928571E-2
2.291913827E1,1.290154457E-2,1.993775368E-2,-3.065299988E-2,3.877589813E-2
2.292416468E1,-6.237506866E-3,-8.643209934E-3,-1.909255981E-3,1.082851921E-2
2.292919109E1,-6.226271391E-3,1.044988632E-2,-6.641387939E-3,1.385909858E-2
2.293425916E1,-6.160050631E-3,5.691409111E-3,2.189922333E-2,2.345025253E-2
2.293928765E1,-2.034321427E-2,-1.807105541E-2,1.221752167E-2,2.982745793E-2
2.294431614E1,3.528177738E-3,-2.738988400E-2,-2.129554749E-3,2.769817299E-2
2.294933515E1,-1.558411121E-2,-3.183341026E-2,2.635955811E-3,3.554122669E-2
2.295436296E1,8.202522993E-3,2.068799734E-2,1.211357117E-2,2.533797987E-2
2.295939077E1,3.245085478E-3,1.579242945E-2,-1.647281647E-2,2.304962234E-2
2.296438135E1,-6.264448166E-3,1.088613272E-2,-2.089500427E-3,1.273252561E-2
2.296940671E1,-6.249219179E-3,6.072223186E-3,7.425308228E-3,1.144813684E-2
2.297443645E1,-2.522799373E-2,6.046891212E-3,-4.487037659E-2,5.183017708E-2
2.297946223E1,3.439784050E-3,1.551622152E-2,-1.600551605E-2,2.255574846E-2
2.298448562E1,3.322899342E-3,5.915164948E-3,-6.372451782E-3,9.308006130E-3
2.298951119E1,-6.244689226E-3,-1.314961910E-2,1.267814636E-2,1.930398978E-2
2.299453676E1,-2.987128496E-2,1.547855139E-2,-1.592350006E-2,3.722145984E-2
2.299956234E1,-1.170665026E-3,1.062864065E-2,3.203392029E-3,1.116244504E-2
2.300462296E1,-1.544579864E-2,1.536822319E-2,-4.905986786E-2,5.368077509E-2
2.300965025E1,-2.485293150E-2,-3.674805164E-3,-1.169204712E-3,2.515033671E-2
2.301467504E1,-1.498401165E-2,1.068264246E-2,-3.441238403E-2,3.902373162E-2
2.301970208E1,4.144906998E-3,1.126170158E-3,3.860473633E-3,5.775099126E-3
2.302472911E1,-7.279515266E-4,5.892097950E-3,-1.041412354E-2,1.198752271E-2
2.302975614E1,-1.495030522E-2,-8.378326893E-3,2.291011810E-2,2.861086331E-2
2.303474723E1,8.930772543E-3,-8.179664612E-3,-1.031875610E-3,1.215443864E-2
2.303977249E1,-6.811916828E-4,1.096284389E-2,2.271652222E-2,2.523268416E-2
2.304479775E1,4.090875387E-3,-8.047401905E-3,2.727031708E-2,2.872570508E-2
2.304985463E1,8.820354939E-3,-3.206074238E-3,2.229309082E-2,2.418800264E-2
2.305488202E1,-7.865428925E-4,2.053678036E-2,1.736259460E-2,2.690423180E-2
2.305990942E1,8.684158325E-3,-1.285129786E-2,2.671527863E-2,3.089136731E-2
2.306493713E1,-1.031461358E-2,1.474201679E-3,1.699352264E-2,1.993349783E-2
2.306996452E1,1.838198304E-2,-3.365695477E-3,2.634811401E-2,3.230245066E-2
2.307499192E1,4.051566124E-3,-1.291418076E-2,-2.360343933E-3,1.373908571E-2
2.308001083E1,-7.106065750E-4,1.085364819E-2,-1.183414459E-2,1.607338231E-2
2.308503765E1,1.360964775E-2,5.934417248E-3,-6.984710693E-3,1.640810786E-2
2.309006786E1,8.820176125E-3,2.004724741E-2,2.156639099E-2,3.073754798E-2
2.309509499E1,3.250682354E-2,1.510238647E-2,-1.660060883E-2,3.950134007E-2
2.310012213E1,-5.734086037E-3,1.969528198E-2,-1.171302795E-2,2.362157698E-2
2.310514926E1,-1.041346788E-2,-8.940696716E-3,-2.586269379E-2,2.927892247E-2
2.311013796E1,-1.505377889E-2,-1.834458113E-2,-1.140403748E-2,2.632853939E-2
2.311516317E1,4.126101732E-3,-1.346641779E-2,-1.605892181E-2,2.136019881E-2
2.312018676E1,-1.958379149E-2,2.465689182E-2,-1.684188843E-3,3.153289863E-2
2.312521181E1,4.340618849E-3,1.492303610E-2,-6.417274475E-3,1.681426151E-2
2.313023687E1,-9.974002838E-3,5.321681499E-3,7.882118225E-3,1.378146633E-2
2.313526749E1,-1.472401619E-2,-1.369696856E-2,-2.542018890E-2,3.241280001E-2
2.314029291E1,9.156763554E-3,-4.063844681E-3,2.702331543E-2,2.882049148E-2
2.314531832E1,-4.526376724E-4,2.448266745E-2,7.803916931E-3,2.570033085E-2
2.315034374E1,1.381215453E-2,-8.939385414E-3,1.723384857E-2,2.382632496E-2
2.315536916E1,3.270974755E-2,-1.844644547E-2,-6.647109985E-3,3.813637380E-2
2.316040082E1,-8.287727833E-4,-4.085481167E-3,7.658004761E-3,8.719120231E-3
2.316542650E1,1.339054108E-2,5.463898182E-3,-1.140022278E-2,1.841537002E-2
2.317045218E1,1.319414377E-2,-1.355743408E-2,-1.130199432E-2,2.203689008E-2
2.317550916E1,-5.936712027E-3,-4.038393497E-3,-1.704216003E-3,7.379534126E-3
2.318053692E1,3.728240728E-3,6.608366966E-4,3.057479858E-3,4.866689548E-3
2.318556077E1,3.821909428E-3,1.011604071E-2,3.626728058E-2,3.784517026E-2
2.319058812E1,8.611559868E-3,-9.050250053E-3,7.475852966E-3,1.455865265E-2
2.319561546E1,-9.942352772E-4,9.987890720E-3,2.668380737E-3,1.038589046E-2
2.320060655E1,-2.950742841E-2,1.461708546E-2,7.398605347E-3,3.375036118E-2
2.320563150E1,-1.024350524E-2,-1.873129606E-2,-6.910324097E-3,2.243977341E-2
2.321065645E1,-2.438625693E-2,5.133628845E-3,3.113651276E-2,3.988140041E-2
2.321569885E1,-9.917020798E-3,3.061294556E-4,7.135391235E-3,1.222108116E-2
2.322072494E1,-3.720223904E-4,-1.877552271E-2,1.183128357E-2,2.219544828E-2
2.322575103E1,1.384171844E-2,-4.458606243E-3,-3.574562073E-2,3.859043586E-2
2.323079369E1,4.249364138E-3,-9.102106094E-3,-6.962776184E-3,1.222234360E-2
2.323582088E1,-1.956379414E-2,-3.275007010E-2,-1.165199280E-2,3.988831995E-2
2.324084619E1,1.860353351E-2,-1.351606846E-2,4.542827606E-2,5.091663610E-2
2.324587322E1,1.371616125E-2,-8.584260941E-3,2.307891846E-3,1.634469272E-2
2.325089629E1,-5.376130342E-3,2.010071278E-2,-2.146244049E-2,2.989277142E-2
2.325592291E1,-5.370438099E-3,-3.787398338E-3,-2.128219604E-2,2.227370333E-2
2.326095202E1,-5.361646414E-3,1.012206078E-3,-2.109527588E-3,5.849950432E-3
2.326597890E1,1.848953962E-2,5.722880363E-3,4.064369202E-2,4.501693166E-2
2.327100577E1,-5.388319492E-3,-3.907740116E-3,-2.427101135E-3,7.084859892E-3
2.327602739E1,-5.379736423E-3,-8.551836014E-3,-1.190662384E-2,1.561547804E-2
2.328105390E1,-2.911388874E-2,-1.320868731E-2,2.143287659E-2,3.848968871E-2
2.328607984E1,9.138286114E-3,1.055610180E-2,-1.198005676E-2,1.839731824E-2
2.329110629E1,-5.161881447E-3,9.869933128E-4,-2.385139465E-3,5.771314074E-3
2.329613421E1,9.093046188E-3,9.456276894E-4,-1.660728455E-2,1.895730995E-2
2.330116077E1,1.848056912E-2,-1.344400644E-2,2.627754211E-2,3.482501922E-2
2.330618734E1,1.828953624E-2,1.992899179E-2,-7.181167603E-3,2.798644347E-2
2.331121390E1,8.657932281E-3,-3.856897354E-3,2.367019653E-3,9.769249236E-3
2.331623635E1,-5.693703890E-3,-1.330226660E-2,-3.564071655E-2,3.846594906E-2
2.332126270E1,1.335883141E-2,-2.271527052E-2,1.214218140E-2,2.901507299E-2
2.332628905E1,-1.028895378E-3,-3.685742617E-2,-2.119159698E-2,4.252778236E-2
2.333131608E1,3.693938255E-3,-3.342330456E-3,-6.765365601E-3,8.401578686E-3
2.333634249E1,-1.012980938E-3,1.564562321E-2,-1.961708069E-3,1.580063146E-2
2.334136619E1,-9.387731552E-4,-3.507375717E-3,-6.694793701E-3,7.615985961E-3
2.334639234E1,1.327368617E-2,1.079314947E-2,1.235485077E-2,2.110272868E-2
2.335141562E1,-1.541396976E-2,1.062089205E-2,-2.097797394E-2,2.811528414E-2
2.335644145E1,-1.025974751E-3,-1.798659563E-2,-1.808166504E-3,1.810634454E-2
2.336146728E1,-1.045525074E-2,-3.665685654E-3,-6.539344788E-3,1.286516808E-2
2.336649312E1,3.888159990E-3,-1.320892572E-2,-2.072525024E-2,2.488231309E-2
2.337152312E1,-5.623966455E-3,-3.580152988E-3,-1.580619812E-2,1.715466097E-2
2.337654916E1,3.992050886E-3,-2.732515335E-2,-6.179809570E-3,2.829824239E-2
2.338157520E1,-7.240474224E-4,-8.182168007E-3,-1.378059387E-3,8.328935444E-3
2.338660051E1,4.044473171E-3,-1.758617163E-2,2.712249756E-2,3.257700216E-2
2.339162650E1,8.828163147E-3,2.057081461E-2,-1.599311829E-3,2.244220748E-2
2.339665234E1,-5.480170250E-3,1.567870378E-2,-6.336212158E-3,1.777643392E-2
2.340167827E1,-1.026916504E-2,-1.291996241E-2,-2.052593231E-2,2.633809174E-2
2.340670421E1,4.075855017E-3,2.989822626E-2,-1.359939575E-3,3.020539626E-2
2.341173072E1,-1.013478637E-2,1.129865646E-3,1.289463043E-2,1.643964674E-2
2.341675671E1,-5.362033844E-4,5.944311619E-3,3.284454346E-3,6.812488168E-3
2.342178270E1,-1.476341486E-2,-3.575742245E-3,3.254890442E-3,1.553507846E-2
2.342680869E1,1.381269097E-2,1.280963421E-3,-1.523971558E-3,1.395542147E-2
2.343183202E1,1.360800862E-2,1.084589958E-2,-6.260871887E-3,1.849351111E-2
2.343685786E1,1.351153851E-2,-3.413617611E-3,3.282546997E-3,1.431745692E-2
2.344188739E1,1.805436611E-2,-3.303408623E-3,8.002281189E-3,2.002271581E-2
2.344691358E1,-1.542210579E-2,-3.147363663E-3,-6.313323975E-3,1.695892994E-2
2.345193999E1,8.465677500E-3,6.401300430E-3,-1.515388489E-3,1.072104216E-2
2.345696619E1,-5.778729916E-3,1.519143581E-3,7.996559143E-3,9.982308089E-3
2.346199239E1,-1.040750742E-2,1.102662086E-2,7.925033569E-3,1.710873273E-2
2.346701858E1,-1.980444789E-2,1.414477825E-3,1.260852814E-2,2.352003158E-2
2.347204213E1,-1.012915373E-2,-8.169114590E-3,-1.738548279E-3,1.312847053E-2
2.347706822E1,8.859097958E-3,-1.287257671E-2,-2.071189880E-2,2.594551213E-2
2.348209431E1,1.349845529E-2,2.050042152E-2,-1.104259491E-2,2.691494901E-2
2.348711853E1,-5.598187447E-3,-2.247887850E-2,1.754379272E-2,2.905898044E-2
2.349214447E1,-2.458426356E-2,2.506726980E-2,3.161430359E-3,3.525264064E-2
2.349717556E1,-5.475938320E-3,5.841612816E-3,1.738643646E-2,1.914153896E-2
2.350220202E1,-1.961126924E-2,9.184479713E-4,-2.548980713E-2,3.217414638E-2
2.350722848E1,2.810484171E-2,5.582511425E-3,-6.281852722E-3,2.933442065E-2
2.351225494E1,-6.559789181E-4,5.510926247E-3,3.271102905E-3,6.442106073E-3
2.351727598E1,-5.894303322E-4,-1.829743385E-2,-6.255149841E-3,1.934606971E-2
2.352230218E1,4.179924726E-3,-3.924489021E-3,-1.453399658E-3,5.914875769E-3
2.352732885E1,-1.008126140E-2,-1.341623068E-2,1.280498505E-2,2.110911460E-2
2.353235510E1,9.009420872E-3,5.770504475E-3,-1.552581787E-3,1.081105437E-2
2.353738135E1,9.001910686E-3,5.749225616E-3,-3.003501892E-2,3.187774071E-2
2.354240963E1,-1.484817266E-2,-1.331996918E-2,-1.553630829E-2,2.528372373E-2
2.354743598E1,4.282206297E-3,1.520806551E-2,-1.540279388E-2,2.206509929E-2
2.355246234E1,-4.861056805E-4,-3.237664700E-2,-1.052856445E-2,3.404899762E-2
2.355748879E1,3.751525283E-2,1.216411591E-3,-1.044654846E-2,3.896157372E-2
2.356251515E1,-1.026323438E-2,-1.301467419E-2,-8.649826050E-4,1.659710574E-2
2.356754150E1,-1.026195288E-2,-2.707540989E-2,-1.035594940E-2,3.075111682E-2
2.357256145E1,-2.445772290E-2,1.111376286E-2,-7.696151733E-4,2.687542078E-2
2.357758739E1,8.946508169E-3,-3.246128559E-3,-1.500606537E-2,1.776961893E-2
2.358261510E1,8.832812309E-3,1.100468636E-2,-6.322860718E-4,1.412520728E-2
2.358764119E1,2.776572108E-2,-1.759964228E-2,4.122734070E-3,3.313124827E-2
2.359266728E1,-9.440481663E-4,1.101648808E-2,-1.015663147E-2,1.501370705E-2
2.359769129E1,-5.620479584E-3,2.040034533E-2,-1.007366180E-2,2.343592418E-2
2.360271723E1,1.828798652E-2,1.070964336E-2,-4.978179932E-4,2.119893239E-2
2.360774218E1,3.244847059E-2,-3.700256348E-3,1.850223541E-2,3.753568777E-2
2.361276801E1,-2.468475699E-2,1.524949074E-2,-6.465911865E-4,2.902244435E-2
2.361779609E1,-5.417555571E-3,-8.591592312E-3,-6.456375122E-4,1.017753480E-2
2.362282213E1,-1.480200887E-2,2.469640970E-2,-5.391120911E-3,2.929293948E-2
2.362784817E1,-9.914517403E-3,1.502245665E-2,-1.959419250E-2,2.660646987E-2
2.363287421E1,-1.456806064E-2,1.498049498E-2,3.754520416E-2,4.296842999E-2
2.363787015E1,-1.890063286E-4,-4.158139229E-3,-7.543563843E-4,4.230236257E-3
2.364289468E1,-4.972249269E-3,-8.894205093E-3,1.350021362E-2,1.691407446E-2
2.364791921E1,9.278237820E-3,-2.298438549E-2,3.887176514E-3,2.508939646E-2
2.365294374E1,4.357665777E-3,-2.280974388E-2,-8.878707886E-4,2.323923367E-2
2.365802108E1,1.851987839E-2,-8.336365223E-3,3.868103027E-3,2.067469714E-2
2.366304827E1,-1.960766315E-2,1.311779022E-3,1.807594299E-2,2.670057928E-2
2.366807546E1,9.067833424E-3,-3.422498703E-3,-1.056861877E-2,1.433997222E-2
2.367310265E1,-1.003569365E-2,1.557606459E-2,-3.421974182E-2,3.891426044E-2
2.367810879E1,2.334672213E-2,-1.306092739E-2,-5.445480347E-3,2.730037572E-2
2.368313489E1,1.836615801E-2,6.020665169E-3,-6.484985352E-4,1.933868453E-2
2.368812718E1,-8.663833141E-4,2.974081039E-2,8.856773376E-3,3.104366051E-2
2.369314989E1,-7.904171944E-4,-3.718376160E-3,-4.820346832E-2,4.835313267E-2
2.369817260E1,-5.521863699E-3,-3.654181957E-3,-9.816169739E-3,1.184065931E-2
2.370320952E1,3.979712725E-3,1.158177853E-3,-1.923179626E-2,1.967336974E-2
2.370823317E1,1.809889078E-2,-4.160624743E-2,-2.856254578E-2,5.361407179E-2
2.371325681E1,-2.002668381E-2,-1.273763180E-2,3.815174103E-2,4.493184474E-2
2.371827994E1,-5.298614502E-2,-7.849514484E-3,-9.658813477E-3,5.442829337E-2
2.372330353E1,9.295582771E-3,1.119428873E-2,-8.583068848E-5,1.455085311E-2
2.372832713E1,1.867622137E-2,-3.165125847E-3,2.840900421E-2,3.414514294E-2
2.373339614E1,8.932024240E-3,6.337523460E-3,4.435539246E-3,1.181605979E-2
2.373842280E1,4.014939070E-3,6.266653538E-3,1.390171051E-2,1.576858387E-2
2.374344843E1,-7.547438145E-4,-2.234882116E-2,2.803516388E-2,3.586097962E-2
2.374847499E1,4.015445709E-3,-1.268875599E-2,-2.917957306E-2,3.207141744E-2
2.375350155E1,1.353943348E-2,2.538681030E-2,4.301071167E-3,2.909133221E-2
2.375852812E1,3.941565752E-3,-3.284752369E-3,3.750228882E-2,3.785164733E-2
2.376354426E1,2.760818601E-2,-7.972478867E-3,8.698463440E-3,3.002391747E-2
2.376857030E1,1.788967848E-2,1.624405384E-3,3.874778748E-3,1.837643054E-2
2.377359635E1,8.300513029E-3,-3.101766109E-3,-1.990509033E-2,2.178834759E-2
2.377862916E1,1.768499613E-2,1.605486870E-2,-1.024913788E-2,2.599158949E-2
2.378365562E1,7.948905230E-3,1.595181227E-2,-6.637573242E-4,1.783496517E-2
2.378868208E1,-1.115792990E-2,-1.738488674E-2,-6.580352783E-4,2.066801144E-2
2.379367786E1,3.185629845E-3,-2.959132195E-3,-5.403518677E-3,6.935612081E-3
2.379870228E1,-1.582661271E-2,-1.239848137E-2,-6.132125854E-4,2.011417510E-2
2.380372661E1,2.219825983E-2,-1.231396198E-2,8.894920349E-3,2.689825287E-2
2.380875103E1,-1.666009426E-3,1.961112022E-3,-1.017093658E-2,1.049140118E-2
2.381377546E1,7.908076048E-3,-1.707071066E-2,-1.483631134E-2,2.395961109E-2
2.381879989E1,7.805317640E-3,-1.220411062E-2,1.378250122E-2,1.999551548E-2
2.382386124E1,-1.604586840E-2,6.872236729E-3,-1.007080078E-2,2.015238345E-2
2.382888754E1,7.890433073E-3,-1.699846983E-2,-2.423000336E-2,3.063168251E-2
2.383391869E1,-1.615405083E-3,-2.628207207E-3,-1.453304291E-2,1.485686181E-2
2.383894546E1,7.900267839E-3,-2.623319626E-3,1.408004761E-2,1.635676552E-2
2.384397223E1,7.839679718E-3,-2.166426182E-2,4.469871521E-3,2.346871470E-2
2.384899140E1,-6.459414959E-3,1.178503036E-2,4.429817200E-3,1.415041564E-2
2.385401765E1,4.103299975E-2,-1.191794872E-2,4.385948181E-3,4.295324332E-2
2.385904390E1,-3.527948260E-2,2.461135387E-3,1.859188080E-2,3.995443795E-2
2.386404062E1,-6.437748671E-3,-7.022380829E-3,4.186630249E-3,1.040607098E-2
2.386906494E1,7.870078087E-3,-2.592629194E-2,-5.348205566E-3,2.761727803E-2
2.387408926E1,-6.477475166E-3,7.503986359E-3,2.319145203E-2,2.522123992E-2
2.387911843E1,-2.546045184E-2,7.472872734E-3,4.004478455E-3,2.683494518E-2
2.388414306E1,-1.548618078E-3,-1.630061865E-2,8.719444275E-3,1.855093245E-2
2.388916655E1,3.166705370E-3,-6.685733795E-3,-1.034355164E-2,1.271676530E-2
2.389419103E1,-1.584157348E-2,-1.904606819E-3,-5.507469177E-3,1.687943110E-2
2.389921958E1,-6.203591824E-3,-3.050386906E-2,3.728199005E-2,4.856868704E-2
2.390424447E1,-3.933075070E-2,2.196294069E-2,8.478164673E-3,4.583838993E-2
2.390926937E1,-1.050949097E-2,2.821624279E-3,3.657341003E-3,1.147985658E-2
2.391429426E1,-1.019150019E-3,-1.919746399E-3,-2.486133575E-2,2.495616374E-2
2.391932364E1,1.798924804E-2,2.826094627E-3,-2.940177917E-2,3.458416508E-2
2.392434874E1,1.299667358E-2,1.713007689E-2,-3.865432739E-2,4.423245510E-2
2.392937874E1,-1.399576664E-3,1.232087612E-2,-2.408981323E-2,2.709394591E-2
2.393440437E1,-1.081427932E-2,2.743899822E-3,1.409435272E-2,1.797577264E-2
2.393942999E1,-1.076322794E-2,2.697050571E-3,2.347755432E-2,2.596760895E-2
2.394445562E1,3.529727459E-3,2.644711733E-2,-9.957313538E-3,2.847906396E-2
2.394951103E1,-1.287341118E-3,-2.288520336E-3,-3.738403320E-4,2.652230962E-3
2.395453817E1,1.277166605E-2,-2.239465714E-3,1.388263702E-2,1.899626993E-2
2.395956666E1,3.126204014E-3,1.210623980E-2,9.016036987E-3,1.541502892E-2
2.396459390E1,-1.735508442E-3,7.229983807E-3,8.946418762E-3,1.163284419E-2
2.396961848E1,-1.595994830E-2,-2.398431301E-3,-5.370140076E-3,1.700913951E-2
2.397464546E1,-6.268262863E-3,1.179319620E-2,4.173278809E-3,1.399238550E-2
2.397967260E1,1.748490334E-2,6.924211979E-3,1.363945007E-2,2.323146906E-2
2.398469958E1,7.804065943E-3,6.996750832E-3,-2.921772003E-2,3.104083007E-2
2.398972494E1,7.746309042E-3,-1.192045212E-2,-2.423381805E-2,2.809591465E-2
2.399475176E1,1.243773103E-2,-7.092654705E-3,1.870536804E-2,2.355618173E-2
2.399977369E1,-1.614275575E-2,1.188361645E-2,-5.188941956E-3,2.070589340E-2
2.400479999E1,3.000169992E-3,3.070163727E-2,2.334880829E-2,3.868796194E-2
2.400982629E1,-2.555611730E-2,-1.706212759E-2,1.840972900E-2,3.582107552E-2
2.401485260E1,-2.058300376E-2,-1.704633236E-2,2.301216125E-2,3.526750709E-2
2.401984546E1,8.040010929E-3,2.015411854E-3,2.282714844E-2,2.428543527E-2
2.402487010E1,-1.101207733E-2,-7.519066334E-3,8.392333984E-3,1.575542686E-2
2.402989473E1,1.283788681E-2,1.631194353E-2,3.571510315E-3,2.106291826E-2
2.403492010E1,1.744046807E-2,1.625597477E-2,3.677845001E-2,4.383013835E-2
2.403994478E1,-6.485968828E-3,-7.593691349E-3,-6.264686584E-3,1.178890317E-2
2.404496947E1,-2.071899176E-2,2.088791132E-2,-2.994823456E-2,4.198187957E-2
2.405003062E1,1.265814900E-2,1.599103212E-2,2.253437042E-2,3.039308630E-2
2.405505775E1,2.676039934E-2,-1.260513067E-2,3.352165222E-3,2.976987242E-2
2.406008681E1,-1.942485571E-3,-7.772743702E-3,3.325462341E-3,8.674531378E-3
2.406511416E1,1.708555222E-2,-1.717954874E-2,3.294944763E-3,2.445219112E-2
2.407014150E1,-6.887733936E-3,2.097946405E-2,-2.047252655E-2,3.011151165E-2
2.407516885E1,2.730429173E-3,1.789391041E-3,-1.309394836E-3,3.517339705E-3
2.408019103E1,-2.025187016E-3,-1.259809732E-2,3.669738770E-2,3.885243496E-2
2.408521812E1,7.507950068E-3,-7.874369621E-3,1.740550995E-2,2.052624631E-2
2.409024520E1,2.165549994E-2,2.060675621E-2,-1.727104187E-3,2.994297861E-2
2.409527114E1,-1.180273294E-2,1.091676950E-2,3.038406372E-3,1.636191537E-2
2.410029812E1,-1.163893938E-2,-3.440916538E-3,-2.073097229E-2,2.402244843E-2
2.410532510E1,-2.102166414E-2,-1.288121939E-2,-1.581287384E-2,2.928964246E-2
2.411034640E1,2.191403508E-2,-2.219629288E-2,1.755237579E-2,3.579086821E-2
2.411537301E1,-6.693273783E-3,6.458580494E-3,1.740455627E-2,1.973402531E-2
2.412039822E1,-1.137438416E-2,-7.910788059E-3,-6.479263306E-3,1.529503304E-2
2.412542468E1,-2.070650458E-2,-3.171384335E-3,-2.066993713E-2,2.942895363E-2
2.413044775E1,-2.051532269E-2,-7.916569710E-3,-2.049636841E-2,3.006079937E-2
2.413547385E1,2.236253023E-2,6.472706795E-3,8.161544800E-3,2.466960691E-2
2.414049994E1,3.107637167E-3,-1.245057583E-2,8.090019226E-3,1.516979427E-2
2.414552603E1,3.052562475E-3,-7.571816444E-3,1.277065277E-2,1.515718028E-2
2.415055317E1,-2.544113994E-2,1.156365871E-2,-1.583194733E-2,3.211884743E-2
2.415557931E1,1.273334026E-2,2.097964287E-3,3.177833557E-2,3.429871747E-2
2.416060546E1,-1.589238644E-2,-2.153158188E-2,1.726150513E-2,3.184551027E-2
2.416559708E1,1.745131612E-2,-2.279937267E-3,1.711368561E-2,2.454841712E-2
2.417062093E1,1.258081198E-2,-6.982266903E-3,2.646541595E-2,3.012386301E-2
2.417564478E1,-1.804083586E-3,-3.063416481E-2,1.199913025E-2,3.294974807E-2
2.418067645E1,2.197390795E-2,2.658128738E-2,-2.346038818E-3,3.456763468E-2
2.418570082E1,-1.876175404E-3,-6.955504417E-3,2.141666412E-2,2.259585312E-2
2.419072791E1,-2.077886462E-2,2.420306206E-3,-3.098773956E-2,3.738795395E-2
2.419575254E1,-1.098456979E-2,-1.677042246E-2,7.263183594E-3,2.132279716E-2
2.420077718E1,-1.546236873E-2,-2.160978317E-2,1.195716858E-2,2.913831594E-2
2.420580499E1,3.833323717E-3,-2.557933331E-3,-7.137298584E-3,8.495788646E-3
2.421082984E1,-8.227825165E-4,3.522336483E-2,1.192474365E-2,3.719626207E-2
2.421585468E1,-1.023703814E-2,6.260097027E-3,-2.615547180E-2,2.877663062E-2
2.422087952E1,-9.975761175E-3,-1.765888929E-2,-2.118968964E-2,2.933181087E-2
2.422594504E1,-5.070984364E-3,-1.758486032E-2,-1.626396179E-2,2.448384464E-2
2.423097192E1,-3.830239177E-2,1.578295231E-2,-5.411338806E-2,6.815008119E-2
2.423599879E1,4.773855209E-3,1.437067986E-3,-1.567745209E-2,1.645105960E-2
2.424102567E1,-2.373328805E-2,2.044790983E-2,-2.979469299E-2,4.323320146E-2
2.424604801E1,4.924029112E-3,1.561224461E-2,-1.055622101E-2,1.947875885E-2
2.425107468E1,-1.418793201E-2,1.315236092E-3,3.776550293E-3,1.474074601E-2
2.425612405E1,4.739671946E-3,6.238281727E-3,-3.899383545E-2,3.977310463E-2
2.426115296E1,-9.729534388E-3,1.586824656E-2,-1.492881775E-2,2.386073527E-2
2.426618187E1,9.209543467E-3,6.426811218E-3,-5.636215210E-4,1.124443251E-2
2.427117999E1,-3.968775272E-4,-2.988278866E-3,1.842880249E-2,1.867372709E-2
2.427620687E1,3.276100755E-2,1.627045870E-2,1.351547241E-2,3.899588999E-2
2.428123374E1,-8.817315102E-4,-7.424235344E-3,-1.034450531E-2,1.276344432E-2
2.428626062E1,-5.705028772E-3,1.176601648E-2,-1.501178741E-2,1.990829622E-2
2.429125124E1,-1.038843393E-2,1.180404425E-2,3.258895874E-2,3.618418511E-2
2.429627629E1,8.706361055E-3,7.096886635E-3,-9.317398071E-4,1.127096543E-2
2.430130400E1,8.651018143E-3,-1.187044382E-2,1.331520081E-2,1.982529001E-2
2.430632931E1,2.273803949E-2,7.204890251E-3,1.795864105E-2,2.985702048E-2
2.431135129E1,-1.280516386E-3,-2.369582653E-3,2.256298065E-2,2.272317628E-2
2.431637624E1,2.718588710E-2,2.277970314E-3,-1.560401917E-2,3.142844285E-2
2.432140343E1,1.273339987E-2,-7.464647293E-3,2.727603912E-2,3.101358963E-2
2.432642859E1,-1.574105024E-2,-1.707428694E-2,-2.043151855E-2,3.093151932E-2
2.433145374E1,8.306831121E-3,-2.655220032E-2,8.228302002E-3,2.901254451E-2
2.433647890E1,-1.140236855E-3,-2.657413483E-3,-2.508163452E-2,2.524777964E-2
2.434150968E1,-1.525712013E-2,1.154106855E-2,-2.012634277E-2,2.776770879E-2
2.434653515E1,1.342830062E-2,3.042137623E-2,8.530616760E-3,3.433002784E-2
2.435156062E1,2.747726440E-2,6.405234337E-3,3.716468811E-3,2.845767430E-2
2.435658608E1,-1.330524683E-3,-2.685368061E-2,-5.809783936E-3,2.750716357E-2
2.436164905E1,8.092284203E-3,1.624208689E-2,-1.017570496E-3,1.817487001E-2
2.436667640E1,7.881999016E-3,2.052426338E-3,3.734588623E-3,8.960218443E-3
2.437170374E1,1.252537966E-2,-7.270812988E-3,-1.055717468E-3,1.452117063E-2
2.437668874E1,-1.812219620E-3,-2.375245094E-3,-1.529788971E-2,1.558689702E-2
2.438171322E1,-1.833081245E-3,-2.271175385E-3,2.281379700E-2,2.299973387E-2
2.438673770E1,2.891629934E-3,-1.635962725E-2,-1.125335693E-3,1.665128547E-2
2.439180312E1,2.883613110E-3,2.906918526E-3,2.261734009E-2,2.298498363E-2
2.439683041E1,-6.627738476E-3,-6.577789783E-3,3.432273865E-3,9.948604908E-3
2.440185562E1,-3.030520678E-2,1.250708103E-2,3.400802612E-3,3.296055358E-2
2.440688270E1,-1.596927643E-3,-1.130914688E-2,3.372192383E-3,1.190876411E-2
2.441190978E1,-1.111251116E-2,-1.690387726E-3,2.233791351E-2,2.500655304E-2
2.441693687E1,3.242343664E-3,-1.801788807E-3,-1.583003998E-2,1.625882533E-2
2.442192650E1,2.222606540E-2,1.708221436E-2,-1.445770264E-3,2.806938336E-2
2.442695171E1,-6.278097630E-3,-7.032334805E-3,-2.042198181E-2,2.249278959E-2
2.443197588E1,-1.301914454E-3,2.394020557E-3,-2.974891663E-2,2.987347245E-2
2.443700098E1,3.578037024E-3,-2.149552107E-2,-5.756378174E-3,2.253875916E-2
2.444202749E1,-5.828052759E-3,7.047057152E-3,8.539199829E-3,1.251180032E-2
2.444705270E1,-5.655497313E-3,2.161204815E-3,-1.527500153E-2,1.643110245E-2
2.445207791E1,8.706212044E-3,6.815314293E-3,1.334476471E-2,1.733001391E-2
2.445710312E1,3.902584314E-3,-2.866804600E-3,-3.899192810E-2,3.929146459E-2
2.446212754E1,-5.661219358E-3,1.880407333E-3,4.072189331E-3,7.222746175E-3
2.446715270E1,-8.449852467E-4,6.585359573E-3,-1.020622253E-2,1.217571103E-2
2.447218364E1,1.342484355E-2,-1.723760366E-2,-5.372047424E-3,2.249933994E-2
2.447720942E1,2.757886052E-2,2.566587925E-2,-5.330085754E-3,3.804918816E-2
2.448223520E1,1.781427860E-2,-2.664989233E-2,-5.435943604E-4,3.206026791E-2
2.448726098E1,1.757946610E-2,2.243816853E-3,-1.479244232E-2,2.308438200E-2
2.449228853E1,3.155916929E-3,-1.664257050E-2,-2.417278290E-2,2.951708653E-2
2.449731437E1,2.683717012E-2,-2.181410789E-3,9.264945984E-3,2.847510276E-2
2.450234020E1,-1.610633731E-2,2.640455961E-2,4.433631897E-3,3.124535104E-2
2.450740082E1,-6.507307291E-3,-2.231657505E-3,2.813625336E-2,2.896504957E-2
2.451242900E1,-1.736789942E-3,1.200324297E-2,-5.333900452E-3,1.324933112E-2
2.451745718E1,-6.506413221E-3,-2.368986607E-3,-5.285263062E-3,8.710884925E-3
2.452247848E1,-1.117837429E-2,-2.142667770E-2,-2.898025513E-2,3.773478179E-2
2.452750619E1,7.976144552E-3,-1.188129187E-2,4.505157471E-3,1.500268050E-2
2.453253192E1,-1.471817493E-3,1.183259487E-2,2.821159363E-2,3.062793762E-2
2.453755942E1,3.355801105E-3,-2.590000629E-3,-1.475811005E-2,1.535484668E-2
2.454258692E1,-2.514824271E-2,1.629549265E-2,-5.130767822E-3,3.040233495E-2
2.454760879E1,8.315414190E-3,-2.964079380E-3,-1.932621002E-2,2.124698269E-2
2.455263593E1,-1.067864895E-2,-3.151100874E-2,9.327888489E-3,3.455411291E-2
2.455766306E1,3.669828176E-3,1.615864038E-2,-3.348255157E-2,3.735840679E-2
2.456270379E1,1.309812069E-2,1.119756699E-2,9.539604187E-3,1.969645450E-2
2.456773181E1,-1.291632652E-3,2.537310123E-2,9.460449219E-3,2.711019514E-2
2.457275984E1,1.298412681E-2,1.491963863E-3,-3.336048126E-2,3.582925083E-2
2.457778786E1,1.758545637E-2,-7.939398289E-3,-9.343147278E-3,2.143774060E-2
2.458278994E1,-1.098510623E-2,-1.254636049E-2,1.446914673E-2,2.207804175E-2
2.458781666E1,3.360837698E-3,-1.225745678E-2,-4.657745361E-3,1.353643486E-2
2.459284338E1,3.396362066E-3,-1.202487946E-2,4.866600037E-3,1.340957856E-2
2.459789879E1,1.762846112E-2,1.194667816E-2,3.330802917E-2,3.953366373E-2
2.460292734E1,-2.065342665E-2,-1.181370020E-2,1.403808594E-2,2.762599141E-2
2.460795588E1,-1.527905464E-3,2.609550953E-3,-2.406978607E-2,2.425899530E-2
2.461298442E1,3.250658512E-3,-1.628017426E-2,-4.883766174E-3,1.730497115E-2
2.461801296E1,1.743447781E-2,-1.876235008E-3,1.889896393E-2,2.578084777E-2
2.462296520E1,2.200025320E-2,-6.533145905E-3,-5.003929138E-3,2.348898557E-2
2.462799056E1,2.833157778E-3,-1.599937677E-2,1.403236389E-2,2.146890953E-2
2.463301926E1,-1.137101650E-2,-1.124709845E-2,2.816581726E-2,3.238997533E-2
2.463804494E1,-1.824349165E-3,-6.477594376E-3,4.195213318E-3,7.930150916E-3
2.464307062E1,1.249763370E-2,-1.124727726E-2,2.790451050E-2,3.257842537E-2
2.464809629E1,1.239970326E-2,7.716119289E-3,8.685112000E-3,1.699183064E-2
2.465318666E1,-1.939743757E-3,-6.722033024E-3,-2.461910248E-2,2.559391609E-2
2.465821567E1,2.937406301E-3,7.452666759E-3,-1.491451263E-2,1.692965696E-2
2.466324468E1,-1.607221365E-2,1.676082611E-2,8.959770203E-3,2.489013511E-2
2.466827369E1,-1.597806811E-2,2.298235893E-3,-5.353927612E-3,1.700720699E-2
2.467326056E1,3.160744905E-3,3.539049625E-2,4.195213318E-3,3.577816860E-2
2.467828749E1,-6.354242563E-3,-7.715582848E-3,4.164695740E-3,1.082826430E-2
2.468328666E1,1.270082593E-2,-7.622718811E-3,-2.911090851E-2,3.266285070E-2
2.468831077E1,1.255458593E-2,-7.532954216E-3,-1.462268829E-2,2.069265667E-2
2.469333489E1,-2.553015947E-2,1.630115509E-2,-1.925086975E-2,3.589028679E-2
2.469835900E1,3.236204386E-3,-7.499158382E-3,2.363872528E-2,2.500999257E-2
2.470341708E1,-6.332129240E-3,-7.355511189E-3,2.343845367E-2,2.536849456E-2
2.470844291E1,-1.578301191E-3,-2.565860748E-3,9.001731873E-3,9.492410270E-3
2.471346874E1,7.939159870E-3,1.637518406E-2,1.367950439E-2,2.276632937E-2
2.471846280E1,-1.591369510E-2,1.146781445E-2,-5.424499512E-3,2.035145338E-2
2.472348650E1,-1.577070355E-2,-2.846598625E-3,4.116058350E-3,1.654569886E-2
2.472851020E1,3.213286400E-3,6.698369980E-3,1.358413696E-2,1.548296312E-2
2.473358843E1,1.263827085E-2,-2.824723721E-3,-1.502037048E-2,1.983220824E-2
2.473861577E1,-1.595118642E-2,2.086746693E-2,-6.446838379E-4,2.627369676E-2
2.474364312E1,2.687004209E-2,-2.681088448E-2,-5.384445190E-3,3.833816555E-2
2.474864676E1,2.810716629E-3,-7.617712021E-3,8.911132812E-3,1.205561912E-2
2.475367249E1,-6.699770689E-3,2.091258764E-2,-5.407333374E-3,2.261553677E-2
2.475870020E1,-1.138255000E-2,-2.671885490E-2,-5.364418030E-3,2.953365255E-2
2.476372614E1,-1.127782464E-2,-2.777338028E-3,-1.481533051E-2,1.882543368E-2
2.476875239E1,-6.480365992E-3,6.721913815E-3,1.380252838E-2,1.666400487E-2
2.477377838E1,-1.671224833E-3,6.645321846E-3,-1.005363464E-2,1.216671132E-2
2.477880551E1,3.104329109E-3,2.566200495E-2,-5.227088928E-3,2.637229258E-2
2.478383161E1,-1.595732570E-2,-2.961874008E-3,-1.943206787E-2,2.531825829E-2
2.478885770E1,-1.620560884E-3,1.128613949E-2,9.224891663E-3,1.466634884E-2
2.479390249E1,7.896721363E-3,1.675724983E-3,-5.096435547E-3,9.546722882E-3
2.479892978E1,1.258948445E-2,1.795232296E-3,-1.455974579E-2,1.933142973E-2
2.480395708E1,-1.130592823E-2,1.867353916E-3,-4.943847656E-3,1.248009028E-2
2.480898437E1,-1.704394817E-3,-2.814471722E-3,-4.908561707E-3,5.909330824E-3
2.481401166E1,1.256570220E-2,-2.656877041E-3,-9.624481201E-3,1.604950173E-2
2.481901619E1,7.716506720E-3,-1.189011335E-2,1.418304443E-2,2.005188323E-2
2.482404249E1,-1.882553101E-3,-1.171088219E-2,1.406192780E-2,1.839637413E-2
2.482906879E1,-1.620492339E-2,-2.113085985E-2,4.453659058E-3,2.699903441E-2
2.483409510E1,-6.516635418E-3,-1.976251602E-3,1.391124725E-2,1.548854117E-2
2.483915067E1,-6.350338459E-3,-6.778299809E-3,4.297256470E-3,1.023418585E-2
2.484417843E1,-6.286054850E-3,-6.690621376E-3,1.375579834E-2,1.653786225E-2
2.484921296E1,1.277193427E-2,-6.655454636E-3,2.313899994E-2,2.725492065E-2
2.485424140E1,3.131836653E-3,-1.874566078E-3,1.345157623E-2,1.393798055E-2
2.485926984E1,-6.275832653E-3,-1.879572868E-3,-9.107589722E-4,6.614253666E-3
2.486429827E1,-1.091140509E-2,2.866327763E-3,-5.653381348E-3,1.261884767E-2
2.486931072E1,2.237659693E-2,-2.091830969E-2,-8.544921875E-4,3.064339941E-2
2.487433838E1,3.208696842E-3,-1.601648331E-2,-1.509189606E-2,2.223935250E-2
2.487936603E1,-1.453667879E-3,1.253759861E-2,1.352405548E-2,1.849877309E-2
2.488439369E1,1.281353831E-2,2.917349339E-3,-1.507854462E-2,2.000150492E-2
2.488942135E1,-1.582616568E-2,1.717120409E-2,-5.455970764E-3,2.398093799E-2
2.489436145E1,-1.098686457E-2,2.814531326E-3,-5.410194397E-3,1.256594537E-2
2.489938556E1,-1.088210940E-2,-6.727814674E-3,3.262424469E-2,3.504318959E-2
2.490442530E1,8.319556713E-3,1.235187054E-2,-8.945465088E-4,1.491924740E-2
2.490945093E1,-1.073691249E-2,-1.151084900E-2,-1.513195038E-2,2.183476258E-2
2.491447655E1,2.729904652E-2,-1.834690571E-3,1.348209381E-2,3.050198164E-2
2.491950218E1,3.342598677E-3,7.706403732E-3,2.286434174E-2,2.435856620E-2
2.492452713E1,-1.096567512E-2,-6.577372551E-3,-1.531410217E-2,1.995067883E-2
2.492955275E1,1.287853718E-2,-6.388425827E-3,2.279281616E-2,2.694774894E-2
2.493457838E1,1.272338629E-2,3.300666809E-3,8.350372314E-3,1.557265802E-2
2.493966994E1,1.262453198E-2,1.755177975E-2,3.676891327E-2,4.265438738E-2
2.494469999E1,7.677704096E-3,-6.307125092E-3,7.974624634E-3,1.274054964E-2
2.494968718E1,-1.924335957E-3,3.271758556E-3,-1.588821411E-3,4.114830057E-3
2.495471286E1,2.853691578E-3,-2.057456970E-2,1.267337799E-2,2.433250878E-2
2.495970598E1,-6.656944752E-3,3.368198872E-3,1.731395721E-2,1.885292528E-2
2.496472848E1,2.957314253E-3,-1.087665558E-2,2.666187286E-2,2.894655090E-2
2.496975098E1,-6.399303675E-3,1.293325424E-2,7.438659668E-3,1.623434047E-2
2.497477348E1,-6.332695484E-3,-6.246209145E-3,-1.161384583E-2,1.462872433E-2
2.497987890E1,7.916629314E-3,-2.525973320E-2,1.223182678E-2,2.916067090E-2
2.498490562E1,7.860571146E-3,-6.079316139E-3,2.634048462E-3,1.028031492E-2
2.498993234E1,-6.392151117E-3,2.713733912E-2,-6.882667542E-3,2.871699641E-2
2.499492723E1,2.220988274E-2,4.103207588E-2,2.676010132E-3,4.673404725E-2
2.499995187E1,3.040462732E-3,-6.819665432E-3,1.690006256E-2,1.847604841E-2
2.500497650E1,-3.496012092E-2,-2.041876316E-3,-6.981849670E-3,3.570889999E-2
2.500997843E1,-1.365244389E-3,-1.629793644E-2,-1.642131805E-2,2.317641713E-2
2.501500150E1,-2.033856511E-2,-6.638944149E-3,2.707481384E-3,2.156532554E-2
2.502002463E1,8.327901363E-3,-1.125192642E-2,-2.069473267E-3,1.415070701E-2
2.502504770E1,3.674030304E-3,2.690726519E-2,2.682685852E-3,2.728912278E-2
2.503007051E1,8.452504873E-3,3.145718575E-2,-6.841659546E-3,3.328374497E-2
2.503509359E1,8.235901594E-3,1.222652197E-2,-1.152706146E-2,1.871339254E-2
2.504012536E1,-1.561832428E-2,1.209819317E-2,7.566452026E-3,2.115536640E-2
2.504514926E1,-1.073119044E-2,-2.119660378E-3,1.699161530E-2,2.020807756E-2
2.505017317E1,-1.133173704E-3,-6.828069687E-3,1.684856415E-2,1.821484922E-2
2.505519708E1,2.267858386E-2,-6.798088551E-3,-3.552627563E-2,4.269248686E-2
2.506026192E1,3.347426653E-3,1.697379351E-2,2.766609192E-3,1.752053246E-2
2.506528791E1,-6.224542856E-3,-1.638013124E-2,-6.752967834E-3,1.877914290E-2
2.507031390E1,1.762914658E-2,-1.152247190E-2,-1.144599915E-2,2.397008686E-2
2.507530989E1,1.279896498E-2,7.535219193E-3,7.642745972E-3,1.670343075E-2
2.508033390E1,-1.104289293E-2,2.799689770E-3,-1.141929626E-2,1.613022239E-2
2.508535744E1,-3.473466635E-2,-3.524178267E-2,-3.031444550E-2,5.802969841E-2
2.509038140E1,8.246511221E-3,2.960503101E-3,-6.311416626E-3,1.079831032E-2
2.509540536E1,1.768469810E-2,-1.598513126E-2,-4.425144196E-2,5.026393422E-2
2.510043739E1,1.274681091E-2,-1.118564606E-2,1.785564423E-2,2.462567556E-2
2.510546187E1,1.734051108E-2,-6.369352341E-3,4.620170593E-2,4.975801046E-2
2.511048635E1,-1.598572731E-2,-2.058970928E-2,-1.591491699E-2,3.054118840E-2
2.511551723E1,-2.534034848E-2,-1.454770565E-3,2.695560455E-2,3.702504876E-2
2.512054213E1,1.291623712E-2,3.176873922E-2,-1.600646973E-2,3.784559481E-2
2.512556463E1,1.746261120E-2,-1.766026020E-3,-1.586627960E-2,2.366010284E-2
2.513058931E1,-2.551731467E-2,2.969026566E-3,-3.472137451E-2,4.319169266E-2
2.513561400E1,-1.120892167E-2,2.201342583E-2,-5.938529968E-3,2.540663260E-2
2.514063869E1,-2.086567879E-2,-2.083134651E-2,1.311206818E-2,3.226837276E-2
2.514570405E1,-1.614654064E-2,3.212511539E-3,-1.548671722E-2,2.260242057E-2
2.515073077E1,-1.621374488E-2,3.312468529E-3,2.263259888E-2,2.803734122E-2
2.515575749E1,2.181419730E-2,-3.457891941E-2,8.195877075E-3,4.169812073E-2
2.516074905E1,2.543956041E-3,-1.042503119E-2,-6.120681763E-3,1.235377403E-2
2.516577343E1,2.372890711E-3,-1.021164656E-2,1.292324066E-2,1.664086791E-2
2.517080119E1,-2.548456192E-3,4.351377487E-3,3.180313110E-2,3.220043886E-2
2.517582593E1,2.126604319E-3,-2.579689026E-4,-1.708030701E-3,2.739774216E-3
2.518085067E1,-7.434099913E-3,-1.447850466E-2,2.679824829E-2,3.135345356E-2
2.518587697E1,-2.614468336E-3,1.114606857E-5,2.823829651E-3,3.848322078E-3
2.519090181E1,-1.202848554E-2,2.372175455E-2,1.229667664E-2,2.930212210E-2
2.519592666E1,2.378880978E-3,-5.050599575E-3,-1.629447937E-2,1.722433420E-2
2.520095577E1,2.157029510E-2,-3.358352184E-2,-1.918792725E-3,3.996013433E-2
2.520598088E1,-1.173478365E-2,-2.001523972E-4,2.848625183E-3,1.207724611E-2
2.521100598E1,-2.128660679E-3,-4.979848862E-3,1.707267761E-2,1.791106953E-2
2.521603385E1,-6.954222918E-3,-1.931786537E-2,-3.054141998E-2,3.680107979E-2
2.522105916E1,-2.238750458E-3,-9.796738625E-3,-1.782417297E-3,1.020613064E-2
2.522608447E1,-1.661416888E-2,9.250104427E-3,-1.125526428E-2,2.209696843E-2
2.523110978E1,-2.274841070E-3,-4.998266697E-3,3.081321716E-3,6.296992567E-3
2.523617161E1,-2.293676138E-3,9.358286858E-3,-2.068996429E-2,2.282352089E-2
2.524119874E1,2.627962828E-2,-4.894137383E-3,2.695941925E-2,3.796553344E-2
2.524622504E1,-1.650536060E-2,2.365410328E-2,-1.126289368E-2,3.096443613E-2
2.525125208E1,7.387578487E-3,9.333550930E-3,-1.117801666E-2,1.632910118E-2
2.525627911E1,-2.154201269E-3,-2.254843712E-4,3.164958954E-2,3.172361808E-2
2.526128484E1,-1.156759262E-2,-9.702801704E-3,7.638931274E-3,1.692060374E-2
2.526631046E1,2.167668939E-2,1.408874989E-2,-1.914978027E-3,2.592371264E-2
2.527133608E1,-7.240891457E-3,-2.399718761E-2,2.860069275E-3,2.522846644E-2
2.527637963E1,-1.212662458E-2,9.412050247E-3,-6.649017334E-3,1.672875205E-2
2.528140645E1,2.112433314E-2,-1.444196701E-2,-1.608371735E-2,3.022406037E-2
2.528643176E1,-2.876609564E-3,-9.559988976E-3,-1.594638824E-2,1.881370697E-2
2.529145843E1,1.616615057E-2,-2.485513687E-5,-6.315231323E-3,1.735589781E-2
2.529648822E1,1.615709066E-2,9.536385536E-3,-6.273269653E-3,1.978252107E-2
2.530151520E1,-1.708438993E-2,-4.833459854E-3,8.020401001E-3,1.948244198E-2
2.530654218E1,1.642107964E-2,1.885998249E-2,1.270198822E-2,2.804801777E-2
2.531156916E1,-2.157959342E-2,9.116232395E-3,2.684020996E-2,3.562557250E-2
2.531656859E1,-2.384573221E-3,-1.474022865E-2,1.237201691E-2,1.939142420E-2
2.532159416E1,-2.598208189E-2,2.813231945E-2,-2.097702026E-2,4.366384495E-2
2.532661973E1,2.647548914E-3,-5.434513092E-3,-1.798629761E-3,6.307021232E-3
2.533164530E1,7.293283939E-3,-5.376398563E-3,-6.528854370E-3,1.116797168E-2
2.533667088E1,3.079131246E-2,4.281342030E-3,-3.021526337E-2,4.335201209E-2
2.534168332E1,2.090653777E-2,-1.943278313E-2,-2.046394348E-2,3.512106725E-2
2.534670838E1,6.459027529E-3,1.403266191E-2,1.294326782E-2,2.015348156E-2
2.535175843E1,3.502109647E-2,4.485487938E-3,1.282501221E-2,3.756431469E-2
2.535678603E1,6.363123655E-3,1.395976543E-2,7.963180542E-3,1.728515658E-2
2.536182697E1,6.335139275E-3,1.860392094E-2,3.146171570E-3,1.990322234E-2
2.536685588E1,1.455754042E-3,-1.957899332E-2,1.262378693E-2,2.334129807E-2
2.537188478E1,-1.287645102E-2,-5.161166191E-3,-1.724243164E-3,1.397904295E-2
2.537691369E1,6.147384644E-3,-5.209982395E-3,7.796287537E-3,1.121233044E-2
2.538194260E1,-1.281991601E-2,-4.583001137E-4,-1.601219177E-2,2.051707998E-2
2.538699004E1,-7.986575365E-3,-5.494356155E-4,-6.375312805E-3,1.023385943E-2
2.539201968E1,1.105234027E-2,1.350247860E-2,-2.055454254E-2,2.696220267E-2
2.539704931E1,1.490354538E-3,3.800749779E-3,-6.133079529E-3,7.367599340E-3
2.540207895E1,2.518957853E-2,1.782393456E-2,-2.031421661E-2,3.694421344E-2
2.540710859E1,-3.535360098E-3,-1.575976610E-2,-1.137733459E-3,1.619146183E-2
2.541210655E1,-2.716928720E-2,1.746797562E-2,-1.123428345E-3,3.231969107E-2
2.541713489E1,-7.765680552E-3,-2.086108923E-2,-1.111030579E-3,2.228733334E-2
2.542216322E1,1.927703619E-3,-1.133394241E-2,-2.484130859E-2,2.737270364E-2
2.542719155E1,2.043485641E-3,2.965867519E-3,2.284717560E-2,2.312932417E-2
2.543221989E1,-2.638548613E-3,-6.649971008E-3,-1.083374023E-3,7.235865703E-3
2.543720405E1,-2.533704042E-3,1.225507259E-2,-3.430938721E-2,3.652041225E-2
2.544223056E1,-1.672941446E-2,-2.183556557E-3,1.346588135E-2,2.158636579E-2
2.544730900E1,-2.136164904E-2,-1.159727573E-2,-8.945465088E-4,2.432317963E-2
2.545234072E1,1.678469777E-2,4.079508781E-2,-5.638122559E-3,4.447194278E-2
2.545737244E1,2.321481705E-3,-1.645910740E-2,-1.033973694E-2,1.957553712E-2
2.546233426E1,1.647087932E-2,-2.095216513E-2,3.988265991E-3,2.694790075E-2
2.546736129E1,-1.223516464E-2,-1.116025448E-2,8.699417114E-3,1.870642649E-2
2.547237114E1,-1.215600967E-2,-1.400887966E-3,-1.037693024E-2,1.604405620E-2
2.547739640E1,2.226024866E-3,-1.275479794E-3,1.819229126E-2,1.837230243E-2
2.548242166E1,-1.199963689E-2,-1.065003872E-2,-2.470397949E-2,2.945676854E-2
2.548750973E1,1.657128334E-2,-1.050114632E-3,-1.025295258E-2,1.951494834E-2
2.549253926E1,-2.535432577E-3,8.475244045E-3,8.823394775E-3,1.249441777E-2
2.549756879E1,1.645645499E-2,-1.057171822E-2,4.001617432E-3,1.996469582E-2
2.550258077E1,-1.688542962E-2,-1.521903276E-2,2.295970917E-2,3.230920824E-2
2.550760916E1,-7.161289454E-3,8.560538292E-3,2.751827240E-2,2.969549121E-2
2.551263754E1,2.142396569E-2,1.789706945E-2,-1.544380188E-2,3.190301581E-2
2.551767619E1,-2.626004815E-2,-6.028950214E-3,3.682136536E-3,2.719368491E-2
2.552270525E1,7.281064987E-3,1.298153400E-2,-1.098632812E-3,1.492451428E-2
2.552772510E1,2.451121807E-3,-1.095390320E-2,8.414268494E-3,1.402839648E-2
2.553275322E1,1.190990210E-2,-1.400828362E-3,-2.964115143E-2,3.197508321E-2
2.553778135E1,-2.456039190E-3,-2.516371012E-2,-1.514625549E-2,2.947292810E-2
2.554280504E1,2.394795418E-3,8.253872395E-3,8.720397949E-3,1.224364304E-2
2.554783286E1,-1.184710860E-2,-1.553177834E-2,-1.509761810E-2,2.468862477E-2
2.555287135E1,-7.021814585E-3,-1.135826111E-3,-5.475044250E-3,8.976195773E-3
2.555790030E1,-2.188473940E-3,8.342862129E-3,1.356410980E-2,1.607413579E-2
2.556292926E1,-6.944358349E-3,-1.074802876E-2,8.705139160E-3,1.547655268E-2
2.556795822E1,2.532958984E-3,-1.188457012E-3,2.288341522E-2,2.305382839E-2
2.557298718E1,-2.265900373E-3,2.728825808E-2,-2.004051208E-2,3.393236593E-2
2.557801614E1,2.523720264E-3,-1.095104218E-2,3.869056702E-3,1.188545702E-2
2.558295301E1,7.272869349E-3,-1.487553120E-3,2.758598328E-2,2.856735753E-2
2.558797890E1,2.537369728E-3,3.198206425E-3,8.362770081E-3,9.306056785E-3
2.559301895E1,-1.635232568E-2,3.163921833E-2,-1.070594788E-2,3.718946103E-2
2.559804624E1,-1.942455769E-3,-1.618915796E-2,2.262687683E-2,2.788973871E-2
2.560303942E1,1.234692335E-2,1.246041059E-2,-1.306533813E-3,1.759020691E-2
2.560806322E1,-6.777167320E-3,1.227992773E-2,2.245235443E-2,2.647328543E-2
2.561308702E1,2.748906612E-3,7.456004620E-3,2.226543427E-2,2.364102484E-2
2.561811083E1,-1.898378134E-3,1.212036610E-2,1.732635498E-2,2.122992442E-2
2.562319343E1,7.641851902E-3,-2.253174782E-3,2.936363220E-3,8.490990876E-3
2.562822015E1,2.179563046E-2,-1.175540686E-2,-6.582260132E-3,2.562352914E-2
2.563324687E1,-2.115073800E-2,1.211309433E-2,7.718086243E-3,2.556657246E-2
2.563825609E1,1.228815317E-2,-2.256512642E-3,-6.591796875E-3,1.412594576E-2
2.564328166E1,2.763450146E-3,1.193320751E-2,-1.603317261E-2,2.017673715E-2
2.564830525E1,2.766400576E-3,7.008492947E-3,-1.649856567E-3,7.713233577E-3
2.565333062E1,2.714216709E-3,-7.317602634E-3,-1.587867737E-2,1.769312509E-2
2.565835598E1,2.640467882E-2,-1.677548885E-2,3.250122070E-3,3.145134947E-2
2.566337676E1,1.196768880E-2,-1.191365719E-2,-1.102256775E-2,2.016575817E-2
2.566840181E1,-1.195284724E-2,2.609837055E-2,3.323554993E-3,2.889708498E-2
2.567342687E1,-2.383053303E-3,6.812095642E-3,-1.094436646E-2,1.310964329E-2
2.567846338E1,-2.390325069E-3,-1.226139069E-2,-2.034759521E-2,2.387634785E-2
2.568348921E1,2.402484417E-3,1.156097651E-2,-2.492618561E-2,2.758156700E-2
2.568849275E1,-2.399861813E-3,1.144790649E-2,-5.722045898E-3,1.302135588E-2
2.569351640E1,2.234369516E-3,-2.808570862E-3,-5.673408508E-3,6.713273533E-3
2.569854004E1,-7.360786200E-3,1.149106026E-2,3.872871399E-3,1.418537177E-2
2.570356369E1,2.214610577E-3,1.617997885E-2,-9.107589722E-4,1.635621281E-2
2.570861775E1,1.165816188E-2,1.940488815E-3,-9.107589722E-4,1.185359511E-2
2.571364296E1,1.932203770E-3,-1.213401556E-2,1.808547974E-2,2.186440766E-2
2.571866817E1,6.581038237E-3,-1.184284687E-2,-5.815505981E-3,1.474392065E-2
2.572366051E1,1.603946090E-2,2.641797066E-3,-5.776405334E-3,1.725138418E-2
2.572868353E1,-1.731741428E-2,7.509887218E-3,3.759384155E-3,1.924640779E-2
2.573371275E1,1.843601465E-3,-1.964271069E-3,-5.775451660E-3,6.372838384E-3
2.573873640E1,1.799225807E-3,-1.913905144E-3,1.801395416E-2,1.820447173E-2
2.574376004E1,-1.724210382E-2,1.228094101E-2,-1.537036896E-2,2.616027328E-2
2.574878369E1,-2.933681011E-3,-2.084076405E-3,-9.918212891E-4,3.732769509E-3
2.575384437E1,-1.233151555E-2,3.105151653E-2,8.517265320E-3,3.447907718E-2
2.575886989E1,2.139449120E-3,-1.691323519E-2,3.705024719E-3,1.744597304E-2
2.576390692E1,1.174160838E-2,1.948475838E-3,1.318264008E-2,1.776074111E-2
2.576893359E1,2.372920513E-3,-3.627657890E-2,3.578186035E-3,3.652977339E-2
2.577396025E1,-1.641139388E-2,1.613938808E-2,-1.203536987E-3,2.304912576E-2
2.577898437E1,-1.134514809E-2,-3.111183643E-3,-5.943298340E-3,1.318008513E-2
2.578401083E1,-1.679122448E-3,6.292223930E-3,-2.488422394E-2,2.572228868E-2
2.578903645E1,-3.013655543E-2,-1.287102699E-2,3.820419312E-3,3.299198256E-2
2.579406286E1,-2.036559582E-2,2.520835400E-2,-1.520538330E-2,3.579695917E-2
2.579908749E1,-5.972713232E-3,1.068037748E-2,-3.406715393E-2,3.619826990E-2
2.580411369E1,-6.006747484E-3,2.492719889E-2,-2.903652191E-2,3.873713805E-2
2.580913718E1,-1.295268536E-3,1.541876793E-2,4.436492920E-3,1.609653983E-2
2.581416312E1,1.282221079E-2,6.144881248E-3,-9.860992432E-3,1.730340506E-2
2.581919181E1,7.879614830E-3,-1.249665022E-2,-3.023147583E-4,1.477653514E-2
2.582421801E1,2.672389150E-2,2.119630575E-2,1.867580414E-2,3.888747118E-2
2.582924421E1,-2.077072859E-3,1.192635298E-2,4.254341125E-3,1.283166183E-2
2.583426744E1,1.695662737E-2,-6.871879101E-3,1.844406128E-2,2.597947903E-2
2.583929343E1,7.234096527E-3,-1.611715555E-2,2.777862549E-2,3.292031120E-2
2.584431942E1,-2.625659108E-2,-3.003150225E-2,1.804733276E-2,4.378362619E-2
2.584934364E1,2.611127496E-2,-5.947887897E-3,1.789474487E-2,3.220866257E-2
2.585436952E1,1.161542535E-2,1.788318157E-2,1.774501801E-2,2.774188085E-2
2.585939541E1,1.623421907E-2,8.224308491E-3,2.234840393E-2,2.882083062E-2
2.586442129E1,-7.618367672E-3,-1.462817192E-3,-6.321907043E-3,1.000729078E-2
2.586944890E1,1.620623469E-2,3.129363060E-3,1.273441315E-2,2.084706776E-2
2.587447484E1,-7.549345493E-3,7.631361485E-3,3.138542175E-3,1.118395022E-2
2.587950223E1,2.187371254E-3,-2.152562141E-3,3.118515015E-3,4.375300295E-3
2.588452832E1,7.042646408E-3,3.088122606E-2,7.848739624E-3,3.263206560E-2
2.588955556E1,2.119606733E-2,6.711661816E-3,-2.544403076E-2,3.378932340E-2
2.589458176E1,-2.804934978E-3,2.088367939E-2,-1.098155975E-2,2.376111066E-2
2.589960838E1,1.623383164E-2,6.446242332E-3,8.104324341E-3,1.925542529E-2
2.590463463E1,-1.237115264E-2,-3.122806549E-3,-6.208419800E-3,1.418949664E-2
2.590965937E1,-1.230168343E-2,1.123589277E-2,-1.565742493E-2,2.286332559E-2
2.591468546E1,-7.532745600E-3,1.607829332E-2,-1.553440094E-2,2.359176520E-2
2.591971155E1,1.935184002E-3,-1.715219021E-2,-1.164436340E-3,1.730024503E-2
2.592473400E1,3.037318587E-2,1.172482967E-2,-1.168251038E-3,3.257862584E-2
2.592975984E1,-3.207802773E-3,-7.124125957E-3,1.782417297E-2,1.946135431E-2
2.593478567E1,1.097607613E-2,-1.167446375E-2,8.173942566E-3,1.798834867E-2
2.593981343E1,-8.187890053E-3,-1.134330034E-2,3.347396851E-3,1.438461233E-2
2.594483937E1,6.147593260E-3,7.825851440E-3,-1.434326172E-3,1.005455843E-2
2.594986296E1,1.566368341E-2,-6.402432919E-3,3.655719757E-2,4.028362967E-2
2.595488869E1,1.306563616E-3,7.926404476E-3,3.625011444E-2,3.712958111E-2
2.595991442E1,-1.292756200E-2,2.983450890E-3,4.545116425E-2,4.734797957E-2
2.596494749E1,-2.709779143E-2,2.780020237E-3,1.184654236E-2,2.970453465E-2
2.596997369E1,3.013265133E-2,-1.167023182E-2,-2.487182617E-3,3.240921264E-2
2.597499989E1,1.096218824E-2,7.290422916E-3,1.178359985E-2,1.766841993E-2
2.598002609E1,1.089066267E-2,2.197325230E-3,-1.204013824E-2,1.638290879E-2
2.598500681E1,-1.286834478E-2,1.997113228E-3,-1.668071747E-2,2.116197283E-2
2.599003072E1,1.100155711E-2,-2.949476242E-3,1.196002960E-2,1.651593101E-2
2.599506916E1,2.522751689E-2,-1.260435581E-2,-1.187419891E-2,3.059892145E-2
2.600009447E1,-3.343373537E-3,1.105576754E-2,-1.176929474E-2,1.649013163E-2
2.600511978E1,-7.940113544E-3,6.084084511E-3,-3.541183472E-2,3.679754782E-2
2.601014510E1,-2.998232841E-3,-3.442466259E-3,-1.138210297E-2,1.226345147E-2
2.601517739E1,-2.900779247E-3,1.461684704E-3,-2.079582214E-2,2.104797522E-2
2.602020306E1,1.143810153E-2,1.092058420E-2,-2.062416077E-2,2.598933114E-2
2.602522588E1,6.566673517E-3,6.101608276E-3,-1.570415497E-2,1.808234796E-2
2.603025124E1,-1.731306314E-2,1.376807690E-3,1.766490936E-2,2.477270227E-2
2.603527421E1,-3.149673343E-2,1.568514109E-2,-2.047157288E-2,4.070814616E-2
2.604029937E1,-7.574230433E-3,-3.417015076E-3,2.718639374E-2,2.842789059E-2
2.604532796E1,-7.541954517E-3,6.182551384E-3,3.170585632E-2,3.317177030E-2
2.605035343E1,1.143234968E-2,1.508176327E-3,-1.129817963E-2,1.614379379E-2
2.605537890E1,6.560921669E-3,1.618623734E-3,-2.070808411E-2,2.178280017E-2
2.606040437E1,-3.146100044E-2,-7.921338081E-3,3.208160400E-3,3.260114168E-2
2.606543296E1,-7.383912802E-3,2.530288696E-2,-1.564979553E-3,2.640468553E-2
2.607045858E1,-7.198393345E-3,-8.228600025E-3,1.744079590E-2,2.058417078E-2
2.607548504E1,2.136981487E-2,-1.298707724E-2,-1.594066620E-2,2.965531996E-2
2.608051077E1,2.276271582E-3,-3.467857838E-3,3.167915344E-2,3.194958862E-2
2.608553510E1,-2.467721701E-3,-1.776772738E-2,-2.081489563E-2,2.747802152E-2
2.609056067E1,-1.666939259E-2,-1.780611277E-2,7.860183716E-3,2.562633000E-2
2.609558968E1,7.335335016E-3,-2.728676796E-2,-1.700401306E-3,2.830664604E-2
2.610061556E1,7.345557213E-3,1.084864140E-2,-1.593017578E-2,2.062572984E-2
2.610564145E1,-7.045060396E-3,-1.776069403E-2,3.202438354E-3,1.937345451E-2
2.611066734E1,2.526581287E-3,1.252889633E-3,-6.313323975E-3,6.914579166E-3
2.611572421E1,2.527832985E-3,5.909085274E-3,-6.257057190E-3,8.969837961E-3
2.612075166E1,2.473682165E-3,-3.663897514E-3,-1.095104218E-2,1.180968133E-2
2.612577947E1,-1.662924886E-2,-3.657162189E-3,-1.560306549E-2,2.309464019E-2
2.613080697E1,-2.275526524E-3,1.064211130E-2,4.150867462E-2,4.291156747E-2
2.613583447E1,1.665505767E-2,1.532566547E-2,7.925987244E-3,2.398099752E-2
2.614085510E1,1.174014807E-2,1.041942835E-2,1.261138916E-2,2.013560777E-2
2.614588213E1,6.862640381E-3,-2.773416042E-2,3.015518188E-3,2.872930276E-2
2.615090916E1,1.626780629E-2,-3.784716129E-3,3.148460388E-2,3.564050897E-2
2.615593619E1,-2.844899893E-3,-3.828585148E-3,1.223182678E-2,1.312894154E-2
2.616092072E1,1.614126563E-2,5.726039410E-3,1.687812805E-2,2.404577281E-2
2.616594562E1,-1.240962744E-2,1.057028770E-3,-1.651287079E-2,2.068311061E-2
2.617097051E1,-2.647724748E-2,-1.317298412E-2,-1.638031006E-2,3.380660738E-2
2.617600098E1,6.999015808E-3,-3.588080406E-3,2.649402618E-2,2.763682266E-2
2.618102624E1,2.204865217E-3,2.016544342E-2,2.152538300E-2,2.957784056E-2
2.618605150E1,1.639607549E-2,-8.566021919E-3,1.185607910E-2,2.197213314E-2
2.619109603E1,-2.645814419E-2,-1.326608658E-2,2.261161804E-3,2.968392325E-2
2.619612260E1,7.020473480E-3,5.867838860E-3,2.239227295E-3,9.419804650E-3
2.620114916E1,1.167723536E-2,-2.264207602E-2,-7.276535034E-3,2.649470502E-2
2.620615801E1,2.101212740E-3,-1.292604208E-2,-2.470016479E-3,1.332661398E-2
2.621118343E1,-2.646625042E-3,1.565200090E-2,-7.198333740E-3,1.743002481E-2
2.621620885E1,-2.165222168E-2,-3.544151783E-3,2.135944366E-2,3.062034535E-2
2.622124400E1,2.285420895E-3,1.076561213E-2,-1.206111908E-2,1.632764976E-2
2.622627004E1,-2.464354038E-3,-3.433525562E-3,1.177215576E-2,1.250782914E-2
2.623129608E1,-1.667490602E-2,1.379370689E-3,-2.573966980E-3,1.692868749E-2
2.623632213E1,-2.376228571E-3,-1.764398813E-2,-1.204395294E-2,2.149450120E-2
2.624134155E1,-1.658448577E-2,-7.914185524E-3,1.179218292E-2,2.183426387E-2
2.624636723E1,1.675894856E-2,2.547758818E-2,-2.554893494E-3,3.060224399E-2
2.625139291E1,-1.185432076E-2,1.661241055E-3,1.645088196E-2,2.034492959E-2
2.625645411E1,-2.237826586E-3,1.784622669E-3,-2.689361572E-3,3.927519773E-3
2.626148213E1,7.240116596E-3,-2.663117647E-2,2.078056335E-3,2.767593118E-2
2.626651015E1,1.194551587E-2,-2.630710602E-3,6.806373596E-3,1.399795375E-2
2.627148952E1,-2.440094948E-3,-2.156180143E-2,-1.224517822E-2,2.491605374E-2
2.627651426E1,-1.190933585E-2,-1.184111834E-2,4.008769989E-2,4.346341043E-2
2.628153900E1,7.194578648E-3,1.684188843E-2,1.759529114E-3,1.839856273E-2
2.628660864E1,1.194599271E-2,7.298827171E-3,3.497505188E-2,3.767272055E-2
2.629163645E1,-7.130444050E-3,-3.066140413E-2,1.437187195E-3,3.151238555E-2
2.629666426E1,1.668199897E-2,-6.724953651E-3,-2.231311798E-2,2.865989053E-2
2.630165135E1,7.110953331E-3,1.215893030E-2,-7.874488831E-3,1.613731135E-2
2.630667645E1,2.142399549E-2,-2.259552479E-3,-1.730728149E-2,2.763394928E-2
2.631170155E1,-7.125228643E-3,1.198977232E-2,2.556896210E-2,2.912551023E-2
2.631676478E1,2.148765326E-2,-7.114291191E-3,1.110744476E-2,2.521324475E-2
2.632179244E1,-1.176545024E-2,2.276659012E-3,-1.272583008E-2,1.748015294E-2
2.632681905E1,-6.750345230E-3,-2.503752708E-3,6.366729736E-3,9.610992971E-3
2.633184661E1,-2.561655641E-2,2.247452736E-3,-7.933616638E-3,2.691098807E-2
2.633687416E1,-2.064135671E-2,-2.163040638E-2,-1.735782623E-2,3.457215959E-2
2.634193447E1,7.934004068E-3,-2.524316311E-3,-2.670192719E-2,2.796986787E-2
2.634696416E1,7.732123137E-3,-1.207071543E-2,-2.725601196E-3,1.459166889E-2
2.635198405E1,-1.131021976E-2,1.650464535E-2,-2.702713013E-3,2.018982533E-2
2.635701270E1,-1.706242561E-3,-7.440984249E-3,-1.692199707E-2,1.856430702E-2
2.636204135E1,-1.597693563E-2,-1.683855057E-2,2.213478088E-3,2.331734853E-2
2.636706999E1,-1.108321548E-2,2.384722233E-3,-1.205730438E-2,1.655001977E-2
2.637209864E1,-2.047601342E-2,1.189881563E-2,2.285957336E-3,2.379232103E-2
2.637704780E1,3.397613764E-3,2.389848232E-3,2.263069153E-3,4.730394894E-3
2.638207327E1,-2.991056442E-2,-1.178717613E-2,1.648616791E-2,3.612994765E-2
2.638709411E1,-2.025654912E-2,2.644658089E-3,6.851196289E-3,2.154671412E-2
2.639211911E1,1.790776849E-2,1.215845346E-2,-2.169990540E-2,3.064966651E-2
2.639714411E1,8.326917887E-3,-2.206325531E-3,2.121543884E-2,2.289760422E-2
2.640216911E1,8.371084929E-3,-6.900310516E-3,1.153373718E-2,1.583402796E-2
2.640719411E1,3.566205502E-3,2.637857199E-2,-1.230430603E-2,2.932478182E-2
2.641222463E1,-1.069948077E-2,1.669770479E-2,-1.220417023E-2,2.328591860E-2
2.641724984E1,8.396178484E-3,2.242982388E-3,6.895065308E-3,1.109363370E-2
2.642227504E1,-1.055553555E-2,-1.203715801E-2,2.084732056E-3,1.614492526E-2
2.642730025E1,2.752897143E-2,-1.675301790E-2,-1.217460632E-2,3.444893200E-2
2.643235963E1,3.409296274E-3,-2.384066582E-3,-7.316589355E-3,8.416623691E-3
2.643738655E1,7.930487394E-3,-7.077038288E-3,-1.199626923E-2,1.602771277E-2
2.644241348E1,-6.376802921E-3,1.206570864E-2,1.184082031E-2,1.806792645E-2
2.644744041E1,-1.576504111E-2,-2.190530300E-3,6.984710693E-3,1.738163191E-2
2.645256499E1,-6.079912186E-3,-6.829202175E-3,4.015731812E-2,4.118511300E-2
2.645759681E1,1.767459512E-2,2.858757973E-3,-2.191448212E-2,2.829855714E-2
2.646262864E1,-2.045100927E-2,7.719993591E-3,-1.699256897E-2,2.768735238E-2
2.646766046E1,1.296508312E-2,3.148543835E-2,1.638317108E-2,3.778669743E-2
2.647278327E1,-1.087605953E-2,-2.567273378E-2,1.624107361E-2,3.226686230E-2
2.647781963E1,3.362298012E-3,-1.577436924E-3,1.610183716E-2,1.652460332E-2
2.648285598E1,-1.512199640E-3,-1.529097557E-3,-7.772445679E-3,8.064477597E-3
2.648789234E1,-2.517834306E-2,-1.578372717E-2,1.603317261E-2,3.376592404E-2
2.649292692E1,3.482520580E-3,3.371477127E-3,-7.843017578E-3,9.219963793E-3
2.649796317E1,2.239769697E-2,8.025288582E-3,1.122283936E-2,2.630616296E-2
2.650299942E1,3.222197294E-3,-1.608014107E-3,-3.112792969E-3,4.760015214E-3
2.650798124E1,3.200381994E-3,-1.116061211E-2,-3.083229065E-3,1.201282685E-2
2.651301379E1,3.178715706E-3,2.210181952E-2,-3.053665161E-3,2.253707014E-2
2.651804635E1,-1.584011316E-2,1.715308428E-2,-3.026962280E-3,2.354357632E-2
2.652307890E1,-3.464543819E-2,-1.155149937E-2,-7.748603821E-3,3.733342184E-2
2.652811145E1,-1.540639997E-2,1.216191053E-2,1.823425293E-3,1.971279046E-2
2.653291129E1,8.416652679E-3,-2.250611782E-3,-7.681846619E-3,1.161533741E-2
2.653793442E1,-1.252204180E-3,-1.179790497E-2,1.888275146E-3,1.201349907E-2
2.654295754E1,-5.927294493E-3,7.165849209E-3,3.511714935E-2,3.632762576E-2
2.654797015E1,8.375674486E-3,2.607715130E-2,1.585960388E-3,2.743510549E-2
2.655299260E1,-1.292735338E-3,6.950914860E-3,-1.267242432E-2,1.451126184E-2
2.655808171E1,3.468304873E-3,-2.570509911E-3,1.117420197E-2,1.197912557E-2
2.656311083E1,-2.029803395E-2,-2.570450306E-3,1.585006714E-3,2.052144350E-2
2.656808442E1,8.319288492E-3,1.177483797E-2,1.568794250E-3,1.450236138E-2
2.657310801E1,3.195250034E-2,-2.618318796E-2,-3.198623657E-3,4.143371578E-2
2.657811088E1,-1.544594765E-3,1.204985380E-2,6.322860718E-3,1.369537576E-2
2.658313239E1,-6.271481514E-3,-7.017791271E-3,-1.747417450E-2,1.984761067E-2
2.658813843E1,7.983654737E-3,-2.184331417E-3,6.413459778E-3,1.047103209E-2
2.659315832E1,1.731988788E-2,-2.088248730E-3,-1.263427734E-2,2.153982968E-2
2.659818827E1,2.987772226E-3,2.170032263E-2,3.495121002E-2,4.124824684E-2
2.660320916E1,3.020614386E-3,7.250785828E-3,2.516174316E-2,2.635927399E-2
2.660823004E1,1.239871979E-2,-2.597171068E-2,-8.287429810E-3,2.994894824E-2
2.661332135E1,-1.887887716E-3,2.175563574E-2,-1.297187805E-2,2.539963438E-2
2.661834676E1,7.638007402E-3,2.159726620E-2,2.037334442E-2,3.065704205E-2
2.662337218E1,-3.029692173E-2,1.658821106E-2,-2.728271484E-2,4.401611911E-2
2.662837681E1,1.755049825E-2,1.642614603E-2,-3.316879272E-3,2.426602461E-2
2.663340077E1,-6.327748299E-3,1.913905144E-3,-3.177261353E-2,3.245308000E-2
2.663842473E1,-2.051636577E-2,-1.722091436E-2,1.598453522E-2,3.119273188E-2
2.664347650E1,-3.463196754E-2,2.088373899E-2,1.110649109E-2,4.193873955E-2
2.664850234E1,3.600686789E-3,-3.108680248E-3,-1.272201538E-2,1.358228676E-2
2.665350286E1,3.475695848E-3,-3.055453300E-3,-1.736164093E-2,1.796782770E-2
2.665852619E1,1.295176148E-2,1.124292612E-2,-1.247024536E-2,2.120515345E-2
2.666354952E1,-6.138741970E-3,-1.731687784E-2,1.612281799E-2,2.444388822E-2
2.666861051E1,-1.076912880E-2,-7.705152035E-3,-7.755279541E-3,1.534561383E-2
2.667363645E1,-5.967587233E-3,-7.618606091E-3,6.554603577E-3,1.168837389E-2
2.667866239E1,-1.540303230E-2,-7.478594780E-3,1.599121094E-2,2.342864937E-2
2.668368833E1,-5.772143602E-3,-1.213490963E-2,6.359100342E-3,1.486646665E-2
2.668870359E1,-2.006390691E-2,-2.509593964E-3,1.105785370E-2,2.304635656E-2
2.669372895E1,-8.969604969E-4,2.237856388E-3,-1.752471924E-2,1.768978021E-2
2.669875431E1,3.819644451E-3,1.168918610E-2,1.619338989E-3,1.240358876E-2
2.670373192E1,-1.519387960E-2,1.156497002E-2,2.060031891E-2,2.808871033E-2
2.670875411E1,3.990918398E-3,-2.700686455E-3,1.426696777E-3,5.025594560E-3
2.671377629E1,-3.407263756E-2,-2.702772617E-3,-1.282691956E-2,3.650725237E-2
2.671879848E1,-1.478204131E-2,-2.175307274E-2,1.102733612E-2,2.851853890E-2
2.672391536E1,-4.069209099E-4,2.108949423E-2,1.094055176E-2,2.376190279E-2
2.672894228E1,4.703933001E-2,1.608884335E-2,4.409503937E-2,6.645240360E-2
2.673396921E1,8.665770292E-3,-1.271349192E-2,1.999568939E-2,2.523006234E-2
2.673894874E1,8.551985025E-3,1.100808382E-2,8.459091187E-4,1.396531129E-2
2.674397254E1,-1.054874063E-2,-3.358721733E-3,-2.764797211E-2,2.978199627E-2
2.674899859E1,-5.650818348E-3,-1.290386915E-2,5.824089050E-3,1.524341170E-2
2.675402260E1,-8.454024792E-4,1.092177629E-2,-3.720283508E-3,1.156894170E-2
2.675904661E1,-7.767677307E-4,1.080656052E-2,1.055431366E-2,1.512543074E-2
2.676409838E1,-7.602870464E-4,2.013736963E-2,-3.774642944E-3,2.050218577E-2
2.676912421E1,-1.029264927E-2,-8.545279503E-3,2.000331879E-2,2.406435524E-2
2.677415004E1,2.303948998E-2,1.105189323E-3,-8.660316467E-3,2.463819440E-2
2.677914713E1,8.663505316E-3,-3.206402063E-2,1.039791107E-2,3.480336619E-2
2.678417103E1,-1.508605480E-2,-7.976710796E-3,-3.942489624E-3,1.751457076E-2
2.678919494E1,-6.496608257E-4,-7.884025574E-3,-1.341152191E-2,1.557076872E-2
2.679421322E1,-1.962471008E-2,1.595050097E-2,1.044082642E-2,2.735979867E-2
2.679923676E1,1.848876476E-2,1.104408503E-2,5.609512329E-3,2.225472680E-2
2.680426030E1,4.102826118E-3,-3.369867802E-3,8.182525635E-4,5.372032057E-3
2.680928254E1,4.082292318E-3,-3.660577536E-2,1.030921936E-2,3.824824053E-2
2.681430598E1,-5.386620760E-3,-1.257997751E-2,-1.826953888E-2,2.282646640E-2
2.681932942E1,-1.962846518E-2,1.697242260E-3,1.512908936E-2,2.484042313E-2
2.682435286E1,2.333694696E-2,1.595652103E-2,3.399181366E-2,4.421161672E-2
2.682941582E1,-5.374252796E-4,2.529948950E-2,1.946163177E-2,3.192347265E-2
2.683444124E1,-5.258023739E-4,6.076574326E-3,-4.442214966E-3,7.545495177E-3
2.683949385E1,-1.000478864E-2,-1.304292679E-2,-4.401206970E-3,1.701717831E-2
2.684452192E1,-5.159348249E-3,5.985558033E-3,-1.860618591E-2,2.021474545E-2
2.684954530E1,9.242683649E-3,1.219272614E-3,5.350112915E-4,9.338097441E-3
2.685457291E1,-1.921179891E-2,1.079028845E-2,-8.976936340E-3,2.379304369E-2
2.685960051E1,-1.434490085E-2,1.553338766E-2,-4.156112671E-3,2.154844739E-2
2.686460046E1,-3.795796633E-2,5.991399288E-3,-1.362419128E-2,4.077159135E-2
2.686962619E1,-1.399275661E-2,2.022045851E-2,-1.350784302E-2,2.805576594E-2
2.687465192E1,-9.166479111E-3,1.140952110E-3,8.468627930E-4,9.275952113E-3
2.687971973E1,5.112797022E-3,1.066285372E-2,-3.909111023E-3,1.245464940E-2
2.688474822E1,-1.401472092E-2,1.060587168E-2,-2.286815643E-2,2.884180118E-2
2.688977671E1,9.853690863E-3,2.004909515E-2,2.480411530E-2,3.338121591E-2
2.689475744E1,9.729176760E-3,1.516807079E-2,-1.339054108E-2,2.245069804E-2
2.689978270E1,1.129508018E-5,2.456867695E-2,1.996517181E-2,3.165798636E-2
2.690480796E1,-8.037686348E-5,-8.946299553E-3,-8.683204651E-3,1.246758915E-2
2.690980301E1,-1.676678658E-4,6.039738655E-4,-2.285099030E-2,2.285958561E-2
2.691482624E1,1.878750324E-2,1.482564211E-2,-1.316070557E-2,2.731252667E-2
2.691985098E1,9.090363979E-3,-4.256367683E-3,1.543998718E-2,1.841587867E-2
2.692487437E1,4.325747490E-3,1.000857353E-2,-3.684997559E-3,1.150925030E-2
2.692989775E1,-9.896278381E-3,5.109071732E-3,-2.264690399E-2,2.523729780E-2
2.693495275E1,-3.057122231E-4,9.744465351E-3,-3.460884094E-3,1.034532666E-2
2.693997827E1,9.198248386E-3,-1.404082775E-2,1.081085205E-2,1.996564898E-2
2.694500379E1,9.129226208E-3,9.802877903E-3,-3.201484680E-2,3.470431676E-2
2.695002931E1,-5.236417055E-3,-9.288489819E-3,-8.002281189E-3,1.333163947E-2
2.695505484E1,-4.851520061E-4,-1.392614841E-2,1.580715179E-2,2.107223363E-2
2.696005489E1,4.226714373E-3,-2.332520485E-2,4.891777039E-2,5.435879464E-2
2.696507937E1,-5.291432142E-3,-2.309978008E-2,-3.726005554E-3,2.398921031E-2
2.697010385E1,2.794799209E-2,-3.877282143E-3,2.004718781E-2,3.461232898E-2
2.697516958E1,8.676737547E-3,5.636215210E-3,-1.335620880E-2,1.689499955E-2
2.698019692E1,2.755764127E-2,9.775757790E-4,2.473640442E-2,3.704414866E-2
2.698519260E1,2.253916860E-2,-3.694415092E-3,7.839202881E-4,2.285338826E-2
2.699021681E1,-6.176859140E-3,-8.226275444E-3,2.451038361E-2,2.658164970E-2
2.699524103E1,8.079797029E-3,-1.282131672E-2,-4.188537598E-3,1.572301274E-2
2.700026525E1,3.168910742E-3,-1.742732525E-2,-1.839637756E-2,2.553782230E-2
2.700536353E1,-1.115012169E-2,1.698136330E-3,5.502700806E-3,1.254944608E-2
2.701039145E1,1.264229417E-2,-3.626859188E-2,2.445125580E-2,4.553133283E-2
2.701541937E1,-1.702785492E-3,-2.643156052E-2,5.250930786E-3,2.700183594E-2
2.702040358E1,-1.122447848E-2,2.312004566E-3,2.894973755E-2,3.113553575E-2
2.702542858E1,7.927566767E-3,-1.677215099E-2,9.715080261E-3,2.094120694E-2
2.703045358E1,-1.573920250E-3,-2.507209778E-3,1.420974731E-4,2.963699970E-3
2.703547859E1,7.998049259E-3,-1.205205917E-2,4.890441895E-3,1.526883572E-2
2.704048536E1,1.269358397E-2,1.171964407E-2,9.601593018E-3,1.976531607E-2
2.704550942E1,2.679559588E-2,-2.798497677E-3,-3.795051575E-2,4.654113442E-2
2.705056067E1,2.837747335E-3,1.958131790E-3,-1.389122009E-2,1.431268967E-2
2.705558749E1,-3.981086612E-2,1.978218555E-3,4.625320435E-4,3.986266857E-2
2.706061697E1,-1.561823487E-2,-2.859055996E-3,9.954452515E-3,1.874018641E-2
2.706564405E1,3.201207519E-2,-1.235288382E-2,5.124092102E-3,3.469327047E-2
2.707069275E1,-1.097887754E-2,1.617068052E-2,1.933097839E-2,2.749024166E-2
2.707572176E1,-1.092985272E-2,2.082026005E-2,-4.572868347E-3,2.395529240E-2
2.708075077E1,-1.088100672E-2,1.791834831E-3,-4.541397095E-3,1.192607508E-2
2.708577978E1,3.464907408E-3,1.141285896E-2,2.397823334E-2,2.678086270E-2
2.709078077E1,3.503859043E-3,-1.229166985E-2,-4.723548889E-3,1.362622801E-2
2.709580832E1,3.197905421E-2,-2.659618855E-3,-4.687309265E-3,3.242999150E-2
2.710083588E1,-6.416857243E-3,-1.210200787E-2,2.384757996E-2,2.750166760E-2
2.710584713E1,1.739290357E-2,-2.575039864E-3,-1.433563232E-2,2.268599301E-2
2.711087353E1,2.211391926E-2,-2.624869347E-3,1.427364349E-2,2.645094068E-2
2.711589916E1,7.594972849E-3,1.637125015E-2,-4.833221436E-3,1.868318692E-2
2.712092546E1,-2.584853768E-2,-7.527589798E-3,4.712104797E-3,2.733158320E-2
2.712595265E1,2.875626087E-3,-2.790689468E-3,9.425163269E-3,1.024162466E-2
2.713097905E1,-6.679147482E-3,-2.893567085E-3,4.607200623E-3,8.614524893E-3
2.713600494E1,-6.657153368E-3,-7.640779018E-3,4.571914673E-3,1.111762559E-2
2.714103129E1,7.710427046E-3,-7.597446442E-3,-1.446247101E-2,1.806474316E-2
2.714605577E1,-6.526142359E-3,-2.862751484E-3,-1.908969879E-2,2.037651786E-2
2.715108192E1,-2.059879899E-2,6.585955620E-3,-1.418304443E-2,2.586202004E-2
2.715610806E1,3.378987312E-3,1.816391945E-3,-9.322166443E-3,1.008065584E-2
2.716113421E1,-1.379191875E-3,1.137876511E-2,1.924037933E-2,2.239577332E-2
2.716612609E1,-6.200522184E-3,-2.192687988E-2,8.773803711E-5,2.278688734E-2
2.717115051E1,-1.083368063E-2,-2.767980099E-3,-1.416015625E-2,1.804273745E-2
2.717617494E1,-6.082981825E-3,-7.513701916E-3,-2.353382111E-2,2.544207382E-2
2.718120739E1,3.331214190E-3,2.124190331E-3,1.465225220E-2,1.517556150E-2
2.718623239E1,-3.002092242E-2,2.135515213E-3,-1.870727539E-2,3.543696320E-2
2.719125739E1,3.435552120E-3,-2.159565687E-2,-1.855182648E-2,2.867657022E-2
2.719628239E1,-1.087501645E-2,2.410113811E-3,-1.365280151E-2,1.762026165E-2
2.720130900E1,3.479689360E-3,-2.380967140E-3,-4.040718079E-3,5.839918249E-3
2.720633405E1,3.665381670E-2,2.610981464E-2,-4.004478455E-3,4.518031150E-2
2.721135911E1,-6.375908852E-3,6.880819798E-3,2.452087402E-2,2.625397413E-2
2.721639155E1,-6.255537271E-3,-4.057794809E-2,-4.217052460E-2,5.885622111E-2
2.722141708E1,8.112519979E-3,2.474188805E-3,9.155273438E-4,8.530696395E-3
2.722643796E1,-1.098519564E-2,2.433717251E-3,1.040744781E-2,1.532685463E-2
2.723146301E1,-2.042344213E-2,-7.054269314E-3,-1.342201233E-2,2.543678672E-2
2.723648806E1,1.290506124E-2,1.202535629E-2,-2.280521393E-2,2.883101771E-2
2.724154916E1,3.181064129E-2,7.206261158E-3,-3.686332703E-2,4.922145852E-2
2.724657666E1,2.686786652E-2,1.192414761E-2,6.175041199E-3,3.003662233E-2
2.725160416E1,-1.612499356E-2,-7.139682770E-3,1.087188721E-2,2.071686315E-2
2.725666702E1,1.241230965E-2,-1.654487848E-2,2.027988434E-2,2.896674203E-2
2.726169692E1,2.724558115E-3,2.670764923E-3,1.061248779E-2,1.127745979E-2
2.726672681E1,-1.633089781E-2,2.683103085E-3,-2.271556854E-2,2.810505861E-2
2.727175671E1,7.512301207E-3,-1.635283232E-2,2.021312714E-2,2.706326482E-2
2.727673103E1,-6.776332855E-3,-1.149004698E-2,-3.693771362E-2,3.927256745E-2
2.728175812E1,2.748429775E-3,-1.611590385E-2,1.085472107E-2,1.962399533E-2
2.728678447E1,7.438987494E-3,1.728975773E-2,-8.229255676E-3,2.054251460E-2
2.729181145E1,-6.906598806E-3,-1.136267185E-2,-8.157730103E-3,1.559999933E-2
2.729683536E1,2.160722017E-2,-6.591141224E-3,-1.283168793E-2,2.598013320E-2
2.730186202E1,-2.139228582E-2,7.686614990E-3,1.526832581E-3,2.278256264E-2
2.730688869E1,2.154308558E-2,-3.033643961E-2,-2.223110199E-2,4.334311941E-2
2.731191536E1,-2.309620380E-3,-1.116168499E-2,-7.799148560E-3,1.381102011E-2
2.731694228E1,2.622160316E-2,-1.542985439E-3,1.125717163E-2,2.857756444E-2
2.732196895E1,-2.473056316E-3,-6.348431110E-3,1.669883728E-3,7.014777029E-3
2.732698989E1,-1.667973399E-2,1.267772913E-2,1.655578613E-3,2.101616717E-2
2.733201598E1,-1.177373528E-2,-1.642584801E-3,1.113605499E-2,1.628897321E-2
2.733704208E1,4.057329893E-2,7.849514484E-3,-1.744747162E-2,4.485779453E-2
2.734207390E1,-1.672458649E-2,3.011882305E-3,1.691818237E-3,1.707763090E-2
2.734710036E1,1.186999679E-2,7.768273354E-3,-1.256752014E-2,1.895218872E-2
2.735212681E1,-2.458304167E-3,-1.760601997E-3,4.451656342E-2,4.461913712E-2
2.735717494E1,-1.196712255E-2,1.722639799E-2,1.090908051E-2,2.364252202E-2
2.736220286E1,-7.147550583E-3,-2.567780018E-2,6.072044373E-3,2.733690956E-2
2.736723077E1,7.171034813E-3,7.810652256E-3,1.270294189E-3,1.067912339E-2
2.737225869E1,2.379775047E-3,3.081202507E-3,1.254081726E-3,4.090215048E-3
2.737725208E1,2.325683832E-3,3.190219402E-3,-2.250576019E-2,2.284941021E-2
2.738227822E1,-2.421498299E-3,-1.574909687E-2,-8.078575134E-3,1.786507997E-2
2.738730780E1,1.651334763E-2,8.203268051E-3,-1.750946045E-2,2.542765152E-2
2.739233426E1,-7.394075394E-3,3.464937210E-3,1.587200165E-2,1.784932988E-2
2.739735765E1,2.123469114E-2,1.775991917E-2,-3.262519836E-3,2.787419725E-2
2.740238379E1,-2.611547709E-3,1.769268513E-2,-1.274108887E-2,2.195874846E-2
2.740741036E1,-1.676514745E-2,-1.096594334E-2,3.009986877E-2,3.615693823E-2
2.741243655E1,1.183900237E-2,8.145689964E-3,-2.238464355E-2,2.660049829E-2
2.741746046E1,2.115929127E-2,-6.193280220E-3,1.104736328E-2,2.466001951E-2
2.742248640E1,1.615330577E-2,1.277744770E-2,-8.029937744E-3,2.210593489E-2
2.742751234E1,-1.725015044E-2,3.098905087E-3,-2.695178986E-2,3.214918163E-2
2.743253911E1,-2.783447504E-3,1.734417677E-2,1.125526428E-2,2.086262260E-2
2.743756510E1,2.580499649E-2,-6.566584110E-3,-3.086090088E-3,2.680563043E-2
2.744259108E1,-3.606280684E-2,3.010332584E-3,-2.206039429E-2,4.238217946E-2
2.744761786E1,-2.499938011E-3,-2.552992105E-2,-7.631301880E-3,2.676309637E-2
2.745264390E1,2.292305231E-3,-1.584458351E-2,1.929283142E-3,1.612537204E-2
2.745766994E1,2.299427986E-3,-6.242692471E-3,-1.233196259E-2,1.401199056E-2
2.746269598E1,-7.245361805E-3,8.081734180E-3,-7.480621338E-3,1.318216184E-2
2.746768624E1,7.038533688E-3,-1.565539837E-2,2.106857300E-2,2.717567336E-2
2.747271051E1,-7.181078196E-3,-2.500313520E-2,-1.235198975E-2,2.879750518E-2
2.747773478E1,-1.184335351E-2,1.321679354E-2,-7.503509521E-3,1.926788283E-2
2.748275905E1,1.677280664E-2,-5.915641785E-3,-7.439613342E-3,1.927873718E-2
2.748778989E1,-3.092244267E-2,-1.048088074E-3,-1.212692261E-2,3.323188531E-2
2.749281447E1,2.494663000E-3,-1.520782709E-2,-7.278442383E-3,1.704338792E-2
2.749783905E1,-7.051557302E-3,-1.510769129E-2,7.030487061E-3,1.809404722E-2
2.750290551E1,-2.321809530E-3,1.342737675E-2,2.122592926E-2,2.522350727E-2
2.750793291E1,2.466052771E-3,3.742098808E-3,-7.437705994E-3,8.683558614E-3
2.751296030E1,-1.178002357E-2,-2.010822296E-2,1.162242889E-2,2.604208977E-2
2.751798046E1,7.332086563E-3,-2.476590872E-2,-1.696205139E-2,3.090017662E-2
2.752300739E1,7.345855236E-3,-1.039373875E-2,-1.207160950E-2,1.754181148E-2
2.752803431E1,7.204413414E-3,3.806769848E-3,-4.994678497E-2,5.060707854E-2
2.753305900E1,2.415746450E-3,8.446037769E-3,-1.153850555E-2,1.450201694E-2
2.753808577E1,7.218867540E-3,8.398830891E-3,-6.698608398E-3,1.294309713E-2
2.754311166E1,2.484917641E-3,1.304864883E-2,-6.644248962E-3,1.485220847E-2
2.754813832E1,2.487212420E-3,-1.088303328E-2,2.665424347E-2,2.889767004E-2
2.755315572E1,-2.605968714E-2,3.429412842E-3,-2.105045319E-2,3.367476422E-2
2.755818145E1,2.719789743E-3,-1.081931591E-2,-2.087974548E-2,2.367316254E-2
2.756320718E1,-2.111950517E-2,1.783126593E-2,-6.461143494E-3,2.838545258E-2
2.756824390E1,-1.981765032E-3,8.262872696E-3,7.835388184E-3,1.155836346E-2
2.757327036E1,-6.691098213E-3,-1.228511333E-3,-6.481170654E-3,9.396042169E-3
2.757829681E1,2.887457609E-3,1.304757595E-2,7.815361023E-3,1.548084357E-2
2.758331989E1,7.634341717E-3,-6.083905697E-3,3.149318695E-2,3.297147110E-2
2.758834608E1,-1.155593991E-2,-1.210033894E-3,-1.150417328E-2,1.635083888E-2
2.759337051E1,-2.563112974E-2,-5.822122097E-3,1.232242584E-2,2.902919386E-2
2.759839655E1,-1.114332676E-2,-2.469789982E-2,-2.031326294E-3,2.717142383E-2
2.760342598E1,7.862329483E-3,-1.492023468E-2,3.122425079E-2,3.548779319E-2
2.760845234E1,3.122180700E-3,-1.002424955E-2,-7.028579712E-3,1.263465568E-2
2.761347635E1,-6.372272968E-3,1.376831532E-2,-1.171779633E-2,1.916974492E-2
2.761850249E1,7.899880409E-3,-1.481658220E-2,-1.636886597E-2,2.344949875E-2
2.762352864E1,1.266267896E-2,-1.467478275E-2,-6.740570068E-3,2.052140278E-2
2.762855478E1,7.937192917E-3,-1.458328962E-2,1.230525970E-2,2.066617488E-2
2.763357760E1,-2.534660697E-2,2.349799871E-2,-2.578449249E-2,4.312129963E-2
2.763860353E1,1.756796241E-2,1.377958059E-2,-6.572723389E-3,2.327468232E-2
2.764362947E1,-1.109942794E-2,2.793383598E-2,-1.601505280E-2,3.405845577E-2
2.764865556E1,3.266632557E-3,1.347416639E-2,3.109931946E-3,1.420900155E-2
2.765368150E1,1.750314236E-2,8.587837219E-3,-1.590919495E-2,2.516373232E-2
2.765870744E1,3.081470728E-3,1.803696156E-2,-2.052497864E-2,2.749731245E-2
2.766370593E1,1.262527704E-2,-1.058071852E-2,1.288032532E-2,2.091057161E-2
2.766873010E1,1.259282231E-2,-9.718537331E-4,8.019447327E-3,1.496112325E-2
2.767375426E1,1.250883937E-2,-8.884668350E-4,3.198623657E-3,1.294185570E-2
2.767881551E1,-1.132342219E-2,-8.522272110E-4,3.169059753E-3,1.178936475E-2
2.768384213E1,2.985447645E-3,-2.456408739E-2,-6.354331970E-3,2.554769700E-2
2.768886874E1,-1.606455445E-2,-5.419254303E-4,-2.054977417E-2,2.608940036E-2
2.769389181E1,-6.461709738E-3,4.231750965E-3,-1.088142395E-2,1.334416712E-2
2.769891822E1,3.160354495E-2,-5.314350128E-4,3.452301025E-3,3.179598810E-2
2.770394463E1,-1.879185438E-3,-5.200982094E-3,3.417968750E-3,6.501081681E-3
2.770893853E1,-1.614379883E-2,1.391279697E-2,1.763248444E-2,2.766030852E-2
2.771396275E1,-6.592601538E-3,-2.417111397E-2,7.991790771E-3,2.629779202E-2
2.771898697E1,-6.459951401E-3,9.183645248E-3,-1.569747925E-3,1.133730218E-2
2.772401260E1,3.113478422E-3,2.332043648E-2,-1.555442810E-3,2.357871726E-2
2.772903692E1,3.109961748E-3,-5.397260189E-3,1.270389557E-2,1.414889544E-2
2.773406614E1,7.854849100E-3,8.757114410E-3,-1.640319824E-3,1.187755683E-2
2.773909093E1,3.114640713E-3,-1.519453526E-2,-1.111888885E-2,1.908414467E-2
2.774411874E1,3.162294626E-3,-5.655765533E-3,-1.527786255E-3,6.657471135E-3
2.774914385E1,-1.109111309E-2,-8.392930031E-4,3.232002258E-3,1.158287706E-2
2.775416895E1,-2.052584291E-2,-5.665957928E-3,7.960319519E-3,2.273279554E-2
2.775918968E1,3.357350826E-3,1.318675280E-2,3.158569336E-3,1.396920950E-2
2.776421447E1,-1.094672084E-2,-1.080280542E-2,-2.534866333E-2,2.964938507E-2
2.776923926E1,-1.563799381E-2,-5.944132805E-3,-1.089191437E-2,1.996279950E-2
2.777426405E1,-1.074171066E-2,2.736496925E-2,-1.080322266E-2,3.131989001E-2
2.777933619E1,3.662884235E-3,-6.134450436E-3,-1.546287537E-2,1.703375231E-2
2.778436338E1,-1.544791460E-2,-1.418292522E-3,-2.007293701E-2,2.536872917E-2
2.778939056E1,-1.053541899E-3,1.765662432E-2,3.830909729E-3,1.809812703E-2
2.779441775E1,1.332405210E-2,-1.467108727E-3,-1.520252228E-2,2.026818827E-2
2.779940473E1,-1.526162028E-2,3.313362598E-3,2.765846252E-2,3.176296546E-2
2.780442989E1,-5.724430084E-3,-6.139636040E-3,-2.480506897E-2,2.618693715E-2
2.780945739E1,3.736257553E-3,-1.076787710E-2,-8.554458618E-4,1.142972377E-2
2.781448275E1,-2.013120055E-2,8.444190025E-3,1.339340210E-2,2.561157552E-2
2.781950812E1,8.540183306E-3,-2.484309673E-2,-5.714416504E-3,2.688435869E-2
2.782453723E1,2.758535743E-2,-8.760094643E-4,-5.673408508E-3,2.817635358E-2
2.782956286E1,-5.920082331E-3,-1.509398222E-2,-8.764266968E-4,1.623711174E-2
2.783458848E1,1.303854585E-2,-7.048845291E-4,8.630752563E-3,1.565217013E-2
2.783961077E1,8.199900389E-3,-7.327198982E-4,2.280521393E-2,2.424568059E-2
2.784463619E1,3.349781036E-3,-1.500564814E-2,-2.486610413E-2,2.923548603E-2
2.784966161E1,-6.263434887E-3,8.830904961E-3,3.232955933E-2,3.409422099E-2
2.785470135E1,8.049219847E-3,8.674681187E-3,3.574371338E-3,1.236188353E-2
2.785972770E1,8.048653603E-3,3.823339939E-3,-5.953788757E-3,1.071663910E-2
2.786475405E1,-1.579785347E-2,3.709375858E-3,-1.149177551E-3,1.626813611E-2
2.786980379E1,-1.402676105E-3,-1.075571775E-2,-2.961921692E-2,3.154284349E-2
2.787483171E1,-1.086691022E-2,-5.952656269E-3,-8.802413940E-4,1.242170195E-2
2.787985291E1,1.298069954E-2,8.312642574E-3,2.761936188E-2,3.162953900E-2
2.788488015E1,1.763877273E-2,3.411114216E-3,1.314830780E-2,2.226297378E-2
2.788990739E1,-1.573002338E-2,-6.197869778E-3,3.546714783E-3,1.727502276E-2
2.789492874E1,1.285809278E-2,1.281613111E-2,-1.227378845E-3,1.819588485E-2
2.789995556E1,-6.231844425E-3,-1.575636864E-2,1.777458191E-2,2.455676688E-2
2.790498562E1,-1.471906900E-3,-2.034801245E-2,-2.036190033E-2,2.882386347E-2
2.791001275E1,-1.438736916E-3,-1.166284084E-3,-1.544570923E-2,1.555635292E-2
2.791503989E1,-1.566106081E-2,-1.057589054E-2,-1.057434082E-2,2.165490638E-2
2.792006702E1,1.287797093E-2,-9.720921516E-4,-1.523208618E-2,1.997006630E-2
2.792505291E1,-2.524465322E-2,-1.994174719E-2,-1.035690308E-2,3.379691167E-2
2.793007796E1,8.171260357E-3,8.788645267E-3,3.721141815E-2,3.909858594E-2
2.793510301E1,2.701157331E-2,-5.559921265E-3,8.416175842E-3,2.883348458E-2
2.794014989E1,1.250380278E-2,3.719562292E-2,-1.147270203E-3,3.925781040E-2
2.794517640E1,-2.562540770E-2,1.791644096E-2,-2.488040924E-2,3.995866790E-2
2.795021562E1,-1.120015979E-2,-1.307904720E-3,-9.241104126E-4,1.131406974E-2
2.795524343E1,2.220243216E-2,-1.087462902E-2,-5.662918091E-3,2.536285061E-2
2.796027124E1,-1.120719314E-2,1.762914658E-2,8.633613586E-3,2.260370037E-2
2.796529504E1,-1.579564810E-2,7.804453373E-3,-5.675315857E-3,1.851002975E-2
2.797032260E1,2.703264356E-2,-1.607781649E-2,-3.411197662E-2,4.639921281E-2
2.797535015E1,-6.420075893E-3,-1.591491699E-2,8.906364441E-3,1.933456193E-2
2.798037405E1,-1.579985023E-2,-1.110786200E-2,-6.628036499E-4,1.932509182E-2
2.798540135E1,-2.515298128E-2,3.156363964E-3,-6.532669067E-4,2.535866437E-2
2.799042588E1,-5.988717079E-3,1.260530949E-2,1.360034943E-2,1.948661243E-2
2.799545291E1,1.781606674E-2,2.197587490E-2,-5.505561829E-3,2.882121654E-2
2.800047994E1,-6.114065647E-3,2.777695656E-3,-1.020526886E-2,1.221658317E-2
2.800550697E1,-1.350432634E-3,2.182877064E-2,1.836776733E-2,2.856035316E-2
2.801049890E1,8.122354746E-3,-6.763994694E-3,-1.977634430E-2,2.242382806E-2
2.801552416E1,8.067518473E-3,1.236987114E-2,-1.961708069E-2,2.455460081E-2
2.802055108E1,1.276823878E-2,-2.089381218E-2,-9.962081909E-3,2.643524891E-2
2.802557650E1,1.727485657E-2,7.798731327E-3,-1.937103271E-2,2.710125068E-2
2.803060192E1,-1.843392849E-3,7.813215256E-3,-2.212524414E-4,8.030777202E-3
2.803562681E1,-1.605048776E-2,1.252233982E-2,-2.222061157E-4,2.035869660E-2
2.804065218E1,-6.451427937E-3,-1.850664616E-3,9.279251099E-3,1.145209077E-2
2.804567754E1,3.064543009E-3,1.238989830E-2,9.204864502E-3,1.573628083E-2
2.805070291E1,-1.795798540E-3,-2.551472187E-2,-9.873390198E-3,2.741732588E-2
2.805572827E1,2.933204174E-3,3.661525249E-2,1.394081116E-2,3.928901396E-2
2.806079093E1,1.242974401E-2,2.684044838E-2,-1.466941833E-2,3.301666306E-2
2.806581780E1,-1.630234718E-2,-1.945137978E-3,-3.353023529E-2,3.733398939E-2
2.807083984E1,-1.619720459E-2,1.229500771E-2,1.898574829E-2,2.782041138E-2
2.807586619E1,7.701396942E-3,-1.919269562E-3,1.406955719E-2,1.615387105E-2
2.808089562E1,-1.841723919E-3,-1.611572504E-2,1.869773865E-2,2.475305983E-2
2.808592228E1,2.188268304E-2,-6.451189518E-3,9.044647217E-3,2.454129798E-2
2.809094744E1,1.212167740E-2,2.212435007E-2,-5.274772644E-3,2.577295395E-2
2.809597395E1,2.542316914E-3,1.727658510E-2,-9.985923767E-3,2.011622334E-2
2.810100046E1,1.688882709E-2,-1.142823696E-2,1.858615875E-2,2.759134606E-2
2.810602697E1,-7.027029991E-3,1.239126921E-2,-1.005649567E-2,1.743719611E-2
2.811105004E1,1.204481721E-2,7.417976856E-3,2.327346802E-2,2.723524033E-2
2.811607640E1,-1.172685623E-2,2.537727356E-3,-2.915287018E-2,3.152537164E-2
2.812110275E1,-6.809175014E-3,-2.301871777E-3,1.382732391E-2,1.558391365E-2
2.812609760E1,1.226142049E-2,1.664167643E-2,4.219055176E-3,2.109711481E-2
2.813112187E1,-2.105683088E-2,2.236485481E-3,-5.645751953E-4,2.118279347E-2
2.813614885E1,2.187234163E-2,1.164704561E-2,4.192352295E-3,2.513222668E-2
2.814117338E1,-2.598088980E-2,-7.359445095E-3,4.160881042E-3,2.732180444E-2
2.814619791E1,-2.101093531E-3,-2.416074276E-3,-1.012420654E-2,1.061845408E-2
2.815122244E1,1.693147421E-2,2.137911320E-2,1.369953156E-2,3.051914915E-2
2.815628723E1,-2.292782068E-3,-2.451717854E-3,8.835792542E-3,9.451931013E-3
2.816131379E1,2.341330051E-3,-1.659286022E-2,-7.343292236E-4,1.677331441E-2
2.816634036E1,-7.195323706E-3,-2.029657364E-3,-5.487442017E-3,9.273845596E-3
2.817136692E1,-1.190707088E-2,1.236283779E-2,-2.444267273E-2,2.986741276E-2
2.817635609E1,-2.343237400E-3,3.608745337E-2,1.374530792E-2,3.868757607E-2
2.818138077E1,-2.304404974E-3,1.687818766E-2,8.875846863E-3,1.920843977E-2
2.818640681E1,2.431154251E-3,-1.636499166E-2,8.794784546E-3,1.873690739E-2
2.819143166E1,2.142468095E-2,2.746999264E-3,3.721237183E-2,4.302700984E-2
2.819645989E1,1.641106606E-2,2.645045519E-2,-1.532554626E-2,3.469613865E-2
2.820148504E1,-2.751022577E-3,2.615940571E-2,-1.519203186E-2,3.037565578E-2
2.820651046E1,1.154121757E-2,1.642262936E-2,-5.568504333E-3,2.083052324E-2
2.821153567E1,2.102428675E-2,-2.735376358E-3,1.346969604E-2,2.511843205E-2
2.821656088E1,2.557021379E-2,1.620727777E-2,-5.630493164E-3,3.079308591E-2
2.822158968E1,-3.159695864E-2,-2.194112539E-2,-2.457714081E-2,4.564884039E-2
2.822661510E1,6.627500057E-3,-1.698118448E-2,-6.303787231E-4,1.823956581E-2
2.823164051E1,-2.189368010E-2,2.130866051E-3,1.836872101E-2,2.865804825E-2
2.823666593E1,1.159876585E-2,-2.705752850E-3,1.821613312E-2,2.176419016E-2
2.824172702E1,-3.606119752E-2,-1.700502634E-2,-5.669593811E-3,4.027064913E-2
2.824675426E1,6.898283958E-3,-7.442414761E-3,-1.985931396E-2,2.230175352E-2
2.825178150E1,1.177045703E-2,1.633739471E-2,-5.455970764E-3,2.086196879E-2
2.825680874E1,2.130231261E-2,-1.221388578E-2,-1.966762543E-2,3.146081719E-2
2.826183598E1,-2.153983712E-2,-7.332146168E-3,-5.149841309E-4,2.275939717E-2
2.826684478E1,-2.239793539E-3,-7.345557213E-3,2.322959900E-2,2.446606130E-2
2.827187129E1,-1.163610816E-2,6.932675838E-3,2.303409576E-2,2.672135055E-2
2.827690645E1,-2.063274384E-3,6.949543953E-3,1.809024811E-2,1.948872338E-2
2.828193385E1,-1.626408100E-2,1.641374826E-2,1.793670654E-2,2.925161371E-2
2.828695796E1,1.713863015E-2,-7.544100285E-3,2.728843689E-2,3.309539062E-2
2.829198499E1,1.697522402E-2,-1.700800657E-2,3.181266785E-2,3.986823740E-2
2.829701202E1,7.212907076E-3,-2.599179745E-3,-6.435394287E-3,1.000979837E-2
2.830204129E1,-2.146202326E-2,-1.210480928E-2,-1.626014709E-3,2.469390155E-2
2.830706848E1,1.673620939E-2,-3.108012676E-2,-1.585388184E-2,3.869651862E-2
2.831209390E1,7.176339626E-3,2.613514662E-2,-6.226539612E-3,2.780855147E-2
2.831712088E1,-7.100731134E-3,-1.215064526E-2,1.282310486E-2,1.903918541E-2
2.832214786E1,7.283866405E-3,2.064228058E-3,-1.576995850E-2,1.749306543E-2
2.832717484E1,2.506136894E-3,2.100992203E-2,-1.089000702E-2,2.379684430E-2
2.833219197E1,-2.177000046E-3,1.610434055E-2,-6.056785583E-3,1.734283038E-2
2.833721848E1,2.617835999E-3,1.604485512E-2,-6.011962891E-3,1.733303605E-2
2.834224890E1,2.624124289E-3,-7.860004902E-3,-1.213073730E-3,8.374798697E-3
2.834727577E1,-1.646387577E-2,1.121997833E-2,1.304435730E-2,2.381391141E-2
2.835230265E1,1.209530234E-2,-2.997577190E-3,1.293182373E-2,1.795867124E-2
2.835732952E1,2.141907811E-2,6.545066833E-3,-1.566505432E-2,2.733146052E-2
2.836238791E1,-2.578139305E-3,6.513953209E-3,-1.287460327E-3,7.122916733E-3
2.836741635E1,6.916075945E-3,-1.240760088E-2,1.296234131E-2,1.923026152E-2
2.837243692E1,-2.559661865E-3,3.055894375E-2,-2.039623260E-2,3.682943410E-2
2.837746452E1,-2.566158772E-3,-2.185142040E-2,3.200340271E-2,3.883667763E-2
2.838249213E1,-1.697015762E-2,2.109074593E-2,3.252983093E-3,2.726513731E-2
2.838751973E1,6.736963987E-3,-2.703011036E-3,4.596328735E-2,4.653296398E-2
2.839254734E1,-7.589727640E-3,-7.405340672E-3,2.183818817E-2,2.427652155E-2
2.839753317E1,-2.854257822E-3,-1.211988926E-2,2.667427063E-3,1.273395738E-2
2.840255905E1,-2.804070711E-3,1.154059172E-2,-2.093315125E-3,1.205943771E-2
2.840758494E1,1.143616438E-2,6.567120552E-3,3.592109680E-2,3.826536454E-2
2.841257978E1,-7.630228996E-3,-3.160351515E-2,-1.660537720E-2,3.650672700E-2
2.841760359E1,1.908153296E-3,1.868903637E-3,-2.121257782E-2,2.138006800E-2
2.842264473E1,-1.232695580E-2,-1.242017746E-2,-1.153850555E-2,2.096071940E-2
2.842767030E1,-7.346123457E-3,6.597757339E-3,-6.694793701E-3,1.192963514E-2
2.843269588E1,7.090210915E-3,1.116007566E-2,7.608413696E-3,1.525471529E-2
2.843772145E1,-2.487987280E-3,2.053374052E-2,-2.094268799E-2,2.943502609E-2
2.844277588E1,-1.198321581E-2,-8.161306381E-3,1.247406006E-2,1.912607010E-2
2.844780286E1,2.288430929E-3,1.425147057E-3,-1.873016357E-3,3.282704758E-3
2.845282984E1,2.195686102E-3,2.032530308E-2,-6.597518921E-3,2.148176526E-2
2.845785858E1,1.644942164E-2,1.082599163E-3,-1.603603363E-2,2.299804052E-2
2.846288567E1,-7.406771183E-3,-8.448421955E-3,7.840156555E-3,1.370051633E-2
2.846789619E1,6.933569908E-3,-3.558874130E-3,-6.476402283E-3,1.013329972E-2
2.847292155E1,-2.746134996E-3,1.553821564E-2,-2.541446686E-2,2.991442007E-2
2.847795280E1,6.852507591E-3,1.078808308E-2,1.277256012E-2,1.806869914E-2
2.848297879E1,-1.217144728E-2,1.077425480E-2,-6.333351135E-3,1.744534413E-2
2.848800478E1,2.099454403E-3,1.556086540E-2,-6.285667419E-3,1.691324498E-2
2.849302968E1,6.702929735E-3,2.025592327E-2,3.265380859E-3,2.158458725E-2
2.849805556E1,-7.674127817E-3,-8.379161358E-3,-1.508712769E-3,1.146205902E-2
2.850308145E1,1.135998964E-2,1.212418079E-3,4.598903656E-2,4.738682102E-2
2.850810734E1,1.741468906E-3,-2.251279354E-2,-1.878738403E-3,2.265807240E-2
2.851313322E1,6.552129984E-3,-8.052289486E-3,1.237678528E-2,1.615408887E-2
2.851812931E1,-1.716208458E-2,1.482725143E-3,2.651691437E-2,3.162091663E-2
2.852315400E1,6.855458021E-3,1.558595896E-2,2.629756927E-2,3.132860627E-2
2.852819426E1,1.167616248E-2,-3.665626049E-3,2.337455750E-3,1.245926499E-2
2.853322046E1,-7.279455662E-3,-2.761322260E-2,-1.191902161E-2,3.094420161E-2
2.853824666E1,-2.334535122E-3,5.724191666E-3,-2.321243286E-3,6.603377534E-3
2.854327286E1,2.566069365E-3,-1.814383268E-2,-1.180076599E-2,2.179544573E-2
2.854826806E1,-2.581116557E-2,-1.337516308E-2,2.153873444E-2,3.618049663E-2
2.855329270E1,1.242133975E-2,2.459508181E-2,-1.187324524E-2,3.000302789E-2
2.855831734E1,2.801865339E-3,-4.128932953E-3,1.197147369E-2,1.296976172E-2
2.856338869E1,1.705697179E-2,6.257891655E-4,-2.611637115E-2,3.119930674E-2
2.856841650E1,-2.094894648E-3,-4.054725170E-3,-1.165676117E-2,1.251836494E-2
2.857344431E1,7.348775864E-3,-1.354539394E-2,-1.630306244E-2,2.243372570E-2
2.857849322E1,1.191297174E-2,5.637943745E-3,-4.465770721E-2,4.656196000E-2
2.858352239E1,1.179119945E-2,5.773305893E-3,-6.307601929E-3,1.456534543E-2
2.858855155E1,1.172208786E-2,1.107573509E-3,1.272964478E-2,1.734006687E-2
2.859354499E1,6.904721260E-3,-1.776546240E-2,3.117561340E-3,1.931336373E-2
2.859857176E1,-2.641838789E-2,2.055597305E-2,7.829666138E-3,3.437706966E-2
2.860360155E1,-1.662406325E-2,-8.075714111E-3,1.250743866E-2,2.231619724E-2
2.860862864E1,1.673081517E-2,1.101368666E-2,-1.843452454E-3,2.011516311E-2
2.861365572E1,-1.662299037E-2,6.307661533E-3,1.715660095E-2,2.470747577E-2
2.861867958E1,7.286220789E-3,6.283521652E-3,3.125667572E-2,3.270399723E-2
2.862370640E1,7.146835327E-3,-3.286421299E-3,-6.986618042E-3,1.052096249E-2
2.862873322E1,3.080251813E-2,-3.331124783E-3,-1.167106628E-2,3.310748108E-2
2.863377723E1,-7.518261671E-3,2.031242847E-2,-1.631069183E-2,2.711379127E-2
2.863880520E1,1.626563072E-2,-8.424758911E-3,2.656745911E-2,3.227037634E-2
2.864383317E1,6.608337164E-3,1.531362534E-2,-1.163578033E-2,2.033638672E-2
2.864885244E1,6.689578295E-3,8.098483086E-4,-3.053092957E-2,3.126569961E-2
2.865387984E1,1.156374812E-2,1.961964369E-2,2.964973450E-3,2.296610016E-2
2.865890723E1,-2.697080374E-3,-1.385968924E-2,1.718711853E-2,2.224325227E-2
2.866393463E1,-2.542197704E-3,5.173623562E-3,1.229381561E-2,1.357818295E-2
2.866893744E1,1.654970646E-2,-2.353650331E-2,-1.629161835E-2,3.306473349E-2
2.867396359E1,-1.210251451E-2,9.823262691E-3,-6.652832031E-3,1.694778809E-2
2.867898989E1,1.170745492E-2,1.911860704E-2,-1.133632660E-2,2.512166270E-2
2.868401603E1,2.102479339E-2,-4.750311375E-3,-2.073669434E-2,2.991016361E-2
2.868904442E1,1.721471548E-3,-3.311687708E-2,-2.531147003E-2,4.171764048E-2
2.869407077E1,2.067011595E-2,1.472896338E-2,-1.085853577E-2,2.760622854E-2
2.869909713E1,-3.220945597E-3,-8.950293064E-3,-1.552963257E-2,1.821130759E-2
2.870412202E1,2.527183294E-2,1.499855518E-2,-1.540660858E-2,3.318110586E-2
2.870914827E1,-1.305535436E-2,-3.247940540E-2,2.745628357E-2,4.448821822E-2
2.871417478E1,-3.529965878E-3,-8.279919624E-3,1.772308350E-2,1.987776186E-2
2.871920108E1,-3.529518843E-3,6.169319153E-3,-1.567077637E-2,1.720730176E-2
2.872422364E1,3.925880790E-2,1.100116968E-2,2.718639374E-2,4.900387471E-2
2.872924952E1,1.995679736E-2,1.094353199E-2,3.214836121E-3,2.298629645E-2
2.873427541E1,-8.578211069E-3,-1.290768385E-2,-6.313323975E-3,1.673475626E-2
2.873930129E1,9.670853615E-4,3.465980291E-2,1.273632050E-2,3.693847658E-2
2.874433020E1,1.517790556E-2,1.005589962E-3,3.163337708E-2,3.510057797E-2
2.874935624E1,9.342432022E-4,-3.928720951E-3,-2.560710907E-2,2.592357409E-2
2.875438098E1,-2.269116044E-2,5.529522896E-3,-3.964138031E-2,4.600981872E-2
2.875940687E1,1.086217165E-2,-1.363360882E-2,-1.320838928E-3,1.748160970E-2
2.876443275E1,1.079940796E-2,1.484292746E-2,-3.454303741E-2,3.911727421E-2
2.876945666E1,5.985230207E-3,-9.148538113E-3,8.487701416E-3,1.384051320E-2
2.877448244E1,-3.540784121E-3,3.359317780E-2,-5.825042725E-3,3.427783350E-2
2.877951239E1,-1.779103279E-2,9.554088116E-3,3.723144531E-3,2.053444065E-2
2.878453853E1,-3.376752138E-3,2.364921570E-2,-1.529788971E-2,2.836746883E-2
2.878956468E1,6.175220013E-3,-5.011200905E-3,1.806640625E-2,1.973931386E-2
2.879459082E1,1.346975565E-3,-1.443606615E-2,-2.007293701E-2,2.476160636E-2
2.879958572E1,-3.386437893E-3,2.375125885E-2,-2.940940857E-2,3.795396647E-2
2.880461030E1,-8.080452681E-3,-2.380025387E-2,-1.492786407E-2,2.923331876E-2
2.880963489E1,1.580065489E-2,-2.351707220E-2,4.181861877E-3,2.863915761E-2
2.881468916E1,2.518880367E-2,-8.940756321E-3,8.886337280E-3,2.816700098E-2
2.881971577E1,1.259028912E-3,1.975882053E-2,-5.442619324E-3,2.053334478E-2
2.882474208E1,3.435534239E-2,-1.351118088E-2,1.834297180E-2,4.122264152E-2
2.882976864E1,1.028737426E-2,8.852481842E-4,1.344108582E-2,1.694923365E-2
2.883479520E1,1.491722465E-2,-3.889083862E-3,-1.041030884E-2,1.860169601E-2
2.883982176E1,-4.224449396E-3,-2.752184868E-2,1.341533661E-2,3.090743250E-2
2.884484765E1,-4.112690687E-3,1.542043686E-2,-9.441375732E-4,1.598735417E-2
2.884987416E1,7.366538048E-4,5.727231503E-3,2.755546570E-2,2.815399669E-2
2.885490067E1,1.494878531E-2,-1.818996668E-2,-2.014923096E-2,3.098923326E-2
2.885992718E1,6.481409073E-4,-3.863155842E-3,-1.523208618E-2,1.572769879E-2
2.886491635E1,1.031097770E-2,1.034480333E-2,-1.985740662E-2,2.465051348E-2
2.886994098E1,5.597114563E-3,6.913542747E-4,-5.448341370E-3,7.841561442E-3
2.887495744E1,8.188784122E-4,-4.217255116E-2,4.100799561E-3,4.237937222E-2
2.887998124E1,-1.811364293E-2,5.593597889E-3,8.815765381E-3,2.090717860E-2
2.888500504E1,-1.789465547E-2,-8.717000484E-3,3.992080688E-3,2.030126843E-2
2.889002885E1,-8.277624846E-3,-3.241038322E-2,-7.867813110E-4,3.345999161E-2
2.889505265E1,1.544627547E-2,-3.667771816E-3,-7.743835449E-4,1.589464205E-2
2.890013989E1,-3.762125969E-3,2.013641596E-2,4.197025299E-2,4.670257997E-2
2.890516624E1,9.876489639E-4,-2.268785238E-2,3.628730774E-3,2.299742993E-2
2.891018801E1,5.742728710E-3,-1.771694422E-2,-1.152992249E-3,1.866007601E-2
2.891521390E1,-2.283331752E-2,-3.290414810E-3,-1.143455505E-3,2.309750439E-2
2.892022624E1,2.005931735E-2,1.619338989E-3,3.607749939E-3,2.044539877E-2
2.892525077E1,1.505747437E-2,-1.730567217E-2,-1.541709900E-2,2.763875477E-2
2.893027530E1,-8.851766586E-3,-2.880156040E-3,1.795101166E-2,2.022097649E-2
2.893532254E1,-1.356825233E-2,-1.706570387E-2,-5.941390991E-3,2.259725308E-2
2.894034859E1,-3.941833973E-3,1.639831066E-2,8.347511292E-3,1.881817187E-2
2.894537463E1,5.604088306E-3,-2.164405584E-2,1.302051544E-2,2.587285801E-2
2.895042848E1,-3.926932812E-3,-1.188147068E-2,1.290607452E-2,1.797656548E-2
2.895545635E1,-1.343375444E-2,-2.249896526E-3,1.754665375E-2,2.221289829E-2
2.896048421E1,-3.864288330E-3,-2.594065666E-2,4.589176178E-2,5.285739486E-2
2.896551208E1,-3.813654184E-3,-6.754398346E-3,7.522583008E-3,1.080532787E-2
2.897050166E1,-1.316136122E-2,-3.526163101E-2,-1.628398895E-2,4.100941778E-2
2.897552754E1,-3.543078899E-3,3.001272678E-3,2.184104919E-2,2.232918439E-2
2.898055286E1,5.994826555E-3,2.905547619E-3,1.691436768E-2,1.817899849E-2
2.898557869E1,-8.292675018E-3,1.231008768E-2,2.152538300E-2,2.614667915E-2
2.899060452E1,2.492350340E-2,2.743005753E-3,-1.189041138E-2,2.775044117E-2
2.899560056E1,-1.806122065E-2,2.752363682E-3,-3.078556061E-2,3.579851867E-2
2.900062437E1,1.064264774E-2,-1.158696413E-2,-1.628303528E-2,2.264201684E-2
2.900564817E1,5.816072226E-3,-6.709635258E-3,-1.615047455E-2,1.843051083E-2
2.901070786E1,2.002367377E-2,2.875685692E-3,7.723808289E-3,2.165350535E-2
2.901573405E1,3.411594033E-2,7.578015327E-3,-1.836776733E-3,3.499567759E-2
2.902076025E1,5.508959293E-4,2.659243345E-2,7.672309875E-3,2.768258193E-2
2.902575208E1,-2.323728800E-2,7.459640503E-3,-1.138877869E-2,2.693180406E-2
2.903077598E1,-1.358154416E-2,-6.718218327E-3,1.719093323E-2,2.291551842E-2
2.903579989E1,2.442651987E-2,1.716321707E-2,7.549285889E-3,3.079322345E-2
2.904082379E1,5.190819502E-3,7.655143738E-3,-1.626300812E-2,1.870912253E-2
2.904588770E1,5.109071732E-3,-6.521463394E-3,2.860069275E-3,8.764250967E-3
2.905091359E1,9.718716145E-3,1.261168718E-2,2.835273743E-3,1.617241090E-2
2.905593947E1,1.434808969E-2,-1.115643978E-2,2.655124664E-2,3.217611730E-2
2.906093223E1,1.424527168E-2,-1.578718424E-2,-6.912231445E-3,2.235938047E-2
2.906595598E1,-4.905402660E-3,-6.131529808E-3,7.390975952E-3,1.078355964E-2
2.907098843E1,-4.764223099E-2,-1.079952717E-2,2.580642700E-3,4.891903185E-2
2.907601312E1,1.454752684E-2,1.775872707E-2,1.205444336E-2,2.592899013E-2
2.908103780E1,-9.302198887E-3,-1.565432549E-2,-7.039070129E-3,1.952273851E-2
2.908609624E1,-3.775030375E-2,-1.075208187E-2,2.516746521E-3,3.933226043E-2
2.909112317E1,1.481193304E-2,8.356869221E-3,-7.002830505E-3,1.839212491E-2
2.909615010E1,-3.273370862E-2,-1.233994961E-3,-1.169490814E-2,3.478202553E-2
2.910114338E1,5.589544773E-3,-5.996644497E-3,2.646446228E-3,8.614315622E-3
2.910616806E1,1.505774260E-2,-1.072525978E-2,-3.536224365E-2,3.990307113E-2
2.911119322E1,-1.824086905E-2,-1.218497753E-3,2.922058105E-3,1.851357512E-2
2.911621796E1,-2.277407050E-2,-1.182496548E-3,2.893447876E-3,2.298757547E-2
2.912124270E1,-1.307231188E-2,-1.149833202E-3,-1.880645752E-3,1.325685795E-2
2.912627098E1,1.297265291E-3,-1.169562340E-3,1.712989807E-2,1.721871602E-2
2.913129593E1,-2.250215411E-2,-1.542741060E-2,2.745628357E-3,2.742062021E-2
2.913632088E1,1.339912415E-3,1.321363449E-2,-1.151943207E-2,1.758103572E-2
2.914134583E1,-3.455907106E-3,1.776969433E-2,1.707458496E-2,2.488466962E-2
2.914640760E1,1.563143730E-2,-2.039510012E-2,-2.062797546E-3,2.577900453E-2
2.915143442E1,-1.772898436E-2,-6.006121635E-3,-2.578735352E-2,3.186499623E-2
2.915646708E1,-3.319740295E-3,1.305764914E-2,3.615570068E-2,3.858442132E-2
2.916149447E1,-7.972806692E-3,1.761323214E-2,-2.131462097E-3,1.945082835E-2
2.916652187E1,2.059754729E-2,3.190696239E-3,2.635955811E-3,2.100923035E-2
2.917154124E1,6.245076656E-3,3.185093403E-3,-1.638507843E-2,1.782180119E-2
2.917656812E1,2.514848113E-2,-1.106631756E-2,1.699161530E-2,3.230517726E-2
2.918159499E1,5.912989378E-3,-1.461863518E-3,-2.588558197E-2,2.659255238E-2
2.918662187E1,1.131772995E-3,3.264546394E-3,-1.617145538E-2,1.653644891E-2
2.919161046E1,-3.612905741E-3,1.270258427E-2,7.706642151E-3,1.529055487E-2
2.919663541E1,1.542457938E-2,-2.072662115E-2,-6.598472595E-3,2.666552670E-2
2.920166129E1,1.531267166E-2,-1.594901085E-3,2.954483032E-3,1.567643432E-2
2.920668635E1,1.989203691E-2,-1.663327217E-3,-6.559371948E-3,2.101154803E-2
2.921171463E1,-4.054516554E-3,-1.630544662E-3,7.741928101E-3,8.890176100E-3
2.921673999E1,-4.059046507E-3,1.744747162E-2,1.717185974E-2,2.481457014E-2
2.922176536E1,1.023036242E-2,7.774651051E-3,7.533073425E-3,1.489472085E-2
2.922679218E1,1.495859027E-2,2.928256989E-3,-2.027511597E-3,1.537676543E-2
2.923181765E1,-4.146814346E-3,-1.142644882E-2,-6.753921509E-3,1.390594325E-2
2.923684312E1,6.462037563E-4,2.182596922E-2,1.230144501E-2,2.506224373E-2
2.924186859E1,-1.353341341E-2,-2.113056183E-2,7.449150085E-3,2.617525088E-2
2.924692874E1,-3.907173872E-3,2.700090408E-3,-1.160240173E-2,1.253683460E-2
2.925195593E1,-1.810386777E-2,-6.803274155E-3,-2.010345459E-3,1.944417795E-2
2.925698312E1,5.850881338E-3,-1.627403498E-2,-1.149177551E-2,2.076386118E-2
2.926201030E1,1.531526446E-2,-6.780147552E-3,7.605552673E-3,1.839489489E-2
2.926701395E1,-8.590340614E-3,-1.958727837E-3,-6.702423096E-3,1.107036774E-2
2.927203999E1,-2.275156975E-2,-1.622033119E-2,2.184581757E-2,3.546791247E-2
2.927708239E1,-1.310092211E-2,-2.092045546E-2,-3.531074524E-2,4.308304012E-2
2.928211004E1,1.214593649E-3,-1.732528210E-3,7.720947266E-3,8.005617928E-3
2.928713770E1,-1.777064800E-2,7.845401764E-3,-2.558803558E-2,3.212621709E-2
2.929216192E1,-8.113235235E-3,3.154873848E-3,7.856369019E-3,1.172605429E-2
2.929718937E1,1.515269279E-3,-1.589679718E-2,2.203559875E-2,2.721344914E-2
2.930221385E1,-7.982254028E-3,-1.549899578E-3,7.607460022E-3,1.113517023E-2
2.930724098E1,-1.264902949E-2,7.926702499E-3,7.545471191E-3,1.672616798E-2
2.931226812E1,1.126566529E-2,-2.061164379E-2,7.477760315E-3,2.465100350E-2
2.931729525E1,1.593527198E-2,-1.092398167E-2,-2.083778381E-3,1.943214864E-2
2.932228718E1,1.106876135E-2,-6.065309048E-3,-1.156520844E-2,1.711898063E-2
2.932731254E1,-2.225148678E-2,2.249830961E-2,-6.722450256E-3,3.234955852E-2
2.933233791E1,-3.060668707E-3,-1.090621948E-2,-1.616573334E-2,1.973940857E-2
2.933739395E1,-2.206987143E-2,-6.043970585E-3,-1.784324646E-3,2.295196331E-2
2.934242140E1,1.815944910E-3,-6.074011326E-3,-1.600837708E-2,1.721799658E-2
2.934745109E1,-1.713055372E-2,2.243918180E-2,3.118515015E-3,2.840242748E-2
2.935247874E1,-2.731531858E-3,-1.106703281E-2,-6.400108337E-3,1.307294413E-2
2.935750640E1,2.001911402E-3,-1.559793949E-3,1.265335083E-2,1.290534361E-2
2.936253405E1,-1.229828596E-2,-1.571887732E-2,1.729393005E-2,2.640853950E-2
2.936755171E1,-2.685278654E-3,2.247369289E-2,-1.609516144E-2,2.777286113E-2
2.937257885E1,6.792545319E-3,3.317296505E-3,7.781982422E-3,1.084907270E-2
2.937760598E1,1.619121432E-2,8.114993572E-3,-6.530761719E-3,1.925251647E-2
2.938262869E1,6.572335958E-3,8.121907711E-3,7.763862610E-3,1.301685628E-2
2.938765551E1,1.127573848E-2,-6.113886833E-3,-1.130008698E-2,1.709426384E-2
2.939268385E1,-3.109127283E-3,8.211016655E-3,-2.545166016E-2,2.692349293E-2
2.939771082E1,-2.201613784E-2,-6.180167198E-3,1.275062561E-2,2.618173496E-2
2.940273702E1,1.616778970E-2,-1.356422901E-3,-1.109981537E-2,1.965815882E-2
2.940776390E1,1.124200225E-2,8.230090141E-3,-1.513481140E-3,1.401455042E-2
2.941279077E1,3.009313345E-2,-1.074916124E-2,-6.252288818E-3,3.256120796E-2
2.941781270E1,-3.333300352E-3,3.610074520E-3,1.278877258E-2,1.370022750E-2
2.942283926E1,1.100367308E-2,8.249402046E-3,-1.580715179E-2,2.095231498E-2
2.942786582E1,1.092067361E-2,-1.083809137E-2,-6.177902222E-3,1.657986166E-2
2.943289239E1,-3.507375717E-3,-1.329720020E-3,-6.116867065E-3,7.175367757E-3
2.943791588E1,1.077586412E-2,-1.084029675E-2,8.180618286E-3,1.733648744E-2
2.944294228E1,1.197487116E-3,-5.974411964E-3,1.285934448E-2,1.422990914E-2
2.944796525E1,1.544132829E-2,-1.544624567E-2,-1.098918915E-2,2.444960946E-2
2.945299129E1,-1.797026396E-2,2.269744873E-2,-2.514266968E-2,3.834394873E-2
2.945801296E1,-1.780906320E-2,-1.209616661E-3,-1.068973541E-2,2.080616129E-2
2.946303859E1,6.144911051E-3,1.296710968E-2,-2.009582520E-2,2.469307708E-2
2.946806421E1,-3.398418427E-3,8.036792278E-3,-1.992321014E-2,2.175025472E-2
2.947308984E1,-4.129835963E-2,1.274532080E-2,8.728981018E-3,4.409300194E-2
2.947812265E1,1.608756185E-2,3.169178963E-3,-1.509094238E-2,2.228429679E-2
2.948314859E1,1.715987921E-3,-1.112735271E-2,-1.496410370E-2,1.872663858E-2
2.948817635E1,-1.253262162E-2,3.183603287E-3,8.904457092E-3,1.570004111E-2
2.949320249E1,-2.923250198E-3,-6.312966347E-3,-5.416870117E-3,8.817109372E-3
2.949823166E1,-2.939492464E-3,-6.287693977E-3,-1.961326599E-2,2.080518960E-2
2.950325812E1,1.119300723E-2,-1.096451283E-2,1.379489899E-2,2.087589975E-2
2.950828364E1,1.562118530E-3,-6.100356579E-3,-1.006221771E-2,1.187024810E-2
2.951330999E1,-1.274034381E-2,-6.074488163E-3,-4.777908325E-4,1.412246618E-2
2.951833458E1,6.319105625E-3,-1.302838326E-3,3.276920319E-2,3.339834069E-2
2.952336072E1,1.582604647E-2,1.767444611E-2,-1.024150848E-2,2.584063250E-2
2.952838645E1,-1.753443480E-2,-2.518516779E-2,-1.015758514E-2,3.232530922E-2
2.953341254E1,1.619815826E-3,-1.540505886E-2,2.316093445E-2,2.786339043E-2
2.953843864E1,1.101079583E-2,3.793060780E-3,8.722305298E-3,1.455003590E-2
2.954346473E1,-8.164227009E-3,-1.980441809E-2,-8.535385132E-4,2.143823935E-2
2.954848822E1,6.105244160E-3,4.181385040E-3,2.289295197E-2,2.405920275E-2
2.955351421E1,-1.293206215E-2,-5.323767662E-3,-1.528739929E-2,2.071920150E-2
2.955853848E1,1.428842545E-3,-2.909857035E-2,-9.098052979E-4,2.914783239E-2
2.956356426E1,-3.327131271E-3,3.290349245E-2,-9.040832520E-4,3.308363620E-2
2.956859004E1,6.153583527E-3,8.913397789E-3,1.334953308E-2,1.719084884E-2
2.957361582E1,-2.237772942E-2,2.310860157E-2,-1.050567627E-2,3.383990949E-2
2.957864812E1,1.105928421E-2,-1.035124063E-2,-1.041698456E-2,1.838394727E-2
2.958367421E1,-1.272231340E-2,3.908634186E-3,1.341438293E-2,1.889656977E-2
2.958870030E1,6.437301636E-3,-3.413718939E-2,-9.441375732E-4,3.475166107E-2
2.959369109E1,6.343454123E-3,1.835298538E-2,-1.517772675E-2,2.464619386E-2
2.959871484E1,-3.143489361E-3,1.817202568E-2,2.768421173E-2,3.326438970E-2
2.960374004E1,1.636117697E-3,-1.054501534E-2,3.715515137E-3,1.129952575E-2
2.960876395E1,-3.169447184E-3,3.225374222E-2,3.688812256E-3,3.261834788E-2
2.961378786E1,1.116243005E-2,1.296526194E-2,-1.058864594E-2,2.012007168E-2
2.961882332E1,1.584053040E-3,-1.416623592E-3,8.494377136E-3,8.756168647E-3
2.962384796E1,-1.266291738E-2,1.761239767E-2,1.317024231E-2,2.537718090E-2
2.962887348E1,-1.719716191E-2,3.196716309E-3,-5.937576294E-3,1.847203793E-2
2.963389822E1,-2.751171589E-3,3.094911575E-3,-1.137733459E-3,4.294398700E-3
2.963892296E1,-2.165853977E-2,-6.456553936E-3,2.261352539E-2,3.197109576E-2
2.964394770E1,6.970196962E-3,7.868230343E-3,1.292896271E-2,1.666285603E-2
2.964900655E1,-1.692539454E-2,2.212578058E-2,3.324508667E-3,2.805479468E-2
2.965403301E1,1.641571522E-2,-2.077215910E-2,-2.044487000E-2,3.345072509E-2
2.965906379E1,1.994043589E-3,3.166258335E-3,-6.028175354E-3,7.095089836E-3
2.966409067E1,2.568057179E-2,-1.108282804E-2,1.301670074E-2,3.085053230E-2
2.966911754E1,2.077898383E-2,3.228485584E-3,-1.338005066E-3,2.107082214E-2
2.967414046E1,-3.075778484E-3,2.216899395E-2,2.716350555E-2,3.519631714E-2
2.967916708E1,-2.208656073E-2,-2.552729845E-2,1.744365692E-2,3.799658271E-2
2.968419369E1,1.900970936E-3,-1.702129841E-3,-6.439208984E-3,6.926351770E-3
2.968921458E1,-7.547736168E-3,-3.031128645E-2,7.864952087E-3,3.221179720E-2
2.969424077E1,1.146674156E-2,-1.103967428E-2,-1.119327545E-2,1.945893074E-2
2.969926697E1,-2.771437168E-3,-6.218135357E-3,-1.606941223E-3,6.994878940E-3
2.970429629E1,1.156133413E-2,-1.446902752E-3,-2.058887482E-2,2.365712875E-2
2.970932270E1,6.570577621E-3,1.283586025E-2,-2.990818024E-2,3.320287704E-2
2.971434911E1,-3.020524979E-3,1.744854450E-2,8.333206177E-3,1.957083548E-2
2.971937536E1,1.865535975E-3,-6.413877010E-3,-5.989074707E-3,8.971457999E-3
2.972440176E1,-1.713183522E-2,-6.389021873E-3,1.305580139E-2,2.246716111E-2
2.972942447E1,1.141071320E-2,8.036196232E-3,-2.029609680E-2,2.463161324E-2
2.973445046E1,1.778960228E-3,-6.149530411E-3,-2.013301849E-2,2.112628357E-2
2.973947791E1,1.591488719E-2,3.373026848E-3,8.532524109E-3,1.837021807E-2
2.974450405E1,-8.055001497E-3,8.119583130E-3,3.715515137E-3,1.202562814E-2
2.974952629E1,6.220936775E-3,3.273010254E-3,3.688812256E-3,7.938512855E-3
2.975455202E1,6.074160337E-3,7.968962193E-3,1.316165924E-2,1.654173680E-2
2.975957947E1,-2.261742949E-2,-1.586258411E-2,-1.543045044E-2,3.164282687E-2
2.976460536E1,1.321882010E-3,3.642630577E-2,-1.051902771E-3,3.646545795E-2
2.976963124E1,1.087433100E-2,-1.144385338E-2,3.706932068E-3,1.621586261E-2
2.977465655E1,-1.289555430E-2,-6.730616093E-3,1.792621613E-2,2.308561757E-2
2.977968239E1,-4.127073288E-2,-6.699204445E-3,1.302909851E-2,4.379395096E-2
2.978470822E1,1.606354117E-2,1.232612133E-2,-1.082134247E-2,2.295805033E-2
2.978973885E1,3.969028592E-2,-1.155102253E-2,3.515243530E-3,4.148616462E-2
2.979476499E1,6.086617708E-3,1.710778475E-2,-6.013870239E-3,1.912824742E-2
2.979979114E1,-1.770135760E-2,7.498443127E-3,-1.546287537E-2,2.467114154E-2
2.980481806E1,1.548856497E-3,-1.627612114E-2,-2.009010315E-2,2.590218756E-2
2.980984426E1,1.641452312E-3,-6.610393524E-3,-5.684852600E-3,8.871821534E-3
2.981486879E1,1.593360305E-2,3.021538258E-3,-8.964538574E-4,1.624232216E-2
2.981989484E1,-1.743313670E-2,-2.551537752E-2,1.335716248E-2,3.366545016E-2
2.982492088E1,1.766681671E-3,-1.531720161E-3,-1.004219055E-3,2.544756706E-3
2.982994650E1,-7.787793875E-3,-1.109057665E-2,1.800441742E-2,2.253463269E-2
2.983497249E1,2.547383308E-2,3.276228905E-3,1.310634613E-2,2.883446127E-2
2.983999942E1,-1.752078533E-2,-1.566183567E-2,8.245468140E-3,2.490499468E-2
2.984502551E1,-3.123342991E-3,-1.254141331E-3,1.292324066E-2,1.335433604E-2
2.985005161E1,-3.153064847E-2,1.298195124E-2,1.281356812E-2,3.642664380E-2
2.985507770E1,-1.216125488E-2,8.154630661E-3,-1.579189301E-2,2.153550571E-2
2.986006832E1,-2.601683140E-3,1.761043072E-2,1.283073425E-2,2.194364980E-2
2.986509265E1,2.126276493E-3,2.699029446E-2,-6.270408630E-3,2.779055723E-2
2.987011697E1,1.156014204E-2,-1.593887806E-2,-6.217956543E-3,2.064818882E-2
2.987514499E1,1.607325673E-2,3.264367580E-3,3.333091736E-3,1.673664178E-2
2.988016952E1,-3.041774035E-3,-1.578116417E-2,8.054733276E-3,1.797710377E-2
2.988519947E1,6.435275078E-3,-1.092034578E-2,1.274013519E-2,1.797158207E-2
2.989022458E1,-2.209639549E-2,1.774078608E-2,-1.617431641E-3,2.838313354E-2
2.989525004E1,-2.905249596E-3,-1.081883907E-2,2.688121796E-2,2.912194418E-2
2.990027515E1,-2.191370726E-2,-1.204133034E-3,-1.607894897E-2,2.720649008E-2
2.990530025E1,1.136639714E-2,8.382081985E-3,-6.445884705E-3,1.552429425E-2
2.991032603E1,-1.716110110E-2,8.241474628E-3,-1.642227173E-3,1.910817116E-2
2.991535119E1,1.633131504E-2,2.709597349E-2,3.119468689E-3,3.179048152E-2
2.992037984E1,6.762981415E-3,1.734888554E-2,7.840156555E-3,2.020370762E-2
2.992540536E1,-2.656176686E-2,-1.873254776E-3,-6.464004517E-3,2.740109298E-2
2.993043062E1,6.808787584E-3,-2.567619085E-2,-1.114940643E-2,2.880860338E-2
2.993545609E1,1.150709391E-2,-1.739203930E-3,3.190040588E-3,1.206707916E-2
2.994048155E1,-2.769559622E-3,-1.129794121E-2,3.165245056E-3,1.205540179E-2
2.994550702E1,1.146364212E-2,1.736330986E-2,-1.585769653E-2,2.616039295E-2
2.995056734E1,6.577461958E-3,-6.494283676E-3,2.226257324E-2,2.410520470E-2
2.995559458E1,-7.764667273E-3,-1.121103764E-2,-1.661300659E-3,1.373817101E-2
2.996062124E1,1.130071282E-2,2.215361595E-2,1.734447479E-2,3.032028390E-2
2.996564843E1,6.419539452E-3,-1.124393940E-2,1.245117188E-2,1.796297139E-2
2.997067562E1,-7.866203785E-3,-6.426990032E-3,2.659416199E-2,2.846810170E-2
2.997570280E1,1.115170121E-2,2.214646339E-2,2.162361145E-2,3.289995217E-2
2.998072504E1,-8.025139570E-3,2.193647623E-2,2.454757690E-3,2.348696851E-2
2.998575197E1,-1.744183898E-2,-1.625984907E-2,2.435684204E-3,2.396941794E-2
2.999077890E1,2.070832253E-2,2.893149853E-3,7.162094116E-3,2.210204810E-2
2.999580135E1,1.100078225E-2,-1.135051250E-2,2.353668213E-3,1.598096049E-2
3.000082796E1,1.367747784E-3,-6.528258324E-3,-7.159233093E-3,9.784861227E-3
3.000585458E1,-1.287847757E-2,1.729685068E-2,-2.352714539E-3,2.169265991E-2
3.001085004E1,1.098209620E-2,1.718074083E-2,7.162094116E-3,2.161203101E-2
3.001587463E1,-3.343969584E-3,2.820134163E-3,-7.144927979E-3,8.377665850E-3
3.002090322E1,2.518919110E-2,2.181619406E-2,7.158279419E-3,3.408346572E-2
3.002592817E1,5.944907665E-3,7.365226746E-3,-2.138900757E-2,2.338970151E-2
3.003095312E1,1.161515713E-3,-6.967902184E-3,-6.964683533E-3,9.920060297E-3
3.003597806E1,1.166641712E-3,-6.936132908E-3,2.591133118E-3,7.495662975E-3
3.004103853E1,-3.628581762E-3,-1.645386219E-2,-5.440616608E-2,5.695548344E-2
3.004606525E1,-1.783201098E-2,-2.108907700E-2,-1.718521118E-3,2.767097937E-2
3.005108702E1,1.556804776E-2,-1.891493797E-3,7.790565491E-3,1.751098999E-2
3.005611327E1,-3.546744585E-3,-3.503316641E-2,-3.026771545E-2,4.643314274E-2
3.006113952E1,-3.556549549E-3,-6.274104118E-3,1.272487640E-2,1.462654801E-2
3.006616577E1,1.082241535E-3,7.997274399E-3,-1.111507416E-2,1.373581152E-2
3.007119390E1,-1.331150532E-2,-1.592755318E-3,3.232002258E-3,1.379053595E-2
3.007622020E1,1.530325413E-2,3.145158291E-3,3.206253052E-3,1.594871989E-2
3.008124270E1,5.688518286E-3,-1.584476233E-2,7.925033569E-3,1.860703874E-2
3.008626864E1,-1.329120994E-2,3.259837627E-3,-6.388664246E-3,1.510290812E-2
3.009129458E1,5.885154009E-3,-1.544773579E-3,1.740550995E-2,1.843836055E-2
3.009632051E1,-8.292376995E-3,3.140985966E-3,-6.483078003E-3,1.098451681E-2
3.010135129E1,1.093974710E-2,3.622692823E-2,-6.428718567E-3,3.838485142E-2
3.010637744E1,-3.331184387E-3,-1.163554192E-2,-2.061843872E-2,2.390821282E-2
3.011140458E1,-3.337651491E-3,1.222920418E-2,1.754093170E-2,2.164203404E-2
3.011643083E1,1.352936029E-3,2.655625343E-3,-6.344795227E-3,7.009936400E-3
3.012145431E1,1.252889633E-3,2.640384436E-2,-2.528285980E-2,3.657807716E-2
3.012648030E1,-8.239865303E-3,-1.647305489E-2,-2.032947540E-2,2.743254432E-2
3.013150629E1,1.553764939E-2,2.683699131E-3,-5.914688110E-3,1.684055596E-2
3.013653452E1,2.011668682E-2,2.588570118E-3,-4.384708405E-2,4.831095697E-2
3.014156062E1,1.036056876E-2,2.639180422E-2,-5.495071411E-3,2.888017529E-2
3.014658671E1,5.444079638E-3,-2.192556858E-3,-2.919578552E-2,2.977984555E-2
3.015161280E1,5.475431681E-3,2.646625042E-3,-2.896118164E-2,2.959282038E-2
3.015665911E1,-8.796930313E-3,-6.690859795E-3,-4.989624023E-3,1.212641479E-2
3.016168624E1,-3.962814808E-3,-1.599776745E-2,-2.088546753E-4,1.648259946E-2
3.016671338E1,7.278025150E-4,-6.284713745E-3,-9.704589844E-3,1.158474805E-2
3.017170608E1,-1.366207004E-2,-1.352727413E-3,4.619598389E-3,1.448525866E-2
3.017673093E1,1.960390806E-2,1.298427582E-2,-1.916217804E-2,3.033304629E-2
3.018176379E1,4.141628742E-4,1.770240068E-2,-1.144409180E-5,1.770724857E-2
3.018678942E1,-4.321515560E-3,-2.984988689E-2,-4.765510559E-3,3.053524742E-2
3.019181504E1,-2.326637506E-2,-5.775988102E-3,1.901054382E-2,3.059553928E-2
3.019684734E1,-4.058659077E-3,-5.650222301E-3,1.884651184E-2,2.008951802E-2
3.020187338E1,-4.111498594E-3,3.870368004E-3,1.394653320E-2,1.504626058E-2
3.020689942E1,1.483026147E-2,-1.992797852E-2,4.339218140E-3,2.521685541E-2
3.021192296E1,-4.270285368E-3,-1.034039259E-2,-5.189895630E-3,1.233264257E-2
3.021694885E1,1.483139396E-2,1.805508137E-2,1.860332489E-2,2.986703713E-2
3.022197473E1,1.472842693E-2,-2.026522160E-2,-5.350112915E-4,2.505777331E-2
3.022700062E1,1.477825642E-2,1.776373386E-2,-5.302429199E-4,2.311337840E-2
3.023202931E1,1.958292723E-2,1.278555393E-2,-1.952362061E-2,3.046527843E-2
3.023705536E1,1.954749227E-2,-1.699984074E-3,-1.461029053E-2,2.446333969E-2
3.024208140E1,-2.792400122E-2,-1.136577129E-2,-4.988670349E-3,3.055842655E-2
3.024710504E1,-3.927260637E-3,4.083085060E-2,1.405429840E-2,4.336017805E-2
3.025213088E1,1.512116194E-2,7.170975208E-3,1.394081116E-2,2.178115331E-2
3.025715671E1,-5.621695518E-2,1.648116112E-2,1.858043671E-2,6.145898917E-2
3.026218046E1,-3.496289253E-3,6.820380688E-3,4.180908203E-3,8.730499680E-3
3.026720619E1,-8.138656616E-3,2.034962177E-3,-3.384685516E-2,3.487102532E-2
3.027223749E1,-1.285538077E-2,-2.651333809E-3,-1.932239532E-2,2.335905278E-2
3.027726374E1,-8.142262697E-3,-2.547860146E-3,-3.340530396E-2,3.447756322E-2
3.028228796E1,1.083204150E-2,1.659768820E-2,-2.363395691E-2,3.084445324E-2
3.028731400E1,-8.343011141E-3,-2.614426613E-2,1.454734802E-2,3.106048649E-2
3.029234004E1,1.190930605E-3,1.693767309E-2,-4.574775696E-3,1.758498388E-2
3.029736421E1,5.842059851E-3,-2.580994368E-2,2.869892120E-2,3.903730183E-2
3.030239015E1,-2.278831601E-2,-1.596534252E-2,4.713058472E-3,2.822078009E-2
3.030741775E1,5.808323622E-3,-1.565319300E-2,1.416397095E-2,2.189468308E-2
3.031244385E1,1.047906280E-2,-1.152515411E-3,-2.059936523E-4,1.054426300E-2
3.031746843E1,1.035916805E-2,3.732860088E-3,4.537582397E-3,1.190950298E-2
3.032249437E1,-1.350226998E-2,8.525788784E-3,1.874256134E-2,2.462283442E-2
3.032752208E1,-3.973811865E-3,-5.769431591E-3,4.343986511E-3,8.243041940E-3
3.033254817E1,5.471974611E-3,-1.049768925E-2,2.805614471E-2,3.045145714E-2
3.033757426E1,8.002221584E-4,3.807425499E-3,8.823394775E-3,9.643087669E-3
3.034259671E1,5.612671375E-3,-1.049768925E-2,2.299308777E-2,2.589180652E-2
3.034762254E1,7.879436016E-4,-5.743861198E-3,-9.346008301E-4,5.872501622E-3
3.035264838E1,-8.638501167E-3,2.740705013E-2,1.807212830E-2,3.394660396E-2
3.035767421E1,-3.795832396E-3,-1.099491119E-2,1.793193817E-2,2.137406892E-2
3.036270536E1,-2.268430591E-2,-1.098567247E-2,-5.958557129E-3,2.589917252E-2
3.036773145E1,-1.767295599E-2,-1.479506493E-3,-1.065540314E-2,2.068960920E-2
3.037275322E1,6.238967180E-3,2.694141865E-2,1.317977905E-2,3.063447937E-2
3.037777890E1,2.045139670E-2,-6.602525711E-3,1.782226562E-2,2.791927873E-2
3.038280458E1,1.357614994E-3,-1.127272844E-2,1.292037964E-2,1.720039927E-2
3.038783036E1,6.062179804E-3,-2.070426941E-2,-6.177902222E-3,2.244066112E-2
3.039285603E1,-3.566324711E-3,1.267659664E-2,3.376007080E-3,1.359456502E-2
3.039788171E1,1.072803140E-2,7.897078991E-3,-2.040004730E-2,2.436424520E-2
3.040291067E1,2.005147934E-2,-1.103657484E-2,3.508567810E-3,2.315551459E-2
3.040793655E1,9.064972401E-4,-6.170988083E-3,1.772308350E-2,1.878857418E-2
3.041296244E1,-1.343372464E-2,8.305907249E-3,1.282024384E-2,2.034236233E-2
3.041798833E1,-3.805190325E-3,8.362293243E-3,-1.540184021E-3,9.315556264E-3
3.042301416E1,5.697965622E-3,-5.884230137E-3,7.966995239E-3,1.142646007E-2
3.042804004E1,1.047691703E-2,-5.870103836E-3,1.264762878E-2,1.744094101E-2
3.043306468E1,-1.333627105E-2,-1.539736986E-2,-2.544212341E-2,3.259197398E-2
3.043809041E1,5.792140961E-3,1.318919659E-2,1.275920868E-2,1.924321204E-2
3.044311614E1,5.770415068E-3,2.734100819E-2,-6.342887878E-3,2.865415581E-2
3.044814213E1,-3.751248121E-3,-1.462578773E-3,-6.286621094E-3,7.465427242E-3
3.045316786E1,-1.309019327E-2,-1.483619213E-3,-1.489639282E-3,1.325795275E-2
3.045819817E1,-3.357112408E-3,7.888972759E-3,-1.475334167E-3,8.699580784E-3
3.046322437E1,-7.999181747E-3,2.672964334E-2,3.287315369E-3,2.809389941E-2
3.046825010E1,-3.105610609E-3,-6.768465042E-3,-2.048492432E-2,2.179653781E-2
3.047327624E1,-2.205678821E-2,3.119587898E-2,-2.031040192E-2,4.326889411E-2
3.047830239E1,-1.235908270E-2,7.113397121E-3,-2.013778687E-2,2.467544941E-2
3.048332853E1,2.585852146E-2,-7.173061371E-3,-1.997756958E-2,3.345473401E-2
3.048832030E1,1.616913080E-2,-2.134048939E-2,-5.567550659E-3,2.734693582E-2
3.049334473E1,-7.791578770E-3,2.704143524E-3,-1.977062225E-2,2.142191859E-2
3.049837260E1,-4.569172859E-2,2.803564072E-3,4.128456116E-3,4.596344399E-2
3.050339734E1,-1.685538888E-2,2.803862095E-3,-1.964855194E-2,2.603903551E-2
3.050842208E1,-1.674726605E-2,-1.134049892E-2,1.374816895E-2,2.445587834E-2
3.051344681E1,2.298891544E-3,-1.111894846E-2,2.312660217E-2,2.576345562E-2
3.051847155E1,1.169237494E-2,-1.507997513E-3,3.942489624E-3,1.243096588E-2
3.052349853E1,-1.698064804E-2,-2.991348505E-2,-1.033592224E-2,3.591643474E-2
3.052852348E1,-1.212698221E-2,-1.059478521E-2,1.823806763E-2,2.432982289E-2
3.053354843E1,6.883144379E-3,8.560359478E-3,3.840446472E-3,1.163642815E-2
3.053857338E1,2.573463321E-2,-2.467763424E-2,1.330566406E-2,3.805650633E-2
3.054364150E1,-2.900481224E-3,-5.404651165E-3,-1.530361176E-2,1.648707307E-2
3.054866864E1,1.133537292E-2,4.106700420E-3,3.231239319E-2,3.448835196E-2
3.055368796E1,1.590707898E-2,4.039227962E-3,2.729988098E-2,3.185332048E-2
3.055871426E1,-1.269897819E-2,-1.976776123E-2,-6.166458130E-3,2.429101968E-2
3.056374088E1,1.672923565E-3,8.906126022E-3,-6.116867065E-3,1.093315218E-2
3.056876723E1,-2.205991745E-2,-5.449712276E-3,-1.316070557E-3,2.276118107E-2
3.057379358E1,-2.868294716E-3,-2.922707796E-2,-2.979087830E-2,4.183235148E-2
3.057881994E1,-1.221793890E-2,-1.012670994E-2,-5.797386169E-3,1.689490963E-2
3.058381536E1,-2.634173632E-2,-1.487594843E-2,1.324939728E-2,3.302616299E-2
3.058884015E1,-2.417981625E-3,-5.284011364E-3,8.394241333E-3,1.020934370E-2
3.059386494E1,1.660621166E-2,1.367574930E-2,-1.168251038E-3,2.154430772E-2
3.059889062E1,2.187073231E-3,1.352995634E-2,2.733612061E-2,3.057951108E-2
3.060391546E1,-2.611756325E-3,3.989100456E-3,-1.563072205E-2,1.634177669E-2
3.060895135E1,6.878018379E-3,-7.780790329E-4,3.494262695E-3,7.753864558E-3
3.061397734E1,1.628229022E-2,4.099726677E-3,1.295661926E-2,2.120836430E-2
3.061900332E1,6.665855646E-3,-5.412161350E-3,3.349304199E-3,9.216450542E-3
3.062402275E1,3.501105309E-2,4.151523113E-3,3.324508667E-3,3.541272851E-2
3.062904827E1,2.043846250E-2,-6.126761436E-4,-6.198883057E-3,2.136661584E-2
3.063407161E1,1.083916426E-2,2.315366268E-2,-1.090049744E-2,2.779209279E-2
3.063909692E1,1.076528430E-2,-5.460023880E-3,-2.031135559E-2,2.362740724E-2
3.064412223E1,1.544058323E-2,-6.476640701E-4,-1.064682007E-2,1.876661549E-2
3.064914754E1,1.086294651E-3,8.922040462E-3,-1.056289673E-2,1.386930530E-2
3.065418869E1,-3.605872393E-3,-5.377233028E-3,1.326274872E-2,1.475863999E-2
3.065921478E1,-1.780453324E-2,-1.481163502E-2,2.264690399E-2,3.239240955E-2
3.066424088E1,-8.042097092E-3,9.074449539E-3,5.094242096E-2,5.236555369E-2
3.066925608E1,-1.740038395E-2,2.331084013E-2,-1.596832275E-2,3.318367009E-2
3.067428145E1,2.550134063E-2,-5.359590054E-3,-1.583671570E-2,3.049336229E-2
3.067930681E1,-7.933527231E-3,-1.014959812E-2,2.703666687E-2,2.994889901E-2
3.068436536E1,-3.153681755E-3,-1.479637623E-2,7.818222046E-3,1.702947604E-2
3.068939296E1,-1.735252142E-2,4.283547401E-3,3.005981445E-3,1.812442282E-2
3.069441629E1,-1.234215498E-2,1.856434345E-2,-6.525993347E-3,2.322826353E-2
3.069944343E1,-2.676635981E-3,1.837712526E-2,7.773399353E-3,2.013228379E-2
3.070447056E1,-2.685636282E-3,-8.077025414E-4,-1.784324646E-3,3.323979554E-3
3.070949770E1,2.050668001E-3,-1.513338089E-2,-1.761436462E-3,1.537293449E-2
3.071448984E1,-7.497817278E-3,-8.482933044E-4,1.250553131E-2,1.460565571E-2
3.071951525E1,1.147228479E-2,1.342040300E-2,7.656097412E-3,1.924412541E-2
3.072454546E1,-1.714909077E-2,2.271813154E-2,-6.645202637E-3,2.922949765E-2
3.072957135E1,-1.693439484E-2,-6.052196026E-3,7.658004761E-3,1.954604416E-2
3.073459723E1,-1.207965612E-2,3.459274769E-3,1.709461212E-2,2.121580631E-2
3.073962312E1,2.231568098E-3,-1.405775547E-3,1.221084595E-2,1.249243210E-2
3.074464390E1,-7.270634174E-3,1.281791925E-2,7.362365723E-3,1.647317833E-2
3.074966952E1,-2.548336983E-3,1.752674580E-2,-2.196311951E-3,1.784669790E-2
3.075470775E1,-2.562403679E-3,-1.109486818E-2,-1.167392731E-2,1.630774636E-2
3.075973468E1,1.166909933E-2,-1.573562622E-2,1.691532135E-2,2.588254060E-2
3.076476161E1,-1.226428151E-2,-1.563584805E-2,-1.645851135E-2,2.580261500E-2
3.076978853E1,1.623523235E-2,3.508746624E-3,1.217365265E-2,2.059349148E-2
3.077479937E1,-2.656579018E-2,8.137583733E-3,-1.641654968E-2,3.227173036E-2
3.077982546E1,1.171121001E-2,-1.515328884E-3,1.221275330E-2,1.698823136E-2
3.078485155E1,2.029150724E-3,7.957875729E-3,-1.162528992E-2,1.423350289E-2
3.078988187E1,-1.216897368E-2,3.109157085E-3,7.464408875E-3,1.461055023E-2
3.079490827E1,2.245396376E-3,7.795393467E-3,-2.096176147E-3,8.378777872E-3
3.079993150E1,2.290785313E-3,-2.084589005E-2,1.216888428E-2,2.424624865E-2
3.080495754E1,1.173263788E-2,2.197653055E-2,7.326126099E-3,2.596718719E-2
3.080998358E1,-2.595037222E-3,1.220881939E-2,2.521514893E-3,1.273371613E-2
3.081501020E1,-2.150017023E-2,-2.225875854E-3,1.199913025E-2,2.472227680E-2
3.082003629E1,-7.056713104E-3,1.200002432E-2,2.139759064E-2,2.552752766E-2
3.082506239E1,2.151182294E-2,1.186221838E-2,2.226829529E-3,2.466636416E-2
3.083010135E1,-2.287477255E-3,-1.196491718E-2,-2.628898621E-2,2.897417110E-2
3.083512827E1,-2.197980881E-3,1.184004545E-2,-7.077217102E-3,1.396799192E-2
3.084015520E1,-6.909400225E-3,-1.203805208E-2,2.622222900E-2,2.966917261E-2
3.084516583E1,7.260978222E-3,2.601134777E-2,2.269744873E-3,2.710099185E-2
3.085019166E1,1.180937886E-2,-1.692378521E-2,1.175308228E-2,2.374891319E-2
3.085521749E1,2.229452133E-3,2.229750156E-3,-1.683807373E-2,1.713076091E-2
3.086024333E1,-1.206758618E-2,1.177626848E-2,-1.195240021E-2,2.066801893E-2
3.086530661E1,-7.254958153E-3,6.949067116E-3,-1.185226440E-2,1.553705645E-2
3.087033431E1,-2.627319098E-2,2.159833908E-3,-2.124786377E-2,3.385878263E-2
3.087536202E1,1.658785343E-2,1.641255617E-2,-6.822586060E-3,2.431206618E-2
3.088037874E1,2.219617367E-3,-7.446110249E-3,-2.018928528E-3,8.027909534E-3
3.088540572E1,2.611422539E-2,1.637947559E-2,2.737045288E-3,3.094723583E-2
3.089043312E1,-7.327258587E-3,-7.529675961E-3,7.463455200E-3,1.288750953E-2
3.089546015E1,6.894767284E-3,1.149469614E-2,-2.108287811E-2,2.498306636E-2
3.090048718E1,-1.694124937E-2,-7.572710514E-3,2.835273743E-3,1.877207106E-2
3.090551421E1,1.165491343E-2,2.010226250E-3,-1.618194580E-2,2.004328781E-2
3.091053728E1,2.571883798E-2,1.620799303E-2,-1.129245758E-2,3.242957390E-2
3.091556411E1,1.122301817E-2,1.747667789E-3,-2.068901062E-2,2.360181434E-2
3.092059093E1,6.448417902E-3,6.350576878E-3,2.697277069E-2,2.845069909E-2
3.092558296E1,-3.080219030E-3,-8.031249046E-3,-1.739501953E-3,8.775794982E-3
3.093060749E1,1.661300659E-3,1.451611519E-3,1.252746582E-2,1.272023961E-2
3.093563624E1,-2.202755213E-2,-8.135616779E-3,-3.980827332E-2,4.621796120E-2
3.094066119E1,1.966029406E-3,1.454889774E-3,4.124355316E-2,4.131600965E-2
3.094568760E1,2.091431618E-2,1.463830471E-3,1.715755463E-2,2.709119971E-2
3.095071270E1,1.813650131E-3,-8.122205734E-3,-1.622295380E-2,1.823304096E-2
3.095573780E1,-1.717627048E-2,2.046078444E-2,-1.609039307E-2,3.118603400E-2
3.096076291E1,-7.465153933E-3,-8.175909519E-3,3.032684326E-3,1.147916347E-2
3.096578827E1,-7.338434458E-3,1.556158066E-2,-1.598453522E-2,2.348447953E-2
3.097081338E1,2.232611179E-3,-3.583192825E-3,7.891654968E-3,8.949974393E-3
3.097583984E1,-1.206693053E-2,1.326918602E-3,-6.425857544E-3,1.373547126E-2
3.098086504E1,2.295464277E-3,-3.352165222E-3,-1.112651825E-2,1.184506548E-2
3.098589025E1,1.648652554E-2,1.453340054E-3,3.211975098E-3,1.685925578E-2
3.099091546E1,-1.217064261E-2,2.525979280E-2,-3.955459595E-2,4.848451026E-2
3.099594374E1,1.169300079E-2,-8.214592934E-3,2.250671387E-2,2.666004452E-2
3.100096911E1,1.630562544E-2,-3.365099430E-3,1.757049561E-2,2.420577681E-2
3.100599447E1,1.133441925E-2,6.190240383E-3,2.217483521E-2,2.566147798E-2
3.101102358E1,1.756310463E-3,1.268208027E-3,1.249980927E-2,1.268614243E-2
3.101604921E1,1.751750708E-3,-3.558158875E-3,-1.846313477E-3,4.374699826E-3
3.102107556E1,6.505489349E-3,1.074570417E-2,1.716041565E-2,2.126667381E-2
3.102610124E1,6.522834301E-3,-1.316070557E-2,7.521629333E-3,1.650231639E-2
3.103112692E1,1.603376865E-2,1.056820154E-2,-4.002094269E-2,4.438968883E-2
3.103615260E1,2.535882592E-2,-3.834068775E-3,1.255226135E-2,2.855397346E-2
3.104118030E1,-8.068829775E-3,1.986426115E-2,2.954483032E-3,2.164310179E-2
3.104620608E1,-7.878422737E-3,6.832480431E-4,-6.571769714E-3,1.028224343E-2
3.105123187E1,6.507426500E-3,1.495099068E-2,-3.026485443E-2,3.437790185E-2
3.105628515E1,1.672565937E-3,5.360305309E-3,-6.270408630E-3,8.417147629E-3
3.106131280E1,-3.125160933E-3,5.400955677E-3,1.277160645E-2,1.421446039E-2
3.106634228E1,6.362497807E-3,-1.365584135E-2,-6.325721741E-3,1.633946562E-2
3.107137010E1,1.577198505E-3,-8.914470673E-3,-1.576328278E-2,1.817791040E-2
3.107639609E1,6.328672171E-3,-1.825106144E-2,3.355026245E-3,1.960636469E-2
3.108142369E1,-7.950276136E-3,9.271502495E-4,1.282119751E-2,1.511454941E-2
3.108644817E1,6.380617619E-3,1.989406347E-2,2.221107483E-2,3.049291537E-2
3.109147546E1,-2.689301968E-2,7.669329643E-4,-1.121616364E-2,2.914832791E-2
3.109650275E1,6.592750549E-3,-1.345461607E-2,7.868766785E-3,1.692360907E-2
3.110153004E1,1.129859686E-2,-3.859102726E-3,-2.068805695E-2,2.388611867E-2
3.110652030E1,6.474465132E-3,-2.283918858E-2,3.227233887E-3,2.395750972E-2
3.111154577E1,1.588433981E-2,-8.318185806E-3,-1.579761505E-2,2.389705228E-2
3.111657197E1,-3.223598003E-3,5.978584290E-3,-1.420021057E-3,6.939129196E-3
3.112159749E1,-3.281801939E-3,1.535624266E-2,8.097648621E-3,1.766794628E-2
3.112662301E1,1.569950581E-2,-3.726601601E-3,-2.521038055E-2,2.993201179E-2
3.113164853E1,6.141364574E-3,1.087188721E-3,8.233070374E-3,1.032868752E-2
3.113667150E1,1.090818644E-2,-1.302963495E-2,-1.344680786E-3,1.704605775E-2
3.114169692E1,-3.413736820E-3,-3.182619810E-2,1.765346527E-2,3.655414232E-2
3.114672447E1,-3.660720587E-2,-3.138542175E-3,8.012771606E-3,3.760508579E-2
3.115175010E1,2.064555883E-2,-1.272934675E-2,-1.541137695E-3,2.430330170E-2
3.115677572E1,-8.106797934E-3,1.110523939E-2,3.226280212E-3,1.412286793E-2
3.116180135E1,-1.277068257E-2,-3.174012899E-2,-6.298065186E-3,3.478781032E-2
3.116686161E1,-7.950723171E-3,-7.697463036E-3,1.749610901E-2,2.070214401E-2
3.117188895E1,6.274402142E-3,2.002656460E-3,3.100395203E-3,7.279505858E-3
3.117691192E1,6.235510111E-3,1.920819283E-3,3.078460693E-3,7.214433678E-3
3.118193879E1,6.248474121E-3,1.891374588E-3,1.729679108E-2,1.848782595E-2
3.118696895E1,-3.287434578E-3,-2.782821655E-3,-6.596565247E-3,7.878197479E-3
3.119199614E1,-1.749253273E-2,1.632446051E-2,-2.554225922E-2,3.499833879E-2
3.119702333E1,1.110222936E-2,-2.867996693E-3,1.741313934E-2,2.084951615E-2
3.120205051E1,1.528799534E-3,-7.608354092E-3,-2.071952820E-2,2.212516958E-2
3.120703640E1,-8.016377687E-3,-1.241159439E-2,-6.292343140E-3,1.605937635E-2
3.121206150E1,1.580876112E-2,-1.232397556E-2,8.005142212E-3,2.158424434E-2
3.121708661E1,1.569280028E-2,-2.178579569E-2,1.743888855E-2,3.201561663E-2
3.122211280E1,1.083251834E-2,2.111381292E-2,2.679061890E-2,3.578929743E-2
3.122713801E1,-3.490835428E-3,-1.701176167E-2,2.821922302E-3,1.759401070E-2
3.123216322E1,-1.769164205E-2,2.159774303E-3,-6.701469421E-3,1.904123199E-2
3.123718843E1,1.090738177E-2,2.117407322E-2,-1.897811890E-3,2.389380765E-2
3.124225275E1,1.552197337E-2,1.992642879E-3,1.711463928E-2,2.319079905E-2
3.124727989E1,1.059204340E-3,6.708502769E-3,2.732276917E-3,7.320605193E-3
3.125228775E1,5.814254284E-3,1.143664122E-2,-1.628684998E-2,2.073315695E-2
3.125731291E1,5.823135376E-3,-1.240956783E-2,-1.140499115E-2,1.783199659E-2
3.126233806E1,-3.613352776E-3,6.679296494E-3,-6.566047668E-3,1.003903889E-2
3.126738379E1,-8.215785027E-3,-7.635533810E-3,-6.516456604E-3,1.297168867E-2
3.127241030E1,1.090720296E-2,1.862227917E-3,7.783889771E-3,1.352863294E-2
3.127743228E1,1.563176513E-2,-7.666468620E-3,-1.779556274E-3,1.750124689E-2
3.128245832E1,-1.292246580E-2,1.929879189E-3,1.722335815E-2,2.161847872E-2
3.128748676E1,6.188064814E-3,6.651103497E-3,-6.662368774E-3,1.126572153E-2
3.129251306E1,-7.993608713E-3,1.607888937E-2,-6.611824036E-3,1.913490739E-2
3.129753994E1,-3.114849329E-3,1.737296581E-3,-1.813888550E-3,4.001334455E-3
3.130256629E1,1.116845012E-2,-2.987802029E-3,2.946853638E-3,1.193085015E-2
3.130758853E1,6.286978722E-3,1.132047176E-2,-1.826286316E-3,1.307725140E-2
3.131261447E1,2.533707023E-2,1.668751240E-3,-2.555561066E-2,3.602556168E-2
3.131764041E1,6.149977446E-3,1.687645912E-3,-6.351470947E-3,9.000641894E-3
3.132266635E1,1.309931278E-3,1.120847464E-2,-6.299018860E-3,1.292375573E-2
3.132766484E1,2.974966168E-2,1.104998589E-2,1.750183105E-2,3.624167006E-2
3.133268937E1,-3.726661205E-3,2.049279213E-2,-6.389617920E-3,2.178691695E-2
3.133771181E1,1.040577888E-2,-3.434240818E-3,7.916450500E-3,1.351829992E-2
3.134273614E1,1.492318511E-2,6.129324436E-3,-2.063560486E-2,2.619347743E-2
3.134776046E1,2.430617809E-2,-8.077621460E-3,-1.097202301E-2,2.786437781E-2
3.135278838E1,4.231035709E-4,-2.221786976E-2,-6.137847900E-3,2.305397862E-2
3.135781296E1,4.844665527E-4,-3.003418446E-3,-6.092071533E-3,6.809446803E-3
3.136283754E1,5.135357380E-3,-2.188283205E-2,2.244853973E-2,3.176739162E-2
3.136786801E1,-9.246826172E-3,-1.211386919E-2,8.014678955E-3,1.721873107E-2
3.137289296E1,3.365874290E-4,2.270400524E-3,-2.054595947E-2,2.067376261E-2
3.137791791E1,-9.099185467E-3,-2.461791039E-3,1.285934448E-2,1.594422566E-2
3.138295265E1,-9.014427662E-3,2.133899927E-2,-3.473567963E-2,4.175140998E-2
3.138797827E1,5.208253860E-3,-7.289648056E-3,-5.953788757E-3,1.075697344E-2
3.139300390E1,-4.372119904E-3,-1.669096947E-2,-2.964687347E-2,3.430220111E-2
3.139802952E1,3.726482391E-4,-2.374887466E-3,-9.021759033E-4,2.567660131E-3
3.140305473E1,2.401670814E-2,-2.141517401E-2,-1.988029480E-2,3.782377650E-2
3.140808030E1,9.530574083E-3,-2.156496048E-3,-5.473136902E-3,1.119989041E-2
3.141310385E1,1.890099049E-2,-2.099096775E-3,3.730869293E-2,4.187591452E-2
3.141812921E1,-4.991382360E-3,-1.169687510E-2,8.513450623E-3,1.530390886E-2
3.142315458E1,3.305211663E-2,1.217460632E-2,-1.057624817E-3,3.523892767E-2
3.142817994E1,1.369333267E-2,2.659022808E-3,-1.054668427E-2,1.748743294E-2
3.143321025E1,-7.622838020E-4,2.636373043E-2,1.803779602E-2,3.195292544E-2
3.143823588E1,3.951549530E-3,-7.062077522E-3,1.313877106E-2,1.543097494E-2
3.144326150E1,-7.642805576E-4,-2.327501774E-3,-1.214981079E-3,2.734514271E-3
3.144831958E1,3.949344158E-3,-1.187604666E-2,1.304721832E-2,1.807948311E-2
3.145334739E1,1.816624403E-2,3.104883432E-2,8.184432983E-3,3.689210591E-2
3.145837369E1,-9.714365005E-4,-1.671159267E-2,-2.037334442E-2,2.636843153E-2
3.146340135E1,-1.055264473E-2,1.189899445E-2,3.544807434E-3,1.629447880E-2
3.146842447E1,-5.704969168E-3,-2.145951986E-2,2.251052856E-2,3.161932261E-2
3.147345166E1,-1.514950395E-2,1.189202070E-2,3.333091736E-3,1.954577005E-2
3.147847885E1,-1.026636362E-2,1.657527685E-2,-1.569175720E-2,2.502737039E-2
3.148349843E1,-5.420506001E-3,4.026228189E-2,-1.081848145E-2,4.204132217E-2
3.148852510E1,4.082024097E-3,-2.830624580E-3,3.201103210E-2,3.239415893E-2
3.149355176E1,-1.973712444E-2,-1.707112789E-2,1.275348663E-2,2.904529067E-2
3.149857843E1,-1.006308198E-2,-7.401525974E-3,2.214145660E-2,2.542227972E-2
3.150357166E1,8.924812078E-3,-7.412672043E-3,2.972602844E-3,1.197649135E-2
3.150859666E1,-1.482728124E-2,-1.686972380E-2,7.694244385E-3,2.374104561E-2
3.151362301E1,-2.882918715E-2,-2.559900284E-3,-1.868247986E-3,2.900285283E-2
3.151864817E1,1.901632547E-2,1.163047552E-2,1.714038849E-2,2.811905960E-2
3.152367332E1,-4.873871803E-3,1.621055603E-2,2.174949646E-2,2.756043086E-2
3.152869848E1,1.417499781E-2,-1.233470440E-2,-6.928443909E-3,2.002695260E-2
3.153372853E1,-1.442280412E-2,2.109086514E-2,-6.875991821E-3,2.645980223E-2
3.153875390E1,1.424837112E-2,-7.593512535E-3,2.676010132E-3,1.636577351E-2
3.154378051E1,9.338051081E-3,-1.699334383E-2,-1.634025574E-2,2.535698898E-2
3.154880603E1,-4.979670048E-3,6.927073002E-3,1.228427887E-2,1.495610115E-2
3.155383155E1,-2.397158742E-2,6.848871708E-3,-2.580356598E-2,3.587991171E-2
3.155885593E1,-1.906570792E-2,1.157397032E-2,-6.594657898E-3,2.325827853E-2
3.156388135E1,2.859085798E-2,6.760120392E-3,2.669715881E-2,3.969728803E-2
3.156890676E1,9.371578693E-3,-2.865493298E-3,-1.625823975E-2,1.898335847E-2
3.157393468E1,-1.918119192E-2,1.138067245E-2,-1.875877380E-3,2.238206302E-2
3.157896025E1,4.737645388E-3,-1.242822409E-2,-1.863479614E-3,1.343050982E-2
3.158398583E1,-9.530693293E-3,6.697773933E-3,-6.599426270E-3,1.338830525E-2
3.158901140E1,-2.842530608E-2,6.616115570E-3,-2.553749084E-2,3.878059373E-2
3.159404400E1,-3.292652965E-2,1.794219017E-3,-1.107788086E-2,3.478642006E-2
3.159906994E1,-4.147440195E-3,-7.635176182E-3,8.002281189E-3,1.181243750E-2
3.160409588E1,1.494982839E-2,1.145082712E-2,-1.565933228E-3,1.889632127E-2
3.160912317E1,1.013904810E-2,6.588637829E-3,7.942199707E-3,1.446682346E-2
3.161414921E1,-2.787110209E-2,1.126396656E-2,-1.623153687E-3,3.010498136E-2
3.161916801E1,-8.576095104E-3,2.059221268E-2,2.213382721E-2,3.142443217E-2
3.162419332E1,-1.798126101E-2,2.039480209E-2,-1.603794098E-2,3.156721798E-2
3.162921994E1,-8.314043283E-3,-2.723419666E-2,2.208042145E-2,3.603289879E-2
3.163424536E1,1.317709684E-3,-7.930636406E-3,-1.854896545E-3,8.250575362E-3
3.163927077E1,-2.726739645E-2,-7.786989212E-3,-6.588935852E-3,2.911292129E-2
3.164430364E1,1.360952854E-3,1.805841923E-3,1.246261597E-2,1.266609863E-2
3.164932958E1,1.571199298E-2,1.770019531E-3,7.605552673E-3,1.754548728E-2
3.165435103E1,-1.289328933E-2,6.428897381E-3,-1.619625092E-2,2.167685805E-2
3.165937650E1,-3.369182348E-3,6.450295448E-3,1.717758179E-2,1.865548223E-2
3.166440197E1,6.169050932E-3,6.375730038E-3,-6.707191467E-3,1.112175977E-2
3.166943077E1,1.082420349E-2,-1.274144650E-2,7.600784302E-3,1.836517797E-2
3.167445645E1,-2.259275317E-2,-1.255536079E-2,-1.960754395E-3,2.592130665E-2
3.167948208E1,-3.442943096E-3,1.768767834E-3,1.230430603E-2,1.289877295E-2
3.168450775E1,6.150245667E-3,-1.246333122E-2,2.644252777E-2,2.987251951E-2
3.168953676E1,-8.185774088E-3,1.626563072E-2,2.146720886E-2,2.814993244E-2
3.169456275E1,6.140202284E-3,-2.833366394E-3,-3.569602966E-2,3.633093149E-2
3.169958874E1,-8.141070604E-3,-3.127276897E-2,-2.590465546E-2,4.141635286E-2
3.170461598E1,1.384049654E-3,-1.193600893E-2,-1.144599915E-2,1.659502332E-2
3.170964208E1,-3.415822983E-3,-7.057726383E-3,-1.853942871E-3,8.057074687E-3
3.171466661E1,1.092472672E-2,2.474129200E-3,-3.982830048E-2,4.137347566E-2
3.171969254E1,6.148397923E-3,-1.171016693E-2,3.172206879E-2,3.436888789E-2
3.172472218E1,1.080209017E-2,2.717196941E-3,1.246070862E-2,1.671339494E-2
3.172974848E1,1.177877188E-3,-3.056919575E-2,2.863883972E-3,3.072564002E-2
3.173477036E1,1.072779298E-2,-1.845419407E-3,1.708316803E-2,2.025649883E-2
3.173979619E1,1.544633508E-2,-1.746237278E-3,-6.810188293E-3,1.697107176E-2
3.174482202E1,1.031309366E-3,1.723998785E-2,-1.624679565E-2,2.371158259E-2
3.174984786E1,1.527896523E-2,1.712554693E-2,7.629394531E-3,2.418550800E-2
3.175488197E1,-3.886729479E-3,7.517397404E-3,-1.931190491E-3,8.680289539E-3
3.175990822E1,8.497238159E-4,1.693135500E-2,2.183151245E-2,2.764069009E-2
3.176492405E1,1.984706521E-2,-2.278387547E-3,-3.058052063E-2,3.652759627E-2
3.176994926E1,-2.783811092E-2,-1.173317432E-2,1.715946198E-2,3.474298397E-2
3.177497437E1,-8.601814508E-3,-2.110302448E-3,-1.979827881E-3,9.075478373E-3
3.177999958E1,1.522260904E-2,-6.761729717E-3,2.779960632E-3,1.688718437E-2
3.178502864E1,-1.338180900E-2,-1.617735624E-2,-1.993179321E-3,2.108915434E-2
3.179005421E1,-3.756612539E-3,1.721912622E-2,2.770423889E-3,1.784056317E-2
3.179507978E1,1.537895203E-2,-6.585657597E-3,2.737045288E-3,1.695212283E-2
3.180010536E1,1.531258225E-2,-2.074956894E-2,-6.787300110E-3,2.666621888E-2
3.180516770E1,1.989483833E-2,3.189861774E-3,-6.731033325E-3,2.124350772E-2
3.181019515E1,1.499059796E-2,-1.507401466E-3,-2.092647552E-2,2.578580354E-2
3.181522260E1,-8.918464184E-3,-2.531498671E-2,1.724243164E-2,3.190123829E-2
3.182024411E1,1.015979052E-2,-2.033019066E-2,-1.896858215E-3,2.280649177E-2
3.182527114E1,-1.845437288E-2,-1.195967197E-3,-1.137447357E-2,2.171112307E-2
3.183029536E1,-2.789425850E-2,-1.313745975E-3,2.672100067E-2,3.865006420E-2
3.183532208E1,1.978456974E-2,3.364145756E-3,-2.097988129E-2,2.903277622E-2
3.184035056E1,5.332291126E-3,-2.038228512E-2,-1.810073853E-3,2.114585639E-2
3.184537749E1,1.474618912E-2,1.304817200E-2,1.719951630E-2,2.614437314E-2
3.185040442E1,-1.390317082E-2,3.564178944E-3,2.179908752E-2,2.609984190E-2
3.185543135E1,1.945546269E-2,-2.492833138E-2,-6.875038147E-3,3.236051426E-2
3.186045265E1,1.455456018E-2,8.489966393E-3,3.117084503E-2,3.543354811E-2
3.186547926E1,-4.550993443E-3,8.390009403E-3,-1.182460785E-2,1.519622157E-2
3.187050588E1,2.419352531E-4,2.253860235E-2,2.520561218E-3,2.268039589E-2
3.187552671E1,-1.864433289E-2,-2.046447992E-2,-2.599143982E-2,3.797316199E-2
3.188055291E1,5.600452423E-4,-1.087361574E-2,1.221466064E-2,1.636297970E-2
3.188557911E1,5.368560553E-3,-1.551264524E-2,2.635383606E-2,3.104816065E-2
3.189061067E1,-1.366037130E-2,-1.051020622E-2,-1.186180115E-2,2.092301378E-2
3.189563723E1,4.333868623E-2,1.809179783E-2,-3.075408936E-2,5.613705447E-2
3.190066379E1,1.991987228E-4,1.321321726E-2,7.491111755E-3,1.519031092E-2
3.190565359E1,9.704291821E-3,-1.061904430E-2,-2.070426941E-3,1.453354910E-2
3.191067770E1,4.833102226E-3,-1.531040668E-2,2.169322968E-2,2.698821305E-2
3.191570333E1,-4.694283009E-3,8.528113365E-3,7.268905640E-3,1.214915634E-2
3.192072760E1,-4.645287991E-3,-5.716860294E-3,-1.179027557E-2,1.390222249E-2
3.192575187E1,-4.493355751E-3,3.795862198E-3,7.298469543E-3,9.373711827E-3
3.193078504E1,-9.142726660E-3,-1.051348448E-2,2.148246765E-2,2.560506245E-2
3.193580989E1,9.937375784E-3,-1.035481691E-2,2.129840851E-2,2.568259870E-2
3.194083536E1,-3.761723638E-2,1.829081774E-2,4.011058807E-2,5.795230592E-2
3.194586025E1,6.425380707E-4,-8.364319801E-4,1.789093018E-3,2.076855184E-3
3.195088515E1,-2.784061432E-2,8.735656738E-3,1.769065857E-3,2.923253493E-2
3.195591004E1,8.407235146E-4,-1.036393642E-2,-7.739067078E-3,1.296191164E-2
3.196097291E1,-4.008799791E-3,-1.975566149E-2,-7.670402527E-3,2.156830340E-2
3.196599973E1,5.583345890E-3,4.221796989E-3,6.631851196E-3,9.642550048E-3
3.197102655E1,1.984405518E-2,-5.433559418E-4,2.081871033E-2,2.876630774E-2
3.197605114E1,1.014006138E-2,-2.436631918E-2,-1.733493805E-2,3.157591538E-2
3.198107780E1,-1.847711205E-2,4.242539406E-3,1.130771637E-2,2.207413101E-2
3.198610447E1,-2.786183357E-2,8.870363235E-3,2.071762085E-2,3.583552605E-2
3.199109817E1,-3.829091787E-3,-1.972550154E-2,6.298065186E-3,2.105761097E-2
3.199612265E1,-2.757817507E-2,-5.351960659E-3,-7.996559143E-3,2.920863196E-2
3.200114520E1,5.907505751E-3,-5.346357822E-3,6.317138672E-3,1.016800901E-2
3.200616947E1,1.067996025E-3,8.857965469E-3,6.272315979E-3,1.090624204E-2
3.201119374E1,-1.322501898E-2,8.695840836E-3,6.227493286E-3,1.700883439E-2
3.201622478E1,-8.353233337E-3,1.808351278E-2,-3.319740295E-3,2.019432141E-2
3.202124952E1,2.971085906E-2,-5.893051624E-3,-3.287315369E-3,3.046751788E-2
3.202627426E1,5.730599165E-3,1.311570406E-2,-3.174877167E-2,3.482593807E-2
3.203129900E1,-2.284684777E-2,-3.926390409E-2,-2.198314667E-2,5.046673514E-2
3.203636442E1,-1.320174336E-2,2.281117439E-2,1.943588257E-3,2.642750916E-2
3.204139119E1,-1.778203249E-2,8.343756199E-3,-2.821922302E-3,1.984394599E-2
3.204641536E1,3.455767035E-2,8.291542530E-3,1.619625092E-2,3.905509956E-2
3.205144187E1,-3.763437271E-3,3.442168236E-3,-1.242637634E-2,1.343230476E-2
3.205646838E1,1.051992178E-2,1.287877560E-2,1.617050171E-2,2.319518788E-2
3.206149489E1,1.044201851E-2,3.653144836E-2,-1.245689392E-2,3.998445543E-2
3.206648608E1,-1.338422298E-2,-6.538271904E-3,1.893997192E-3,1.501578002E-2
3.207151083E1,-1.326611638E-2,7.678568363E-3,-2.865791321E-3,1.559368513E-2
3.207653650E1,1.529684663E-2,-1.867115498E-3,-2.658367157E-2,3.072736942E-2
3.208156129E1,5.630612373E-3,2.914965153E-3,2.587223053E-2,2.663781391E-2
3.208658744E1,1.509389281E-2,2.906322479E-3,1.140880585E-2,1.914244398E-2
3.209161239E1,-4.012644291E-3,1.719510555E-2,1.605796814E-2,2.386695016E-2
3.209663734E1,7.826089859E-4,1.706790924E-2,1.676559448E-3,1.716790186E-2
3.210166228E1,-4.189857841E-2,-6.901264191E-3,3.490352631E-2,5.496703074E-2
3.210672723E1,1.070091128E-2,-1.632654667E-2,4.410743713E-2,4.823413355E-2
3.211175416E1,5.925238132E-3,-6.777465343E-3,1.525115967E-2,1.770989426E-2
3.211677806E1,5.889445543E-3,2.741456032E-3,8.802413940E-4,6.555606371E-3
3.212180468E1,-2.744039893E-2,-6.758391857E-3,1.037120819E-2,3.010337711E-2
3.212683082E1,1.286536455E-3,2.650856972E-2,1.028633118E-2,2.846345119E-2
3.213185739E1,1.548019052E-2,7.314324379E-3,-8.792877197E-3,1.924708625E-2
3.213688265E1,5.871325731E-3,2.469062805E-3,1.502418518E-2,1.631854397E-2
3.214190911E1,-4.165184498E-2,-2.142781019E-2,-4.087448120E-3,4.701844821E-2
3.214693379E1,6.139338017E-3,-2.133107185E-2,-8.794784546E-3,2.387581062E-2
3.215196004E1,1.559919119E-2,-2.108258009E-2,2.451324463E-2,3.589859484E-2
3.215698629E1,-3.565609455E-3,1.705157757E-2,1.006698608E-2,2.011999198E-2
3.216201254E1,1.220285892E-3,-1.165986061E-2,-1.375484467E-2,1.807310706E-2
3.216700968E1,1.536372304E-2,-1.164281368E-2,-1.363086700E-2,2.360931239E-2
3.217203447E1,2.464357018E-2,-1.976490021E-3,-4.020690918E-3,2.504751524E-2
3.217705958E1,2.440086007E-2,1.240974665E-2,5.503654480E-3,2.792300121E-2
3.218208442E1,-1.846963167E-2,-1.136577129E-2,7.019042969E-4,2.169794278E-2
3.218710926E1,-1.365610957E-2,-1.119774580E-2,-1.354980469E-2,2.225929124E-2
3.219213411E1,1.491153240E-2,3.162980080E-3,-3.939628601E-3,1.574417083E-2
3.219715931E1,1.489877701E-2,-6.384789944E-3,-1.815605164E-2,2.433888473E-2
3.220218416E1,1.488620043E-2,1.268988848E-2,-1.326370239E-2,2.363383240E-2
3.220721145E1,3.856784105E-2,-6.436288357E-3,1.090049744E-3,3.911639528E-2
3.221223655E1,9.715437889E-3,-1.660287380E-3,1.058197021E-2,1.446113347E-2
3.221726166E1,-2.839353681E-2,-1.111763716E-2,2.473926544E-2,3.926609279E-2
3.222228676E1,-9.199649096E-3,3.173500299E-2,-1.345443726E-2,3.567584393E-2
3.222734838E1,-9.208709002E-3,-1.747608185E-3,-8.590698242E-3,1.271434435E-2
3.223237530E1,-2.346581221E-2,-6.560981274E-3,-3.761291504E-3,2.465437348E-2
3.223740327E1,1.003283262E-2,-1.127982140E-2,-2.272605896E-2,2.728306905E-2
3.224243030E1,-1.842638850E-2,2.213227749E-2,-3.553390503E-3,2.901716878E-2
3.224745442E1,-1.351228356E-2,2.672338486E-2,-1.302242279E-2,3.265431979E-2
3.225248114E1,-3.948688507E-3,7.487356663E-3,1.335144043E-3,8.569437574E-3
3.225750786E1,-1.345872879E-2,-1.153647900E-2,-8.172988892E-3,1.951987386E-2
3.226252504E1,-8.585721254E-3,-6.612718105E-3,-1.285934448E-2,1.681681869E-2
3.226755114E1,5.743712187E-3,1.241242886E-2,6.242752075E-3,1.503431320E-2
3.227257723E1,1.045686007E-2,1.703369617E-2,-1.755046844E-2,2.659909153E-2
3.227760796E1,1.037910581E-2,2.625107765E-3,-1.740360260E-2,2.043287575E-2
3.228263437E1,-1.354378462E-2,-1.161164045E-2,1.738548279E-3,1.792447617E-2
3.228766077E1,-3.924310207E-3,-1.935482025E-3,-7.778167725E-3,8.924471661E-3
3.229268718E1,8.213520050E-4,7.603347301E-3,-1.246166229E-2,1.462116741E-2
3.229768541E1,1.027628779E-2,-2.092540264E-2,3.037834167E-2,3.829253464E-2
3.230271041E1,-2.313905954E-2,3.019630909E-3,-1.260852814E-2,2.652374840E-2
3.230773145E1,2.914553881E-2,3.151363134E-2,-1.249885559E-2,4.470786043E-2
3.231275603E1,-9.071916342E-3,-1.620566845E-2,1.609325409E-2,2.457470617E-2
3.231778062E1,-8.976370096E-3,-1.853704453E-3,6.463050842E-3,1.121527826E-2
3.232281265E1,-1.838171482E-2,-2.085834742E-2,3.015232086E-2,4.101366297E-2
3.232783775E1,1.492458582E-2,3.135144711E-3,1.565456390E-2,2.185492542E-2
3.233286624E1,-1.842862368E-2,2.213352919E-2,-3.472328186E-3,2.900972850E-2
3.233789166E1,5.481481552E-3,-1.126241684E-2,-2.243995667E-2,2.569903360E-2
3.234291515E1,-3.992080688E-3,7.850706577E-3,6.233215332E-3,1.078996179E-2
3.234794036E1,2.929499745E-2,-1.632273197E-3,6.175994873E-3,2.998339714E-2
3.235296181E1,-1.367104053E-2,-6.391286850E-3,1.377105713E-3,1.515395384E-2
3.235798666E1,-8.845567703E-3,3.186404705E-3,1.086235046E-2,1.436620689E-2
3.236301150E1,5.488544703E-3,1.268410683E-2,-8.225440979E-3,1.608317656E-2
3.236804353E1,-4.035860300E-3,-3.493368626E-2,-8.155822754E-3,3.609941895E-2
3.237306885E1,-1.348397136E-2,2.711480856E-2,-3.342628479E-3,3.046643222E-2
3.237809702E1,1.038309932E-2,-1.572787762E-3,-1.281452179E-2,1.656787197E-2
3.238312260E1,-3.936529160E-3,4.120594263E-2,-3.213882446E-3,4.151812869E-2
3.238814853E1,-8.636415005E-3,-1.899182796E-3,1.562118530E-3,8.979686728E-3
3.239317416E1,5.697041750E-3,-1.135414839E-2,-1.744747162E-2,2.158210454E-2
3.239819978E1,2.941143513E-2,7.757842541E-3,1.118564606E-2,3.240887710E-2
3.240322541E1,-1.829254627E-2,-3.027665615E-2,4.907798767E-2,6.049745474E-2
3.240828608E1,-1.342701912E-2,1.263368130E-2,5.939483643E-3,1.936936270E-2
3.241331348E1,2.468630672E-2,1.250445843E-2,1.063919067E-2,2.964738771E-2
3.241833734E1,1.974898577E-2,2.876520157E-3,1.055145264E-2,2.257498527E-2
3.242336437E1,-1.368653774E-2,2.874791622E-3,1.046371460E-2,1.746639818E-2
3.242839140E1,1.488399506E-2,-1.137012243E-2,-3.869056702E-3,1.912544360E-2
3.243341489E1,5.286753178E-3,2.937614918E-3,-2.283000946E-2,2.361755010E-2
3.243844166E1,-4.282057285E-3,1.717752218E-2,-3.645896912E-3,1.807472952E-2
3.244346530E1,-1.857444644E-2,3.594624996E-2,-2.260017395E-2,4.634555868E-2
3.244849176E1,5.395472050E-3,-7.068753242E-3,-8.171081543E-3,1.207662886E-2
3.245351822E1,-4.025310278E-3,1.200747490E-2,-1.760768890E-2,2.168901300E-2
3.245854468E1,1.976856589E-2,7.130324841E-3,1.103115082E-2,2.373444792E-2
3.246353796E1,-4.168957472E-3,3.083366156E-2,6.190299988E-3,3.172403986E-2
3.246856275E1,1.477441192E-2,6.856918335E-3,-1.285266876E-2,2.074829320E-2
3.247358754E1,2.891156077E-2,1.152163744E-2,6.249427795E-3,3.174400453E-2
3.247861234E1,-1.885116100E-2,6.701946259E-3,-3.299713135E-3,2.027733862E-2
3.248367869E1,2.628564835E-4,6.618916988E-3,1.572513580E-2,1.706338336E-2
3.248870556E1,5.027294159E-3,6.430685520E-3,1.356124878E-3,8.274447263E-3
3.249373244E1,-4.496634007E-3,-1.259249449E-2,-3.405570984E-3,1.379813569E-2
3.249875681E1,2.042055130E-4,-7.717370987E-3,6.122589111E-3,9.853203148E-3
3.250378353E1,-9.327948093E-3,-7.683157921E-3,-3.421783447E-3,1.255986199E-2
3.250881025E1,3.684461117E-4,1.847684383E-3,1.084804535E-2,1.101043950E-2
3.251382416E1,-2.325898409E-2,6.449997425E-3,-1.298236847E-2,2.740665428E-2
3.251885004E1,-1.835328341E-2,1.516520977E-3,2.987289429E-2,3.509319964E-2
3.252387593E1,-1.833707094E-2,-1.272034645E-2,-1.310729980E-2,2.588158984E-2
3.252893244E1,7.794797421E-4,-1.264750957E-2,-8.245468140E-3,1.511803003E-2
3.253396036E1,8.398294449E-4,6.423950195E-3,-8.178710938E-3,1.043377986E-2
3.253898827E1,5.548059940E-3,-1.265400648E-2,1.390457153E-3,1.388662019E-2
3.254401619E1,1.026880741E-2,-7.882177830E-3,1.087951660E-2,1.690979049E-2
3.254905609E1,-1.828598976E-2,-7.849395275E-3,2.503490448E-2,3.198025750E-2
3.255408458E1,-8.669763803E-3,6.483018398E-3,-3.215599060E-2,3.392936875E-2
3.255911306E1,-8.582174778E-3,1.652896404E-3,-3.396034241E-3,9.376504626E-3
3.256414155E1,1.055040956E-2,2.060568333E-2,-8.117675781E-3,2.453165276E-2
3.256912145E1,5.783647299E-3,1.560479403E-2,6.196975708E-3,1.775845378E-2
3.257414744E1,1.002341509E-3,-1.299160719E-2,1.395225525E-3,1.310470145E-2
3.257913958E1,-1.318162680E-2,6.132781506E-3,1.087570190E-2,1.815618864E-2
3.258416192E1,1.074427366E-2,-8.143901825E-3,1.283645630E-3,1.354290588E-2
3.258919275E1,1.179695129E-3,-3.307342529E-3,-8.226394653E-3,8.944482333E-3
3.259421598E1,2.013736963E-2,2.048057318E-2,-3.409385681E-3,2.892389054E-2
3.259923921E1,-3.751009703E-3,6.033360958E-3,6.116867065E-3,9.374837649E-3
3.260426244E1,5.850762129E-3,-1.299005747E-2,6.061553955E-3,1.548274675E-2
3.260936088E1,2.017122507E-2,-2.240717411E-2,1.257896423E-3,3.017518974E-2
3.261438786E1,-3.769218922E-3,-2.219897509E-2,1.549243927E-2,2.733161504E-2
3.261941484E1,-3.220707178E-2,2.549272776E-2,-4.162120819E-2,5.847648769E-2
3.262444181E1,1.561319828E-2,2.050721645E-2,-8.036613464E-3,2.699824148E-2
3.262946879E1,-3.495812416E-3,-1.292741299E-2,-7.968902588E-3,1.558339242E-2
3.263448187E1,1.074540615E-2,1.399397850E-3,2.059173584E-2,2.326889883E-2
3.263950832E1,2.491611242E-2,-2.227509022E-2,-2.232170105E-2,4.019018089E-2
3.264453478E1,-1.336818933E-2,6.481468678E-3,-7.890701294E-3,1.682204177E-2
3.264953202E1,-2.278751135E-2,1.756250858E-3,-3.079414368E-3,2.306161060E-2
3.265455640E1,-3.534317017E-3,-2.980589867E-3,-2.205276489E-2,2.253219368E-2
3.265957593E1,2.495831251E-2,-2.882599831E-3,1.611614227E-2,2.984889926E-2
3.266459978E1,2.466747165E-2,-2.679288387E-3,-3.019332886E-3,2.499558191E-2
3.266960827E1,-1.356381178E-2,-1.692444086E-2,2.075099945E-2,3.001695632E-2
3.267463056E1,5.611717701E-3,-7.259190083E-3,6.327629089E-3,1.114567657E-2
3.267966004E1,1.032683253E-2,-2.471923828E-3,-3.221511841E-3,1.109648666E-2
3.268468306E1,1.970577240E-2,7.018983364E-3,6.304740906E-3,2.184795989E-2
3.268970093E1,1.011234522E-2,-3.099977970E-2,2.524185181E-2,4.123586970E-2
3.269472343E1,-4.198193550E-3,1.676875353E-2,-1.295948029E-2,2.160472294E-2
3.269974593E1,1.964989305E-2,2.408802509E-3,1.389503479E-3,1.984568835E-2
3.270476843E1,1.005956531E-2,-2.334415913E-3,1.561832428E-2,1.872368567E-2
3.270979093E1,1.473626494E-2,-7.032990456E-3,-8.256912231E-3,1.829746045E-2
3.271481343E1,2.412220836E-2,1.679849625E-2,1.305580139E-3,2.942405396E-2
3.271991400E1,-4.554748535E-3,-2.359628677E-3,2.028942108E-2,2.092783289E-2
3.272493911E1,-1.869603992E-2,-1.191258430E-2,-1.786613464E-2,2.847192197E-2
3.272996421E1,-1.372572780E-2,-7.140457630E-3,6.027221680E-3,1.660449156E-2
3.273498931E1,7.031559944E-4,2.441108227E-3,-1.302146912E-2,1.326695503E-2
3.274001442E1,-8.782655001E-3,-7.154583931E-3,-1.765727997E-2,2.097862331E-2
3.274500093E1,-2.293828130E-2,7.021307945E-3,-3.256797791E-3,2.420888775E-2
3.275002447E1,-3.736525774E-3,-2.630364895E-2,1.520156860E-3,2.661117152E-2
3.275504801E1,5.811125040E-3,2.428591251E-3,1.505851746E-3,6.475709936E-3
3.276007202E1,-3.673017025E-3,-1.191097498E-2,1.099205017E-2,1.661889124E-2
3.276509562E1,1.067054272E-2,-1.173567772E-2,-8.102416992E-3,1.781111379E-2
3.277012400E1,-3.651559353E-3,-1.161116362E-2,-3.288269043E-3,1.260816083E-2
3.277514806E1,-8.354336023E-3,-2.044975758E-3,1.098537445E-2,1.395189263E-2
3.278017775E1,-3.206720948E-2,7.495522499E-3,-3.351211548E-3,3.310165253E-2
3.278520239E1,1.344382763E-3,2.661764622E-3,-3.317832947E-3,4.460983230E-3
3.279022702E1,1.396000385E-3,-2.592843771E-2,1.095676422E-2,2.818303357E-2
3.279531140E1,6.202667952E-3,4.558873177E-2,-8.135795593E-3,4.672255048E-2
3.280034004E1,-1.282927394E-2,2.495944500E-3,-3.321647644E-3,1.348530132E-2
3.280536869E1,-2.701255679E-2,-2.123880386E-2,6.202697754E-3,3.491759547E-2
3.281037088E1,-2.208378911E-2,7.406055927E-3,-1.758766174E-2,2.918679927E-2
3.281539775E1,1.614946127E-2,-2.112066746E-2,-4.118824005E-2,4.902406360E-2
3.282042463E1,6.578803062E-3,1.701748371E-2,-2.858161926E-3,1.846738994E-2
3.282546749E1,1.122951508E-2,1.684975624E-2,-7.578849792E-3,2.162071364E-2
3.283049546E1,-1.259481907E-2,-7.009863853E-3,-7.517814636E-3,1.625685073E-2
3.283553999E1,-1.728203893E-2,-6.873667240E-3,-2.645206451E-2,3.233616996E-2
3.284056963E1,-7.639676332E-3,-6.888926029E-3,-3.097534180E-2,3.263883815E-2
3.284559926E1,1.980185509E-3,-1.619917154E-2,-2.123165131E-2,2.677904611E-2
3.285059775E1,-2.780944109E-3,1.240366697E-2,-1.630496979E-2,2.067454097E-2
3.285562536E1,-1.219630241E-2,-6.667792797E-3,-2.092266083E-2,2.511905630E-2
3.286063489E1,1.160597801E-2,-1.840412617E-3,-1.753807068E-3,1.188114824E-2
3.286566062E1,6.666779518E-3,2.194088697E-2,2.200603485E-2,3.178229130E-2
3.287068635E1,2.091094851E-2,7.592797279E-3,-1.617240906E-2,2.750391160E-2
3.287570577E1,1.593559980E-2,-1.988053322E-3,2.960205078E-3,1.632968191E-2
3.288073108E1,-3.292590380E-3,-1.994550228E-3,-2.554893494E-2,2.583732684E-2
3.288575640E1,1.568856835E-2,7.488310337E-3,-6.338119507E-3,1.850345177E-2
3.289079171E1,2.505946159E-2,-1.159375906E-2,2.220630646E-2,3.543320351E-2
3.289581765E1,1.112580299E-3,-6.670951843E-3,3.022193909E-3,7.407637237E-3
3.290084359E1,-8.441179991E-3,-2.558338642E-2,7.746696472E-3,2.803166935E-2
3.290587739E1,5.878657103E-3,3.158599138E-2,-1.131057739E-2,3.406116002E-2
3.291090390E1,-3.663510084E-3,7.606208324E-3,3.026962280E-3,8.968735243E-3
3.291593041E1,-3.577619791E-3,7.568657398E-3,-1.124858856E-2,1.402193577E-2
3.292095692E1,2.489820123E-2,2.780318260E-3,2.683448792E-2,3.671158313E-2
3.292601515E1,5.599409342E-3,-1.610952616E-2,7.614135742E-3,1.867740028E-2
3.293104322E1,-1.343798637E-2,2.678674459E-2,2.799987793E-3,3.009898828E-2
3.293607129E1,2.941685915E-2,-1.140153408E-2,1.702022552E-2,3.584738008E-2
3.294108306E1,5.487143993E-3,-1.735210419E-3,-1.636886597E-2,1.735106560E-2
3.294610999E1,1.494470239E-2,3.154140711E-2,-1.623439789E-2,3.849363800E-2
3.295113692E1,-9.016245604E-3,7.607758045E-3,2.894401550E-3,1.214694314E-2
3.295616619E1,5.158632994E-3,-1.142978668E-2,2.661800385E-2,2.942396382E-2
3.296119327E1,-1.867884398E-2,2.834737301E-3,3.590106964E-2,4.056872871E-2
3.296620770E1,5.170702934E-3,2.835571766E-3,1.660919189E-2,1.762503593E-2
3.297123353E1,5.133837461E-3,2.833724022E-3,-3.101634979E-2,3.156580798E-2
3.297625937E1,-9.203076363E-3,1.233112812E-2,-2.265930176E-3,1.555274171E-2
3.298128520E1,5.122214556E-3,-2.096652985E-3,-2.123641968E-2,2.194580954E-2
3.298631671E1,2.877995372E-2,-1.166105270E-2,2.168464661E-2,3.787465887E-2
3.299134280E1,-1.893824339E-2,2.650737762E-3,-1.173400879E-2,2.243591843E-2
3.299636890E1,2.170801163E-4,1.204538345E-2,7.362365723E-3,1.411888152E-2
3.300138499E1,4.970639944E-3,7.268428802E-3,1.204490662E-2,1.492035838E-2
3.300641041E1,2.394616604E-4,2.479493618E-3,-1.180171967E-2,1.206175019E-2
3.301143843E1,-1.400077343E-2,-1.656693220E-2,2.544403076E-3,2.183938841E-2
3.301646411E1,-9.018272161E-3,-7.020652294E-3,-1.647090912E-2,2.004768412E-2
3.302148978E1,-1.362586021E-2,-2.250969410E-3,7.408142090E-3,1.567199729E-2
3.302649832E1,-4.058957100E-3,-1.181310415E-2,-2.113723755E-2,2.455213583E-2
3.303152286E1,7.281601429E-4,-1.174473763E-2,-1.965522766E-3,1.193031260E-2
3.303654739E1,5.527198315E-3,-6.928682327E-3,-1.144695282E-2,1.447719893E-2
3.304157192E1,1.023155451E-2,-2.202093601E-3,-1.134681702E-2,1.543645621E-2
3.304663978E1,1.960310340E-2,-1.166462898E-2,1.723957062E-2,2.859279677E-2
3.305166640E1,3.542304039E-4,2.643650770E-2,1.235103607E-2,2.918154401E-2
3.305669301E1,-9.140014648E-3,-2.129966021E-2,-1.624107361E-2,2.830172900E-2
3.306171963E1,9.987711906E-3,2.589285374E-3,-1.861572266E-3,1.048447610E-2
3.306669374E1,-1.382884383E-2,-2.162933350E-3,-1.134490967E-2,1.801727443E-2
3.307171754E1,-4.158675671E-3,1.681792736E-2,2.198791504E-2,2.799295754E-2
3.307674629E1,5.330920219E-3,-2.298235893E-3,-1.143360138E-2,1.282294191E-2
3.308177062E1,-1.369771361E-2,-1.170647144E-2,-1.609134674E-2,2.415782010E-2
3.308679494E1,6.654262543E-4,2.659618855E-3,-2.545642853E-2,2.560363486E-2
3.309186103E1,6.667673588E-4,2.658128738E-3,-1.574897766E-2,1.598563494E-2
3.309688812E1,6.714165211E-4,-1.633989811E-2,-1.561927795E-2,2.261426351E-2
3.310191520E1,5.369722843E-3,-6.789445877E-3,8.260726929E-3,1.196537121E-2
3.310694228E1,-1.835864782E-2,-6.763815880E-3,-1.080322266E-2,2.234946923E-2
3.311189614E1,-1.345002651E-2,1.230710745E-2,-1.071548462E-2,2.114686070E-2
3.311691958E1,1.521202922E-2,-2.106559277E-2,-1.130104065E-3,2.600850182E-2
3.312194301E1,-1.340159774E-2,-1.142114401E-2,1.312637329E-2,2.196240033E-2
3.312696645E1,-3.840416670E-3,-2.554786205E-2,8.269309998E-3,2.712606760E-2
3.313202916E1,5.696028471E-3,1.737093925E-2,1.295089722E-2,2.240357136E-2
3.313705458E1,1.990467310E-2,2.999663353E-3,-1.404762268E-3,2.017838815E-2
3.314208286E1,1.020073891E-2,2.993822098E-3,3.355979919E-3,1.114812299E-2
3.314710853E1,1.012960076E-2,-1.125991344E-2,-2.041625977E-2,2.542082070E-2
3.315213754E1,1.955279708E-2,2.678966522E-2,1.774406433E-2,3.761448996E-2
3.315716358E1,-1.389071345E-2,1.714068651E-2,2.234172821E-2,3.139916995E-2
3.316218963E1,1.942017674E-2,-6.722331047E-3,1.265907288E-2,2.413680023E-2
3.316718056E1,4.923939705E-3,1.709342003E-2,1.255607605E-2,2.177349848E-2
3.317220426E1,4.790097475E-3,2.725541592E-3,-1.128864288E-2,1.256212836E-2
3.317723145E1,8.970499039E-6,1.217085123E-2,-1.594161987E-2,2.005654368E-2
3.318225551E1,7.107853889E-5,-2.114975452E-2,3.180503845E-3,2.138767807E-2
3.318727958E1,4.877954721E-3,-6.705105305E-3,1.264667511E-2,1.512254181E-2
3.319230364E1,9.593099356E-3,-2.567183971E-2,1.254272461E-2,3.013952306E-2
3.319732770E1,9.420394897E-3,-1.694858074E-3,3.143501282E-2,3.285995153E-2
3.320242635E1,4.502534866E-3,-1.596027613E-2,-2.059936523E-3,1.671067242E-2
3.320745338E1,-1.457333565E-2,1.743543148E-2,1.695251465E-2,2.835073431E-2
3.321244734E1,-1.444455981E-2,3.067791462E-3,-1.168155670E-2,1.882857986E-2
3.321747103E1,1.417425275E-2,7.762491703E-3,-1.158332825E-2,1.988313888E-2
3.322249473E1,2.830907702E-2,-1.775801182E-3,-1.623725891E-2,3.268341917E-2
3.322751843E1,9.086757898E-3,2.959311008E-3,2.893447876E-3,9.984925205E-3
3.323255135E1,4.273414612E-3,7.652401924E-3,1.236724854E-2,1.515817153E-2
3.323757551E1,-5.306422710E-3,2.866268158E-3,-1.980781555E-3,6.348000528E-3
3.324259968E1,-2.429684997E-2,-1.138204336E-2,1.703071594E-2,3.177944485E-2
3.324765239E1,1.396000385E-2,7.673501968E-3,7.390975952E-3,1.756106106E-2
3.325267833E1,-1.463934779E-2,2.662718296E-2,-2.169609070E-3,3.046349585E-2
3.325772192E1,4.432916641E-3,-6.810486317E-3,1.209449768E-2,1.457087327E-2
3.326274973E1,-2.888378501E-2,-6.732642651E-3,2.497673035E-3,2.976306241E-2
3.326777754E1,-1.469552517E-4,1.709216833E-2,-2.273559570E-3,1.724334327E-2
3.327280536E1,4.729607701E-2,-1.151758432E-2,-2.253532410E-3,4.873040178E-2
3.327783317E1,-3.391402960E-2,-2.559435368E-2,2.513885498E-3,4.256233034E-2
3.328286400E1,-3.863275051E-4,3.084301949E-3,-1.650047302E-2,1.679070509E-2
3.328789192E1,-5.070865154E-3,-6.466507912E-3,2.630233765E-3,8.628298073E-3
3.329291984E1,4.484057426E-3,-1.119440794E-2,-2.139091492E-3,1.224733655E-2
3.329794775E1,1.865959167E-2,3.160178661E-3,-2.120018005E-3,1.904367525E-2
3.330294458E1,2.801057696E-2,-6.339848042E-3,1.214122772E-2,3.118004980E-2
3.330797098E1,-6.523430347E-4,-1.576060057E-2,2.538681030E-3,1.597707680E-2
3.331299739E1,-5.368292332E-4,3.390610218E-3,7.259368896E-3,8.030122045E-3
3.331799129E1,-2.906468511E-2,-1.096266508E-2,1.670265198E-2,3.526917250E-2
3.332301530E1,-5.069673061E-3,-6.254613400E-3,-2.423286438E-3,8.407977812E-3
3.332801010E1,1.402831078E-2,-1.103067398E-2,-2.139472961E-2,2.786043300E-2
3.333303124E1,9.176760912E-3,-1.472830772E-3,2.527236938E-3,9.631671603E-3
3.333805239E1,-4.859566689E-4,3.256797791E-3,1.200962067E-2,1.245286611E-2
3.334307353E1,-1.471322775E-2,1.744401455E-2,-7.083892822E-3,2.389464902E-2
3.334809468E1,9.166151285E-3,-1.122349501E-2,-2.275466919E-3,1.466843275E-2
3.335318004E1,-5.144387484E-3,-1.115894318E-2,-1.175212860E-2,1.700291922E-2
3.335820379E1,9.148806334E-3,-2.533501387E-2,1.683807373E-2,3.176608745E-2
3.336323562E1,-5.161464214E-3,8.086919785E-3,1.669883728E-2,1.925850853E-2
3.336826015E1,-5.101859570E-4,3.653103113E-2,1.181697845E-2,3.839814455E-2
3.337326473E1,1.375117898E-2,1.725560427E-2,-2.529144287E-3,2.220917317E-2
3.337828718E1,-1.003926992E-2,-1.135861874E-2,-1.200962067E-2,1.934001419E-2
3.338330041E1,-2.893778682E-2,1.255321503E-2,1.182746887E-2,3.368779799E-2
3.338832192E1,1.874536276E-2,3.029048443E-3,2.228736877E-3,1.911886575E-2
3.339334687E1,4.407346249E-3,-1.772999763E-3,3.544902802E-2,3.576593094E-2
3.339836874E1,-9.807914495E-3,1.250815392E-2,-3.133010864E-2,3.513153581E-2
3.340339062E1,-9.762465954E-3,-1.126599312E-2,-2.157497406E-2,2.622418441E-2
3.340841249E1,-4.868805408E-3,2.203929424E-2,-1.189899445E-2,2.551512935E-2
3.341343437E1,2.372333407E-2,-6.609141827E-3,-2.130126953E-2,3.256104143E-2
3.341845624E1,-2.529919147E-4,-1.836001873E-3,2.622604370E-3,3.211379994E-3
3.342347812E1,-9.738862514E-3,-1.846015453E-3,-2.146720886E-3,1.014207211E-2
3.342856010E1,-9.608268738E-5,-6.607174873E-3,2.617835999E-3,7.107535227E-3
3.343358369E1,-2.857083082E-2,2.914726734E-3,1.684284210E-2,3.329368312E-2
3.343861728E1,-4.578024149E-3,1.241159439E-2,-2.128696442E-2,2.506273797E-2
3.344364187E1,-1.887980103E-2,-2.095615864E-2,-1.160621643E-2,3.050101198E-2
3.344863994E1,-2.345889807E-2,7.733643055E-3,2.647686005E-2,3.620985020E-2
3.345366187E1,4.847347736E-4,1.234382391E-2,2.518653870E-3,1.260748087E-2
3.345868379E1,-2.330145240E-2,-2.097398043E-2,-6.999015808E-3,3.212244949E-2
3.346371317E1,1.494440436E-2,3.019690514E-3,7.297515869E-3,1.690288409E-2
3.346873562E1,-4.210650921E-3,-1.117706299E-2,-1.650905609E-2,2.037658586E-2
3.347376072E1,5.847811699E-4,3.186464310E-3,-1.162528992E-2,1.206825959E-2
3.347878343E1,1.014682651E-2,-1.581418514E-2,2.712249756E-3,1.898427872E-2
3.348380614E1,-2.316549420E-2,8.085072041E-3,-2.105426788E-2,3.233095587E-2
3.348882885E1,-1.821228862E-2,1.279121637E-2,-1.886367798E-3,2.233519770E-2
3.349385155E1,1.513889432E-2,-1.432538033E-3,-1.137351990E-2,1.898934547E-2
3.349892692E1,-1.831623912E-2,-1.345634460E-3,2.966880798E-3,1.860370203E-2
3.350395176E1,-3.958344460E-3,3.490805626E-3,-2.080345154E-2,2.146247448E-2
3.350897661E1,-1.346272230E-2,8.338510990E-3,2.684879303E-2,3.117103374E-2
3.351402796E1,-8.645892143E-3,-1.148462296E-3,-1.869201660E-3,8.919884049E-3
3.351905458E1,1.982170343E-2,-1.060849428E-2,7.646560669E-3,2.374678858E-2
3.352408119E1,2.441930771E-2,8.547782898E-3,7.576942444E-3,2.695880632E-2
3.352912103E1,9.926348925E-3,-1.529049873E-2,7.517814636E-3,1.971926194E-2
3.353414848E1,-2.343657613E-2,-1.039016247E-2,7.454872131E-3,2.669838376E-2
3.353917593E1,2.900636196E-2,8.712112904E-3,2.642631531E-3,3.040153692E-2
3.354419161E1,1.459136605E-2,3.907382488E-3,2.615928650E-3,1.533031911E-2
3.354921822E1,-4.409909248E-3,8.543789387E-3,-2.155303955E-3,9.853373625E-3
3.355424484E1,-1.860451698E-2,1.308703423E-2,1.211547852E-2,2.577175463E-2
3.355926760E1,1.000398397E-2,-6.150186062E-3,-4.020881653E-2,4.188858330E-2
3.356429395E1,5.079686642E-3,1.286643744E-2,-6.628036499E-3,1.533881666E-2
3.356932030E1,-2.349761128E-2,-1.409232616E-3,-3.506660461E-2,4.223494326E-2
3.357434666E1,-2.813947201E-2,3.319323063E-3,1.271724701E-2,3.105762647E-2
3.357936713E1,-8.948355913E-3,-1.098573208E-2,2.211189270E-2,2.626204831E-2
3.358439317E1,5.382776260E-3,-6.175339222E-3,-1.131057739E-2,1.396560975E-2
3.358941921E1,2.914643288E-2,1.288932562E-2,3.024101257E-3,3.201241092E-2
3.359444525E1,4.206001759E-4,2.230286598E-2,-1.124858856E-2,2.498250348E-2
3.359943494E1,9.822696447E-3,3.144025803E-3,-6.403923035E-3,1.214003682E-2
3.360445905E1,-1.404193044E-2,-1.105511189E-2,-6.353378296E-3,1.896725402E-2
3.360947812E1,5.074143410E-3,1.755362749E-2,-1.105117798E-2,2.135428070E-2
3.361450171E1,3.466904163E-4,3.130495548E-3,2.702808380E-2,2.721098143E-2
3.361952530E1,9.955942631E-3,1.262146235E-2,-1.694679260E-3,1.616459227E-2
3.362457702E1,-9.112238884E-3,1.248675585E-2,-6.426811218E-3,1.674084441E-2
3.362960254E1,-2.321803570E-2,2.853512764E-3,1.261997223E-2,2.657975575E-2
3.363462806E1,-2.301228046E-2,1.229423285E-2,-1.122570038E-2,2.840298510E-2
3.363962421E1,1.992833614E-2,7.513523102E-3,-3.013038635E-2,3.689758519E-2
3.364464775E1,1.022619009E-2,7.366299629E-3,-2.512359619E-2,2.810751536E-2
3.364967129E1,-8.937180042E-3,1.671206951E-2,8.335113525E-3,2.070363668E-2
3.365473473E1,1.019951701E-2,-7.257878780E-3,-1.072597504E-2,1.648494744E-2
3.365976098E1,2.917307615E-2,1.656329632E-2,5.108928680E-2,6.111895273E-2
3.366478723E1,2.889457345E-2,2.593779564E-2,-1.568794250E-3,3.886034911E-2
3.366985963E1,-1.417702436E-2,-1.224559546E-2,-1.551628113E-3,1.879761096E-2
3.367488895E1,-9.400546551E-3,2.171635628E-3,3.210067749E-3,1.016812725E-2
3.367991827E1,1.923704147E-2,1.166588068E-2,-6.318092346E-3,2.336824400E-2
3.368494760E1,-1.884937286E-2,1.158905029E-2,-1.101875305E-2,2.471877551E-2
3.368997692E1,-4.430025816E-3,2.100473642E-2,8.065223694E-3,2.293189731E-2
3.369494286E1,-1.387345791E-2,-2.846717834E-3,-1.574897766E-2,2.118034311E-2
3.369996963E1,-4.347264767E-3,-2.756059170E-3,-1.561737061E-2,1.644374768E-2
3.370499640E1,-9.097456932E-3,6.678223610E-3,-1.548004150E-2,1.915708950E-2
3.371004041E1,1.463100314E-2,-7.605135441E-3,-5.850791931E-3,1.749674553E-2
3.371506833E1,3.291964531E-4,6.773054600E-3,2.268123627E-2,2.367321519E-2
3.372009624E1,1.458266377E-2,-7.612109184E-3,2.249717712E-2,2.786971955E-2
3.372510249E1,1.917213202E-2,1.141136885E-2,-2.042293549E-2,3.024708711E-2
3.373012885E1,-4.767686129E-3,-1.240867376E-2,3.490447998E-3,1.374369829E-2
3.373517968E1,9.586930275E-3,-1.714253426E-2,8.212089539E-3,2.128882635E-2
3.374020833E1,7.921457291E-5,-2.842545509E-3,2.239131927E-2,2.257116565E-2
3.374523697E1,-4.704177380E-3,1.892924309E-3,3.214836121E-3,6.003966900E-3
3.375022791E1,-4.654049873E-3,-1.714819670E-2,-6.306648254E-3,1.885456556E-2
3.375525385E1,1.507699490E-4,-2.179050446E-2,7.993698120E-3,2.321094625E-2
3.376029358E1,-2.352029085E-2,-2.602398396E-3,2.216815948E-2,3.242535820E-2
3.376532088E1,5.074471235E-3,1.163321733E-2,1.249313354E-2,1.780899744E-2
3.377035874E1,-9.305685759E-3,-2.740800381E-3,2.664089203E-2,2.835215869E-2
3.377538708E1,-9.161949158E-3,1.619029045E-2,-4.005813599E-2,4.416696815E-2
3.378041541E1,2.416837215E-2,-2.972543240E-3,-1.598072052E-2,2.912609919E-2
3.378544374E1,1.923310757E-2,-1.722705364E-2,-6.349563599E-3,2.658948593E-2
3.379045661E1,-1.889735460E-2,-2.822637558E-3,-1.104736328E-2,2.207082983E-2
3.379548416E1,4.965633154E-3,1.146441698E-2,-2.519989014E-2,2.812694139E-2
3.380051171E1,-4.609674215E-3,-7.555246353E-3,1.774406433E-2,1.982883413E-2
3.380553926E1,-3.789937496E-2,1.626843214E-2,1.759910583E-2,4.484142095E-2
3.381052098E1,1.936194301E-2,6.602764130E-3,-1.537322998E-3,2.051449958E-2
3.381554608E1,2.247691154E-4,1.606065035E-2,1.271915436E-2,2.048833567E-2
3.382056218E1,-4.510641098E-3,-1.249408722E-2,-1.113414764E-2,1.733255152E-2
3.382558640E1,1.453596354E-2,-2.874314785E-3,-6.295204163E-3,1.609923964E-2
3.383061062E1,-4.567295313E-3,-2.880692482E-3,1.750087738E-2,1.831500163E-2
3.383563484E1,4.296767712E-2,1.810014248E-3,-1.113128662E-2,4.442300046E-2
3.384065905E1,1.407894492E-2,6.513476372E-3,-1.578330994E-2,2.213040752E-2
3.384568327E1,9.228438139E-3,-3.070116043E-3,-3.464508057E-2,3.598432006E-2
3.385077041E1,1.871642470E-2,-7.877886295E-3,8.381843567E-3,2.196863555E-2
3.385579671E1,-4.180669785E-4,-3.095746040E-3,-2.017784119E-2,2.041821977E-2
3.386080140E1,-3.958940506E-4,-1.260107756E-2,-1.051139832E-2,1.641442604E-2
3.386582551E1,-5.177170038E-3,-3.152161837E-2,-1.991748810E-2,3.764467886E-2
3.387084963E1,-1.001861691E-2,1.619213820E-2,-7.486343384E-4,1.905566786E-2
3.387588327E1,1.852297783E-2,6.578028202E-3,-5.490303040E-3,2.040868908E-2
3.388090801E1,-1.485189795E-2,-7.755696774E-3,8.801460266E-3,1.892605104E-2
3.388593312E1,-6.218254566E-4,-2.666401863E-2,3.985404968E-3,2.696738788E-2
3.389095791E1,-2.919185162E-2,-7.532417774E-3,-1.978111267E-2,3.605820207E-2
3.389598270E1,4.306912422E-3,1.154583693E-2,-6.246566772E-4,1.233880225E-2
3.390102609E1,-9.955048561E-3,2.586990595E-2,4.117012024E-3,2.802329056E-2
3.390605208E1,-1.470449567E-2,-7.669091225E-3,-6.561279297E-4,1.659721835E-2
3.391107806E1,-2.400770783E-2,1.911520958E-3,2.783584595E-2,3.680839941E-2
3.391613353E1,1.900067925E-2,1.967608929E-3,-5.643844604E-3,1.991859129E-2
3.392116140E1,1.886218786E-2,2.091360092E-2,8.649826050E-3,2.946150582E-2
3.392618926E1,9.173095226E-3,-3.032028675E-3,-1.041221619E-2,1.420398253E-2
3.393121150E1,-5.180329084E-3,-7.786333561E-3,1.342105865E-2,1.635810549E-2
3.393623900E1,2.337089181E-2,-7.801532745E-3,8.564949036E-3,2.608487779E-2
3.394126650E1,-6.007552147E-4,-3.016233444E-3,3.748893738E-3,4.848997347E-3
3.394629400E1,4.170149565E-3,6.426215172E-3,-5.775451660E-3,9.593864222E-3
3.395132150E1,-1.964125037E-2,-2.209436893E-2,-9.784698486E-4,2.957866221E-2
3.395632885E1,9.082555771E-3,1.135325432E-2,-1.522064209E-2,2.104892274E-2
3.396135551E1,9.079664946E-3,-3.140425682E-2,1.813697815E-2,3.738472467E-2
3.396638218E1,-4.749298096E-4,-1.687240601E-2,-1.050758362E-2,1.988247862E-2
3.397137546E1,-3.374370933E-2,7.086694241E-3,-5.674362183E-3,3.494363376E-2
3.397639989E1,4.540592432E-3,-1.668721437E-2,-2.937221527E-2,3.408529204E-2
3.398142431E1,9.214878082E-3,2.577006817E-3,8.853912354E-3,1.303636093E-2
3.398649083E1,2.335026860E-2,2.157515287E-2,-1.496219635E-2,3.513672701E-2
3.399151806E1,-1.006492972E-2,-3.091573715E-2,8.908271790E-3,3.371116907E-2
3.399653697E1,9.080260992E-3,7.306635380E-3,1.832866669E-2,2.172045310E-2
3.400156338E1,-4.183351994E-4,-6.924629211E-3,1.816749573E-2,1.944693794E-2
3.400658978E1,-9.886085987E-3,2.547800541E-3,8.522987366E-3,1.329914649E-2
3.401158374E1,-9.835779667E-3,1.199829578E-2,-5.790710449E-3,1.656001180E-2
3.401660796E1,4.562854767E-3,-2.424120903E-3,-1.049041748E-2,1.169379599E-2
3.402162562E1,9.344518185E-3,2.616500854E-2,1.807975769E-2,3.314823269E-2
3.402664916E1,-4.955887794E-3,-1.206862926E-2,3.217506409E-2,3.471955335E-2
3.403167270E1,-9.636849165E-3,-2.501189709E-3,-6.079673767E-3,1.166564378E-2
3.403669624E1,-4.733324051E-3,-2.625036240E-2,-1.077938080E-2,2.876944443E-2
3.404170671E1,-4.667639732E-3,-3.080999851E-2,1.780223846E-2,3.588819532E-2
3.404672963E1,9.694695473E-3,-2.092182636E-3,-2.508449554E-2,2.697399239E-2
3.405175254E1,1.918235421E-2,7.449150085E-3,8.358955383E-3,2.221091365E-2
3.405677546E1,-1.424887776E-2,-1.643174887E-2,-1.069831848E-2,2.423812919E-2
3.406186275E1,-4.668742418E-3,-2.124071121E-3,-1.060295105E-2,1.177842964E-2
3.406688879E1,1.350641251E-4,-2.076745033E-3,-2.951145172E-2,2.958474091E-2
3.407191484E1,-1.419541240E-2,-1.980662346E-3,3.973007202E-3,1.487338370E-2
3.407691661E1,4.839777946E-3,1.705175638E-2,8.690834045E-3,1.974123711E-2
3.408194093E1,-4.623383284E-3,1.693433523E-2,-8.831024170E-4,1.757632648E-2
3.408696525E1,-1.406276226E-2,1.682049036E-2,3.870010376E-3,2.226358369E-2
3.409200874E1,-9.278476238E-3,1.665329933E-2,-1.989936829E-2,2.755734672E-2
3.409703431E1,5.118072033E-3,2.190411091E-3,8.758544922E-3,1.037808611E-2
3.410205989E1,5.042403936E-3,-7.452428341E-3,3.946304321E-3,9.825367343E-3
3.410703994E1,2.702176571E-4,-1.691138744E-2,-5.582809448E-3,1.781111462E-2
3.411206249E1,-2.340462804E-2,-7.194399834E-3,-2.928733826E-2,3.817439174E-2
3.411708504E1,1.479324698E-2,-1.195615530E-2,-1.954269409E-2,2.727098638E-2
3.412215598E1,-9.054452181E-3,-7.184445858E-3,-9.879112244E-3,1.520513812E-2
3.412718171E1,2.432656288E-2,-7.094383240E-3,1.394081116E-2,2.892158624E-2
3.413221452E1,-1.859191060E-2,-2.209722996E-3,1.381874084E-2,2.327014426E-2
3.413724098E1,-1.367124915E-2,-1.640892029E-2,-5.292892456E-3,2.200387304E-2
3.414226744E1,-4.040062428E-3,1.699280739E-2,1.849079132E-2,2.543593857E-2
3.414731228E1,1.500114799E-2,-2.105408907E-2,-5.411148071E-3,2.641192214E-2
3.415233999E1,5.343973637E-3,-1.908063889E-3,1.837921143E-2,1.923523264E-2
3.415736770E1,-1.847526431E-2,-1.969635487E-3,-5.509376526E-3,1.937957907E-2
3.416238702E1,5.492061377E-3,-6.778955460E-3,-1.021099091E-2,1.343061095E-2
3.416741416E1,1.491066813E-2,-2.051234245E-3,-1.486778259E-2,2.115624129E-2
3.417244129E1,1.960217953E-2,-2.105104923E-2,-9.997367859E-3,3.045224918E-2
3.417746843E1,-1.848214865E-2,-2.564680576E-2,9.078025818E-3,3.289010516E-2
3.418246463E1,5.483984947E-3,-1.121258736E-2,-5.245208740E-3,1.353914402E-2
3.418749020E1,-1.364096999E-2,-6.395637989E-3,4.301071167E-3,1.566778417E-2
3.419250713E1,-1.831269264E-2,1.257783175E-2,-5.225181580E-3,2.282233743E-2
3.419753187E1,1.989728212E-2,1.249998808E-2,-1.468372345E-2,2.770854150E-2
3.420255661E1,5.506664515E-3,-1.127040386E-2,-3.213882446E-4,1.254785431E-2
3.420756145E1,1.017177105E-2,1.254421473E-2,-1.930999756E-2,2.517336400E-2
3.421258484E1,1.474273205E-2,-2.556735277E-2,2.359294891E-2,3.778445334E-2
3.421760822E1,-4.415422678E-3,-1.112771034E-2,-3.358268738E-2,3.565275286E-2
3.422263161E1,-4.313647747E-3,2.223491669E-2,2.367401123E-2,3.276366714E-2
3.422766848E1,5.235671997E-3,-1.110994816E-2,-2.876281738E-2,3.127527575E-2
3.423269254E1,-9.037315845E-3,3.204703331E-3,-9.528160095E-3,1.351773043E-2
3.423771661E1,-4.307359457E-3,1.265686750E-2,5.435943604E-5,1.336983902E-2
3.424275650E1,-1.860809326E-2,-2.060502768E-2,5.340576172E-5,2.776384614E-2
3.424778161E1,1.949557662E-2,-1.407980919E-3,-4.695892334E-3,2.010252031E-2
3.425280671E1,-2.813655138E-2,3.381192684E-3,9.586334229E-3,2.991648027E-2
3.425786036E1,5.303949118E-3,3.275811672E-3,9.512901306E-3,1.137357066E-2
3.426288739E1,-1.372250915E-2,-1.571536064E-3,-4.808425903E-3,1.462525017E-2
3.426791223E1,-1.349645853E-2,-1.096928120E-2,-3.051757812E-5,1.739196522E-2
3.427293900E1,1.507005095E-2,1.294583082E-2,-4.781723022E-3,2.043442797E-2
3.427796577E1,-1.353517175E-2,-1.097571850E-2,9.507179260E-3,1.985078659E-2
3.428298541E1,-2.285334468E-2,1.283645630E-2,-1.431655884E-2,2.986660058E-2
3.428801171E1,-3.654569387E-3,7.959306240E-3,2.854061127E-2,2.985419442E-2
3.429303801E1,1.193523407E-3,2.206265926E-2,4.561424255E-3,2.256085156E-2
3.429806431E1,-2.734822035E-2,-2.092820406E-2,4.529953003E-3,3.473377831E-2
3.430309385E1,-2.236101031E-2,-2.077251673E-2,4.492759705E-3,3.084958870E-2
3.430812030E1,-1.271864772E-2,-1.624047756E-3,9.206771851E-3,1.578499854E-2
3.431314416E1,-1.270529628E-2,-1.577377319E-3,-9.860992432E-3,1.616019321E-2
3.431817036E1,-3.091782331E-3,-1.587975025E-2,-2.784729004E-4,1.618033168E-2
3.432319598E1,-2.209144831E-2,1.271766424E-2,2.821731567E-2,3.802614858E-2
3.432822213E1,6.552159786E-3,3.140628338E-3,8.988380432E-3,1.155791188E-2
3.433324827E1,-2.667978406E-2,-6.348907948E-3,8.908271790E-3,2.883533970E-2
3.433827442E1,1.148930192E-2,3.131389618E-3,8.840560913E-3,1.483122304E-2
3.434326468E1,-2.838343382E-3,-1.663386822E-3,-1.022624969E-2,1.074240344E-2
3.434828900E1,-7.501095533E-3,1.743006706E-2,1.359272003E-2,2.334171609E-2
3.435331332E1,1.631757617E-2,1.721304655E-2,3.986358643E-3,2.405084861E-2
3.435833765E1,6.743460894E-3,1.710623503E-2,1.344585419E-2,2.277912502E-2
3.436339489E1,2.004563808E-3,-1.144337654E-2,-1.991462708E-2,2.305561785E-2
3.436842088E1,-1.224398613E-2,-3.500699997E-2,3.988265991E-3,3.730028832E-2
3.437345332E1,-2.637696266E-2,1.275247335E-2,1.345252991E-2,3.223880111E-2
3.437847994E1,-2.452671528E-3,3.162056208E-2,-5.650520325E-3,3.221496428E-2
3.438350718E1,-2.470254898E-3,-6.650388241E-3,-1.509761810E-2,1.668136372E-2
3.438853385E1,2.124825120E-2,-6.609320641E-3,4.676151276E-2,5.178619868E-2
3.439356051E1,-1.695814729E-2,2.977669239E-3,-1.112937927E-3,1.725351861E-2
3.439858718E1,1.168444753E-2,-3.494840860E-2,-1.109123230E-3,3.686662084E-2
3.440357895E1,-7.502585649E-3,-6.180167198E-3,-1.533985138E-2,1.816023949E-2
3.440860390E1,2.070397139E-3,3.297686577E-3,1.803112030E-2,1.844674986E-2
3.441362885E1,2.063333988E-3,-6.191432476E-3,3.632545471E-3,7.469040759E-3
3.441865624E1,6.808042526E-3,3.338336945E-3,1.310062408E-2,1.513671986E-2
3.442368135E1,-7.484018803E-3,3.242671490E-3,-5.998611450E-3,1.012466272E-2
3.442870952E1,2.085536718E-3,1.269650459E-2,-1.198768616E-3,1.292237356E-2
3.443373494E1,-2.171584964E-2,1.732319593E-2,-5.934715271E-3,2.840584602E-2
3.443875885E1,-1.677945256E-2,2.764940262E-3,-2.012062073E-2,2.634453077E-2
3.444378411E1,-7.187306881E-3,7.477045059E-3,3.792762756E-3,1.104303547E-2
3.444880937E1,-7.120460272E-3,-1.154083014E-2,-1.523590088E-2,2.039667596E-2
3.445383463E1,3.093704581E-2,-6.660163403E-3,3.882408142E-3,3.188309385E-2
3.445885989E1,-2.546757460E-3,1.237118244E-2,-8.974075317E-4,1.266244324E-2
3.446387947E1,6.878435612E-3,-1.623845100E-2,1.336097717E-2,2.212500573E-2
3.446890447E1,-1.216593385E-2,2.826273441E-3,1.800155640E-2,2.191013009E-2
3.447393984E1,4.023420811E-2,1.233351231E-2,-1.148223877E-3,4.209780809E-2
3.447896588E1,-2.720654011E-3,-6.729424000E-3,-5.894660950E-3,9.350622082E-3
3.448399192E1,6.860971451E-3,-1.143711805E-2,8.398056030E-3,1.576096265E-2
3.448901791E1,-2.682894468E-3,7.688641548E-3,-3.441143036E-2,3.536183919E-2
3.449404395E1,2.098292112E-3,-1.133286953E-2,8.608818054E-3,1.438570505E-2
3.449906999E1,-7.402628660E-3,-2.544981241E-2,-1.995658875E-2,3.317766262E-2
3.450413260E1,2.111196518E-3,-6.256282330E-3,-1.029014587E-2,1.222641899E-2
3.450916108E1,2.114644647E-2,-1.091325283E-2,-2.445602417E-2,3.412284284E-2
3.451418958E1,1.143196225E-2,-6.036937237E-3,1.373577118E-2,1.886281480E-2
3.451921806E1,1.798450947E-3,-1.549834013E-2,-5.370140076E-3,1.650064778E-2
3.452420108E1,2.084225416E-2,8.305013180E-3,-1.957035065E-2,2.977199064E-2
3.452922728E1,6.436794996E-3,3.573536873E-3,1.382637024E-2,1.566432283E-2
3.453425348E1,-1.264882088E-2,1.782393456E-2,-1.478004456E-2,2.638437094E-2
3.453928187E1,-1.252973080E-2,3.464698792E-3,-1.940822601E-2,2.335974162E-2
3.454430822E1,-2.917855978E-3,1.291847229E-2,-2.527236938E-4,1.324630813E-2
3.454933458E1,1.616257429E-2,-2.993994951E-2,4.495620728E-3,3.431967352E-2
3.455438291E1,1.792848110E-3,-5.858421326E-3,-5.044937134E-3,7.936422082E-3
3.455941072E1,-7.705479860E-3,-2.471685410E-2,-9.757041931E-3,2.766761940E-2
3.456443853E1,1.141473651E-2,-7.824897766E-4,1.406478882E-2,1.813082415E-2
3.456946635E1,-7.667303085E-3,-2.453005314E-2,-2.975463867E-4,2.570213177E-2
3.457449416E1,1.858562231E-3,4.146218300E-3,-5.041122437E-3,6.786626200E-3
3.457952093E1,1.801520586E-3,-1.969659328E-2,-4.993438721E-3,2.039940425E-2
3.458454864E1,-3.048837185E-3,-5.202710629E-3,-2.394676208E-2,2.469435199E-2
3.458957082E1,-7.807165384E-3,-2.881771326E-2,2.848243713E-2,4.126332093E-2
3.459459796E1,-2.983748913E-3,-4.745900631E-3,4.496574402E-3,7.186481178E-3
3.459962510E1,-3.623703122E-2,-9.471595287E-3,4.462242126E-3,3.771929419E-2
3.460465155E1,-7.486015558E-3,4.838526249E-3,-9.817123413E-3,1.326000292E-2
3.460967864E1,-1.691427827E-2,1.898008585E-2,9.262084961E-3,2.705776573E-2
3.461470572E1,-7.321685553E-3,-1.437789202E-2,-1.455783844E-2,2.173157883E-2
3.461973280E1,1.169106364E-2,9.521424770E-3,-1.907348633E-4,1.507895482E-2
3.462475739E1,-1.213303208E-2,1.417076588E-2,4.559516907E-3,1.920443354E-2
3.462978437E1,7.026344538E-3,-2.870124578E-2,-1.447391510E-2,3.290327105E-2
3.463480208E1,2.231806517E-3,4.862964153E-3,1.888084412E-2,1.962436382E-2
3.463982812E1,-1.681676507E-2,9.653985500E-3,4.474639893E-3,1.990038757E-2
3.464485416E1,2.284616232E-3,9.602248669E-3,2.818012238E-2,2.985869970E-2
3.464988239E1,-1.191580296E-2,-1.423841715E-2,-1.004409790E-2,2.110930566E-2
3.465490858E1,2.389729023E-3,-2.363508940E-2,4.287719727E-3,2.413944482E-2
3.465993478E1,2.378970385E-3,1.928234100E-2,-4.959106445E-4,1.943486820E-2
3.466495109E1,1.186206937E-2,1.430791616E-2,9.009361267E-3,2.065414595E-2
3.466997661E1,-1.207023859E-2,-4.824280739E-3,8.939743042E-3,1.577603721E-2
3.467500213E1,1.178848743E-2,1.423984766E-2,-5.383491516E-3,1.925418599E-2
3.468004124E1,2.594813704E-2,9.353220463E-3,4.158973694E-3,2.789418598E-2
3.468506765E1,1.998662949E-3,4.561424255E-3,4.121780396E-3,6.464543174E-3
3.469009405E1,6.739765406E-3,9.254634380E-3,-6.599426270E-4,1.146770332E-2
3.469512135E1,2.083501220E-2,-5.085468292E-3,4.099845886E-3,2.183502822E-2
3.470014780E1,-2.681097388E-2,-1.445698738E-2,-1.018524170E-2,3.211809386E-2
3.470517275E1,-2.832353115E-3,-1.440858841E-2,4.148483276E-3,1.525908115E-2
3.471019905E1,6.646096706E-3,-9.558141232E-3,-1.962566376E-2,2.281874982E-2
3.471522645E1,-1.719710231E-2,9.551346302E-3,-4.682540894E-4,1.967708835E-2
3.472025286E1,-1.239892840E-2,-9.542703629E-5,1.853847504E-2,2.230286055E-2
3.472527926E1,1.145997643E-2,9.381115437E-3,-2.435112000E-2,2.850111282E-2
3.473030301E1,1.880675554E-3,2.357870340E-2,-3.364849091E-2,4.113044049E-2
3.473532921E1,-2.866953611E-3,1.396453381E-2,4.613876343E-3,1.498384071E-2
3.474035541E1,6.612449884E-3,-5.061626434E-3,-1.916980743E-2,2.090038451E-2
3.474538161E1,-2.874404192E-3,4.729551077E-2,-4.276084900E-2,6.382489910E-2
3.475040312E1,2.063363791E-3,8.893966675E-3,5.073547363E-3,1.044514223E-2
3.475542911E1,2.579918504E-2,-1.483893394E-2,2.775192261E-4,2.976355029E-2
3.476045843E1,1.852482557E-3,9.110808372E-3,1.926326752E-2,2.138953006E-2
3.476548473E1,1.604169607E-2,-2.897304296E-2,9.608268738E-3,3.448321417E-2
3.477051103E1,1.570135355E-3,9.287893772E-3,1.427936554E-2,1.710644837E-2
3.477553734E1,2.056533098E-2,1.393616199E-2,9.412765503E-3,2.656594820E-2
3.478052708E1,-1.283445954E-2,-5.194306374E-3,-4.910469055E-3,1.469070716E-2
3.478555155E1,1.582646370E-2,2.811950445E-2,2.361679077E-2,3.998670142E-2
3.479058161E1,1.090902090E-2,-5.377709866E-3,1.392555237E-2,1.848911867E-2
3.479560666E1,-3.467500210E-3,1.364010572E-2,1.856040955E-2,2.329302137E-2
3.480063171E1,-2.252432704E-2,8.705079556E-3,-5.788803101E-4,2.415489228E-2
3.480565676E1,-1.287633181E-2,-7.333159447E-4,-2.907180786E-2,3.180420861E-2
3.481068280E1,-8.057087660E-3,-1.494508982E-2,1.390647888E-2,2.194681130E-2
3.481570791E1,-7.981240749E-3,4.154264927E-3,-2.419662476E-2,2.581539794E-2
3.482073520E1,-7.957547903E-3,-1.014524698E-2,-2.874088287E-2,3.150058656E-2
3.482576051E1,6.366461515E-3,-2.907681465E-2,2.848148346E-2,4.119694021E-2
3.483078572E1,1.581948996E-2,-9.808599949E-3,-4.998207092E-3,1.927295954E-2
3.483581103E1,-1.273924112E-2,1.404482126E-2,4.535675049E-3,1.949660526E-2
3.484083635E1,-1.731085777E-2,9.151577950E-3,-9.749412537E-3,2.187391644E-2
3.484586166E1,2.088898420E-2,-5.195558071E-3,2.356910706E-2,3.191937174E-2
3.485092213E1,3.022477031E-2,-5.175471306E-3,-1.461410522E-2,3.396901993E-2
3.485594921E1,-8.002132177E-3,1.383835077E-2,-2.460479736E-4,1.598732658E-2
3.486097978E1,3.476548195E-2,-1.474231482E-2,1.400184631E-2,4.027438741E-2
3.486600718E1,5.897730589E-3,1.389694214E-2,-3.576278687E-4,1.510086503E-2
3.487103458E1,-1.798740029E-2,-1.473122835E-2,1.389694214E-2,2.708654018E-2
3.487606197E1,1.540872455E-2,9.166598320E-3,-5.215644836E-3,1.867239320E-2
3.488108296E1,1.049342752E-2,4.369020462E-3,-4.234313965E-4,1.137451779E-2
3.488611004E1,1.031917334E-2,-5.191445351E-3,9.082794189E-3,1.469467909E-2
3.489114676E1,-1.354441047E-2,-4.270076752E-4,2.325630188E-2,2.691633273E-2
3.489617478E1,-1.816329360E-2,9.149551392E-3,-6.856918335E-4,2.034919405E-2
3.490120280E1,-1.804673672E-2,-5.096316338E-3,1.356220245E-2,2.314282787E-2
3.490623082E1,1.530522108E-2,1.396667957E-2,-1.029300690E-2,2.313577147E-2
3.491125885E1,-1.334789395E-2,1.397746801E-2,1.352882385E-2,2.359162902E-2
3.491625181E1,-1.321950555E-2,-9.858012199E-3,-3.407096863E-2,3.785190398E-2
3.492127838E1,5.898833275E-3,1.394093037E-2,8.950233459E-3,1.758557512E-2
3.492630494E1,-3.633022308E-3,4.301846027E-3,2.787017822E-2,2.843328269E-2
3.493130796E1,-2.263379097E-2,-5.083680153E-4,8.647918701E-3,2.423496296E-2
3.493633291E1,1.550900936E-2,2.795809507E-2,8.579254150E-3,3.310268952E-2
3.494135786E1,-8.347928524E-3,3.956258297E-3,-5.736351013E-3,1.087407988E-2
3.494641958E1,1.072412729E-2,-1.509225368E-2,3.808975220E-3,1.890215119E-2
3.495144697E1,-8.340895176E-3,2.304393053E-2,3.775596619E-3,2.479613672E-2
3.495648140E1,1.192390919E-3,-1.036524773E-2,-1.004219055E-3,1.048182295E-2
3.496150952E1,-8.347570896E-3,2.767956257E-2,3.756523132E-3,2.915392924E-2
3.496653765E1,-3.614068031E-3,-2.001404762E-2,3.727912903E-3,2.067657913E-2
3.497158937E1,1.062870026E-2,1.331025362E-2,-1.054191589E-2,2.003157785E-2
3.497661895E1,1.051086187E-2,2.741229534E-2,-2.944469452E-2,4.158006961E-2
3.498164853E1,-1.330307126E-2,3.362119198E-3,1.354122162E-2,1.927797275E-2
3.498667812E1,1.526671648E-2,1.274913549E-2,-1.505565643E-2,2.494565851E-2
3.499170770E1,9.106099606E-4,2.216368914E-2,1.830768585E-2,2.876160093E-2
3.499673728E1,1.051709056E-2,-2.553141117E-2,-1.508808136E-2,3.146605074E-2
3.500170822E1,-2.758952975E-2,-1.657545567E-3,-1.020717621E-2,2.946380925E-2
3.500673577E1,1.155197620E-3,1.731699705E-2,-6.246566772E-4,1.736672290E-2
3.501175937E1,-2.732458711E-2,7.748246193E-3,2.786540985E-2,3.978881056E-2
3.501678650E1,2.040269971E-2,-1.787424088E-3,3.889083862E-3,2.084682263E-2
3.502180942E1,-3.543406725E-3,1.249623299E-2,3.856658936E-3,1.354936855E-2
3.502683614E1,-8.344203234E-3,-6.632864475E-3,-9.183883667E-4,1.069878759E-2
3.503186286E1,-1.780489087E-2,-6.554424763E-3,-2.940177917E-2,3.499198825E-2
3.503688765E1,1.085320115E-2,-1.127678156E-2,-5.413055420E-3,1.656076528E-2
3.504191421E1,5.981504917E-3,-1.121133566E-2,8.881568909E-3,1.550337752E-2
3.504694004E1,2.489307523E-2,3.099083900E-3,-5.434036255E-3,2.566706577E-2
3.505196655E1,-3.786146641E-3,-1.120072603E-2,-5.388259888E-3,1.299324881E-2
3.505699306E1,-3.783464432E-3,1.265579462E-2,-5.343437195E-3,1.424907231E-2
3.506201958E1,-8.480668068E-3,-1.122051477E-2,2.319335938E-2,2.712477837E-2
3.506704358E1,-8.441716433E-3,1.728397608E-2,-1.972961426E-2,2.755460187E-2
3.507206994E1,1.054590940E-2,-1.887321472E-3,4.182815552E-3,1.150104923E-2
3.507709629E1,-3.863930702E-3,-1.609855890E-2,-1.959133148E-2,2.564983096E-2
3.508209254E1,-3.229904175E-2,-1.749277115E-3,-4.329681396E-4,3.234927402E-2
3.508711692E1,1.236885786E-3,-1.870930195E-3,4.326820374E-3,4.873565511E-3
3.509214129E1,-1.769152284E-2,-1.133096218E-2,-4.625320435E-4,2.101415285E-2
3.509720239E1,-3.329217434E-3,3.033220768E-3,-1.470375061E-2,1.537804926E-2
3.510222921E1,-1.277381182E-2,1.722353697E-2,-5.083084106E-3,2.203765500E-2
3.510725603E1,-7.893949747E-3,-6.692171097E-3,-2.403354645E-2,2.616698209E-2
3.511227780E1,2.063298225E-2,-1.914858818E-3,9.408950806E-3,2.275774585E-2
3.511730431E1,-8.004695177E-3,-1.127016544E-2,2.831459045E-2,3.150885283E-2
3.512233082E1,1.529514790E-3,1.728814840E-2,1.858425140E-2,2.542821053E-2
3.512732249E1,1.103273034E-2,-1.976132393E-3,-1.005458832E-2,1.505725686E-2
3.513234666E1,6.218045950E-3,1.225721836E-2,-5.221366882E-3,1.470259057E-2
3.513737536E1,-1.755031943E-2,-1.151245832E-2,-5.183219910E-3,2.161980984E-2
3.514239999E1,1.664459705E-3,2.190059423E-2,1.859378815E-2,2.877734198E-2
3.514742463E1,6.425321102E-3,2.851128578E-3,4.183769226E-3,8.180318476E-3
3.515245296E1,6.343096495E-3,-6.591677666E-3,-6.036758423E-4,9.167852099E-3
3.515747786E1,-1.268047094E-2,-6.613433361E-3,-5.950927734E-4,1.431383874E-2
3.516250275E1,2.068814635E-2,2.965509892E-3,4.155158997E-3,2.130866009E-2
3.516752937E1,6.293833256E-3,-1.122593880E-2,-6.332397461E-4,1.288545814E-2
3.517255437E1,-3.335267305E-3,2.683115005E-2,1.837158203E-2,3.268867767E-2
3.517757937E1,-3.335386515E-3,2.183485031E-2,-1.027011871E-2,2.435899895E-2
3.518260437E1,2.531701326E-2,7.378339767E-3,2.305030823E-2,3.502438818E-2
3.518766900E1,1.088470221E-2,-6.952702999E-3,-8.840560913E-4,1.294597915E-2
3.519269598E1,-2.242147923E-2,-2.118289471E-3,8.617401123E-3,2.411367834E-2
3.519771989E1,1.102891564E-2,1.206964254E-2,-9.479522705E-4,1.637717512E-2
3.520274655E1,-8.084535599E-3,-2.134555578E-2,3.813743591E-3,2.314167469E-2
3.520777322E1,2.044627070E-2,2.551496029E-3,8.533477783E-3,2.230202593E-2
3.521281004E1,-1.293942332E-2,-2.137959003E-3,-2.478408813E-2,2.804015994E-2
3.521783739E1,1.331478357E-3,-2.140641212E-3,-1.982307434E-2,1.998272894E-2
3.522286473E1,-3.455698490E-3,-1.639121771E-2,-6.608963013E-4,1.676456543E-2
3.522790150E1,6.094247103E-3,-2.032041550E-3,4.093170166E-3,7.617288403E-3
3.523292942E1,1.273810863E-3,-2.098518610E-2,1.355648041E-2,2.501557097E-2
3.523795734E1,2.023598552E-2,-6.489157677E-3,1.818847656E-2,2.797186009E-2
3.524298525E1,-3.696352243E-3,-1.595973969E-2,-1.994800568E-2,2.581277283E-2
3.524797754E1,5.701214075E-3,3.144860268E-3,2.296257019E-2,2.386783647E-2
3.525300358E1,-2.761033177E-2,-1.654863358E-3,-1.996231079E-2,3.411103700E-2
3.525802963E1,-1.785290241E-2,1.737713814E-2,1.344108582E-2,2.830819391E-2
3.526308062E1,2.025914192E-2,-2.547723055E-2,-1.041412354E-2,3.417566498E-2
3.526810827E1,-8.428543806E-3,-1.568686962E-2,8.663177490E-3,1.980325411E-2
3.527313593E1,1.110762358E-3,-6.081521511E-3,3.845214844E-3,7.280410297E-3
3.527813473E1,-3.620117903E-3,-1.555252075E-2,1.331043243E-2,2.078830842E-2
3.528316041E1,1.547622681E-2,2.270030975E-2,-1.530361176E-2,3.144865962E-2
3.528818588E1,-2.256530523E-2,-5.898773670E-3,8.558273315E-3,2.484416578E-2
3.529321150E1,1.568943262E-2,-1.022577286E-3,2.747249603E-2,3.165346740E-2
3.529823713E1,6.140410900E-3,-1.512932777E-2,1.298618317E-2,2.086245810E-2
3.530326275E1,6.119459867E-3,-1.487559080E-2,3.371238708E-3,1.643460499E-2
3.530829062E1,-3.353059292E-3,9.020209312E-3,1.758289337E-2,2.004408446E-2
3.531331635E1,2.519279718E-2,-5.273640156E-3,-3.005123138E-2,3.956721898E-2
3.531834598E1,-2.247509360E-2,-1.464825869E-2,8.180618286E-3,2.804681498E-2
3.532337213E1,-3.176105022E-2,-5.000054836E-3,-2.038097382E-2,3.806768910E-2
3.532839739E1,6.463646889E-3,1.401293278E-2,3.202533722E-2,3.554944782E-2
3.533342343E1,1.788347960E-3,4.376351833E-3,-2.997684479E-2,3.034735355E-2
3.533844806E1,-7.754772902E-3,-5.125880241E-3,-1.548194885E-2,1.805829148E-2
3.534347395E1,3.502145410E-2,2.807891369E-2,-5.849838257E-3,4.526751869E-2
3.534849734E1,2.051419020E-2,4.074037075E-3,2.743816376E-2,3.450047258E-2
3.535352296E1,1.424491405E-3,4.120051861E-3,-2.503204346E-2,2.540880168E-2
3.535854858E1,-2.700328827E-2,-2.912592888E-2,-1.533222198E-2,4.257433900E-2
3.536357421E1,6.539463997E-3,1.867848635E-2,1.327800751E-2,2.383182588E-2
3.536857020E1,1.125976443E-2,-2.413767576E-2,2.265834808E-2,3.496870636E-2
3.537359437E1,-7.859855890E-3,-9.609878063E-3,-1.077365875E-2,1.643772533E-2
3.537861853E1,-1.257160306E-2,-1.425164938E-2,1.305866241E-2,2.305826051E-2
3.538365124E1,1.129847765E-2,1.389384270E-4,8.198738098E-3,1.396045155E-2
3.538867598E1,1.729905605E-3,-1.883023977E-2,1.762485504E-2,2.584968121E-2
3.539370124E1,1.124131680E-2,1.458668709E-2,2.222347260E-2,2.886210972E-2
3.539872603E1,1.122146845E-2,-1.405239105E-2,1.253986359E-2,2.192348574E-2
3.540375082E1,1.600170135E-2,2.315640450E-4,-6.559371948E-3,1.729547422E-2
3.540877796E1,6.389737129E-3,4.901528358E-3,-2.074623108E-2,2.225443382E-2
3.541380291E1,1.606047153E-3,1.913249493E-2,-6.330490112E-3,2.021649956E-2
3.541882786E1,1.115906239E-2,-4.743516445E-3,-6.282806396E-3,1.365647384E-2
3.542385280E1,-3.158777952E-3,1.431292295E-2,-1.098155975E-2,1.831481084E-2
3.542888114E1,-1.735770702E-2,4.667460918E-3,1.285362244E-2,2.209730287E-2
3.543390624E1,1.800835133E-3,1.884442568E-2,-5.848026276E-2,6.146784947E-2
3.543893608E1,-1.243692636E-2,-2.397823334E-2,-1.526260376E-2,3.102547155E-2
3.544396166E1,3.997093439E-2,1.903092861E-2,-1.514339447E-2,4.678861225E-2
3.544898723E1,-2.207392454E-2,2.833849192E-2,8.726119995E-3,3.696584152E-2
3.545401280E1,-2.672353387E-2,4.276931286E-3,-2.932548523E-2,3.990518121E-2
3.545908161E1,1.907199621E-3,-4.895925522E-4,-2.907848358E-2,2.914507366E-2
3.546410937E1,1.610577106E-2,-5.200505257E-4,9.155273438E-3,1.853335765E-2
3.546912353E1,6.494760513E-3,-1.474446058E-2,4.328727722E-3,1.668289291E-2
3.547414994E1,-2.673384547E-2,9.142339230E-3,2.803039551E-2,3.979929563E-2
3.547917984E1,-7.552593946E-3,4.336297512E-3,4.055023193E-3,9.606683326E-3
3.548420655E1,1.919716597E-3,4.266738892E-3,-1.496601105E-2,1.568030163E-2
3.548923327E1,-2.881169319E-3,-1.484823227E-2,-1.008510590E-2,1.817912262E-2
3.549425999E1,1.145166159E-2,-5.362331867E-3,2.324390411E-2,2.646080563E-2
3.549924536E1,1.142185926E-2,4.145324230E-3,3.729438782E-2,3.922389507E-2
3.550426999E1,-2.664074302E-2,-6.256699562E-4,-1.050281525E-2,2.864314542E-2
3.550929463E1,2.037554979E-3,-1.965165138E-2,8.582115173E-3,2.154046734E-2
3.551432577E1,-3.605750203E-2,-5.806684494E-4,1.326847076E-2,3.842568080E-2
3.551935088E1,-3.105044365E-2,8.836925030E-3,-2.007389069E-2,3.801555448E-2
3.552437598E1,-2.342909575E-3,3.722149134E-2,3.839492798E-3,3.749227050E-2
3.552943713E1,-2.140906453E-2,1.318526268E-2,-1.993083954E-2,3.208484940E-2
3.553446463E1,2.530366182E-3,-5.907416344E-3,2.771854401E-2,2.845378714E-2
3.553950135E1,2.472490072E-3,1.320123672E-2,-1.005172729E-3,1.346834179E-2
3.554452978E1,1.196035743E-2,3.662109375E-3,1.324367523E-2,1.821691874E-2
3.554955822E1,1.192685962E-2,-2.014899254E-2,3.212642670E-2,3.975348001E-2
3.555458666E1,2.293050289E-3,8.471846581E-3,-1.377105713E-3,8.884069127E-3
3.555960228E1,-2.411991358E-3,-2.007359266E-2,-1.086616516E-2,2.295300351E-2
3.556463004E1,7.115781307E-3,-2.469033003E-2,-6.025314331E-3,2.639225556E-2
3.556967202E1,-7.278919220E-3,-7.283687592E-4,-1.546859741E-2,1.711112772E-2
3.557470119E1,1.178935170E-2,4.091680050E-3,-1.534461975E-2,1.977847351E-2
3.557973036E1,1.639819145E-2,-1.486831903E-2,8.523941040E-3,2.371972101E-2
3.558476036E1,6.774783134E-3,1.856321096E-2,3.699302673E-3,2.010411222E-2
3.558978958E1,1.931518316E-3,8.822083473E-3,1.792144775E-2,2.006833848E-2
3.559481879E1,2.092275023E-2,1.825970411E-2,8.273124695E-3,2.897624655E-2
3.559984801E1,-7.832646370E-3,-1.042091846E-2,-1.286506653E-3,1.309965611E-2
3.560482994E1,1.588582993E-2,-1.522201300E-2,1.298332214E-2,2.554674003E-2
3.560985681E1,-2.222445607E-2,-5.581140518E-3,1.762199402E-2,2.890692392E-2
3.561488369E1,6.510317326E-3,2.772450447E-2,3.226280212E-3,2.866079664E-2
3.561990702E1,-1.252779365E-2,3.716588020E-3,3.201484680E-3,1.345392672E-2
3.562493364E1,-2.919405699E-3,-1.053988934E-2,-6.323814392E-3,1.263340118E-2
3.562996025E1,6.563752890E-3,-5.688488483E-3,-1.522064209E-3,8.818074205E-3
3.563498353E1,-3.136205673E-2,-5.625903606E-3,3.232955933E-3,3.202626107E-2
3.564000994E1,-1.204457879E-2,-3.400039673E-2,2.219200134E-2,4.235072348E-2
3.564503463E1,-2.158242464E-2,9.086549282E-3,1.251316071E-2,2.655081208E-2
3.565006083E1,-7.298231125E-3,-4.188418388E-4,1.241207123E-2,1.440482968E-2
3.565508702E1,2.212196589E-3,-5.140542984E-3,-1.143264771E-2,1.272888171E-2
3.566009895E1,-2.595394850E-3,2.810853720E-2,2.665424347E-2,3.882363498E-2
3.566512421E1,-2.662867308E-3,4.147708416E-3,2.693176270E-3,5.616720201E-3
3.567014947E1,-2.677977085E-3,2.781993151E-2,-2.074241638E-3,2.802539257E-2
3.567515760E1,6.852596998E-3,3.761053085E-3,3.118705750E-2,3.215176762E-2
3.568018171E1,6.858617067E-3,-5.903780460E-3,7.190704346E-3,1.155861068E-2
3.568520583E1,2.067834139E-3,1.310384274E-2,1.662921906E-2,2.127246010E-2
3.569022994E1,-2.682864666E-3,-1.338005066E-3,1.649570465E-2,1.676592653E-2
3.569529827E1,-2.163913846E-2,2.702409029E-2,6.868362427E-3,3.529487458E-2
3.570032458E1,-2.452582121E-3,1.726895571E-2,-1.692962646E-2,2.430728785E-2
3.570535088E1,2.377212048E-3,1.709473133E-2,-1.678943634E-2,2.407833360E-2
3.571037390E1,-2.606934309E-2,7.319211960E-3,-1.189517975E-2,2.957493557E-2
3.571539999E1,1.209703088E-2,1.192235947E-2,-2.291679382E-3,1.713862905E-2
3.572042608E1,2.467006445E-3,6.985247135E-3,-1.176166534E-2,1.390023633E-2
3.572544843E1,-2.233982086E-3,2.092003822E-3,-2.164840698E-3,3.748825310E-3
3.573047426E1,-1.644748449E-2,1.153939962E-2,1.684856415E-2,2.622120523E-2
3.573550676E1,-2.054572105E-3,-7.528483868E-3,-2.128124237E-2,2.266694979E-2
3.574053327E1,-2.075403929E-3,2.109688520E-2,1.688098907E-2,2.709896048E-2
3.574555770E1,-2.568337321E-2,-2.749562263E-3,-1.651000977E-2,3.065576903E-2
3.575058400E1,1.253271103E-2,6.790757179E-3,-1.162624359E-2,1.839436786E-2
3.575561030E1,-6.599932909E-3,-1.224166155E-2,-2.031326294E-3,1.405502324E-2
3.576063661E1,-6.630688906E-3,6.872713566E-3,-6.759643555E-3,1.170012855E-2
3.576565833E1,-6.557732821E-3,2.033948898E-3,-1.954078674E-3,7.138573480E-3
3.577068437E1,2.960085869E-3,-1.215785742E-2,-6.689071655E-3,1.418870272E-2
3.577571353E1,7.650196552E-3,-7.237076759E-3,-1.613330841E-2,1.926614719E-2
3.578073989E1,-1.950591803E-3,-7.203817368E-3,-1.124668121E-2,1.349768985E-2
3.578576624E1,1.717802882E-2,7.072448730E-3,-1.115703583E-2,2.166987895E-2
3.579078952E1,2.185335755E-2,7.033705711E-3,1.742172241E-2,2.881941471E-2
3.579581567E1,-2.099835873E-2,-1.204741001E-2,1.252651215E-2,2.725774502E-2
3.580084181E1,-1.759141684E-3,-2.532482147E-3,1.717281342E-2,1.744745156E-2
3.580586796E1,-1.777589321E-3,-2.490103245E-3,2.783775330E-3,4.136404604E-3
3.581089239E1,3.149199486E-2,-2.149081230E-2,-1.623249054E-2,4.143783902E-2
3.581591843E1,-1.149153709E-2,-2.344846725E-3,-1.851081848E-3,1.187350980E-2
3.582094447E1,7.613599300E-3,-1.190072298E-2,-1.132869720E-2,1.810893377E-2
3.582594244E1,2.813696861E-3,-2.127093077E-2,7.758140564E-3,2.281574305E-2
3.583096661E1,-6.852924824E-3,-6.817579269E-3,2.950668335E-3,1.010684963E-2
3.583598202E1,1.216182113E-2,1.225918531E-2,-1.606750488E-2,2.358733200E-2
3.584100530E1,1.682415605E-2,-1.161080599E-2,-1.118373871E-2,2.330105263E-2
3.584602858E1,-7.088541985E-3,1.699841022E-2,1.265239716E-2,2.234449667E-2
3.585105187E1,2.531021833E-3,3.107994795E-2,-4.918575287E-2,5.823750957E-2
3.585607515E1,-2.116587758E-2,-2.391338348E-3,3.453254700E-3,2.157864317E-2
3.586111718E1,-1.980453730E-3,-7.092356682E-3,8.170127869E-3,1.099885038E-2
3.586614119E1,-1.618805528E-2,-7.010638714E-3,3.350257874E-3,1.795623615E-2
3.587117192E1,2.962231636E-3,-1.167786121E-2,-1.092624664E-2,1.626438208E-2
3.587619661E1,3.608843684E-2,2.168703079E-2,-1.335144043E-3,4.212463873E-2
3.588122530E1,2.155697346E-2,7.289111614E-3,-1.326560974E-3,2.279460499E-2
3.588625041E1,1.184657216E-2,-2.345979214E-3,-6.057739258E-3,1.351077701E-2
3.589127551E1,1.651743054E-2,-2.354502678E-3,8.238792419E-3,1.860771064E-2
3.589630062E1,6.848871708E-3,-2.308666706E-3,-4.406356812E-2,4.465237979E-2
3.590137098E1,6.858468056E-3,2.607434988E-2,1.329040527E-2,3.005902823E-2
3.590639833E1,3.060978651E-2,-1.220524311E-2,-3.905200958E-2,5.109781250E-2
3.591142567E1,-7.557541132E-3,2.060234547E-3,-1.023387909E-2,1.288771801E-2
3.591641765E1,-1.217767596E-2,1.141524315E-2,-6.465911865E-4,1.670394110E-2
3.592144249E1,-3.095602989E-2,6.551980972E-3,-1.014328003E-2,3.322785535E-2
3.592646734E1,1.210400462E-2,-1.726710796E-2,-1.955795288E-2,2.876062354E-2
3.593149218E1,-2.111923695E-2,-2.899527550E-3,-9.902954102E-3,2.350527450E-2
3.593657989E1,-1.143240929E-2,1.614904404E-2,-1.457214355E-2,2.457313519E-2
3.594160791E1,-2.092075348E-2,-2.951741219E-3,-1.444816589E-2,2.559570667E-2
3.594663593E1,2.190330625E-2,6.649494171E-3,1.416206360E-2,2.691718118E-2
3.595165926E1,-1.156020164E-2,-1.236695051E-2,-9.698867798E-3,1.951019640E-2
3.595668697E1,1.223680377E-2,4.480308294E-2,-4.872322083E-3,4.669898425E-2
3.596171468E1,-2.097755671E-3,-7.617592812E-3,-4.843711853E-3,9.267677358E-3
3.596674239E1,7.384270430E-3,-1.217311621E-2,4.687309265E-3,1.498943215E-2
3.597177010E1,-1.175883412E-2,-1.199114323E-2,-4.849433899E-3,1.748069521E-2
3.597674353E1,-1.640030742E-2,1.673573256E-2,-6.866455078E-5,2.343201960E-2
3.598176905E1,2.739340067E-3,-1.180893183E-2,1.891994476E-2,2.247040642E-2
3.598682416E1,2.161866426E-2,-1.167863607E-2,9.267807007E-3,2.626117727E-2
3.599185239E1,-1.184079051E-2,2.592504025E-3,-5.048751831E-3,1.313070036E-2
3.599688062E1,3.100606799E-2,1.209968328E-2,9.236335754E-3,3.454111298E-2
3.600190885E1,-2.370327711E-3,-1.651704311E-2,1.390266418E-2,2.171900638E-2
3.600693551E1,1.201292872E-2,-6.956458092E-3,1.853466034E-2,2.315677870E-2
3.601196364E1,-1.656043530E-2,1.201891899E-2,4.138946533E-3,2.087662112E-2
3.601699176E1,1.213458180E-2,-3.084009886E-2,1.359939575E-2,3.582322344E-2
3.602201989E1,2.599090338E-3,1.203012466E-2,-1.974868774E-2,2.326993420E-2
3.602697796E1,7.339715958E-3,-7.137179375E-3,8.910179138E-3,1.357210566E-2
3.603200239E1,-2.120515704E-2,7.150471210E-3,4.088401794E-3,2.274869124E-2
3.603702806E1,3.596708179E-2,-1.187390089E-2,8.799552917E-3,3.888512088E-2
3.604205260E1,-1.175573468E-2,3.569000959E-2,-5.520820618E-3,3.797964643E-2
3.604707713E1,7.394641638E-3,-1.685833931E-2,-2.447032928E-2,3.062158299E-2
3.605213786E1,-7.006675005E-3,-2.388536930E-3,-1.002216339E-2,1.245962930E-2
3.605716484E1,-6.990373135E-3,1.670849323E-2,-4.444122314E-4,1.811730015E-2
3.606219181E1,-1.641970873E-2,-1.183867455E-2,4.302024841E-3,2.069464828E-2
3.606720155E1,-2.076417208E-3,-2.214372158E-3,9.015083313E-3,9.512448666E-3
3.607222739E1,7.398575544E-3,-1.636105776E-2,-1.955413818E-2,2.654783327E-2
3.607726942E1,-2.151072025E-3,-2.574253082E-2,1.859760284E-2,3.183042311E-2
3.608229692E1,7.375895977E-3,1.718503237E-2,4.198074341E-3,1.916645526E-2
3.608732442E1,7.274687290E-3,1.226973534E-2,8.914947510E-3,1.682093248E-2
3.609231713E1,-2.121710777E-2,-6.847679615E-3,8.838653564E-3,2.398287254E-2
3.609734234E1,2.810686827E-3,-2.105510235E-2,4.013061523E-3,2.161763072E-2
3.610236754E1,-1.949727535E-3,-2.565228939E-2,1.347732544E-2,2.904272180E-2
3.610739494E1,1.221996546E-2,1.257681847E-2,-1.037502289E-2,2.037510781E-2
3.611242030E1,2.574175596E-3,7.755756378E-3,3.956794739E-3,9.079337068E-3
3.611744567E1,-6.984889507E-3,7.718205452E-3,8.672714233E-3,1.354899808E-2
3.612249353E1,7.332980633E-3,-1.606404781E-2,8.598327637E-3,1.964070964E-2
3.612752041E1,1.203110814E-2,-2.075523138E-2,-9.651184082E-4,2.400955323E-2
3.613256135E1,2.623546124E-2,3.137707710E-3,1.328659058E-2,2.957495774E-2
3.613758963E1,2.132719755E-2,1.738619804E-2,-5.823135376E-3,2.812540032E-2
3.614261791E1,2.114027739E-3,2.676486969E-2,-1.026153564E-3,2.686783121E-2
3.614763572E1,-2.590417862E-3,2.928912640E-3,1.321697235E-2,1.378321995E-2
3.615266327E1,-1.205593348E-2,-1.817703247E-3,8.356094360E-3,1.478086229E-2
3.615769082E1,1.643869281E-2,-1.607096195E-2,-1.070117950E-2,2.535787219E-2
3.616271838E1,-2.172833681E-2,3.082990646E-3,-1.114845276E-3,2.197426522E-2
3.616770577E1,-1.689186692E-2,2.212828398E-2,-1.060295105E-2,2.978957353E-2
3.617273135E1,-2.499401569E-3,1.727539301E-2,8.473396301E-3,1.940321254E-2
3.617775692E1,1.656669378E-2,1.236456633E-2,1.789855957E-2,2.734403551E-2
3.618278687E1,2.134203911E-3,-1.150208712E-2,-1.548671722E-2,1.940853536E-2
3.618781270E1,-1.227495074E-2,7.509708405E-3,2.739143372E-2,3.094124718E-2
3.619283931E1,1.152405143E-2,-2.073884010E-3,1.766967773E-2,2.119722311E-2
3.619786525E1,2.573099732E-2,-2.080798149E-3,-1.472473145E-3,2.585695499E-2
3.620289119E1,1.127690077E-2,1.220935583E-2,3.286361694E-3,1.694216733E-2
3.620791713E1,-1.724737883E-2,-2.216577530E-3,-1.487731934E-3,1.745275447E-2
3.621297390E1,-1.709786057E-2,3.571301699E-2,3.277778625E-3,3.973034421E-2
3.621800135E1,1.628988981E-2,6.847918034E-3,-1.099014282E-2,2.080955864E-2
3.622302879E1,1.914411783E-3,1.621115208E-2,1.284885406E-2,2.077400960E-2
3.622805525E1,1.955896616E-3,-2.994656563E-3,-1.099872589E-2,1.156570234E-2
3.623308265E1,-2.174541354E-2,1.805305481E-3,-1.566028595E-2,2.685827050E-2
3.623810452E1,-2.631333470E-2,6.518542767E-3,-2.027702332E-2,3.385322226E-2
3.624313135E1,2.624538541E-2,-1.250100136E-2,-1.061725616E-2,3.094869010E-2
3.624815598E1,2.290099859E-3,1.874923706E-3,-1.033782959E-3,3.135060362E-3
3.625318260E1,-1.671385765E-2,-7.562398911E-3,-1.527500153E-2,2.387192046E-2
3.625820921E1,-2.429783344E-3,1.157486439E-2,2.284049988E-2,2.572099857E-2
3.626321572E1,7.041841745E-3,2.580124140E-2,-1.059246063E-2,2.876615746E-2
3.626824098E1,1.643764973E-2,-2.829611301E-3,-1.009941101E-3,1.670996738E-2
3.627326624E1,6.709545851E-3,-7.531106472E-3,1.799488068E-2,2.062889480E-2
3.627830942E1,-2.785503864E-3,-7.442474365E-3,-5.902290344E-3,9.898812442E-3
3.628333588E1,2.098625898E-2,6.942451000E-3,3.639221191E-3,2.240233521E-2
3.628836603E1,-1.247701049E-2,-2.157813311E-2,-1.138687134E-3,2.495171793E-2
3.629339286E1,-2.866625786E-3,-2.329528332E-3,8.362770081E-3,9.142219045E-3
3.629841968E1,6.705641747E-3,1.666289568E-2,3.678321838E-2,4.093437282E-2
3.630344442E1,-2.188667655E-2,-1.679319143E-2,2.698707581E-2,3.859197001E-2
3.630847108E1,-2.707242966E-3,-1.192837954E-2,-6.476402283E-3,1.384049094E-2
3.631349775E1,6.870329380E-3,-2.409875393E-3,-2.066612244E-2,2.191112826E-2
3.631852223E1,2.074211836E-3,-2.366900444E-3,-2.049541473E-2,2.073563593E-2
3.632354874E1,-2.157253027E-2,2.372503281E-3,-2.982521057E-2,3.688558010E-2
3.632857525E1,2.615353465E-2,-7.224857807E-3,2.740669250E-2,3.856595311E-2
3.633360176E1,-1.204591990E-2,-7.139384747E-3,-2.030849457E-2,2.466799449E-2
3.633862181E1,2.124878764E-2,7.190763950E-3,-2.963542938E-2,3.716822214E-2
3.634364801E1,2.087414265E-3,-1.189219952E-2,8.600234985E-3,1.482382371E-2
3.634867556E1,-2.678543329E-3,-1.176297665E-2,1.327514648E-2,1.793799677E-2
3.635370187E1,-2.756416798E-3,-2.140402794E-3,-2.482032776E-2,2.506447342E-2
3.635872926E1,2.096697688E-2,2.648353577E-3,-8.697509766E-4,2.115146243E-2
3.636375567E1,1.756191254E-3,-1.644873619E-2,-1.510047913E-2,2.239798205E-2
3.636878208E1,-7.800757885E-3,-1.148676872E-2,1.351356506E-2,1.937560631E-2
3.637381838E1,-1.257500052E-2,-2.081662416E-2,3.904342651E-3,2.463141026E-2
3.637884546E1,-1.720911264E-2,3.173053265E-3,-1.512718201E-2,2.313122263E-2
3.638387254E1,1.607680321E-2,-6.274223328E-3,-1.025295258E-2,2.007367720E-2
3.638889963E1,-2.219703794E-2,-1.094359159E-2,-6.647109985E-4,2.475707032E-2
3.639388046E1,-7.811337709E-3,3.417015076E-3,4.090309143E-3,9.456406174E-3
3.639890525E1,-2.987980843E-3,3.461658955E-3,-5.445480347E-3,7.110862707E-3
3.640393004E1,1.128578186E-2,8.259415627E-3,4.092216492E-3,1.457165243E-2
3.640898978E1,-3.050267696E-3,3.364503384E-3,1.356029510E-2,1.430054612E-2
3.641401692E1,-7.711648941E-3,3.254115582E-3,8.700370789E-3,1.207291388E-2
3.641904405E1,-7.643729448E-3,3.201246262E-3,-8.668899536E-4,8.332231136E-3
3.642406567E1,2.086630464E-2,1.734000444E-2,3.896713257E-3,2.740917360E-2
3.642909244E1,6.405621767E-3,-1.932919025E-3,-8.735656738E-4,6.747687246E-3
3.643411916E1,6.411164999E-3,7.499814034E-3,-8.640289307E-4,9.904382524E-3
3.643914588E1,2.535584569E-2,1.210784912E-2,-5.600929260E-3,2.865116629E-2
3.644417640E1,1.565191150E-2,-2.213239670E-3,-8.077621460E-4,1.582824194E-2
3.644920348E1,2.502289414E-2,-1.171827316E-2,-5.547523499E-3,2.818223153E-2
3.645423056E1,1.186370850E-3,1.214188337E-2,-7.591247559E-4,1.222330062E-2
3.645925478E1,1.242667437E-3,1.670324802E-2,-7.505416870E-4,1.676621692E-2
3.646428166E1,1.074072719E-2,1.653224230E-2,-1.498794556E-2,2.476523305E-2
3.646930853E1,1.159369946E-3,6.974041462E-3,1.362323761E-2,1.534841998E-2
3.647433541E1,-8.332222700E-3,2.236366272E-3,1.350498199E-2,1.602534892E-2
3.647936478E1,1.252710819E-3,-1.190966368E-2,8.635520935E-3,1.476419978E-2
3.648439176E1,5.948066711E-3,-2.239525318E-3,3.811836243E-3,7.411144770E-3
3.648941874E1,2.004981041E-2,7.401645184E-3,-9.708404541E-4,2.139443339E-2
3.649448020E1,5.594611168E-3,2.717792988E-3,-5.717277527E-3,8.448274094E-3
3.649950937E1,-1.343646646E-2,1.701438427E-2,1.806831360E-2,2.822218736E-2
3.650453853E1,-1.330825686E-2,-1.160144806E-2,-2.482032776E-2,3.045902113E-2
3.650956770E1,2.475529909E-2,1.225453615E-2,8.626937866E-3,2.893825403E-2
3.651459687E1,8.715987206E-4,2.623021603E-3,-5.691528320E-3,6.327196953E-3
3.651962603E1,5.626320839E-3,-6.928384304E-3,1.335048676E-2,1.605906261E-2
3.652456911E1,1.993358135E-2,7.347702980E-3,-1.050662994E-2,2.370075268E-2
3.652959530E1,5.532473326E-3,7.256329060E-3,1.332473755E-2,1.614965025E-2
3.653459968E1,-4.048287868E-3,1.666015387E-2,-5.776405334E-3,1.809188271E-2
3.653962364E1,-4.003852606E-3,6.942331791E-3,-1.996898651E-2,2.151713802E-2
3.654464760E1,1.503750682E-2,-2.163940668E-2,8.688926697E-3,2.774685532E-2
3.654970812E1,1.018109918E-2,-1.194578409E-2,3.866195679E-3,1.616490046E-2
3.655473452E1,-1.368054748E-2,1.666080952E-2,-5.661964417E-3,2.228896126E-2
3.655975780E1,2.443233132E-2,-2.619338036E-2,-8.678436279E-4,3.582994754E-2
3.656478390E1,-1.849353313E-2,-2.214133739E-3,-2.935314178E-2,3.476377552E-2
3.656982332E1,6.687939167E-4,-6.977558136E-3,-5.365371704E-3,8.827276838E-3
3.657485083E1,6.741583347E-4,2.546727657E-3,-5.319595337E-3,5.936194553E-3
3.657987832E1,-8.869200945E-3,1.674008369E-2,-1.002025604E-2,2.143125425E-2
3.658490582E1,-8.887767792E-3,-1.186972857E-2,-9.933471680E-3,1.784815767E-2
3.658988952E1,5.394577980E-3,-6.902039051E-3,-9.856224060E-3,1.318653735E-2
3.659491478E1,5.363762379E-3,-2.026498318E-3,9.215354919E-3,1.085354360E-2
3.659994004E1,-8.815467358E-3,7.458448410E-3,9.135246277E-3,1.472391395E-2
3.660496530E1,1.506298780E-2,2.667903900E-3,4.305839539E-3,1.589187110E-2
3.660999056E1,1.489666104E-2,2.613961697E-3,1.377105713E-2,2.045446945E-2
3.661504108E1,1.013875008E-2,-2.136468887E-3,4.152297974E-3,1.116245183E-2
3.662006739E1,-8.880466223E-3,2.159434557E-2,-6.313323975E-4,2.335759023E-2
3.662510822E1,-2.303791046E-2,-1.660841703E-2,-5.373001099E-3,2.890422072E-2
3.663013593E1,1.985609531E-2,-1.650744677E-2,1.366996765E-2,2.921691865E-2
3.663516364E1,-4.092872143E-3,1.208865643E-2,-1.493072510E-2,1.964214267E-2
3.664015327E1,6.970465183E-4,7.209658623E-3,-5.588531494E-4,7.264803380E-3
3.664517843E1,-8.801668882E-3,-7.123470306E-3,1.369285583E-2,1.776815987E-2
3.665020358E1,1.972141862E-2,4.993677139E-2,4.082679749E-3,5.384499757E-2
3.665522874E1,-4.223465919E-3,1.948714256E-3,-1.493740082E-2,1.564484244E-2
3.666028640E1,-9.030401707E-3,2.553796768E-2,1.369094849E-2,3.035091463E-2
3.666531317E1,5.488395691E-4,1.500606537E-3,-5.412101746E-3,5.643039089E-3
3.667034166E1,5.351364613E-3,2.039998770E-2,-1.486206055E-2,2.580072567E-2
3.667536864E1,1.006537676E-2,-1.299071312E-2,9.002685547E-3,1.873816383E-2
3.668039562E1,-9.050875902E-3,-8.169353008E-3,-1.006221771E-2,1.580838096E-2
3.668541817E1,2.421906590E-2,-8.028268814E-3,-1.472949982E-2,2.946140557E-2
3.669044484E1,-1.386067271E-2,-3.243148327E-3,-9.861946106E-3,1.731745478E-2
3.669547150E1,6.103217602E-4,-3.194689751E-3,-2.889633179E-4,3.265277179E-3
3.670046114E1,6.214082241E-4,-3.205537796E-3,2.345752716E-2,2.368369062E-2
3.670548536E1,1.002290845E-2,-2.210462093E-2,-1.472568512E-2,2.838870837E-2
3.671051468E1,-9.096592665E-3,-2.184957266E-2,3.287887573E-2,4.051138473E-2
3.671553942E1,-2.325990796E-2,6.896972656E-3,-3.387832642E-2,4.166932386E-2
3.672056416E1,-8.759349585E-3,6.858885288E-3,2.813053131E-2,3.025057527E-2
3.672559593E1,3.410807252E-2,-1.702213287E-2,4.155158997E-3,3.834552079E-2
3.673062114E1,2.428135276E-2,-1.216125488E-2,2.311801910E-2,3.566402977E-2
3.673564708E1,-1.400297880E-2,-1.214349270E-2,-1.980209351E-2,2.712325086E-2
3.674067234E1,-1.393193007E-2,2.591645718E-2,-5.388259888E-3,2.991312041E-2
3.674569760E1,9.829282761E-3,-2.767860889E-3,-5.912780762E-4,1.022865892E-2
3.675072286E1,-1.868280768E-2,1.920580864E-3,4.163742065E-3,1.923727324E-2
3.675574812E1,1.002794504E-2,-7.626414299E-3,4.128456116E-3,1.325767803E-2
3.676077650E1,-1.378580928E-2,6.597340107E-3,-1.489543915E-2,2.134121696E-2
3.676580187E1,-8.913338184E-3,-7.682263851E-3,4.220962524E-3,1.250125194E-2
3.677082723E1,5.463868380E-3,-1.709157228E-2,3.267192841E-2,3.727506682E-2
3.677590301E1,5.713105202E-4,1.964509487E-3,3.240871429E-2,3.247322675E-2
3.678093181E1,-2.316695452E-2,-2.667641640E-2,1.315212250E-2,3.770036206E-2
3.678596062E1,8.325576782E-4,-2.692341805E-3,-1.207351685E-3,3.065869333E-3
3.679098942E1,5.583137274E-3,6.745755672E-3,3.204727173E-2,3.322204489E-2
3.679595853E1,7.491111755E-4,-7.536411285E-3,1.753520966E-2,1.910084397E-2
3.680098437E1,5.455136299E-3,-7.456123829E-3,3.144264221E-3,9.759031309E-3
3.680601020E1,-4.071891308E-3,-2.679347992E-3,-6.378173828E-3,8.027471947E-3
3.681103603E1,-1.352280378E-2,-1.213347912E-2,1.741600037E-2,2.516753080E-2
3.681609499E1,8.443593979E-4,1.173365116E-2,-2.071857452E-2,2.382542429E-2
3.682112249E1,5.549490452E-3,-7.339537144E-3,7.946014404E-3,1.215749952E-2
3.682614999E1,1.026386023E-2,2.113056183E-2,3.135681152E-3,2.369978832E-2
3.683116588E1,-4.003494978E-3,-1.236653328E-2,1.260852814E-2,1.810895080E-2
3.683619260E1,-1.340335608E-2,1.139748096E-2,-1.740455627E-3,1.767998055E-2
3.684119223E1,1.045969129E-2,1.778662205E-3,1.252079010E-2,1.641154977E-2
3.684621629E1,5.684554577E-3,-2.907991409E-3,4.564857483E-2,4.609298166E-2
3.685124036E1,-4.189062119E-2,-2.858400345E-3,-3.545570374E-2,5.495545035E-2
3.685631754E1,2.014240623E-2,-1.230305433E-2,-6.668090820E-3,2.452641657E-2
3.686134520E1,1.048639417E-2,-2.729177475E-3,1.713085175E-2,2.027014933E-2
3.686637286E1,5.659341812E-3,2.106237411E-2,-1.150512695E-2,2.465805546E-2
3.687138155E1,-1.342779398E-2,-1.237499714E-2,2.840042114E-3,1.848004450E-2
3.687640791E1,5.686908960E-3,6.749093533E-3,1.231193542E-2,1.514843064E-2
3.688143426E1,8.481144905E-4,-2.828478813E-3,7.464408875E-3,8.027265439E-3
3.688646062E1,7.464289665E-4,-1.227426529E-2,-4.008007050E-2,4.192405986E-2
3.689153629E1,5.494236946E-3,6.800651550E-3,2.198505402E-2,2.365963020E-2
3.689656504E1,-4.091560841E-3,-1.702183485E-2,-1.936912537E-3,1.761349942E-2
3.690159379E1,-1.349732280E-2,2.041757107E-3,-2.091312408E-2,2.497409165E-2
3.690662254E1,-8.575946093E-3,6.698846817E-3,2.199935913E-2,2.454369985E-2
3.691165129E1,-2.278980613E-2,1.136654615E-2,1.232242584E-2,2.829162091E-2
3.691658416E1,1.539978385E-2,1.902878284E-3,-2.034187317E-3,1.564967113E-2
3.692160890E1,1.052835584E-2,6.667971611E-3,-2.018928528E-3,1.262474532E-2
3.692663364E1,1.989457011E-2,1.842379570E-3,1.699542999E-2,2.623038168E-2
3.693173041E1,1.973754168E-2,6.554007530E-3,7.357597351E-3,2.206036729E-2
3.693675973E1,2.433338761E-2,-7.717907429E-3,-1.169967651E-2,2.808135108E-2
3.694178905E1,-1.854228973E-2,-1.247704029E-2,7.393836975E-3,2.354064290E-2
3.694681838E1,5.311638117E-3,-2.194219828E-2,1.208686829E-2,2.560792748E-2
3.695176187E1,2.426663041E-2,-1.702821255E-2,-2.600097656E-2,3.943196871E-2
3.695678661E1,-1.391816139E-2,-2.606570721E-3,-2.103900909E-2,2.536038902E-2
3.696181135E1,9.897261858E-3,2.598953247E-2,-1.873016357E-3,2.787328077E-2
3.696683931E1,1.927193999E-2,-2.740025520E-3,-1.135063171E-2,2.253335863E-2
3.697186426E1,1.431980729E-2,-2.647888660E-2,-1.125240326E-2,3.213728202E-2
3.697692770E1,-8.836388588E-5,1.645910740E-2,-6.406784058E-3,1.766230185E-2
3.698195650E1,-4.879146814E-3,-7.491052151E-3,3.164100647E-2,3.287970843E-2
3.698696343E1,1.406767964E-2,1.159322262E-2,2.188301086E-2,2.848102150E-2
3.699199004E1,-1.928350329E-2,-2.713084221E-3,7.452011108E-3,2.085058260E-2
3.699701223E1,4.676938057E-3,-2.757847309E-3,-6.855010986E-3,8.744749681E-3
3.700203843E1,-2.389901876E-2,-2.647042274E-3,-1.154899597E-2,2.667488029E-2
3.700706463E1,1.414209604E-2,1.640272141E-2,1.229476929E-2,2.490400574E-2
3.701207598E1,-1.445761323E-2,-7.494091988E-3,-2.052307129E-3,1.641328607E-2
3.701710114E1,-7.915496826E-5,-7.400095463E-3,-2.038002014E-3,7.676010069E-3
3.702212629E1,9.486019611E-3,2.187788486E-3,7.471084595E-3,1.227143396E-2
3.702715145E1,-1.907128096E-2,2.149760723E-3,7.410049438E-3,2.057289628E-2
3.703222484E1,3.333079815E-2,2.110856771E-2,7.349014282E-3,4.013130632E-2
3.703725239E1,1.886904240E-2,1.141870022E-2,2.627944946E-2,3.430797196E-2
3.704227994E1,-2.690255642E-4,-7.586359978E-3,1.180934906E-2,1.403873063E-2
3.704729114E1,-2.535581589E-4,6.806194782E-3,-1.203727722E-2,1.383056839E-2
3.705231760E1,9.255707264E-3,-2.712428570E-3,2.129936218E-2,2.338136470E-2
3.705735702E1,1.383376122E-2,1.159089804E-2,-7.366180420E-3,1.949313932E-2
3.706238473E1,-1.006522775E-2,-1.701313257E-2,-1.679897308E-2,2.594149160E-2
3.706740541E1,9.026467800E-3,1.154905558E-2,-2.409934998E-3,1.485481714E-2
3.707243244E1,-2.428075671E-2,6.638824940E-3,2.362251282E-3,2.528259034E-2
3.707745947E1,4.420280457E-3,-3.030657768E-3,-2.399444580E-3,5.872060977E-3
3.708247098E1,9.043157101E-3,6.524384022E-3,-1.662349701E-2,2.001716588E-2
3.708749692E1,-1.001167297E-2,-3.045737743E-3,7.257461548E-3,1.273502502E-2
3.709252286E1,-1.941058040E-2,-3.090739250E-3,-3.553581238E-2,4.060932481E-2
3.709754994E1,-1.927915215E-2,-2.683120966E-2,-2.099132538E-2,3.914377678E-2
3.710257593E1,-2.394881845E-2,-2.888858318E-3,1.717758179E-2,2.961352264E-2
3.710760192E1,9.395629168E-3,-7.626831532E-3,-6.702423096E-3,1.383361421E-2
3.711265202E1,-9.771555662E-3,1.972079277E-3,1.709747314E-2,1.979131084E-2
3.711767963E1,-4.977703094E-3,-1.225668192E-2,2.709388733E-3,1.350350203E-2
3.712270723E1,1.882532239E-2,1.151520014E-2,-2.058029175E-3,2.216366579E-2
3.712773484E1,4.722714424E-2,-1.714187860E-2,-2.103424072E-2,5.446729696E-2
3.713275754E1,8.806914091E-3,-7.466256618E-3,-1.865386963E-3,1.169557148E-2
3.713778489E1,-1.030221581E-2,-2.617180347E-3,-6.598472595E-3,1.251100013E-2
3.714281223E1,-2.444523573E-2,6.831645966E-3,4.094505310E-2,4.817404187E-2
3.714780843E1,1.371183991E-2,2.008080482E-3,2.618789673E-3,1.410336841E-2
3.715283353E1,-3.867053986E-2,-2.671957016E-3,7.341384888E-3,3.945181794E-2
3.715785864E1,-2.893739939E-2,-1.680994034E-2,-2.217292786E-3,3.353898574E-2
3.716288968E1,-3.347572684E-2,1.654899120E-2,-6.944656372E-3,3.798317588E-2
3.716791515E1,2.374801040E-2,6.898581982E-3,1.210975647E-2,2.753551585E-2
3.717294275E1,4.570901394E-3,-1.691681147E-2,2.511978149E-3,1.770258975E-2
3.717796843E1,9.296357632E-3,-7.345795631E-3,1.199150085E-2,1.685761168E-2
3.718299411E1,-5.062967539E-3,-1.204824448E-2,-1.184844971E-2,1.764028332E-2
3.718803239E1,-2.536773682E-4,-1.671415567E-2,-7.000923157E-3,1.812292132E-2
3.719305890E1,2.825850248E-2,2.134382725E-2,7.307052612E-3,3.615929952E-2
3.719808541E1,-1.469403505E-2,-2.542316914E-3,-1.175022125E-2,1.898540863E-2
3.720311192E1,-2.885228395E-2,-2.484202385E-3,-1.640129089E-2,3.328104406E-2
3.720813843E1,4.641175270E-3,-2.423882484E-3,-1.626777649E-2,1.708965377E-2
3.721314791E1,-1.437446475E-2,-7.063627243E-3,1.710033417E-2,2.342950054E-2
3.721817374E1,-1.428893209E-2,-6.967544556E-3,-2.037048340E-3,1.602715892E-2
3.722319958E1,2.853590250E-2,-6.874620914E-3,-1.626682281E-2,3.355842173E-2
3.722824208E1,-1.927244663E-2,7.517635822E-3,7.610321045E-3,2.204221028E-2
3.723326900E1,-2.545118332E-4,7.492601871E-3,-4.942989349E-2,4.999518207E-2
3.723829593E1,-1.820027828E-4,2.641022205E-2,3.212928772E-3,2.660556080E-2
3.724333442E1,4.587084055E-3,-1.186352968E-2,-1.580524445E-2,2.028769156E-2
3.724836213E1,2.351048589E-2,-1.652705669E-2,1.282024384E-2,3.146816171E-2
3.725338984E1,3.747960925E-2,-2.160191536E-3,-2.526950836E-2,4.525412235E-2
3.725840416E1,-9.037852287E-4,-6.955921650E-3,-2.505016327E-2,2.601369550E-2
3.726343098E1,-1.512140036E-2,2.585351467E-3,-5.846977234E-3,1.641730592E-2
3.726843442E1,8.870571852E-3,-2.095460892E-3,-1.061439514E-3,9.176309452E-3
3.727345879E1,-6.825923920E-4,-2.577996254E-2,-5.805015564E-3,2.643426955E-2
3.727848317E1,-1.024940610E-2,-1.128679514E-2,-5.754470825E-3,1.629588919E-2
3.728348020E1,-1.964268088E-2,-6.455361843E-3,-5.706787109E-3,2.144933630E-2
3.728850275E1,9.030759335E-3,1.258122921E-2,-1.040744781E-2,1.865896333E-2
3.729353140E1,-5.224347115E-4,2.916455269E-3,8.676528931E-3,9.168467901E-3
3.729855452E1,-2.418956161E-2,-1.764297485E-3,-5.650520325E-3,2.490333344E-2
3.730357765E1,4.419386387E-3,1.728475094E-2,3.895759583E-3,1.826117559E-2
3.730860077E1,2.330285311E-2,-1.872181892E-3,2.286243439E-2,3.269891335E-2
3.731362390E1,-1.004919410E-2,1.242160797E-2,-2.956676483E-2,3.360768110E-2
3.731865202E1,4.303753376E-3,-1.143831015E-2,1.341629028E-2,1.814811497E-2
3.732367536E1,-1.470538974E-2,2.890944481E-3,3.807067871E-3,1.546285268E-2
3.732871239E1,1.393246651E-2,-1.608955860E-2,1.326847076E-2,2.508066657E-2
3.733373713E1,4.295438528E-3,-1.122379303E-2,8.411407471E-3,1.466888195E-2
3.733876473E1,9.036153555E-3,3.098309040E-3,-1.065254211E-2,1.430832777E-2
3.734378973E1,-5.628168583E-4,-1.118749380E-2,-2.480697632E-2,2.721879598E-2
3.734881473E1,4.163920879E-3,7.936775684E-3,-8.583068848E-4,9.003740115E-3
3.735383973E1,-1.959106326E-2,-1.638531685E-3,-1.034832001E-2,2.221671156E-2
3.735891395E1,-5.205273628E-3,2.684861422E-2,-1.500892639E-2,3.119632719E-2
3.736394140E1,-1.462981105E-2,-1.883506775E-3,-6.380081177E-4,1.476434975E-2
3.736896885E1,4.508942366E-3,7.565021515E-3,4.118919373E-3,9.722428121E-3
3.737399629E1,-3.344193101E-2,1.218622923E-2,-1.016044617E-2,3.701488348E-2
3.737898213E1,9.599417448E-3,-2.227127552E-3,1.366996765E-2,1.685161500E-2
3.738400744E1,-9.448021650E-3,2.631878853E-2,-1.019001007E-2,2.976205719E-2
3.738903275E1,2.399367094E-2,-2.139574289E-2,8.883476257E-3,3.335251429E-2
3.739405551E1,9.516894817E-3,-2.233803272E-3,4.062652588E-3,1.058613764E-2
3.739908062E1,-4.881173372E-3,1.206398010E-2,1.352787018E-2,1.877148745E-2
3.740410468E1,4.634946585E-3,7.248520851E-3,3.916740417E-3,9.453287252E-3
3.740912968E1,1.881060004E-2,-7.016241550E-3,-8.649826050E-4,2.009513658E-2
3.741415468E1,1.382577419E-2,-6.919145584E-3,-5.604743958E-3,1.644505283E-2
3.741918030E1,-5.356550217E-3,1.211428642E-2,-3.404426575E-2,3.653026959E-2
3.742420536E1,-4.332455993E-2,1.199764013E-2,-1.476478577E-2,4.731764745E-2
3.742923041E1,2.354571223E-2,-2.417743206E-3,4.355430603E-3,2.406690305E-2
3.743427650E1,4.717436433E-2,-1.660960913E-2,2.330684662E-2,5.517706828E-2
3.743930296E1,8.875280619E-3,7.304608822E-3,-2.912616730E-2,3.131232246E-2
3.744432942E1,8.831679821E-3,-2.126562595E-2,2.334976196E-2,3.279385307E-2
3.744937010E1,-7.603168488E-4,1.213264465E-2,4.162788391E-3,1.284943404E-2
3.745439749E1,4.076570272E-3,-2.232313156E-3,-1.012039185E-2,1.113660533E-2
3.745942426E1,-1.492106915E-2,1.201343536E-2,4.209518433E-3,1.961328578E-2
3.746445161E1,-2.421820164E-2,1.195180416E-2,-1.007652283E-2,2.882539203E-2
3.746947895E1,3.294417262E-2,-7.108449936E-3,-9.993553162E-3,3.515280465E-2
3.747449864E1,4.208862782E-3,-1.181602478E-2,-1.465892792E-2,1.929292967E-2
3.747952546E1,-1.479005814E-2,-1.168417931E-2,4.453659058E-3,1.936752294E-2
3.748455291E1,1.860278845E-2,-2.056360245E-3,-9.832382202E-3,2.114161998E-2
3.748957978E1,-1.950699091E-2,-6.808459759E-3,-1.924705505E-2,2.823697836E-2
3.749460942E1,-3.204941750E-4,2.778708935E-3,4.652023315E-3,5.428191300E-3
3.749963655E1,4.505693913E-3,-1.619982719E-2,9.356498718E-3,1.924265437E-2
3.750466051E1,-5.005657673E-3,1.241308451E-2,-1.921272278E-2,2.341516586E-2
3.750968734E1,4.562586546E-3,-2.094799280E-2,-5.817413330E-5,2.143919268E-2
3.751471416E1,-2.009868622E-4,1.250463724E-2,-6.103515625E-5,1.250640130E-2
3.751973385E1,1.876905560E-2,-3.040325642E-2,-1.904869080E-2,4.049059236E-2
3.752476020E1,-2.409797907E-2,-6.474673748E-3,-1.413822174E-2,2.867966718E-2
3.752978848E1,-7.402896881E-5,1.255512238E-2,2.222061157E-4,1.255730679E-2
3.753481499E1,-9.635090828E-5,-1.131010056E-2,4.970550537E-3,1.235451459E-2
3.753984150E1,-4.815489054E-3,-1.633763313E-3,-9.323120117E-3,1.061973098E-2
3.754486801E1,-5.018711090E-5,7.910311222E-3,3.823852539E-2,3.904818007E-2
3.754988124E1,-9.525150061E-3,2.979695797E-3,-6.103515625E-5,9.980520829E-3
3.755490708E1,9.566396475E-3,7.641077042E-3,-2.854824066E-2,3.106290464E-2
3.755994478E1,-1.893457770E-2,-6.730496883E-3,1.917552948E-2,2.777622638E-2
3.756497187E1,-9.255647659E-3,2.806842327E-3,2.376461029E-2,2.565739815E-2
3.756999895E1,-9.206354618E-3,-1.980781555E-3,-1.735687256E-4,9.418629785E-3
3.757502603E1,-4.415750504E-3,-1.147186756E-2,-4.919052124E-3,1.324007823E-2
3.758001353E1,3.925859928E-4,2.956211567E-3,-4.884719849E-3,5.723093446E-3
3.758503864E1,4.639029503E-4,2.967655659E-3,1.414394379E-2,1.445936831E-2
3.759006374E1,4.309713840E-4,2.197295427E-2,-4.968643188E-3,2.253184127E-2
3.759512541E1,-4.295408726E-3,-6.563246250E-3,-2.393054962E-2,2.518328697E-2
3.760015296E1,2.425652742E-2,-6.423234940E-3,-9.491920471E-3,2.682785165E-2
3.760517624E1,3.352135420E-2,-2.537924051E-2,-4.661560059E-3,4.230268524E-2
3.761020338E1,-2.366694808E-2,-6.189286709E-3,1.230239868E-4,2.446317306E-2
3.761523051E1,5.090743303E-3,-6.150722504E-3,2.861022949E-2,2.970340530E-2
3.762025765E1,-4.424750805E-3,8.179664612E-3,2.362060547E-2,2.538539611E-2
3.762528166E1,1.463291049E-2,3.290772438E-3,9.181022644E-3,1.758529014E-2
3.763030864E1,-4.466265440E-3,-1.549839973E-3,4.234695435E-2,4.261002316E-2
3.763533645E1,-4.357695580E-3,-2.999174595E-2,-5.496978760E-3,3.080115438E-2
3.764036348E1,5.298286676E-3,-1.318037510E-3,1.354122162E-2,1.460047080E-2
3.764539051E1,-4.220664501E-3,1.281702518E-2,1.343536377E-2,1.904203621E-2
3.765040931E1,-4.160463810E-3,-1.110434532E-2,-9.193420410E-4,1.189374348E-2
3.765543577E1,-1.830136776E-2,3.165757656E-2,-1.040744781E-2,3.801916866E-2
3.766046223E1,-8.582264185E-3,1.238441467E-2,-5.575180054E-3,1.606585254E-2
3.766548869E1,5.745768547E-3,7.470726967E-3,-1.977062225E-2,2.190212597E-2
3.767048520E1,1.041203737E-2,-2.052426338E-3,3.262710571E-2,3.430963426E-2
3.767551020E1,-4.000335932E-3,-1.139765978E-2,-8.888244629E-4,1.211195050E-2
3.768053322E1,7.526576519E-4,7.722675800E-3,-8.821487427E-4,7.809251018E-3
3.768555801E1,-8.841216564E-3,1.244586706E-2,-1.511859894E-2,2.148578021E-2
3.769058280E1,-1.350373030E-2,2.662676573E-2,3.998756409E-3,3.012184320E-2
3.769560760E1,-3.930687904E-3,2.699017525E-3,8.712768555E-3,9.932136673E-3
3.770067556E1,-1.348423958E-2,2.765655518E-3,2.288436890E-2,2.670520375E-2
3.770570249E1,-2.770629525E-2,-3.046011925E-2,-1.054382324E-2,4.250446882E-2
3.771072942E1,-8.567452431E-3,-1.107472181E-2,1.328182220E-2,1.929915815E-2
3.771575635E1,1.069575548E-3,1.279425621E-2,3.668785095E-3,1.335278877E-2
3.772076520E1,-8.477717638E-3,-1.096421480E-2,8.382797241E-3,1.619743783E-2
3.772579124E1,5.848288536E-3,-6.085097790E-3,-1.187324524E-3,8.522947462E-3
3.773081728E1,1.163959503E-3,-1.084703207E-2,-1.179695129E-3,1.097290240E-2
3.773584333E1,1.066049933E-2,-6.020665169E-3,1.307582855E-2,1.791289891E-2
3.774091390E1,1.142382622E-3,-2.028590441E-2,8.219718933E-3,2.191772650E-2
3.774594218E1,2.014201880E-2,3.452837467E-3,-1.558113098E-2,2.569814488E-2
3.775097260E1,-2.274736762E-2,-1.497328281E-3,-3.918361664E-2,4.533255495E-2
3.775600108E1,-3.494203091E-3,3.139972687E-3,-5.613327026E-3,7.319721581E-3
3.776102958E1,5.946129560E-3,3.145277500E-3,4.666900635E-2,4.715130307E-2
3.776601114E1,-3.589540720E-3,-1.124393940E-2,2.254390717E-2,2.544678223E-2
3.777103650E1,5.948096514E-3,2.976715565E-3,-6.128311157E-3,9.044163053E-3
3.777606187E1,-1.783019304E-2,7.682681084E-3,8.168220520E-3,2.106321910E-2
3.778108556E1,-3.519356251E-3,-1.124316454E-2,-3.464031219E-2,3.658887599E-2
3.778611077E1,1.271873713E-3,1.262700558E-2,-2.485752106E-2,2.790977043E-2
3.779113598E1,1.556849480E-2,3.113031387E-3,-1.041316986E-2,1.898691921E-2
3.779616958E1,1.539698243E-2,-1.101827621E-2,-1.033306122E-2,2.156946065E-2
3.780119536E1,1.029789448E-3,1.770699024E-2,3.722858429E-2,4.123791287E-2
3.780621885E1,-8.359521627E-3,1.764506102E-2,1.791286469E-2,2.649717912E-2
3.781124437E1,1.171588898E-3,3.335714340E-3,8.262634277E-3,8.987254080E-3
3.781626989E1,-8.322328329E-3,-1.354932785E-3,-2.979946136E-2,3.096941861E-2
3.782126562E1,-8.243560791E-3,-1.080441475E-2,3.217601776E-2,3.492832363E-2
3.782628916E1,-8.162200451E-3,1.306194067E-2,3.414154053E-3,1.577631954E-2
3.783131780E1,-3.384828568E-3,-1.085901260E-2,2.238655090E-2,2.511041379E-2
3.783634187E1,1.084324718E-2,1.765787601E-2,3.212928772E-3,2.096901299E-2
3.784136593E1,-3.191950917E-2,1.269263029E-2,-6.309509277E-3,3.492517483E-2
3.784638999E1,-7.843762636E-3,2.670842409E-2,7.993698120E-3,2.896141812E-2
3.785144827E1,-2.965480089E-3,1.686662436E-2,3.183364868E-3,1.741869401E-2
3.785647405E1,-2.192261815E-2,1.665621996E-2,1.740646362E-2,3.257323788E-2
3.786149984E1,1.962929964E-3,6.847202778E-3,-1.121616364E-2,1.328682079E-2
3.786652562E1,-1.713886857E-2,-1.697051525E-2,-1.111698151E-2,2.655798339E-2
3.787155963E1,-2.845466137E-3,1.164621115E-2,-1.522064209E-3,1.208501515E-2
3.787658582E1,6.683677435E-3,2.583074570E-2,-3.000354767E-2,4.015111256E-2
3.788161150E1,-2.660641074E-2,-7.533669472E-3,-1.268386841E-3,2.768151140E-2
3.788663765E1,2.105689049E-2,-2.634584904E-3,-1.075839996E-2,2.379236946E-2
3.789166379E1,-1.245000958E-2,-2.423882484E-3,2.731132507E-2,3.011289462E-2
3.789668832E1,2.559810877E-2,7.336199284E-3,-6.169319153E-3,2.733392565E-2
3.790171437E1,-1.739531755E-2,-6.882548332E-3,-6.121635437E-3,1.968352013E-2
3.790674041E1,-7.748603821E-3,-3.037399054E-2,1.765918732E-2,3.597870285E-2
3.791177608E1,2.076309919E-2,-1.098722219E-2,-6.237030029E-3,2.430485308E-2
3.791680275E1,-3.199428320E-3,-5.953669548E-3,3.302574158E-3,7.522600530E-3
3.792181833E1,2.532604337E-2,-1.061677933E-2,2.226638794E-2,3.535415828E-2
3.792684379E1,-8.213460445E-3,-5.800902843E-3,2.683544159E-2,2.865750044E-2
3.793186926E1,2.500218153E-2,1.786780357E-2,2.187538147E-2,3.772134409E-2
3.793689473E1,1.055628061E-2,3.405272961E-3,-6.793975830E-3,1.300726919E-2
3.794191885E1,-3.699898720E-2,3.352522850E-3,-1.148509979E-2,3.888536975E-2
3.794694426E1,1.360267401E-3,-1.574057341E-2,-3.987979889E-2,4.289538831E-2
3.795197843E1,6.209075451E-3,1.270902157E-2,-6.301879883E-3,1.548501008E-2
3.795700473E1,1.468747854E-3,-1.600861549E-2,-2.998733521E-2,3.402459791E-2
3.796203103E1,-2.228090167E-2,2.684611082E-2,-1.074218750E-2,3.650406604E-2
3.796705734E1,1.710623503E-3,-1.143765450E-2,-5.903244019E-3,1.298439306E-2
3.797208364E1,1.708149910E-3,2.882540226E-3,1.788902283E-2,1.820010857E-2
3.797710994E1,1.650869846E-3,-1.908242702E-3,8.245468140E-3,8.622905908E-3
3.798213624E1,-1.274818182E-2,-1.130956411E-2,-1.081562042E-2,2.018415283E-2
3.798720806E1,1.095640659E-2,-1.113241911E-2,-1.547241211E-2,2.198565753E-2
3.799223567E1,1.552250981E-2,-2.055817842E-2,-5.841255188E-3,2.641414911E-2
3.799722447E1,-1.303416491E-2,1.293367147E-2,-1.052856445E-3,1.839233045E-2
3.800224817E1,6.132781506E-3,-1.286566257E-3,-1.055240631E-2,1.227271529E-2
3.800727187E1,-8.202582598E-3,-5.994915962E-3,3.227233887E-2,3.383378836E-2
3.801224390E1,-8.172422647E-3,-1.051127911E-2,-2.023983002E-2,2.422655979E-2
3.801726421E1,1.399457455E-3,-3.397744894E-2,8.407592773E-3,3.503017462E-2
3.802228452E1,-1.759594679E-2,-5.120754242E-3,3.682327271E-2,4.113140990E-2
3.802730484E1,1.570063829E-2,-5.049943924E-3,-1.571464539E-2,2.278073871E-2
3.803241989E1,2.502503991E-2,-5.029618740E-3,1.765918732E-2,3.103863051E-2
3.803744504E1,1.053029299E-2,2.823007107E-2,-3.471755981E-2,4.596882577E-2
3.804244124E1,-3.743708134E-3,-2.430939674E-2,2.255535126E-2,3.337223383E-2
3.804746343E1,2.478653193E-2,-5.184352398E-3,-6.119728088E-3,2.605188566E-2
3.805245593E1,-3.713896871E-2,4.281878471E-3,8.180618286E-3,3.826957010E-2
3.805747541E1,1.546743512E-2,-5.325376987E-3,8.113861084E-3,1.826022812E-2
3.806249489E1,2.015385032E-2,-5.306780338E-3,3.295898438E-3,2.109982338E-2
3.806751437E1,9.557306767E-4,-1.014029980E-2,-1.571655273E-2,1.872829760E-2
3.807259916E1,1.520580053E-2,4.113316536E-3,4.139995575E-2,4.429550856E-2
3.807762208E1,-3.950744867E-3,-2.443850040E-2,7.819175720E-3,2.596128263E-2
3.808264499E1,1.983740926E-2,-5.165934563E-4,-1.742362976E-3,1.992047950E-2
3.808769015E1,-8.750766516E-3,8.905768394E-3,7.771492004E-3,1.470662141E-2
3.809271458E1,-2.285534143E-2,4.107594490E-3,-6.543159485E-3,2.412575181E-2
3.809772963E1,1.064267755E-2,1.359462738E-2,-6.493568420E-3,1.844578298E-2
3.810275312E1,5.770534277E-3,-1.018536091E-2,-1.593971252E-2,1.977662959E-2
3.810777661E1,-1.330634952E-2,1.371759176E-2,-1.581001282E-2,2.480297898E-2
3.811280619E1,-1.318165660E-2,2.317827940E-2,-1.438140869E-3,2.670312633E-2
3.811783004E1,-1.315796375E-2,8.866548538E-3,-4.891490936E-2,5.142388600E-2
3.812285728E1,5.908101797E-3,1.356703043E-2,3.221702576E-2,3.545288042E-2
3.812788150E1,1.996359229E-2,-1.975977421E-2,3.462791443E-3,2.830167166E-2
3.813290572E1,-1.347637177E-2,2.316433191E-2,3.434181213E-3,2.701837281E-2
3.813792994E1,-8.597880602E-3,-1.499384642E-2,3.403663635E-3,1.761601281E-2
3.814292786E1,1.039862633E-3,-1.014930010E-2,2.236747742E-2,2.458441890E-2
3.814795072E1,-1.320287585E-2,2.315056324E-2,-6.308555603E-3,2.738726680E-2
3.815297359E1,1.536455750E-2,1.817977428E-2,-1.100063324E-2,2.622189452E-2
3.815799645E1,9.574890137E-4,3.701627254E-3,3.343582153E-3,5.079209698E-3
3.816308275E1,9.156763554E-4,2.738320827E-2,-1.092624664E-2,2.949680363E-2
3.816810885E1,5.723327398E-3,8.133769035E-3,1.290512085E-2,1.629284565E-2
3.817313718E1,2.468803525E-2,-6.209373474E-3,-6.195068359E-3,2.619989075E-2
3.817816348E1,-1.343548298E-2,-1.088428497E-2,8.097648621E-3,1.909323900E-2
3.818318978E1,-2.280193567E-2,-6.075024605E-3,-2.520847321E-2,3.452971642E-2
3.818821608E1,-1.784479618E-2,-6.106019020E-3,-1.252174377E-3,1.890206760E-2
3.819318905E1,1.262098551E-3,8.265435696E-3,8.252143860E-3,1.174768906E-2
3.819821270E1,-2.252703905E-2,2.246624231E-2,-1.555919647E-2,3.541593041E-2
3.820323635E1,-8.023321629E-3,2.224898338E-2,3.562927246E-3,2.391830684E-2
3.820826765E1,-1.263433695E-2,7.787942886E-3,-2.495956421E-2,2.903891131E-2
3.821329176E1,1.118069887E-2,-1.752436161E-3,-5.757331848E-3,1.269747730E-2
3.821831588E1,6.306350231E-3,-1.596188545E-2,-9.613037109E-4,1.718941376E-2
3.822337708E1,-8.076637983E-3,7.883191109E-3,-3.418731689E-2,3.600207521E-2
3.822840369E1,-1.759389043E-2,3.196239471E-3,1.357841492E-2,2.245293475E-2
3.823342822E1,1.575642824E-2,-6.303548813E-3,-1.027679443E-2,1.983966387E-2
3.823845463E1,1.084414124E-2,-6.281375885E-3,3.254890442E-2,3.487810576E-2
3.824348103E1,-1.297271252E-2,1.753723621E-2,-9.641647339E-4,2.183519035E-2
3.824850848E1,-8.096754551E-3,-6.381869316E-3,-5.703926086E-3,1.178220960E-2
3.825353494E1,1.093244553E-2,-1.110774279E-2,3.844261169E-3,1.605237238E-2
3.825855390E1,-3.333061934E-3,3.251373768E-3,2.280139923E-2,2.327196898E-2
3.826357963E1,1.570504904E-2,3.196120262E-3,2.736091614E-2,3.170935953E-2
3.826860536E1,1.073551178E-2,-1.656234264E-3,-1.559448242E-2,1.900479432E-2
3.827363947E1,1.066255569E-2,7.878124714E-3,-5.969047546E-3,1.453906708E-2
3.827866572E1,-3.500163555E-3,3.035843372E-3,-1.067447662E-2,1.163666366E-2
3.828369166E1,1.548793912E-2,-6.566226482E-3,-1.532745361E-2,2.275790901E-2
3.828871791E1,1.053017378E-2,-1.796185970E-3,8.548736572E-3,1.368180327E-2
3.829374416E1,-8.634954691E-3,1.248532534E-2,-1.526260376E-2,2.152656184E-2
3.829877041E1,-3.800928593E-3,-1.613521576E-2,1.335620880E-2,2.128803794E-2
3.830379286E1,5.896270275E-3,7.664561272E-3,-1.050090790E-2,1.427517318E-2
3.830881890E1,1.160770655E-3,-6.615996361E-3,3.827095032E-3,7.730811907E-3
3.831384494E1,-3.577202559E-3,7.757484913E-3,-9.593963623E-4,8.596242883E-3
3.831883629E1,1.546350121E-2,-1.831889153E-3,8.546829224E-3,1.776299461E-2
3.832386004E1,1.055479050E-2,7.701694965E-3,1.322364807E-2,1.858990522E-2
3.832888968E1,9.902119637E-4,2.962112427E-3,-1.538276672E-2,1.569662836E-2
3.833391400E1,-1.324316859E-2,-3.508073092E-2,-1.008033752E-3,3.751073617E-2
3.833894041E1,1.129865646E-3,-6.325066090E-3,8.498191833E-3,1.065374685E-2
3.834396494E1,1.137644053E-3,3.248751163E-3,8.425712585E-3,9.101716909E-3
3.834898947E1,-1.790675521E-2,-6.297826767E-3,-5.886077881E-3,1.987361107E-2
3.835401400E1,5.947321653E-3,-1.576733589E-2,4.640007019E-2,4.936543355E-2
3.835905405E1,-3.581911325E-3,2.232456207E-2,-1.470565796E-3,2.265786231E-2
3.836407937E1,-3.431439400E-3,2.205955982E-2,1.278591156E-2,2.572699925E-2
3.836909723E1,6.166189909E-3,-2.094203234E-2,7.932662964E-3,2.322752157E-2
3.837412176E1,1.338362694E-3,1.713657379E-2,-2.536582947E-2,3.064112727E-2
3.837915036E1,2.504161000E-2,1.221311092E-2,-1.090526581E-2,2.991934378E-2
3.838417530E1,1.114070415E-3,2.530694008E-3,-1.313209534E-3,3.061059348E-3
3.838920275E1,5.870342255E-3,-7.065892220E-3,8.198738098E-3,1.231288177E-2
3.839422796E1,1.089930534E-3,-6.930291653E-3,-1.561737061E-2,1.712072299E-2
3.839925317E1,1.053658128E-2,1.690018177E-2,-1.548767090E-2,2.522902374E-2
3.840427937E1,-8.580088615E-3,7.339417934E-3,-2.485847473E-2,2.730254095E-2
3.840930463E1,-3.688514233E-3,-2.144038677E-3,2.757358551E-2,2.790169631E-2
3.841432989E1,1.540768147E-2,1.214253902E-2,2.259063721E-2,2.991947178E-2
3.841936124E1,-1.324373484E-2,-1.647788286E-2,-6.084442139E-3,2.199858114E-2
3.842438692E1,1.025110483E-3,-2.120673656E-3,1.771450043E-2,1.787041224E-2
3.842941213E1,-2.755510807E-2,7.363557816E-3,1.757240295E-2,3.350067626E-2
3.843443775E1,-8.363872766E-3,-2.119183540E-3,-1.106739044E-2,1.403326183E-2
3.843946338E1,-8.226573467E-3,7.525503635E-3,1.275634766E-2,1.694208138E-2
3.844449062E1,1.095512509E-2,-2.100133896E-2,1.264286041E-2,2.684982166E-2
3.844951635E1,1.093113422E-2,2.839803696E-3,3.153324127E-2,3.349476803E-2
3.845454208E1,-1.773881912E-2,-1.620239019E-2,1.703071594E-2,2.944874254E-2
3.845955786E1,-3.430098295E-3,-1.129412651E-2,1.214313507E-2,1.693453859E-2
3.846458291E1,6.165593863E-3,-1.597529650E-2,-2.119922638E-2,2.725127235E-2
3.846960796E1,2.047815919E-2,1.262474060E-2,1.221179962E-2,2.697901275E-2
3.847464327E1,2.031925321E-2,-6.444036961E-3,-2.588081360E-2,3.352930324E-2
3.847966905E1,-3.571271896E-3,1.262646914E-2,2.181720734E-2,2.545922705E-2
3.848469484E1,1.067018509E-2,7.849931717E-3,-6.858825684E-3,1.491702945E-2
3.848972062E1,-8.398205042E-3,2.210992575E-2,2.689361572E-3,2.380359910E-2
3.849474666E1,-3.674992919E-2,-1.608818769E-2,-1.632881165E-2,4.331301385E-2
3.849977244E1,-7.883518934E-3,7.814228535E-3,-6.700515747E-3,1.296568354E-2
3.850479822E1,1.586645842E-3,2.197396755E-2,1.235485077E-2,2.525895945E-2
3.850982734E1,2.538153529E-2,-2.026438713E-3,-6.740570068E-3,2.633940152E-2
3.851485333E1,1.444578171E-3,2.181071043E-2,2.806663513E-3,2.203795035E-2
3.851987796E1,-8.050829172E-3,3.120625019E-2,-2.096462250E-2,3.844686330E-2
3.852490379E1,-1.746407151E-2,-2.318799496E-3,1.245021820E-2,2.157263447E-2
3.852992963E1,1.118576527E-2,-7.070958614E-3,-1.897811890E-3,1.336867571E-2
3.853495390E1,1.560270786E-3,2.459347248E-3,7.618904114E-3,8.156625142E-3
3.853997963E1,1.621633768E-3,-2.128261328E-2,2.801895142E-3,2.152742299E-2
3.854500536E1,2.066981792E-2,2.663254738E-3,-1.975059509E-3,2.093406695E-2
3.855003108E1,-8.029222488E-3,2.646118402E-2,-1.961708069E-3,2.772203045E-2
3.855505681E1,-7.998317480E-3,7.220923901E-3,5.029201508E-2,5.143346775E-2
3.856008515E1,1.632541418E-3,1.663184166E-2,2.612876892E-2,3.101605897E-2
3.856511098E1,6.331056356E-3,-7.223486900E-3,1.641368866E-2,1.901762901E-2
3.857013681E1,1.541644335E-3,-2.143222094E-2,2.102661133E-2,3.006385114E-2
3.857516312E1,1.578593254E-2,2.631115913E-2,3.034305573E-2,4.315291174E-2
3.858018900E1,-3.321677446E-3,2.372384071E-3,-7.899284363E-3,8.891593821E-3
3.858521739E1,6.220698357E-3,-7.173299789E-3,-7.832527161E-3,1.230860673E-2
3.859024348E1,-3.365576267E-3,2.305328846E-3,6.484985352E-3,7.661375837E-3
3.859526931E1,1.566398144E-2,-2.535581589E-3,-2.205657959E-2,2.717134873E-2
3.860029541E1,-8.146792650E-3,1.645535231E-2,-7.629394531E-3,1.988357390E-2
3.860532312E1,-3.261864185E-3,6.843566895E-3,1.142311096E-2,1.370990991E-2
3.861034937E1,1.571446657E-2,-2.784013748E-3,1.133441925E-2,1.957458178E-2
3.861537562E1,-3.452271223E-3,1.615691185E-2,-2.999305725E-3,1.679165900E-2
3.862039780E1,1.331418753E-3,6.451547146E-3,-7.718086243E-3,1.014711741E-2
3.862542379E1,1.329749823E-3,-2.211791277E-2,-7.653236389E-3,2.344231915E-2
3.863045010E1,-1.766288280E-2,1.729905605E-3,4.464912415E-2,4.804700084E-2
3.863547608E1,1.493781805E-3,2.067953348E-2,-2.694988251E-2,3.400250956E-2
3.864050234E1,1.441627741E-3,6.234288216E-3,-1.722431183E-2,1.837448116E-2
3.864552832E1,1.444667578E-3,-1.764184237E-2,-2.182483673E-2,2.810062570E-2
3.865055431E1,-8.101224899E-3,-3.171861172E-2,2.099990845E-3,3.280411766E-2
3.865558030E1,6.171464920E-3,1.600325108E-2,1.158332825E-2,2.069696880E-2
3.866063796E1,-2.711144090E-2,-1.739460230E-2,1.623630524E-2,3.607242748E-2
3.866566556E1,-1.258379221E-2,6.418824196E-3,-2.663326263E-2,3.014769990E-2
3.867069317E1,-1.721984148E-2,2.058613300E-2,-1.216506958E-2,2.946694301E-2
3.867568510E1,6.670296192E-3,6.147146225E-3,1.167964935E-2,1.478832198E-2
3.868071030E1,3.511291742E-2,6.123125553E-3,-1.691055298E-2,3.945093711E-2
3.868573442E1,-3.160536289E-3,1.559638977E-2,1.646804810E-2,2.290050156E-2
3.869075952E1,1.106002927E-2,-3.546655178E-3,1.158618927E-2,1.640557199E-2
3.869578890E1,-3.380775452E-3,-3.587782383E-3,-2.648925781E-2,2.694406437E-2
3.870081442E1,1.559308171E-2,1.546645164E-2,6.971359253E-3,2.304246457E-2
3.870584051E1,1.072117686E-2,5.765259266E-3,-1.207637787E-2,1.714703328E-2
3.871086608E1,1.141250134E-3,-1.340341568E-2,7.025718689E-3,1.517612358E-2
3.871589166E1,-3.607183695E-3,-8.568823338E-3,-7.277488708E-3,1.180670782E-2
3.872091905E1,-3.567665815E-3,-3.670752048E-3,3.076553345E-2,3.118847076E-2
3.872594473E1,-8.331954479E-3,-2.260488272E-2,-7.478713989E-3,2.522564867E-2
3.873097041E1,-8.256405592E-3,1.080083847E-2,2.081871033E-3,1.375356434E-2
3.873599822E1,-8.284956217E-3,1.192092896E-3,-1.217556000E-2,1.477517669E-2
3.874102405E1,2.513289452E-2,1.212418079E-3,-2.584457397E-3,2.529450067E-2
3.874604989E1,1.396983862E-3,1.230418682E-3,6.921768188E-3,7.167731084E-3
3.875107572E1,2.033686638E-2,-2.259725332E-2,-1.687145233E-2,3.476880636E-2
3.875614765E1,-8.474051952E-3,-3.383338451E-3,-1.197624207E-2,1.505612532E-2
3.876117577E1,1.054152846E-2,1.567298174E-2,1.186561584E-2,2.230603099E-2
3.876620390E1,-1.807662845E-2,6.020665169E-3,-2.474784851E-3,1.921295045E-2
3.877123202E1,-1.322001219E-2,-8.296847343E-3,1.654338837E-2,2.274401233E-2
3.877620728E1,2.008756995E-2,2.029311657E-2,-1.208591461E-2,3.100629579E-2
3.878123280E1,1.037421823E-2,-8.331358433E-3,1.650619507E-2,2.120118895E-2
3.878625833E1,1.493892074E-2,1.546221972E-2,-7.368087769E-3,2.272752315E-2
3.879131228E1,4.776418209E-4,2.005869150E-2,-1.204967499E-2,2.340457036E-2
3.879633973E1,4.733502865E-4,9.883046150E-4,3.078174591E-2,3.080124491E-2
3.880136968E1,-1.852160692E-2,1.521068811E-2,1.153182983E-2,2.659695575E-2
3.880639734E1,1.007837057E-2,-2.297288179E-2,-3.129386902E-2,4.010776844E-2
3.881142286E1,-4.293024540E-3,-3.703474998E-3,-7.293701172E-3,9.238174254E-3
3.881645030E1,9.946405888E-3,5.805313587E-3,-2.481460571E-3,1.178092961E-2
3.882147775E1,-4.375159740E-3,-1.325333118E-2,-7.207870483E-3,1.570815734E-2
3.882649916E1,4.684329033E-4,-1.310735941E-2,-1.190090179E-2,1.771027283E-2
3.883152619E1,-1.857402921E-2,2.017378807E-2,2.144432068E-2,3.481142306E-2
3.883655322E1,1.477921009E-2,9.934902191E-4,2.274513245E-3,1.498617644E-2
3.884158025E1,5.169898272E-3,9.155273438E-4,-1.198577881E-2,1.308529450E-2
3.884660218E1,-9.055972099E-3,1.513558626E-2,2.357482910E-3,1.779478373E-2
3.885162895E1,1.007646322E-2,1.979202032E-2,2.331733704E-3,2.233150603E-2
3.885665572E1,-8.944779634E-3,-8.876323700E-3,1.180744171E-2,1.726887040E-2
3.886166697E1,-1.361027360E-2,5.428433418E-3,2.213478088E-3,1.481914040E-2
3.886669275E1,1.495119929E-2,-8.825242519E-3,-1.205062866E-2,2.113388078E-2
3.887171853E1,-4.161685705E-3,-4.015207291E-3,1.179218292E-2,1.313381497E-2
3.887675530E1,-8.869528770E-3,1.494854689E-2,-2.154159546E-2,2.767973861E-2
3.888178181E1,5.462586880E-3,5.100369453E-4,-7.112503052E-3,8.982632842E-3
3.888681176E1,-2.311271429E-2,4.891753197E-4,-1.179885864E-2,2.595476680E-2
3.889183864E1,-1.341313124E-2,5.271375179E-3,7.290840149E-3,1.615103204E-2
3.889686551E1,5.754560232E-3,-4.231631756E-3,2.621841431E-2,2.717401184E-2
3.890188968E1,5.717068911E-3,-4.210054874E-3,-7.239341736E-3,1.013989683E-2
3.890691635E1,5.631685257E-3,-4.139363766E-3,-1.667594910E-2,1.808141282E-2
3.891194301E1,-3.901273012E-3,-8.815109730E-3,1.669979095E-2,1.928235226E-2
3.891696598E1,-1.335462928E-2,-8.754968643E-3,-4.042148590E-2,4.346138656E-2
3.892199239E1,9.134113789E-4,-3.949224949E-3,2.657890320E-3,4.847172268E-3
3.892701879E1,5.617409945E-3,-3.931939602E-3,7.387161255E-3,1.007896795E-2
3.893204312E1,2.937647700E-2,8.363127708E-4,-1.167011261E-2,3.162069494E-2
3.893706937E1,-1.829293370E-2,-8.678019047E-3,-1.157474518E-2,2.332196741E-2
3.894209822E1,1.506587863E-2,5.621910095E-3,1.701545715E-2,2.341179946E-2
3.894712473E1,1.964935660E-2,1.031088829E-2,-6.866455078E-3,2.322842736E-2
3.895215124E1,-1.849326491E-2,1.501518488E-2,2.167892456E-2,3.220919735E-2
3.895719364E1,1.965808868E-2,5.828738213E-4,-2.123451233E-2,2.894278332E-2
3.896222119E1,1.481005549E-2,-1.848000288E-2,-2.062797546E-3,2.377190325E-2
3.896724874E1,-1.859188080E-2,-4.092693329E-3,1.220226288E-2,2.261201870E-2
3.897227629E1,5.665719509E-4,6.287097931E-4,2.607345581E-3,2.741264445E-3
3.897730385E1,1.946526766E-2,1.490873098E-2,-6.909370422E-3,2.547363940E-2
3.898227395E1,1.446509361E-2,-9.020686150E-3,-3.058528900E-2,3.501530544E-2
3.898729916E1,1.440918446E-2,-2.325427532E-2,2.665233612E-2,3.819336249E-2
3.899232348E1,4.805177450E-3,5.470633507E-3,-1.156044006E-2,1.366240593E-2
3.899734864E1,-4.767179489E-3,5.514502525E-3,-6.719589233E-3,9.914061622E-3
3.900237749E1,-6.592273712E-5,1.030671597E-2,1.707839966E-2,1.994754307E-2
3.900740301E1,-4.852294922E-3,-2.782982588E-2,-1.154899597E-2,3.051922808E-2
3.901242624E1,-1.424714923E-2,5.581557751E-3,-1.955032349E-3,1.542586139E-2
3.901745150E1,9.527415037E-3,-1.816904545E-2,2.811431885E-3,2.070724509E-2
3.902247926E1,-1.432946324E-2,-1.803088188E-2,2.790451050E-3,2.319984559E-2
3.902750478E1,-1.419645548E-2,1.534825563E-2,-1.981735229E-3,2.100084698E-2
3.903253312E1,4.929542542E-3,-3.732383251E-3,-6.716728210E-3,9.129376334E-3
3.903755890E1,1.570284367E-4,2.008002996E-2,-1.616096497E-2,2.577613334E-2
3.904258536E1,-1.412105560E-2,-3.845036030E-3,-6.525993347E-3,1.602426605E-2
3.904761119E1,-1.388272643E-2,-1.337420940E-2,1.252079010E-2,2.298629494E-2
3.905263702E1,4.958808422E-4,9.702444077E-4,-1.132583618E-2,1.137812978E-2
3.905766286E1,9.851187468E-3,1.519531012E-2,-6.475448608E-3,1.923212881E-2
3.906268437E1,1.448035240E-2,1.025891304E-2,7.829666138E-3,1.939663822E-2
3.906770999E1,-4.671484232E-3,1.955753565E-2,-1.122093201E-2,2.302670799E-2
3.907274036E1,2.872496843E-2,-1.865452528E-2,7.864952087E-3,3.514217689E-2
3.907776645E1,3.314551711E-2,-4.314541817E-3,1.255607605E-2,3.570568052E-2
3.908278947E1,-1.940089464E-2,4.091858864E-4,7.708549500E-3,2.088022704E-2
3.908781525E1,-4.981875420E-3,-4.194140434E-3,-6.611824036E-3,9.280415603E-3
3.909284103E1,-2.283453941E-4,-2.316200733E-2,-2.080059052E-2,3.113190150E-2
3.909786650E1,-9.804874659E-3,-4.040360451E-3,2.211761475E-2,2.452853362E-2
3.910289228E1,-1.445612311E-2,-1.346039772E-2,1.718139648E-2,2.617942298E-2
3.910791806E1,4.625678062E-3,1.998382807E-2,2.178287506E-2,2.992062713E-2
3.911294629E1,1.879683137E-2,2.940964699E-2,-2.144813538E-3,3.496924979E-2
3.911797223E1,-3.376901150E-4,-2.302515507E-2,-1.162815094E-2,2.579700942E-2
3.912299817E1,-2.870297432E-2,1.989281178E-2,-6.788253784E-3,3.557618704E-2
3.912802390E1,1.903772354E-2,8.287429810E-4,7.507324219E-3,2.048125117E-2
3.913304978E1,-9.492039680E-5,-8.633553982E-3,-6.804466248E-3,1.099308988E-2
3.913807567E1,-4.932314157E-3,-3.869593143E-3,-1.148891449E-2,1.308803386E-2
3.914310155E1,-1.921975613E-2,2.459216118E-2,1.235675812E-2,3.356877847E-2
3.914815931E1,1.890033484E-2,1.018142700E-2,7.504463196E-3,2.274205533E-2
3.915318681E1,-1.922461390E-2,5.338370800E-3,1.693916321E-2,2.617287208E-2
3.915821431E1,9.495943785E-3,-9.010255337E-3,2.154636383E-2,2.521117696E-2
3.916320546E1,-5.921721458E-5,-2.324128151E-2,-1.186943054E-2,2.609682077E-2
3.916823056E1,9.456276894E-3,5.436658859E-3,1.672077179E-2,1.996403370E-2
3.917326067E1,-9.595036507E-3,5.382120609E-3,-1.191043854E-2,1.621389817E-2
3.917828629E1,-9.496718645E-3,-4.114627838E-3,-3.555774689E-2,3.703337942E-2
3.918331192E1,4.628300667E-5,-4.035115242E-3,1.222229004E-2,1.287123424E-2
3.918833754E1,6.785988808E-5,-8.655548096E-3,-2.131462097E-3,8.914384357E-3
3.919336228E1,1.903173327E-2,5.704879761E-3,1.687908173E-2,2.607021144E-2
3.919838786E1,-2.859607339E-2,5.653619766E-3,7.240295410E-3,3.003532433E-2
3.920341832E1,1.434943080E-2,-3.899216652E-3,-1.181221008E-2,1.899048082E-2
3.920844437E1,-1.429349184E-2,1.517283916E-2,-1.171493530E-2,2.391147562E-2
3.921347041E1,-4.661113024E-3,1.514619589E-2,-2.112102509E-2,2.640513066E-2
3.921849478E1,9.594410658E-3,1.031446457E-2,-1.952171326E-3,1.422152833E-2
3.922352072E1,-4.711270332E-3,6.736516953E-4,-1.142978668E-2,1.238102978E-2
3.922855155E1,9.538382292E-3,-1.827794313E-2,1.240730286E-2,2.406252493E-2
3.923357796E1,-1.436695457E-2,9.654164314E-4,2.804756165E-3,1.466997169E-2
3.923860437E1,-1.427230239E-2,1.049453020E-2,1.227760315E-2,2.155396295E-2
3.924363077E1,3.330338001E-2,9.009838104E-4,3.591918945E-2,4.899096920E-2
3.924867916E1,-4.938393831E-3,8.323192596E-4,-1.661109924E-2,1.734961403E-2
3.925370671E1,1.401385665E-2,-3.878176212E-3,-2.225875854E-3,1.470996099E-2
3.925873426E1,1.391768456E-2,-1.329803467E-2,1.203441620E-2,2.270169251E-2
3.926376218E1,1.856768131E-2,5.750536919E-3,-1.655387878E-2,2.553151713E-2
3.926878973E1,-1.005715132E-2,1.049560308E-2,1.681995392E-2,2.223094300E-2
3.927381405E1,1.373845339E-2,5.703985691E-3,-2.605724335E-2,3.000434110E-2
3.927884129E1,-5.348920822E-3,-2.284204960E-2,2.164363861E-2,3.191891721E-2
3.928386853E1,-1.478013396E-2,-8.465588093E-3,-2.127075195E-2,2.725001707E-2
3.928889192E1,1.860386133E-2,-3.654420376E-3,2.648353577E-3,1.914346420E-2
3.929391890E1,9.031474590E-3,5.859851837E-3,-1.162242889E-2,1.584254557E-2
3.929894588E1,4.232555628E-3,9.999871254E-4,4.071044922E-2,4.094209542E-2
3.930397286E1,3.255483508E-2,-1.811420918E-2,1.189327240E-2,3.910743906E-2
3.930899478E1,-1.053112745E-2,-3.832340240E-3,-1.193714142E-2,1.637335709E-2
3.931402150E1,-2.456358075E-2,5.636036396E-3,-1.183986664E-2,2.784451198E-2
3.931904562E1,-1.003965735E-2,-1.341396570E-2,7.249832153E-3,1.825621160E-2
3.932407208E1,9.060174227E-3,8.823871613E-4,-2.305030823E-3,9.390342444E-3
3.932909931E1,-9.935349226E-3,1.025927067E-2,1.196384430E-2,1.863054936E-2
3.933412582E1,-9.830147028E-3,-4.132926464E-3,-7.126808167E-3,1.282592166E-2
3.933915275E1,9.274750948E-3,-1.366192102E-2,-1.181316376E-2,2.030319997E-2
3.934417931E1,9.220033884E-3,5.843043327E-4,1.678180695E-2,1.915670850E-2
3.934920588E1,-1.937681437E-2,-2.317285538E-2,-7.098197937E-3,3.102944691E-2
3.935423244E1,-1.449254155E-2,6.986260414E-4,2.463340759E-3,1.471699313E-2
3.935921734E1,-4.951447248E-3,-1.831346750E-2,2.447128296E-3,1.912820846E-2
3.936424187E1,4.457890987E-3,-3.876090050E-3,2.430915833E-3,6.387974477E-3
3.936927072E1,-3.533065319E-4,9.958744049E-4,3.089714050E-2,3.091520472E-2
3.937429567E1,-1.936659217E-2,2.481865883E-2,1.638984680E-2,3.549165813E-2
3.937932312E1,-1.928234100E-2,-1.813673973E-2,2.100658417E-2,3.379388378E-2
3.938434833E1,-1.434686780E-2,-1.799756289E-2,1.133346558E-2,2.565525925E-2
3.938937619E1,-4.813849926E-3,-3.712236881E-3,-7.743835449E-3,9.844838304E-3
3.939440166E1,2.378877997E-2,-8.539676666E-3,2.081584930E-2,3.274342243E-2
3.939942713E1,1.406505704E-2,-3.227150440E-2,1.653671265E-3,3.524216870E-2
3.940445260E1,-9.823083878E-3,5.873441696E-3,6.397247314E-3,1.311163862E-2
3.940951515E1,-2.396330237E-2,1.067578793E-3,-2.214813232E-2,3.264842034E-2
3.941454249E1,-2.368858457E-2,5.799114704E-3,1.127338409E-2,2.686760054E-2
3.941956984E1,4.968255758E-3,1.054579020E-2,-3.067016602E-3,1.205420453E-2
3.942459161E1,-1.889228821E-2,-3.849089146E-3,1.595973969E-2,2.502892990E-2
3.942961858E1,1.453140378E-2,-8.523285389E-3,2.057170868E-2,2.658953342E-2
3.943464556E1,9.737044573E-3,5.890071392E-3,-8.100509644E-3,1.396858026E-2
3.943967364E1,4.876077175E-3,-1.790517569E-2,1.571178436E-2,2.431525473E-2
3.944470067E1,-9.438097477E-3,2.027785778E-2,-2.240943909E-2,3.166152492E-2
3.944972082E1,-1.413264871E-2,2.015256882E-2,-3.231048584E-3,2.482533916E-2
3.945474713E1,9.699732065E-3,1.053434610E-2,2.528476715E-2,2.905816064E-2
3.945977343E1,9.083747864E-5,-1.329797506E-2,1.083087921E-2,1.715086985E-2
3.946477723E1,9.559512138E-3,-3.688234091E-2,5.990028381E-3,3.856905214E-2
3.946980208E1,4.707008600E-3,6.206750870E-3,5.938529968E-3,9.795193949E-3
3.947482692E1,1.413729787E-2,1.351296902E-3,-3.602981567E-3,1.465164395E-2
3.947984431E1,-1.533329487E-4,-1.775777340E-2,2.017211914E-2,2.687520079E-2
3.948486864E1,-1.896980405E-2,6.132304668E-3,1.049804688E-2,2.253148052E-2
3.948989296E1,-9.296596050E-3,-3.361642361E-3,4.839420319E-2,4.939358500E-2
3.949491728E1,9.802877903E-3,2.040398121E-2,1.949882507E-2,2.987679775E-2
3.949998504E1,2.004504204E-4,-3.408908844E-3,9.834289551E-3,1.041028774E-2
3.950501155E1,-1.877343655E-2,6.220638752E-3,2.399063110E-2,3.109161699E-2
3.951003838E1,4.538893700E-4,-8.026540279E-3,4.196166992E-5,8.039472943E-3
3.951506489E1,-1.387676597E-2,-3.054857254E-3,-9.461402893E-3,1.707087963E-2
3.952008812E1,-9.090602398E-3,-1.247590780E-2,2.385807037E-2,2.841645385E-2
3.952511431E1,-2.802863717E-2,1.867473125E-3,-9.579658508E-3,2.967931628E-2
3.953013832E1,-8.872419596E-3,-7.651031017E-3,1.899528503E-2,2.231768264E-2
3.953516426E1,-1.831838489E-2,-2.842128277E-3,-9.653091431E-3,2.090031321E-2
3.954019161E1,-2.763381600E-2,-7.570266724E-3,-7.629394531E-5,2.865209497E-2
3.954521770E1,1.536193490E-2,1.148355007E-2,4.672050476E-3,1.974054259E-2
3.955024379E1,1.014232635E-3,-2.858340740E-3,-1.163482666E-4,3.035179821E-3
3.955527030E1,5.679965019E-3,-2.889513969E-3,9.387969971E-3,1.134659745E-2
3.956029640E1,-1.813238859E-2,-1.236575842E-2,-9.683609009E-3,2.398890954E-2
3.956532249E1,1.038700342E-3,1.981973648E-3,9.389877319E-3,9.652818967E-3
3.957034676E1,1.056075096E-3,-2.835631371E-3,-1.917743683E-2,1.941468988E-2
3.957537275E1,-8.420377970E-3,-7.512390614E-3,-4.776954651E-3,1.225390034E-2
3.958039874E1,-1.311454177E-2,-1.225876808E-2,-4.732131958E-3,1.856506595E-2
3.958543567E1,2.031230927E-2,6.836056709E-3,-9.445190430E-3,2.342078567E-2
3.959046239E1,1.126825809E-3,-1.216715574E-2,-1.411724091E-2,1.867099103E-2
3.959548911E1,-3.601551056E-3,2.175629139E-3,-1.874923706E-2,1.921557760E-2
3.960051582E1,-1.768735051E-2,6.852626801E-3,-4.350662231E-3,1.946096411E-2
3.960552510E1,1.103201509E-2,6.739675999E-3,2.892494202E-2,3.168250085E-2
3.961055093E1,-1.287627220E-2,-7.514774799E-3,-4.554748535E-3,1.558896919E-2
3.961558082E1,-1.284289360E-2,-7.353305817E-3,1.447391510E-2,2.070036813E-2
3.962060708E1,6.232708693E-3,2.254426479E-3,4.854202271E-3,8.215374372E-3
3.962563218E1,2.994948626E-2,7.085084915E-3,-1.418781281E-2,3.388899803E-2
3.963065827E1,-1.296183467E-2,1.177448034E-2,-4.576683044E-3,1.809954621E-2
3.963568437E1,1.091489196E-2,2.279996872E-3,-2.354049683E-2,2.604780688E-2
3.964071046E1,-3.447055817E-3,7.109940052E-3,-1.860046387E-2,2.020917360E-2
3.964570249E1,-1.288935542E-2,1.184743643E-2,-4.204750061E-3,1.800492033E-2
3.965072692E1,1.447767019E-3,-2.614688873E-2,5.741119385E-4,2.619323241E-2
3.965575135E1,-1.283538342E-2,2.610087395E-3,-8.929252625E-3,1.585216629E-2
3.966081192E1,-7.953643799E-3,-1.630532742E-2,5.383491516E-3,1.892369236E-2
3.966583879E1,1.577773690E-2,-2.561873198E-2,-3.264808655E-2,4.439767973E-2
3.967086796E1,-2.236422896E-2,-6.366312504E-3,1.035881042E-2,2.545571891E-2
3.967589504E1,-3.106206656E-3,3.179252148E-3,-1.347351074E-2,1.418772905E-2
3.968092213E1,-1.250624657E-2,-1.104068756E-2,1.037502289E-2,1.964545965E-2
3.968594921E1,1.131135225E-2,-1.402497292E-3,7.896423340E-4,1.142528877E-2
3.969094010E1,-1.734781265E-2,1.759535074E-2,-1.820755005E-2,3.069296093E-2
3.969596536E1,-2.677473426E-2,-6.301939487E-3,-8.555412292E-3,2.880617842E-2
3.970099062E1,-2.177432179E-2,2.223300934E-2,5.760192871E-3,3.164818503E-2
3.970604885E1,2.116599679E-2,3.628945351E-2,-1.328277588E-2,4.406082150E-2
3.971107635E1,-2.779185772E-3,-1.620137691E-2,-2.741909027E-2,3.196896931E-2
3.971610041E1,-2.782404423E-3,1.711440086E-2,6.053924561E-3,1.836557905E-2
3.972112754E1,-7.479280233E-3,7.464826107E-3,-3.494262695E-3,1.112983079E-2
3.972615468E1,1.645731926E-2,1.219248772E-2,-2.246856689E-2,3.040290467E-2
3.973117895E1,-1.689428091E-2,2.585589886E-3,-2.703094482E-2,3.198083771E-2
3.973620588E1,1.645603776E-2,2.630037069E-2,2.542972565E-2,4.011460612E-2
3.974123280E1,6.853312254E-3,-1.661771536E-2,1.096820831E-2,2.105749145E-2
3.974625749E1,-2.727627754E-3,2.556920052E-3,-2.236366272E-2,2.267402045E-2
3.975128426E1,-1.222887635E-2,7.274091244E-3,-7.929801941E-3,1.628924735E-2
3.975631103E1,-2.602010965E-3,2.149760723E-2,-3.119468689E-3,2.187804065E-2
3.976132369E1,2.292603254E-3,-1.187789440E-2,-1.259899139E-2,1.746639600E-2
3.976634952E1,2.118539810E-2,2.509295940E-3,-2.996444702E-3,2.154289534E-2
3.977137536E1,-2.712368965E-3,-1.181817055E-2,1.779556274E-3,1.225532215E-2
3.977640119E1,6.831616163E-3,-1.178377867E-2,-7.729530334E-3,1.566122787E-2
3.978143890E1,1.159936190E-2,2.598881721E-3,1.132202148E-2,1.641607606E-2
3.978646536E1,1.981496811E-3,2.160710096E-2,-1.726436615E-2,2.772817124E-2
3.979149051E1,1.159274578E-2,-7.028460503E-3,1.865386963E-3,1.368468780E-2
3.979651681E1,2.074927092E-3,-1.642930508E-2,2.558708191E-2,3.047828979E-2
3.980154312E1,6.826877594E-3,1.703840494E-2,2.061843872E-2,2.760495455E-2
3.980656942E1,2.045363188E-3,2.584338188E-3,-1.278972626E-2,1.320755133E-2
3.981159562E1,-2.696424723E-3,-2.201020718E-3,1.105976105E-2,1.159454669E-2
3.981662192E1,-2.753734589E-3,3.584122658E-2,2.046680450E-2,4.136504156E-2
3.982164822E1,3.523543477E-2,-1.671206951E-2,2.504730225E-2,4.634864055E-2
3.982663734E1,1.677423716E-3,-1.648896933E-2,-3.214740753E-2,3.616843473E-2
3.983166114E1,-2.685603499E-2,7.425785065E-3,-1.288604736E-2,3.069917126E-2
3.983668494E1,2.086925507E-2,-2.145171165E-3,1.096343994E-2,2.367117618E-2
3.984170874E1,-1.257300377E-2,-1.153838634E-2,6.119728088E-3,1.812914380E-2
3.984677728E1,6.395488977E-3,7.635533810E-3,-3.666687012E-2,3.799556579E-2
3.985180338E1,6.212830544E-3,1.709991693E-2,6.380081177E-3,1.927983035E-2
3.985684223E1,6.134837866E-3,-2.057611942E-3,-1.266384125E-2,1.422121224E-2
3.986186952E1,1.555114985E-2,-2.059280872E-3,-1.730442047E-2,2.335640955E-2
3.986689681E1,-1.779270172E-2,-2.012014389E-3,-7.665634155E-3,1.947794608E-2
3.987192411E1,-8.122324944E-3,-6.713986397E-3,3.513145447E-2,3.667790709E-2
3.987689890E1,2.990683913E-2,-2.092564106E-2,-1.739215851E-2,4.043251981E-2
3.988192348E1,1.063683629E-2,-1.122522354E-2,-3.149318695E-2,3.508516430E-2
3.988695411E1,1.127690077E-3,-2.070343494E-2,1.150703430E-2,2.371319763E-2
3.989197931E1,-8.299142122E-3,-2.060848475E-2,3.040599823E-2,3.765780307E-2
3.989700452E1,1.548859477E-2,-6.217420101E-3,6.412506104E-3,1.787940478E-2
3.990206150E1,5.731105804E-3,-2.513170242E-2,-2.212715149E-2,3.397144203E-2
3.990708885E1,5.656033754E-3,2.739030123E-2,2.079010010E-2,3.484892511E-2
3.991211619E1,-3.915488720E-3,-1.353502274E-3,1.112270355E-2,1.186918509E-2
3.991710645E1,1.508069038E-2,-6.112873554E-3,1.103305817E-2,1.966018357E-2
3.992213129E1,5.430579185E-3,-1.390278339E-3,1.094818115E-2,1.229986726E-2
3.992715614E1,-4.190802574E-3,-1.570129395E-2,1.368522644E-3,1.630847363E-2
3.993221791E1,1.485925913E-2,-6.148874760E-3,1.360893250E-3,1.613871969E-2
3.993724525E1,5.259484053E-3,3.324210644E-3,1.084995270E-2,1.250735873E-2
3.994227260E1,3.377619386E-2,7.972180843E-3,-8.233070374E-3,3.566749762E-2
3.994729749E1,3.356760740E-2,1.268202066E-2,1.326560974E-3,3.590790552E-2
3.995232463E1,-4.778921604E-3,-1.644074917E-3,1.317024231E-3,5.222607285E-3
3.995735176E1,-1.895996928E-2,3.039538860E-3,-1.768398285E-2,2.610445328E-2
3.996237525E1,-9.280204773E-3,-1.611006260E-2,1.463890076E-3,1.864937778E-2
3.996740218E1,-1.387479901E-2,2.939403057E-3,2.044677734E-2,2.488414840E-2
3.997242911E1,-1.848265529E-2,-6.609261036E-3,-3.464698792E-3,1.993226067E-2
3.997745603E1,1.008415222E-2,-6.529688835E-3,1.081180573E-2,1.616236695E-2
3.998245202E1,-2.327206731E-2,1.254796982E-2,5.972862244E-3,2.710564050E-2
3.998747739E1,1.018354297E-2,-2.082085609E-2,5.923271179E-3,2.392274519E-2
3.999250275E1,6.821453571E-4,1.261401176E-2,-2.737140656E-2,3.014585398E-2
3.999752812E1,-4.049628973E-3,-1.709580421E-3,-1.764869690E-2,1.818787130E-2
4.000261942E1,5.448281765E-3,3.083169460E-3,-2.225017548E-2,2.311406535E-2
4.000764796E1,-1.367193460E-2,-1.612126827E-3,-1.731681824E-2,2.212222734E-2
4.001267650E1,1.485228539E-2,-1.581686735E-2,-1.242256165E-2,2.500167418E-2
4.001765786E1,4.544258118E-4,-1.090937853E-2,-1.706790924E-2,2.026165266E-2
4.002268301E1,-4.268467426E-3,-6.099164486E-3,1.631355286E-2,1.793186071E-2
4.002771458E1,2.433285117E-2,1.777362823E-2,6.671905518E-3,3.086266077E-2
4.003274041E1,-1.858648658E-2,-1.083499193E-2,1.136207581E-2,2.433004932E-2
4.003776624E1,1.007938385E-2,-5.965590477E-3,1.601314545E-2,1.983943234E-2
4.004281004E1,1.472190022E-2,-5.944550037E-3,3.487682343E-2,3.832055367E-2
4.004783702E1,5.022227764E-3,-5.814909935E-3,2.508831024E-2,2.623850720E-2
4.005286400E1,-1.889050007E-2,-1.523745060E-2,-2.260112762E-2,3.316386382E-2
4.005787020E1,-1.881259680E-2,-2.463036776E-2,1.083278656E-2,3.283166275E-2
4.006289572E1,-1.383522153E-2,-7.029771805E-4,5.991935730E-3,1.509340338E-2
4.006792171E1,-4.250854254E-3,-1.021677256E-2,3.918457031E-2,4.071710640E-2
4.007294728E1,1.479911804E-2,1.369422674E-2,-8.633613586E-3,2.193365050E-2
4.007797286E1,-9.046018124E-3,8.863389492E-3,1.042938232E-2,1.640616143E-2
4.008299848E1,3.378328681E-2,-1.502186060E-2,1.509475708E-2,3.993517816E-2
4.008802405E1,9.786576033E-3,-1.961827278E-2,-1.352500916E-2,2.576003824E-2
4.009304963E1,1.918092370E-2,1.850593090E-2,-3.912925720E-3,2.693860242E-2
4.009807734E1,-4.651904106E-3,2.303147316E-2,-1.812458038E-2,2.967472631E-2
4.010310306E1,-1.403740048E-2,1.332306862E-2,-3.729820251E-3,1.970949844E-2
4.010812879E1,5.146443844E-3,-1.054996252E-2,-2.269458771E-2,2.555057543E-2
4.011315687E1,-1.861768961E-2,2.275788784E-2,-2.250576019E-2,3.702767974E-2
4.011818275E1,5.307734013E-3,-2.494132519E-2,6.173133850E-3,2.623641218E-2
4.012320864E1,1.003339887E-2,2.278369665E-2,-8.126258850E-3,2.618782177E-2
4.012823452E1,-4.367887974E-3,3.676116467E-3,-3.311157227E-3,6.599699978E-3
4.013322520E1,-2.814564109E-2,2.266389132E-2,-1.277828217E-2,3.832901743E-2
4.013824931E1,5.353212357E-3,8.310794830E-3,1.581287384E-2,1.864867750E-2
4.014327343E1,1.008516550E-2,1.306873560E-2,1.428604126E-3,1.656934890E-2
4.014829754E1,4.838407040E-4,-1.157939434E-3,2.040386200E-2,2.044241938E-2
4.015334812E1,1.475036144E-2,-1.066768169E-2,-8.256912231E-3,1.998872670E-2
4.015837353E1,5.158662796E-3,-1.055002213E-3,1.305580139E-3,5.424884424E-3
4.016338260E1,-4.356384277E-3,1.797693968E-2,1.553726196E-2,2.415688211E-2
4.016840640E1,5.150288343E-3,-1.543486118E-2,1.066207886E-2,1.945354300E-2
4.017343426E1,-9.106546640E-3,3.220266104E-2,-8.423805237E-3,3.450943442E-2
4.017845848E1,-1.855102181E-2,-1.072412729E-2,2.013397217E-2,2.940279156E-2
4.018348734E1,-1.837131381E-2,3.218221664E-2,9.651184082E-4,3.706928233E-2
4.018851202E1,1.969471574E-2,-1.351058483E-3,-1.328277588E-2,2.379368240E-2
4.019353911E1,-1.842585206E-2,1.292908192E-2,2.481269836E-2,3.350139077E-2
4.019856400E1,1.489534974E-2,-6.046056747E-3,3.409862518E-2,3.769804352E-2
4.020359197E1,-2.804040909E-2,-5.970001221E-3,-3.266239166E-2,4.345960522E-2
4.020861718E1,-8.729636669E-3,1.309663057E-2,-8.653640747E-3,1.796145281E-2
4.021364239E1,-1.812574267E-2,3.515720367E-3,-1.808166504E-2,2.584278328E-2
4.021866760E1,1.092672348E-3,-3.447151184E-2,-3.690719604E-3,3.468573875E-2
4.022372832E1,5.853801966E-3,-1.521223783E-2,-1.315689087E-2,2.094714670E-2
4.022875530E1,1.057505608E-2,3.834664822E-3,-2.728939056E-2,2.951689859E-2
4.023378228E1,1.520520449E-2,1.332902908E-2,6.177902222E-3,2.114303043E-2
4.023880869E1,9.610652924E-4,-1.001060009E-3,-8.126258850E-3,8.243897776E-3
4.024383562E1,1.052632928E-2,-5.766689777E-3,2.992725372E-2,3.224436128E-2
4.024885478E1,5.714595318E-3,-2.948689461E-2,1.187324524E-3,3.005899687E-2
4.025388093E1,-2.754485607E-2,-7.788538933E-4,5.926132202E-3,2.818589634E-2
4.025890708E1,1.148343086E-3,-1.504427195E-2,-2.261161804E-2,2.718334197E-2
4.026393322E1,1.214712858E-3,1.359701157E-2,-2.717781067E-2,3.041360951E-2
4.026896390E1,-3.686594963E-2,-3.872263432E-2,1.541137695E-3,5.348752898E-2
4.027399025E1,-1.279222965E-2,-9.936392307E-3,1.577472687E-2,2.261006500E-2
4.027901108E1,1.112920046E-2,1.386368275E-2,-2.709484100E-2,3.240665381E-2
4.028403687E1,-3.136783838E-3,1.372259855E-2,2.061367035E-2,2.496142082E-2
4.028906306E1,-1.727753878E-2,-7.715225220E-4,2.044677734E-2,2.678020345E-2
4.029408890E1,6.584018469E-3,8.597314358E-3,6.040573120E-3,1.239966278E-2
4.029911473E1,3.024324775E-2,8.496642113E-3,2.023887634E-2,3.736922634E-2
4.030414056E1,-2.211239934E-2,-1.051247120E-3,1.069068909E-3,2.216317291E-2
4.030913702E1,1.614058018E-2,-2.007079124E-2,-3.689765930E-3,2.601863490E-2
4.031416140E1,6.586790085E-3,2.274906635E-2,-3.657341003E-3,2.396418091E-2
4.031918577E1,-1.238462329E-2,-2.495783567E-2,-4.161643982E-2,5.008193805E-2
4.032421187E1,1.938015223E-3,-1.528543234E-2,-8.026123047E-3,1.737293861E-2
4.032923635E1,-2.184700966E-2,-1.039057970E-2,-3.211021423E-3,2.440423398E-2
4.033426082E1,-2.649128437E-3,8.763015270E-3,-3.190040588E-3,9.694569462E-3
4.033929312E1,6.791234016E-3,3.960311413E-3,3.482723236E-2,3.570351579E-2
4.034431812E1,-2.838045359E-3,1.824063063E-2,-8.200645447E-3,2.019964586E-2
4.034934312E1,-1.703906059E-2,3.864288330E-3,-2.237987518E-2,2.839227225E-2
4.035436812E1,-1.702833176E-2,3.902435303E-3,1.550674438E-3,1.753846273E-2
4.035945895E1,-1.706883311E-2,-8.099079132E-4,1.103973389E-2,2.034396075E-2
4.036448723E1,2.035588026E-3,-1.022726297E-2,1.094532013E-2,1.511755798E-2
4.036951551E1,-1.225575805E-2,-5.374848843E-3,1.085376740E-2,1.723069563E-2
4.037454379E1,2.056241035E-3,-1.960349083E-2,-3.478050232E-3,2.001553930E-2
4.037950171E1,-7.483780384E-3,-5.178689957E-3,-3.449440002E-3,9.732647884E-3
4.038452640E1,2.094298601E-3,-4.959285259E-3,-3.667259216E-2,3.706561227E-2
4.038955108E1,-7.401674986E-3,-9.645164013E-3,1.586437225E-2,1.998730318E-2
4.039461280E1,2.116936445E-2,-9.834766388E-5,-2.225494385E-2,3.071537383E-2
4.039963999E1,-7.476747036E-3,2.366381884E-2,-1.257419586E-2,2.782064826E-2
4.040466718E1,2.109760046E-2,-5.005478859E-3,2.076816559E-2,3.002466096E-2
4.040966114E1,1.897156239E-3,1.874607801E-2,-1.738929749E-2,2.563985783E-2
4.041468608E1,2.564123273E-2,-9.879708290E-3,-1.724624634E-2,3.244247932E-2
4.041970958E1,-3.638568521E-2,-3.848671913E-4,2.564334869E-2,4.451569996E-2
4.042473437E1,2.556499839E-2,-4.145503044E-4,1.118946075E-2,2.790958664E-2
4.042975916E1,2.056884766E-2,4.358708858E-3,2.059364319E-2,2.943083377E-2
4.043478395E1,1.086571813E-2,2.793109417E-2,-1.280689240E-2,3.259181408E-2
4.043989556E1,-8.250892162E-3,-8.787512779E-4,3.954029083E-2,4.040153493E-2
4.044492478E1,1.082873344E-2,-5.702137947E-3,-3.520965576E-3,1.273471805E-2
4.044995400E1,-8.235394955E-3,1.800304651E-2,-3.486633301E-3,2.010194084E-2
4.045494202E1,1.554119587E-2,-1.171350479E-3,-1.295089722E-2,2.026392286E-2
4.045996848E1,1.183152199E-3,-5.889117718E-3,1.400947571E-3,6.167998923E-3
4.046499494E1,-8.306652308E-3,-1.173973083E-3,-1.285171509E-2,1.534748403E-2
4.047002140E1,6.073683500E-3,3.556072712E-3,-7.998466492E-3,1.065414242E-2
4.047498530E1,6.043314934E-3,-1.203954220E-3,1.563072205E-3,6.357228631E-3
4.048000864E1,-1.767724752E-2,8.373022079E-3,-7.954597473E-3,2.111559139E-2
4.048503197E1,6.230115891E-3,-5.869746208E-3,1.603126526E-3,8.708517624E-3
4.049012228E1,-1.749730110E-2,-5.797207355E-3,-7.911682129E-3,2.005886021E-2
4.049515010E1,-1.258513331E-2,-5.779862404E-3,-7.844924927E-3,1.591650832E-2
4.050017791E1,-3.065466881E-3,-9.132623672E-4,1.596260071E-2,1.627991882E-2
4.050514968E1,-7.869601250E-3,-2.457898855E-2,-1.266098022E-2,2.874643843E-2
4.051017374E1,-7.940828800E-3,-5.307734013E-3,-3.056526184E-3,1.002851707E-2
4.051519780E1,-1.270496845E-2,9.051918983E-3,1.717567444E-3,1.569405934E-2
4.052024270E1,1.099979877E-2,4.229384661E-2,1.120185852E-2,4.511370821E-2
4.052526812E1,-8.170634508E-3,4.025936127E-3,6.360054016E-3,1.110935268E-2
4.053028421E1,-1.293230057E-2,-1.968020201E-2,-3.190040588E-3,2.376407179E-2
4.053530864E1,2.043387294E-2,4.247128963E-3,6.331443787E-3,2.180982458E-2
4.054033306E1,2.028593421E-2,-1.006704569E-2,6.279945374E-3,2.350111167E-2
4.054541181E1,-3.553867340E-3,1.378047466E-2,-3.273963928E-3,1.460309196E-2
4.055043989E1,-1.284986734E-2,-1.485353708E-2,-3.252983093E-3,1.990800225E-2
4.055546796E1,-3.119349480E-3,1.367622614E-2,-1.272392273E-2,1.893852455E-2
4.056047260E1,6.526440382E-3,-5.565226078E-3,-1.736450195E-2,1.936729443E-2
4.056549911E1,1.609250903E-2,8.592545986E-3,-7.720947266E-3,1.980943513E-2
4.057052562E1,-7.712095976E-3,-5.755305290E-3,2.558135986E-2,2.733140933E-2
4.057555213E1,3.046390414E-2,-2.483546734E-2,-1.261806488E-2,4.128032770E-2
4.058060103E1,1.124322414E-2,-1.041901112E-2,6.482124329E-3,1.664283082E-2
4.058562864E1,6.431370974E-3,-8.735060692E-4,1.117801666E-2,1.292569542E-2
4.059065624E1,-2.684101462E-2,3.799796104E-3,6.340026855E-3,2.784015907E-2
4.059568385E1,6.646126509E-3,8.379936218E-3,-3.644180298E-2,3.797893275E-2
4.060072119E1,1.811236143E-3,8.227527142E-3,6.605148315E-3,1.070517461E-2
4.060574926E1,2.091106772E-2,8.130788803E-3,-2.669334412E-2,3.487000287E-2
4.061077734E1,-1.243346930E-2,1.273167133E-2,2.576446533E-2,3.131284541E-2
4.061584942E1,-2.650552988E-2,2.689486742E-2,-7.694244385E-3,3.853671502E-2
4.062088046E1,-1.201847196E-2,-1.850783825E-3,-7.629394531E-3,1.435537286E-2
4.062591150E1,1.659327745E-2,2.986133099E-3,-2.181720734E-2,2.757252951E-2
4.063094254E1,-1.201871037E-2,-6.563603878E-3,2.110195160E-2,2.515596661E-2
4.063597358E1,7.040888071E-3,-1.736342907E-3,-7.564544678E-3,1.047909002E-2
4.064085155E1,-7.391005754E-3,-6.451785564E-3,1.999855042E-3,1.001258824E-2
4.064587614E1,1.169106364E-2,1.266437769E-2,-2.771377563E-3,1.745703196E-2
4.065093546E1,2.116650343E-3,-1.664519310E-3,1.149559021E-2,1.180675347E-2
4.065596364E1,-7.378131151E-3,-2.537119389E-2,1.139831543E-2,2.877596033E-2
4.066096025E1,-1.209729910E-2,1.759898663E-2,1.605224609E-2,2.671597987E-2
4.066598530E1,1.171341538E-2,-6.267488003E-3,-2.206993103E-2,2.575980127E-2
4.067103848E1,6.785511971E-3,7.998704910E-3,2.560424805E-2,2.766947724E-2
4.067606640E1,1.629287004E-2,-1.694321632E-3,-3.095626831E-3,1.667067022E-2
4.068109431E1,2.567538619E-2,2.985835075E-3,6.430625916E-3,2.663632138E-2
4.068608640E1,6.440162659E-3,-1.871526241E-3,-2.685546875E-2,2.768021870E-2
4.069111197E1,2.544626594E-2,1.236456633E-2,-1.238822937E-2,3.088467545E-2
4.069613754E1,1.109939814E-2,-1.160389185E-2,-1.228332520E-2,2.021699837E-2
4.070116312E1,-1.256066561E-2,-1.158821583E-2,-2.687454224E-3,1.729969586E-2
4.070623155E1,6.661951542E-3,1.691800356E-2,-3.115653992E-2,3.607395768E-2
4.071125926E1,-1.696828008E-2,-1.658934355E-2,-2.614879608E-2,3.531130675E-2
4.071626801E1,1.173433661E-2,-1.167911291E-2,-1.643848419E-2,2.333066859E-2
4.072129379E1,-7.342308760E-3,7.438719273E-3,-2.580165863E-2,2.783827636E-2
4.072631958E1,-1.675695181E-2,7.346928120E-3,-1.134014130E-2,2.152606772E-2
4.073138202E1,-2.253293991E-3,-2.235829830E-3,-1.125049591E-2,1.168973597E-2
4.073641010E1,-2.126309276E-2,-1.168894768E-2,7.837295532E-3,2.549850609E-2
4.074143817E1,-3.071483970E-2,1.692008972E-2,-1.720428467E-3,3.510912542E-2
4.074646624E1,2.638745308E-2,2.660572529E-3,-1.707077026E-3,2.657612534E-2
4.075145551E1,-2.409845591E-3,2.664268017E-3,-1.689910889E-3,3.970072877E-3
4.075648150E1,-3.566876054E-2,-2.025246620E-3,2.681255341E-2,4.466850258E-2
4.076151072E1,1.677027345E-2,7.570207119E-3,1.709079742E-2,2.511265545E-2
4.076653702E1,1.179003716E-2,-1.140493155E-2,-1.154327393E-2,2.005803112E-2
4.077156332E1,1.170277596E-2,-1.782298088E-3,-3.519248962E-2,3.713008049E-2
4.077658963E1,1.166754961E-2,7.760524750E-3,3.084182739E-3,1.434815812E-2
4.078165661E1,-3.590106964E-2,7.724881172E-3,3.055572510E-3,3.684965555E-2
4.078668489E1,3.563871980E-2,1.233470440E-2,7.781982422E-3,3.850743476E-2
4.079171317E1,-1.202699542E-2,-1.148110628E-2,-1.787185669E-3,1.672299174E-2
4.079674145E1,1.187670231E-2,-1.620501280E-2,-1.601600647E-2,2.569379226E-2
4.080173942E1,-1.205870509E-2,-2.563732862E-2,1.261806488E-2,3.101452158E-2
4.080676608E1,1.649940014E-2,-1.120460033E-2,-1.122665405E-2,2.288691842E-2
4.081179275E1,-2.155968547E-2,-1.113480330E-2,3.110885620E-3,2.446388136E-2
4.081681942E1,2.473741770E-3,1.268225908E-2,-2.066230774E-2,2.436985956E-2
4.082182124E1,3.095483780E-2,1.250475645E-2,-6.240844727E-3,3.396349599E-2
4.082684666E1,-2.528846264E-3,1.237779856E-2,-2.993011475E-2,3.248717792E-2
4.083183926E1,-3.083142638E-2,-1.143878698E-2,3.548622131E-3,3.307590391E-2
4.083686135E1,3.601431847E-2,-1.610916853E-2,-5.982398987E-3,3.990395398E-2
4.084188343E1,-7.022380829E-3,7.703959942E-3,-1.180648804E-3,1.049088952E-2
4.084694864E1,-2.212554216E-3,-1.611715555E-2,3.578186035E-3,1.665717607E-2
4.085197364E1,-2.604040504E-2,-1.749157906E-3,-1.069164276E-2,2.820413928E-2
4.085699864E1,-1.642426848E-2,-1.751065254E-3,-3.908824921E-2,4.243482121E-2
4.086202364E1,-2.087566257E-2,3.098964691E-3,2.770328522E-2,3.482626712E-2
4.086706645E1,-6.292402744E-3,-6.494462490E-3,3.726005554E-3,9.780362607E-3
4.087209234E1,8.010268211E-3,3.040492535E-3,8.444786072E-3,1.203010405E-2
4.087711822E1,-1.652300358E-3,-6.497800350E-3,-2.960777283E-2,3.035739972E-2
4.088210312E1,-6.328344345E-3,-1.764655113E-3,3.880500793E-3,7.630218622E-3
4.088712629E1,3.661978245E-2,-1.601117849E-2,-1.515197754E-2,4.274282076E-2
4.089214947E1,-6.366401911E-3,1.259762049E-2,1.821231842E-2,2.304169389E-2
4.089717640E1,1.258400083E-2,-2.556508780E-2,-5.672454834E-3,2.905352878E-2
4.090219984E1,-1.599895954E-2,1.725822687E-2,-1.036643982E-2,2.571529070E-2
4.090722994E1,-6.410956383E-3,-6.648302078E-3,-7.791519165E-4,9.268622334E-3
4.091225405E1,7.942199707E-3,1.228272915E-2,1.347732544E-2,1.988925018E-2
4.091728447E1,7.929950953E-3,-2.592587471E-2,8.621215820E-3,2.844926122E-2
4.092230921E1,-1.112827659E-2,-6.781995296E-3,-9.441375732E-4,1.306619286E-2
4.092733458E1,7.963240147E-3,1.689690351E-2,-1.042556763E-2,2.139184430E-2
4.093235937E1,3.149539232E-3,2.393364906E-3,-1.507949829E-2,1.558971012E-2
4.093738416E1,-6.372898817E-3,-2.143436670E-2,-1.969814301E-2,2.980038176E-2
4.094241218E1,-1.106789708E-2,2.621585131E-2,8.957862854E-3,2.983307749E-2
4.094743718E1,-2.991145849E-2,-2.609902620E-2,8.872032166E-3,4.067637487E-2
4.095246218E1,-5.965262651E-3,1.219213009E-2,-1.969528198E-2,2.391937556E-2
4.095748718E1,-6.022870541E-3,-2.164602280E-3,1.371383667E-2,1.513373017E-2
4.096254702E1,-1.557487249E-2,2.168810368E-2,8.850097656E-3,2.812960581E-2
4.096757374E1,-1.080143452E-2,7.457315922E-3,2.301406860E-2,2.649395973E-2
4.097260228E1,2.722299099E-2,2.739191055E-3,1.807117462E-2,3.278965932E-2
4.097762921E1,-1.114904881E-2,-6.687760353E-3,3.677368164E-3,1.351112373E-2
4.098265379E1,-1.601374149E-2,2.200382948E-2,3.647804260E-3,2.745751089E-2
4.098768046E1,1.720145345E-2,-1.137703657E-2,-2.012062073E-2,2.881260732E-2
4.099270713E1,2.754747868E-3,7.756590843E-3,-1.520442963E-2,1.728953492E-2
4.099773103E1,-2.570745349E-2,-2.070724964E-2,2.290153503E-2,4.017640675E-2
4.100275754E1,-1.744300127E-3,-1.556932926E-3,-1.030921936E-3,2.555273588E-3
4.100778582E1,3.151270747E-2,-6.357550621E-3,-1.018524170E-3,3.216374626E-2
4.101281249E1,-1.989603043E-3,-1.581215858E-2,8.487701416E-3,1.805613344E-2
4.101783551E1,7.468760014E-3,-6.191194057E-3,-5.825996399E-3,1.131616075E-2
4.102286181E1,-1.163947582E-2,-6.149649620E-3,-1.026153564E-3,1.320411220E-2
4.102788812E1,-6.742566824E-3,2.707952261E-2,-1.526260376E-2,3.180738634E-2
4.103291322E1,1.235583425E-2,-2.063816786E-2,3.856658936E-3,2.436133064E-2
4.103793942E1,-2.096086740E-3,1.271218061E-2,8.581161499E-3,1.547996926E-2
4.104296562E1,2.618223429E-3,-1.648545265E-3,3.764152527E-3,4.872539344E-3
4.104799025E1,-2.155125141E-3,3.055393696E-3,-1.011848450E-3,3.873478062E-3
4.105301635E1,-2.085119486E-3,-1.675963402E-3,3.697872162E-2,3.707536148E-2
4.105804129E1,2.178189158E-2,-1.570105553E-3,-6.076812744E-3,2.266812047E-2
4.106306728E1,-2.113521099E-2,7.931113243E-3,-1.276969910E-3,2.261040365E-2
4.106809739E1,-1.626765728E-2,1.260966063E-2,-6.011962891E-3,2.144257243E-2
4.107312379E1,-3.042781353E-2,1.734757423E-2,-3.920555115E-2,5.257247767E-2
4.107815020E1,1.256400347E-2,-1.748263836E-3,8.603096008E-3,1.532722645E-2
4.108317598E1,-1.838952303E-3,1.735717058E-2,1.327610016E-2,2.192961358E-2
4.108820234E1,2.872467041E-3,-2.078199387E-2,-5.825996399E-3,2.177348318E-2
4.109322869E1,2.796471119E-3,7.927119732E-3,-1.029014587E-3,8.468668667E-3
4.109825504E1,-1.972049475E-3,-1.583915949E-2,2.271938324E-2,2.776577619E-2
4.110327765E1,1.229032874E-2,1.277679205E-2,-5.960464478E-3,1.870362886E-2
4.110830379E1,-1.155373454E-2,-1.577621698E-2,2.257728577E-2,2.986823793E-2
4.111333327E1,1.708653569E-2,8.090317249E-3,-1.355171204E-3,1.895361243E-2
4.111835973E1,2.600222826E-3,-6.181061268E-3,1.765155792E-2,1.888237735E-2
4.112338619E1,-2.267986536E-3,-1.563680172E-2,-1.098060608E-2,1.924128480E-2
4.112841265E1,-2.350002527E-3,1.297652721E-2,1.285934448E-2,1.841943297E-2
4.113343536E1,-1.177617908E-2,-1.093137264E-2,-1.098918915E-2,1.946626774E-2
4.113846166E1,-6.877869368E-3,1.759320498E-2,3.348350525E-3,1.918430086E-2
4.114350369E1,-1.631072164E-2,3.086388111E-3,-6.170272827E-3,1.770981927E-2
4.114853140E1,2.774715424E-3,2.997756004E-3,-1.364707947E-3,4.306740592E-3
4.115355911E1,2.169817686E-2,-6.481349468E-3,-1.084995270E-2,2.511056040E-2
4.115858681E1,7.276535034E-3,-2.543032169E-2,3.485679626E-3,2.667956495E-2
4.116359270E1,-2.221405506E-3,-6.184637547E-3,2.719306946E-2,2.797583619E-2
4.116861926E1,1.679646969E-2,8.103072643E-3,-1.524925232E-3,1.871113511E-2
4.117364582E1,-1.657730341E-2,-1.091623306E-2,7.982254028E-3,2.139363251E-2
4.117867239E1,2.512454987E-3,-2.508294582E-2,-1.578330994E-3,2.525782512E-2
4.118366083E1,2.504259348E-3,1.789903641E-2,3.180503845E-3,1.835108781E-2
4.118868546E1,1.673877239E-2,8.343696594E-3,1.264476776E-2,2.257640197E-2
4.119371010E1,2.360790968E-3,8.367359638E-3,1.253318787E-2,1.525342058E-2
4.119873473E1,1.184865832E-2,-1.070916653E-2,7.679939270E-3,1.772169346E-2
4.120377015E1,3.085508943E-2,-1.073402166E-2,2.869606018E-3,3.279467035E-2
4.120879530E1,6.860226393E-3,1.783829927E-2,1.709079742E-2,2.563909093E-2
4.121383119E1,-2.737492323E-3,2.712404728E-2,-1.628494263E-2,3.175542727E-2
4.121885744E1,2.090752125E-3,3.095448017E-3,-3.039360046E-2,3.062227934E-2
4.122387775E1,1.157903671E-2,7.703840733E-3,-6.391525269E-3,1.530603961E-2
4.122890343E1,6.797969341E-3,-1.152300835E-2,3.166198730E-3,1.374834255E-2
4.123393020E1,-2.801358700E-3,-1.990377903E-3,-1.109981537E-2,1.161960051E-2
4.123895598E1,-1.701408625E-2,-2.088487148E-3,-1.574897766E-2,2.327812722E-2
4.124398176E1,-1.205924153E-2,7.360279560E-3,3.376960754E-3,1.452593837E-2
4.124902937E1,-1.189693809E-2,2.590954304E-3,-1.090240479E-2,1.634358009E-2
4.125405661E1,-3.558194637E-2,2.609729767E-3,-3.930377960E-2,5.308175476E-2
4.125908385E1,1.210632920E-2,-6.868600845E-3,1.325893402E-2,1.922342882E-2
4.126412437E1,-7.026821375E-3,-1.146996021E-2,-5.848884583E-3,1.466784431E-2
4.126915249E1,7.132530212E-3,-6.481885910E-3,1.794052124E-2,2.036541516E-2
4.127418062E1,-1.676553488E-2,7.912516594E-3,-1.544952393E-2,2.413252718E-2
4.127920874E1,1.182410121E-2,7.990717888E-3,2.740859985E-2,3.090133149E-2
4.128418926E1,-1.210874319E-2,-1.572668552E-2,-1.311302185E-3,1.989145074E-2
4.128921499E1,-7.351845503E-3,-2.499997616E-2,2.718925476E-2,3.766037725E-2
4.129424072E1,1.635622978E-2,3.742814064E-3,3.222465515E-3,1.708564291E-2
4.129929536E1,1.158651710E-2,-5.900025368E-3,-2.054500580E-2,2.431367806E-2
4.130432301E1,-2.637714148E-3,8.381426334E-3,2.235794067E-2,2.402255928E-2
4.130935067E1,2.119296789E-2,3.549993038E-3,3.641414642E-2,4.228160828E-2
4.131440280E1,6.837576628E-3,1.295232773E-2,1.236915588E-2,1.917058332E-2
4.131943202E1,-2.601385117E-3,3.233432770E-3,1.701641083E-2,1.751515143E-2
4.132446124E1,7.132560015E-3,3.095090389E-3,-2.122879028E-3,8.059752617E-3
4.132949046E1,1.188507676E-2,1.720088720E-2,2.647399902E-3,2.107449398E-2
4.133451968E1,2.134981751E-2,-6.904721260E-3,-2.110671997E-2,3.080557598E-2
4.133947150E1,2.196013927E-3,1.208072901E-2,-6.682395935E-3,1.397930277E-2
4.134449754E1,1.168990135E-2,1.196736097E-2,-6.360912323E-2,6.577227440E-2
4.134952358E1,-7.334619761E-3,-7.138967514E-3,-1.084804535E-2,1.491447592E-2
4.135454661E1,-1.200678945E-2,-6.936967373E-3,-2.501296997E-2,2.859953104E-2
4.135957244E1,-2.397716045E-3,-2.577960491E-2,3.691959381E-2,4.509316444E-2
4.136461379E1,-7.114201784E-3,7.820427418E-3,-1.563072205E-2,1.887035834E-2
4.136964114E1,2.457261086E-3,-3.008979559E-2,3.483772278E-3,3.039030437E-2
4.137465004E1,7.042646408E-3,-1.151561737E-3,3.449440002E-3,7.926133937E-3
4.137967551E1,-1.690170169E-2,-1.054507494E-2,1.291847229E-2,2.374348441E-2
4.138470098E1,1.639035344E-2,1.822847128E-2,3.306388855E-3,2.473566369E-2
4.138972645E1,2.096238732E-2,8.673429489E-3,8.023262024E-3,2.406289249E-2
4.139475364E1,-2.997934818E-3,1.334267855E-2,1.270771027E-2,1.866817035E-2
4.139977921E1,-3.003209829E-3,3.768980503E-3,3.104209900E-3,5.732416804E-3
4.140480478E1,-3.014922142E-3,3.777027130E-3,2.682018280E-2,2.725211726E-2
4.140983036E1,6.622195244E-3,1.312935352E-2,1.710128784E-2,2.255410028E-2
4.141491067E1,6.634205580E-3,3.458082676E-3,2.170848846E-2,2.296147841E-2
4.141993900E1,1.845180988E-3,2.235895395E-2,-2.120590210E-2,3.087098636E-2
4.142497103E1,6.596207619E-3,7.756590843E-3,1.696777344E-2,1.978838022E-2
4.142999973E1,1.140770316E-2,2.662140131E-2,-1.166629791E-2,3.122398447E-2
4.143503702E1,-1.237338781E-2,1.204514503E-2,-2.581119537E-2,3.105485552E-2
4.144006655E1,-7.510751486E-3,-3.555071354E-2,2.894401550E-3,3.645054432E-2
4.144509608E1,-2.685576677E-3,7.468879223E-3,-1.612377167E-2,1.797143544E-2
4.145012562E1,2.047508955E-3,-1.160055399E-2,-1.598644257E-2,1.985778164E-2
4.145511385E1,1.138722897E-2,-2.020120621E-3,-1.109695435E-2,1.602785908E-2
4.146014119E1,-7.788181305E-3,-6.716012955E-3,-1.575088501E-2,1.881092705E-2
4.146516853E1,6.477534771E-3,1.237720251E-2,-1.562023163E-2,2.095579239E-2
4.147021260E1,1.117897034E-2,2.924084663E-3,-1.549911499E-2,1.933241357E-2
4.147524098E1,-1.744362712E-2,-1.125615835E-2,-1.062488556E-2,2.332100815E-2
4.148026937E1,-7.839769125E-3,1.736640930E-2,-1.053714752E-2,2.177350752E-2
4.148529775E1,6.438940763E-3,-1.598531008E-2,-9.527206421E-4,1.725971532E-2
4.149032614E1,-3.098607063E-3,3.127515316E-3,8.552551270E-3,9.619191806E-3
4.149529676E1,-1.265910268E-2,-3.015244007E-2,-5.758285522E-3,3.320512573E-2
4.150032270E1,6.456702948E-3,-2.036982775E-2,2.277755737E-2,3.123197104E-2
4.150534864E1,-7.829457521E-3,-2.501523495E-2,-1.151084900E-3,2.623713744E-2
4.151038405E1,6.542980671E-3,8.419990540E-3,1.310253143E-2,1.689328762E-2
4.151541062E1,-7.743805647E-3,3.534257412E-3,-2.499103546E-2,2.640093473E-2
4.152041666E1,-2.661183476E-2,2.723425627E-2,-2.003574371E-2,4.302703209E-2
4.152544124E1,6.917595863E-3,-1.553535461E-3,3.874778748E-3,8.079635840E-3
4.153046582E1,6.870061159E-3,-6.354033947E-3,1.809215546E-2,2.036903475E-2
4.153549713E1,1.157468557E-2,-6.420493126E-3,-2.953720093E-2,3.236730320E-2
4.154052218E1,1.624009013E-2,1.245599985E-2,1.345539093E-2,2.449367275E-2
4.154554723E1,1.141807437E-2,2.648085356E-2,8.599281311E-3,3.009245199E-2
4.155061890E1,1.836240292E-3,-1.174145937E-2,-9.689331055E-4,1.192361010E-2
4.155564708E1,1.613157988E-2,-3.535038233E-2,-1.521205902E-2,4.172869684E-2
4.156067525E1,-3.035038710E-3,-1.132935286E-2,-3.882503510E-2,4.055797143E-2
4.156570343E1,1.593947411E-3,-1.751363277E-3,-5.254745483E-3,5.763704692E-3
4.157068775E1,-3.260135651E-3,-1.749992371E-3,-3.369617462E-2,3.389871888E-2
4.157571374E1,1.097118855E-2,-1.109063625E-2,4.566192627E-3,1.625482407E-2
4.158074812E1,-2.240434289E-2,8.140325546E-3,9.269714355E-3,2.557629927E-2
4.158577494E1,-2.230730653E-2,1.296037436E-2,-1.455497742E-2,2.962152251E-2
4.159080176E1,3.477740288E-2,-1.075577736E-2,1.405239105E-2,3.902081742E-2
4.159580853E1,2.489498258E-2,-5.825102329E-3,2.343177795E-2,3.468054487E-2
4.160083405E1,2.464652061E-2,1.335948706E-2,-5.261421204E-3,2.852383961E-2
4.160587780E1,-8.836060762E-3,-9.610056877E-4,1.377677917E-2,1.639509519E-2
4.161090515E1,-8.799999952E-3,-5.768597126E-3,4.170417786E-3,1.131852890E-2
4.161593249E1,-3.970354795E-3,3.766179085E-3,4.136085510E-3,6.859666570E-3
4.162098900E1,5.622923374E-3,-1.057553291E-2,-5.393981934E-3,1.313598891E-2
4.162601827E1,1.038756967E-2,1.799082756E-2,-1.959609985E-2,2.855833695E-2
4.163104754E1,1.980617642E-2,8.333683014E-3,4.309654236E-3,2.191593066E-2
4.163607681E1,5.358755589E-3,-1.074498892E-2,4.276275635E-3,1.274588489E-2
4.164110609E1,5.277335644E-3,3.206580877E-2,-1.000213623E-2,3.400160427E-2
4.164611676E1,5.193710327E-3,-6.201982498E-3,-5.167007446E-3,9.598811375E-3
4.165114530E1,1.930457354E-2,1.283103228E-2,-3.360939026E-2,4.082760172E-2
4.165617385E1,9.555548429E-3,2.706038952E-2,-1.908493042E-2,3.446458698E-2
4.166116437E1,-1.425105333E-2,-1.116806269E-2,4.817008972E-3,1.873557367E-2
4.166619030E1,1.291036606E-4,8.007168770E-3,9.518623352E-3,1.243927691E-2
4.167121624E1,3.430247307E-5,8.033692837E-3,2.368354797E-2,2.500903520E-2
4.167626124E1,-4.749953747E-3,-1.579105854E-2,9.243965149E-3,1.890424508E-2
4.168128843E1,-2.854281664E-2,-1.375079155E-3,-3.280639648E-4,2.857780346E-2
4.168631562E1,9.700000286E-3,-1.562458277E-2,-5.073547363E-3,1.907769575E-2
4.169133713E1,-1.405441761E-2,3.535628319E-3,1.395702362E-2,2.012028405E-2
4.169636395E1,9.871304035E-3,2.728700638E-2,4.338264465E-3,2.934014143E-2
4.170139077E1,1.929432154E-2,3.308773041E-3,-1.944065094E-2,2.758908718E-2
4.170641760E1,4.857957363E-3,3.262400627E-3,1.871204376E-2,1.960570298E-2
4.171144609E1,-9.406059980E-3,-6.332516670E-3,1.855945587E-2,2.174920996E-2
4.171647301E1,-2.356058359E-2,1.750272512E-2,1.365375519E-2,3.237084362E-2
4.172149994E1,-4.354029894E-3,-1.651585102E-3,-5.454063416E-3,7.171618883E-3
4.172652687E1,9.902328253E-3,-2.065414190E-2,-5.405426025E-3,2.353440701E-2
4.173154567E1,3.396868706E-4,8.045613766E-3,-2.435684204E-2,2.565351910E-2
4.173657218E1,3.537535667E-4,7.911980152E-3,-4.072189331E-4,7.930346699E-3
4.174159869E1,-2.337414026E-2,-1.666367054E-3,-4.034042358E-4,2.343693553E-2
4.174661463E1,2.432018518E-2,1.738005877E-2,-1.464843750E-2,3.328835489E-2
4.175164036E1,-2.335250378E-2,-1.668691635E-3,-5.036354065E-3,2.394762674E-2
4.175667317E1,5.354821682E-3,-6.370127201E-3,4.499435425E-3,9.460314738E-3
4.176169963E1,-1.355847716E-2,7.909715176E-3,1.395416260E-2,2.100272723E-2
4.176672608E1,1.516789198E-2,2.207285166E-2,-4.119873047E-4,2.678517241E-2
4.177175254E1,2.455770969E-2,3.033339977E-3,-9.915351868E-3,2.665701520E-2
4.177676150E1,-1.842194796E-2,7.693290710E-3,2.816104889E-2,3.451955334E-2
4.178178708E1,-8.855044842E-3,-1.618206501E-2,-1.005268097E-2,2.100779479E-2
4.178681265E1,1.018095016E-2,-1.131606102E-2,-4.692077637E-4,1.522908859E-2
4.179186874E1,7.232725620E-4,-2.073633671E-2,-4.701614380E-4,2.075427269E-2
4.179689629E1,8.473098278E-4,7.904708385E-3,4.277229309E-3,9.027571056E-3
4.180192385E1,-1.813018322E-2,1.246351004E-2,-9.997367859E-3,2.416588484E-2
4.180695140E1,-8.458405733E-3,-1.140344143E-2,-3.840541840E-2,4.094580890E-2
4.181197895E1,-8.364200592E-3,1.726520061E-2,-1.909828186E-2,2.707011958E-2
4.181700650E1,1.077169180E-2,-1.613652706E-2,-2.369022369E-2,3.062096583E-2
4.182198442E1,1.539957523E-2,-6.523430347E-3,-9.244918823E-3,1.910943706E-2
4.182701025E1,-8.505672216E-3,-1.685023308E-3,1.457405090E-2,1.695844106E-2
4.183204765E1,-2.746009827E-2,1.735597849E-2,2.059936523E-4,3.248583414E-2
4.183707463E1,-1.291370392E-2,7.695496082E-3,1.919651031E-2,2.438217417E-2
4.184210036E1,1.514613628E-3,7.713258266E-3,4.277038574E-2,4.348671411E-2
4.184712723E1,-2.232369781E-2,-1.867055893E-3,2.817440033E-2,3.599486374E-2
4.185213926E1,-7.978469133E-3,2.880454063E-3,-1.004314423E-2,1.314601579E-2
4.185716458E1,-3.250181675E-3,-1.960456371E-3,-2.419662476E-2,2.449252375E-2
4.186218989E1,-8.003503084E-3,2.836763859E-3,-2.874374390E-2,2.997175510E-2
4.186721520E1,1.579791307E-3,-1.614850760E-2,1.897811890E-2,2.496876118E-2
4.187225025E1,-3.214180470E-3,2.200633287E-2,-4.922866821E-3,2.277815314E-2
4.187727603E1,-1.271361113E-2,-3.512930870E-2,-1.912689209E-2,4.197073074E-2
4.188230181E1,-1.247876883E-2,7.978618145E-3,-1.423072815E-2,2.054000104E-2
4.188735723E1,3.037741780E-2,-2.993702888E-2,4.286003113E-2,6.046482845E-2
4.189238504E1,-1.259019971E-2,-2.005767822E-2,1.875114441E-2,3.020643973E-2
4.189741286E1,-1.256689429E-2,3.984749317E-3,-5.152702332E-3,1.415469536E-2
4.190244067E1,-3.050148487E-3,4.207473993E-2,1.862812042E-2,4.611500858E-2
4.190740640E1,1.113346219E-2,-1.517289877E-2,1.847171783E-2,2.636996771E-2
4.191243108E1,1.565226912E-2,1.347613335E-2,-1.016807556E-2,2.302149994E-2
4.191745577E1,5.942672491E-3,-5.549609661E-3,-1.008415222E-2,1.295390481E-2
4.192248129E1,-3.686100245E-3,8.874237537E-3,8.990287781E-3,1.315920595E-2
4.192750603E1,1.524978876E-2,-1.480525732E-2,-5.855560303E-4,2.126251578E-2
4.193253077E1,-3.704467416E-2,-3.512501717E-4,-1.008605957E-2,3.839478946E-2
4.193759213E1,1.325100660E-3,9.228944778E-3,1.373195648E-2,1.659807044E-2
4.194261937E1,1.088038087E-2,-3.663301468E-4,-6.294250488E-4,1.090472657E-2
4.194766515E1,3.455635905E-2,-3.902316093E-4,8.873939514E-3,3.567970059E-2
4.195269421E1,1.524367929E-2,1.373040676E-2,4.060745239E-3,2.091371511E-2
4.195771161E1,-8.656471968E-3,1.353937387E-2,-5.463600159E-3,1.697351108E-2
4.196273947E1,-3.866463900E-3,3.234332800E-2,-5.411148071E-3,3.302000806E-2
4.196776734E1,-2.295893431E-2,-5.942642689E-3,-5.357742310E-3,2.431322828E-2
4.197277556E1,8.930861950E-4,-5.919456482E-3,8.937835693E-3,1.075743812E-2
4.197780213E1,-1.819354296E-2,1.315116882E-2,-1.962471008E-2,2.981757020E-2
4.198282635E1,-3.778100014E-3,-1.177132130E-3,4.278182983E-3,5.827737932E-3
4.198785265E1,-3.773301840E-3,3.602385521E-3,1.373958588E-2,1.469663935E-2
4.199287895E1,1.527732611E-2,-1.065242290E-2,1.362228394E-2,2.307460566E-2
4.199790885E1,9.299814701E-4,-1.098155975E-3,4.013061523E-3,4.263270443E-3
4.200293541E1,-8.604019880E-3,-1.531237364E-2,1.347637177E-2,2.213844034E-2
4.200795890E1,5.777806044E-3,8.535265923E-3,-5.631446838E-3,1.174508410E-2
4.201298515E1,1.529803872E-2,1.793301105E-2,-8.382797241E-4,2.358655522E-2
4.201801140E1,1.524543762E-2,-1.073861122E-2,3.915786743E-3,1.905451456E-2
4.202303770E1,-8.552134037E-3,3.670573235E-3,-1.037120819E-2,1.393463540E-2
4.202806395E1,1.085132360E-3,-1.532953978E-2,-7.925033569E-4,1.538831906E-2
4.203309020E1,-1.790031791E-2,1.326143742E-2,-3.877258301E-2,4.471689051E-2
4.203811645E1,-2.252697945E-2,-1.057314873E-2,1.378440857E-2,2.844760441E-2
4.204314385E1,-3.327101469E-3,1.808059216E-2,-3.382110596E-2,3.849473503E-2
4.204817015E1,-3.280967474E-3,1.795244217E-2,1.394367218E-2,2.296695281E-2
4.205318697E1,1.519888639E-3,-1.122593880E-3,2.331924438E-2,2.339567133E-2
4.205821228E1,-8.019387722E-3,8.506238461E-3,4.124641418E-3,1.239674711E-2
4.206323760E1,1.100873947E-2,1.325678825E-2,4.207515717E-2,4.546706093E-2
4.206826843E1,-1.770997047E-2,-1.078248024E-3,8.490562439E-3,1.966965489E-2
4.207329411E1,-3.345966339E-3,1.314252615E-2,-1.057052612E-2,1.719469415E-2
4.207832468E1,-8.095502853E-3,-1.069182158E-2,-9.851455688E-4,1.344703413E-2
4.208335083E1,2.048587799E-2,-1.140058041E-3,-9.756088257E-4,2.054075807E-2
4.208837697E1,1.574805379E-2,-1.066476107E-2,2.276802063E-2,2.966683485E-2
4.209339942E1,2.524027228E-2,8.331418037E-3,3.582954407E-3,2.682016841E-2
4.209842530E1,1.410961151E-3,1.287436485E-2,3.204727173E-2,3.456541200E-2
4.210345463E1,6.226122379E-3,1.267719269E-2,2.703380585E-2,3.050086020E-2
4.210848088E1,-1.748979092E-2,7.681250572E-3,-2.067184448E-2,2.814639499E-2
4.211350713E1,2.071920037E-2,1.227790117E-2,-6.252288818E-3,2.488218714E-2
4.211853338E1,1.107314229E-2,-2.590042353E-2,-1.446723938E-3,2.820530853E-2
4.212355994E1,-7.937908173E-3,1.691192389E-2,1.756381989E-2,2.564198363E-2
4.212858619E1,-1.729366183E-2,-3.085410595E-2,-1.571655273E-3,3.540503769E-2
4.213361244E1,-1.712295413E-2,-2.145469189E-3,-1.580333710E-2,2.339965939E-2
4.213865978E1,-2.650585771E-2,7.384121418E-3,-1.424789429E-3,2.755205558E-2
4.214368739E1,1.167434454E-2,-1.176017523E-2,-1.406669617E-3,1.663041675E-2
4.214871499E1,2.054452896E-3,-6.953358650E-3,-2.038478851E-2,2.163584008E-2
4.215374260E1,1.625376940E-2,-6.932556629E-3,2.252578735E-2,2.862964298E-2
4.215877020E1,-2.904951572E-3,-2.215087414E-3,1.759624481E-2,1.797145479E-2
4.216379780E1,1.603201032E-2,7.314980030E-3,7.955551147E-3,1.933455667E-2
4.216876484E1,-2.211576700E-2,1.201456785E-2,-1.606941223E-3,2.521981861E-2
4.217379036E1,-7.615834475E-3,-2.365410328E-3,1.739978790E-2,1.914023824E-2
4.217884171E1,2.576053143E-2,-7.183015347E-3,2.200508118E-2,3.463270544E-2
4.218386984E1,-2.191793919E-2,2.285659313E-3,2.832412720E-3,2.221807504E-2
4.218889463E1,-1.216575503E-2,-2.156376839E-2,2.655315399E-2,3.630525705E-2
4.219392239E1,2.256691456E-3,-2.480268478E-3,2.591133118E-3,4.237730393E-3
4.219895015E1,1.640355587E-2,1.164430380E-2,7.330894470E-3,2.141047570E-2
4.220397952E1,6.692916155E-3,6.655037403E-3,-1.645946503E-2,1.897363008E-2
4.220900739E1,2.090227604E-2,6.461381912E-3,-6.817817688E-3,2.291587305E-2
4.221403525E1,1.599565148E-2,2.067291737E-2,7.482528687E-3,2.718857507E-2
4.221907270E1,2.062010765E-2,-2.695864439E-2,-1.157569885E-2,3.586020288E-2
4.222410119E1,-7.972359657E-3,1.775562763E-3,2.761840820E-3,8.622001296E-3
4.222912968E1,1.101261377E-2,6.624281406E-3,-6.761550903E-3,1.452161619E-2
4.223417119E1,-8.100539446E-3,-1.235824823E-2,4.077720642E-2,4.337194487E-2
4.223920056E1,-1.281246543E-2,-2.740263939E-3,7.198333740E-3,1.494939214E-2
4.224422994E1,1.505374908E-3,2.155721188E-3,-1.186084747E-2,1.214878555E-2
4.224925931E1,1.560336351E-2,2.125453949E-2,1.672840118E-2,3.122594767E-2
4.225425234E1,1.090347767E-3,-7.339775562E-3,-1.189994812E-2,1.402390562E-2
4.225927989E1,1.042753458E-3,2.244234085E-3,2.618694305E-2,2.630361017E-2
4.226430744E1,-8.501678705E-3,-2.444803715E-3,2.223014832E-3,9.121260930E-3
4.226933499E1,5.827426910E-3,-2.139133215E-2,-2.546310425E-3,2.231662368E-2
4.227433676E1,4.377940297E-2,-1.173996925E-2,-2.626705170E-2,5.238722180E-2
4.227936301E1,-8.803218603E-3,7.274210453E-3,2.144050598E-2,2.429209938E-2
4.228441025E1,5.534529686E-3,1.183021069E-2,-2.472877502E-3,1.329285623E-2
4.228943853E1,5.507141352E-3,-2.592921257E-3,7.048606873E-3,9.313146909E-3
4.229446681E1,-3.920137882E-3,-7.393300533E-3,-2.508163452E-3,8.736089382E-3
4.229949744E1,-3.875344992E-3,2.040565014E-3,-1.197624207E-2,1.275196371E-2
4.230452588E1,-3.934442997E-3,-2.849161625E-3,-3.085803986E-2,3.123805672E-2
4.230955431E1,8.071362972E-4,-1.239442825E-2,-3.059387207E-2,3.301906009E-2
4.231458296E1,1.031264663E-2,1.612579823E-2,-2.083778381E-2,2.829496922E-2
4.231961140E1,1.979389787E-2,-2.207261324E-2,1.257610321E-2,3.220492229E-2
4.232463984E1,-1.833730936E-2,1.827359200E-3,-2.551555634E-2,3.147443044E-2
4.232964978E1,1.027339697E-2,-2.908170223E-3,-1.580619812E-2,1.907448658E-2
4.233467708E1,-8.839398623E-3,-7.500350475E-3,3.313064575E-3,1.205680812E-2
4.233970437E1,1.968884468E-2,1.643973589E-2,2.227306366E-2,3.397064741E-2
4.234473166E1,5.246222019E-3,-1.200360060E-2,1.732826233E-2,2.172275185E-2
4.234972437E1,1.466348767E-2,7.225334644E-3,3.617095947E-2,3.969334504E-2
4.235474978E1,-4.488825798E-3,-6.840884686E-3,-1.162910461E-2,1.421911862E-2
4.235978254E1,1.450648904E-2,-1.129227877E-2,2.644252777E-2,3.220498500E-2
4.236480869E1,9.649634361E-3,-6.258785725E-3,7.215499878E-3,1.357760216E-2
4.236983369E1,1.913699508E-2,-1.556932926E-2,7.143020630E-3,2.568367844E-2
4.237485973E1,2.849051356E-2,3.588080406E-3,2.331733704E-3,2.881007925E-2
4.237988577E1,-2.396100760E-2,-1.262426376E-3,1.656150818E-2,2.915488224E-2
4.238491181E1,2.379804850E-2,-1.562362909E-2,-2.566337585E-3,2.858375390E-2
4.238990062E1,9.476363659E-3,-6.170511246E-3,1.645374298E-2,1.996502781E-2
4.239492478E1,7.191300392E-5,-1.594960690E-3,-2.671241760E-3,3.112009580E-3
4.239994895E1,-4.612177610E-3,-1.700103283E-3,6.852149963E-3,8.432940923E-3
4.240497312E1,9.639948606E-3,-6.506264210E-3,-3.118705750E-2,3.328502123E-2
4.240999728E1,-2.845692635E-2,2.671307325E-2,1.656341553E-2,4.239966596E-2
4.241504760E1,5.036473274E-3,1.212340593E-2,1.168346405E-2,1.757402534E-2
4.242007280E1,-3.292509913E-2,7.204592228E-3,1.158714294E-2,3.564028877E-2
4.242508609E1,2.914792299E-2,1.197862625E-2,-2.175712585E-2,3.829440464E-2
4.243011010E1,-9.163081646E-3,1.665639877E-2,-7.328033447E-3,2.037394806E-2
4.243513411E1,1.457232237E-2,2.124607563E-2,-7.261276245E-3,2.676704021E-2
4.244015812E1,-1.412355900E-2,1.645547152E-2,-3.094768524E-2,3.778910800E-2
4.244518635E1,-4.543989897E-3,-1.673185825E-2,-6.958007812E-3,1.868199126E-2
4.245021056E1,1.444944739E-2,2.541542053E-3,-1.640319824E-2,2.200706429E-2
4.245523478E1,1.419046521E-2,-2.039194107E-3,1.696777344E-2,2.221335074E-2
4.246025900E1,-4.957050085E-3,7.611989975E-3,1.207160950E-2,1.510756409E-2
4.246532332E1,3.783711791E-2,2.886176109E-3,7.215499878E-3,3.862694581E-2
4.247034958E1,-4.498660564E-4,-1.129812002E-2,-7.095336914E-3,1.334892136E-2
4.247534322E1,-5.229860544E-3,7.823109627E-3,-7.036209106E-3,1.174992443E-2
4.248036624E1,-1.941889524E-2,-6.503641605E-3,-1.172637939E-2,2.359870379E-2
4.248538926E1,-9.692311287E-3,1.257735491E-2,-1.638317108E-2,2.281532488E-2
4.249042723E1,1.415026188E-2,-6.543219090E-3,7.495880127E-3,1.729831917E-2
4.249545124E1,4.554569721E-3,2.883076668E-3,1.693725586E-2,1.777433184E-2
4.250047525E1,1.402950287E-2,-1.960813999E-3,2.154827118E-2,2.578758874E-2
4.250556489E1,1.862478256E-2,-1.626247168E-2,-1.186370850E-2,2.742440683E-2
4.251059332E1,-4.601776600E-4,1.229476929E-2,-7.015228271E-3,1.416285787E-2
4.251562176E1,-3.921687603E-4,2.677559853E-3,-6.958961487E-3,7.466610213E-3
4.252065020E1,-9.815305471E-3,-2.111029625E-2,-1.165103912E-2,2.603327759E-2
4.252567864E1,-4.969477654E-3,1.708453894E-2,-6.808280945E-3,1.905071831E-2
4.253069145E1,-1.926124096E-2,2.187597752E-2,-2.575302124E-2,3.889436847E-2
4.253571926E1,-3.813096881E-2,2.833664417E-3,-1.802444458E-3,3.827857419E-2
4.254074708E1,4.938662052E-3,-2.565056086E-2,-1.790046692E-3,2.618293189E-2
4.254575718E1,-1.407796144E-2,-1.575773954E-2,-1.787185669E-3,2.120588094E-2
4.255078374E1,-3.308790922E-2,1.299268007E-2,2.974510193E-3,3.567165798E-2
4.255581030E1,3.941953182E-4,-1.083111763E-2,-1.798629761E-3,1.098651756E-2
4.256078895E1,-2.338439226E-2,1.307910681E-2,2.962112427E-3,2.695676068E-2
4.256581223E1,9.961992502E-3,-1.143336296E-3,-2.080917358E-2,2.309913890E-2
4.257083551E1,2.403971553E-2,-1.004755497E-3,-1.646041870E-3,2.411694239E-2
4.257585879E1,9.612590075E-3,3.725767136E-3,-6.380081177E-3,1.212388818E-2
4.258088208E1,3.334528208E-2,-2.007460594E-2,3.165912628E-2,5.017168442E-2
4.258590536E1,9.346902370E-3,3.753602505E-3,-1.133728027E-2,1.516535656E-2
4.259097593E1,4.536241293E-3,-1.054871082E-2,1.250076294E-2,1.697415268E-2
4.259600083E1,4.510849714E-3,1.790356636E-2,2.906799316E-3,1.869050389E-2
4.260102556E1,-4.959613085E-3,-6.063520908E-3,7.633209229E-3,1.093754684E-2
4.260605041E1,9.394615889E-3,-6.091415882E-3,-1.617145538E-2,1.966926853E-2
4.261107275E1,-4.858523607E-3,3.181427717E-2,-6.534576416E-3,3.283982601E-2
4.261609739E1,1.424345374E-2,-1.137000322E-2,7.773399353E-3,1.981359849E-2
4.262117332E1,-1.503825188E-4,-1.146537066E-2,-1.127243042E-2,1.607933539E-2
4.262620327E1,-4.878491163E-3,-1.150435209E-2,1.257133484E-2,1.772535621E-2
4.263123322E1,-1.891228557E-2,7.453143597E-3,2.969741821E-3,2.054369152E-2
4.263620838E1,4.949182272E-3,2.565026283E-3,2.951622009E-3,6.307601563E-3
4.264123458E1,-4.569917917E-3,-1.173382998E-2,-3.031158447E-2,3.282314837E-2
4.264626270E1,-2.355840802E-2,1.212584972E-2,3.180503845E-3,2.668614668E-2
4.265128911E1,3.478527069E-4,7.243812084E-3,3.157615662E-3,7.909763061E-3
4.265634260E1,-9.184807539E-3,-2.242505550E-3,7.877349854E-3,1.230618387E-2
4.266137171E1,5.159527063E-3,2.540946007E-3,-6.435394287E-3,8.630841544E-3
4.266640083E1,-9.168088436E-3,7.188618183E-3,1.736736298E-2,2.091304315E-2
4.267142994E1,3.661513329E-4,-2.344667912E-3,3.146839142E-2,3.155774379E-2
4.267641452E1,1.452490687E-2,-7.004082203E-3,2.170944214E-2,2.704311308E-2
4.268144140E1,9.677588940E-3,-1.178169250E-2,4.052734375E-2,4.330045724E-2
4.268646827E1,-4.581123590E-3,-1.646274328E-2,6.949424744E-3,1.844730642E-2
4.269149515E1,1.920872927E-2,-6.905794144E-3,3.538703918E-2,4.085226818E-2
4.269652202E1,4.767090082E-3,-4.022163153E-2,2.560520172E-2,4.791796266E-2
4.270159275E1,4.997849464E-5,-1.153302193E-2,1.653671265E-3,1.165108241E-2
4.270662244E1,1.911401749E-2,-2.576690912E-2,1.113891602E-2,3.396107655E-2
4.271165213E1,-2.056360245E-5,-1.945614815E-3,-7.940292358E-3,8.175211472E-3
4.271666333E1,-4.647344351E-3,-2.012908459E-3,-3.126144409E-3,5.951671097E-3
4.272169176E1,2.133846283E-4,2.640849352E-2,6.399154663E-3,2.717357620E-2
4.272672020E1,9.733378887E-3,-2.143633366E-2,-3.143310547E-3,2.375153608E-2
4.273174864E1,9.670436382E-3,1.664775610E-2,1.588153839E-2,2.495773196E-2
4.273673181E1,-4.692256451E-3,1.178431511E-2,-1.274204254E-2,1.797907120E-2
4.274175791E1,9.606927633E-3,-1.683199406E-2,-7.886886597E-3,2.092395906E-2
4.274680916E1,-1.420438290E-2,-2.621275187E-2,-1.256847382E-2,3.235489743E-2
4.275183770E1,-1.407498121E-2,2.157074213E-2,2.077007294E-2,3.308773099E-2
4.275686624E1,2.404451370E-4,-1.181435585E-2,1.109981537E-2,1.621242484E-2
4.276189478E1,4.945874214E-3,-6.886005402E-3,-3.240585327E-3,9.076350335E-3
4.276688577E1,-3.792408109E-2,-2.099263668E-2,-7.963180542E-3,4.407197483E-2
4.277191239E1,-1.380032301E-2,7.805168629E-3,-1.265621185E-2,2.028667718E-2
4.277695692E1,-4.074364901E-3,7.823765278E-3,1.118087769E-2,1.424162134E-2
4.278198530E1,5.469799042E-3,-2.539938688E-2,-7.911682129E-3,2.715957050E-2
4.278701369E1,5.385547876E-3,3.333628178E-3,1.114845276E-2,1.282205918E-2
4.279207338E1,5.246281624E-3,8.088052273E-3,2.055549622E-2,2.270393105E-2
4.279710374E1,-4.433691502E-3,8.049666882E-3,-8.102416992E-3,1.225169043E-2
4.280213411E1,-1.392969489E-2,1.265722513E-2,1.096534729E-2,2.178257535E-2
4.280716447E1,-9.052693844E-3,7.732510567E-3,1.562595367E-2,1.964467902E-2
4.281219484E1,-2.320730686E-2,1.714402437E-2,5.999565125E-3,2.947017891E-2
4.281718208E1,7.437467575E-4,-1.145875454E-2,-2.729320526E-2,2.961039122E-2
4.282221067E1,2.444019914E-2,-6.683945656E-3,-8.065223694E-3,2.659034217E-2
4.282722708E1,1.005440950E-2,7.600307465E-3,-2.699375153E-2,2.979124780E-2
4.283225442E1,1.468226314E-2,1.701498032E-2,-3.023147583E-3,2.267637156E-2
4.283728176E1,2.401664853E-2,-2.107906342E-2,1.750946045E-3,3.200300194E-2
4.284230911E1,4.020333290E-5,-1.612383127E-2,6.484985352E-3,1.737914227E-2
4.284734395E1,-9.445875883E-3,-6.455898285E-3,-7.817268372E-3,1.385687117E-2
4.285237166E1,9.586274624E-3,2.212584019E-2,-7.752418518E-3,2.532882662E-2
4.285739937E1,3.325667977E-2,-1.761257648E-3,1.605224609E-2,3.697003358E-2
4.286242629E1,4.502862692E-3,7.785379887E-3,-2.682113647E-2,2.828888959E-2
4.286745395E1,9.127914906E-3,7.753193378E-3,6.643295288E-3,1.369540837E-2
4.287246213E1,-5.230963230E-3,-1.121854782E-2,1.835823059E-3,1.251355416E-2
4.287748786E1,-9.924858809E-3,3.210246563E-3,1.813888550E-3,1.058766721E-2
4.288251359E1,-4.375278950E-4,-6.171882153E-3,1.603984833E-2,1.719186710E-2
4.288753931E1,4.277229309E-3,8.160829544E-3,1.660346985E-3,9.362188928E-3
4.289249223E1,-5.295395851E-3,-1.315474510E-3,1.588821411E-2,1.679901896E-2
4.289751426E1,-1.479196548E-2,-2.495443821E-2,1.100349426E-2,3.102584592E-2
4.290253629E1,-5.157172680E-3,2.277415991E-2,1.565742493E-2,2.811429787E-2
4.290760676E1,4.397541285E-3,2.731674910E-2,1.552677155E-2,3.172733498E-2
4.291263202E1,-1.936683059E-2,8.130729198E-3,1.149177551E-3,2.103576700E-2
4.291765728E1,9.242326021E-3,-6.245315075E-3,-3.602981567E-3,1.172203169E-2
4.292270004E1,-1.931053400E-2,2.697795630E-2,-2.731132507E-2,4.297226229E-2
4.292772650E1,1.896026731E-2,7.740139961E-3,2.989387512E-2,3.623596656E-2
4.293275296E1,3.786012530E-2,-1.133245230E-2,-1.784229279E-2,4.336082304E-2
4.293777155E1,-9.979546070E-3,1.254183054E-2,-3.448486328E-3,1.639453906E-2
4.294279749E1,-5.187004805E-3,7.674336433E-3,-3.417015076E-3,9.873016285E-3
4.294785458E1,-9.772211313E-3,2.740561962E-3,2.985286713E-2,3.153094463E-2
4.295288338E1,-2.392336726E-2,7.503032684E-3,-1.313495636E-2,2.830459467E-2
4.295791218E1,1.428356767E-2,-1.152199507E-2,-1.777648926E-2,2.554956450E-2
4.296294098E1,1.412287354E-2,7.503390312E-3,-1.287460327E-2,2.053075334E-2
4.296796926E1,-3.352129459E-2,7.427752018E-3,2.997207642E-2,4.557602501E-2
4.297299801E1,2.370512486E-2,-6.949782372E-3,1.548290253E-2,2.915394810E-2
4.297801400E1,1.402434707E-2,1.213759184E-2,-8.391380310E-3,2.035727658E-2
4.298304150E1,-2.406659722E-2,-2.122104168E-3,1.541519165E-2,2.865890022E-2
4.298806900E1,-6.100535393E-5,-2.066910267E-3,2.477836609E-2,2.486449810E-2
4.299309650E1,9.499192238E-3,1.692980528E-2,-2.291488647E-2,3.003239887E-2
4.299812400E1,9.437650442E-3,2.523422241E-3,-3.222084045E-2,3.366926589E-2
4.300314546E1,-6.866455078E-5,-7.014691830E-3,-8.212089539E-3,1.080041809E-2
4.300817270E1,-1.905074716E-2,-1.166832447E-2,1.084709167E-2,2.483425378E-2
4.301319994E1,-4.683464766E-3,2.708017826E-3,-8.236885071E-3,9.854667850E-3
4.301822718E1,1.441600919E-2,-6.829857826E-3,6.074905396E-3,1.706964424E-2
4.302321817E1,-1.418364048E-2,-1.148599386E-2,-1.297283173E-2,2.239191987E-2
4.302824353E1,4.891753197E-3,7.636606693E-3,1.380920410E-3,9.173546332E-3
4.303330853E1,1.911473274E-2,-1.945674419E-3,-3.186988831E-2,3.721355180E-2
4.303833780E1,-4.823863506E-3,2.748191357E-3,1.588726044E-2,1.682935706E-2
4.304333588E1,9.428411722E-3,2.703607082E-3,2.050590515E-2,2.273096093E-2
4.304836202E1,-1.907137036E-2,-6.889581680E-3,-1.765155792E-2,2.688421471E-2
4.305338817E1,-9.345710278E-3,-2.105772495E-3,1.487731934E-3,9.694840107E-3
4.305841431E1,-4.604756832E-3,-1.160746813E-2,1.481056213E-3,1.257500017E-2
4.306338603E1,9.435415268E-5,-1.153028011E-2,6.222724915E-3,1.310261682E-2
4.306840937E1,1.114010811E-4,-1.140493155E-2,-1.282596588E-2,1.716363232E-2
4.307347046E1,-9.371846914E-3,-1.602643728E-2,-1.272201538E-2,2.250617431E-2
4.307849760E1,2.209246159E-4,7.878720760E-3,1.626968384E-3,8.047985750E-3
4.308352593E1,-9.318470955E-3,3.098785877E-3,-3.134727478E-3,1.030838936E-2
4.308855317E1,-1.882368326E-2,-1.589190960E-2,1.643180847E-3,2.468975264E-2
4.309357754E1,1.918685436E-2,1.280963421E-2,-1.736259460E-2,2.887354845E-2
4.309860447E1,1.898947358E-2,1.268267632E-2,6.526947021E-3,2.374976680E-2
4.310363140E1,-4.897117615E-3,-1.598596573E-2,-7.769584656E-3,1.843635829E-2
4.310862291E1,9.345382452E-3,3.126084805E-3,1.794815063E-3,1.001648344E-2
4.311364749E1,4.478096962E-3,1.263082027E-2,1.127719879E-2,1.751474196E-2
4.311867208E1,-2.388358116E-4,-6.594717503E-3,2.068519592E-2,2.171231613E-2
4.312373135E1,1.402592659E-2,-1.621598005E-2,2.052307129E-2,2.967964085E-2
4.312875822E1,-2.401006222E-2,2.786695957E-3,2.035713196E-2,3.160160729E-2
4.313378442E1,-3.803181648E-2,7.328808308E-3,-3.544807434E-3,3.889339476E-2
4.313881124E1,1.453253627E-2,2.240240574E-3,2.499294281E-2,2.899759436E-2
4.314383806E1,-1.875916123E-2,-7.453441620E-3,-2.269268036E-2,3.037132964E-2
4.314885937E1,-4.236847162E-3,6.727993488E-3,-1.775360107E-2,1.945268931E-2
4.315388582E1,1.016134024E-2,1.129686832E-2,-8.107185364E-3,1.722203600E-2
4.315891478E1,-1.835834980E-2,1.108694077E-2,-1.753234863E-2,2.770076734E-2
4.316394145E1,8.026957512E-4,1.426160336E-3,-2.687931061E-2,2.692908451E-2
4.316896827E1,1.025858521E-2,-3.407955170E-3,-1.715183258E-2,2.027407433E-2
4.317399499E1,-1.360705495E-2,-1.279222965E-2,-7.515907288E-3,2.013161559E-2
4.317901749E1,5.514383316E-3,1.592755318E-3,-7.455825806E-3,9.409284314E-3
4.318404374E1,-4.062950611E-3,-3.138244152E-3,-1.689052582E-2,1.765349842E-2
4.318907270E1,5.378484726E-3,2.551615238E-2,6.988525391E-3,2.699706683E-2
4.319409921E1,1.479297876E-2,-1.259851456E-2,-1.681613922E-2,2.569702956E-2
4.319912431E1,-9.058773518E-3,-7.658600807E-3,2.605438232E-2,2.862772052E-2
4.320415072E1,-4.272460938E-3,3.528028727E-2,2.088546753E-3,3.559936263E-2
4.320917713E1,-2.806872129E-2,6.634473801E-3,1.631164551E-2,3.313516466E-2
4.321419760E1,-1.837226748E-2,2.090996504E-2,3.041744232E-2,4.123090646E-2
4.321922358E1,6.337761879E-4,-7.666826248E-3,-1.731967926E-2,1.895133733E-2
4.322424958E1,-4.206120968E-3,-1.231670380E-2,6.568908691E-3,1.457886166E-2
4.322927556E1,1.003998518E-2,1.156365871E-2,-1.248073578E-2,1.975571489E-2
4.323430426E1,5.270302296E-3,-3.127998114E-2,6.614685059E-3,3.240319991E-2
4.323933036E1,2.428603172E-2,-7.289707661E-3,-7.688522339E-3,2.649650072E-2
4.324435645E1,1.465564966E-2,1.164674759E-2,-2.661418915E-2,3.253843666E-2
4.324937858E1,9.902328253E-3,2.103483677E-2,-7.403373718E-3,2.439939354E-2
4.325440442E1,1.468569040E-2,-2.946019173E-3,6.901741028E-3,1.649189379E-2
4.325943025E1,-1.386523247E-2,2.070927620E-2,2.099990845E-3,2.501057284E-2
4.326443041E1,1.470702887E-2,-3.218650818E-3,-2.165699005E-2,2.637577732E-2
4.326945458E1,-4.450470209E-3,6.401121616E-3,-2.486228943E-3,8.183054282E-3
4.327447874E1,5.045861006E-3,3.018403053E-2,1.652431488E-2,3.477915173E-2
4.327953567E1,-4.475921392E-3,-3.162741661E-3,1.637744904E-2,1.727013735E-2
4.328456202E1,-9.176492691E-3,-2.203333378E-2,2.098274231E-2,3.177973081E-2
4.328958754E1,2.409839630E-2,-1.215207577E-2,-2.944946289E-3,2.714918707E-2
4.329461379E1,1.436281204E-2,-7.052302361E-3,-1.243114471E-2,2.026224808E-2
4.329963994E1,1.889243722E-2,-6.787419319E-3,6.657600403E-3,2.114986733E-2
4.330466619E1,9.196996689E-3,2.915561199E-3,6.594657898E-3,1.168652035E-2
4.330969614E1,-5.056172609E-3,-1.816272736E-3,2.077960968E-2,2.146289604E-2
4.331472275E1,9.193778038E-3,-1.654446125E-3,-7.891654968E-3,1.222869432E-2
4.331974671E1,1.857656240E-2,-2.059149742E-2,6.418228149E-3,2.846562997E-2
4.332477306E1,1.363244653E-2,1.286506653E-2,-1.737880707E-2,2.556122983E-2
4.332979942E1,4.039287567E-3,-1.564127207E-2,6.502151489E-3,1.741387981E-2
4.333482343E1,2.301383018E-2,-6.074965000E-3,1.702308655E-3,2.386293013E-2
4.333984963E1,-5.654573441E-3,2.710205317E-2,1.594066620E-2,3.194683592E-2
4.334487702E1,1.345589757E-2,7.817924023E-3,-1.268196106E-2,2.007518996E-2
4.334990332E1,1.816490293E-2,-1.130855083E-2,-7.826805115E-3,2.278389560E-2
4.335492963E1,8.430927992E-3,-1.834213734E-3,-7.750511169E-3,1.159807356E-2
4.335995593E1,1.792714000E-2,7.612407207E-3,-2.936363220E-3,1.969653068E-2
4.336498218E1,-1.064369082E-2,-2.065837383E-3,-1.715373993E-2,2.029301929E-2
4.337000848E1,-1.043409109E-3,-1.155793667E-2,-7.513999939E-3,1.382515091E-2
4.337503208E1,2.747082710E-2,-1.617127657E-2,-1.220226288E-2,3.413285436E-2
4.338005806E1,-1.072496176E-2,1.728790998E-2,-2.160453796E-2,2.967579311E-2
4.338508405E1,-1.072758436E-2,-6.454885006E-3,7.061958313E-3,1.437420822E-2
4.339011004E1,-2.022394538E-2,2.217882872E-2,2.253532410E-3,3.009961492E-2
4.339513812E1,-1.534074545E-2,1.743489504E-2,-2.151775360E-2,3.165956026E-2
4.340016421E1,3.744065762E-3,-6.313323975E-3,1.664257050E-2,1.818931666E-2
4.340519030E1,-2.012154460E-2,-1.561617851E-2,1.175022125E-2,2.805012100E-2
4.341021275E1,-5.751729012E-3,2.259361744E-2,2.114582062E-2,3.147538189E-2
4.341523859E1,8.549988270E-3,-1.246094704E-3,-2.779006958E-3,9.076228903E-3
4.342026442E1,3.741830587E-3,-1.544499397E-2,1.989364624E-3,1.601582675E-2
4.342528921E1,2.266782522E-2,-1.037895679E-3,2.571487427E-2,3.429522250E-2
4.343031499E1,-1.079723239E-2,-2.479118109E-2,-1.723289490E-2,3.206486478E-2
4.343534546E1,-1.544070244E-2,-2.460467815E-2,-2.842903137E-3,2.918711320E-2
4.344037171E1,-1.530012488E-2,-7.270574570E-4,2.092742920E-2,2.593414211E-2
4.344539723E1,1.338204741E-2,-1.508879662E-2,-1.723003387E-2,2.652593153E-2
4.345042338E1,-1.979860663E-2,-2.453380823E-2,-1.234149933E-2,3.385565206E-2
4.345544952E1,-1.476633549E-2,8.784055710E-3,1.625442505E-2,2.365186318E-2
4.346047567E1,2.330842614E-2,1.333272457E-2,-3.135681152E-2,4.128309463E-2
4.346549973E1,8.932650089E-3,8.296847343E-3,-1.684284210E-2,2.079209570E-2
4.347052577E1,1.382899284E-2,8.151769638E-3,2.285003662E-3,1.621461171E-2
4.347555181E1,4.338949919E-3,8.004784584E-3,2.264976501E-3,9.382599916E-3
4.348054765E1,-1.472711563E-2,-1.686751842E-3,-1.198959351E-2,1.906524112E-2
4.348557171E1,-5.040168762E-3,-1.114368439E-2,-1.189422607E-2,1.706041080E-2
4.349059676E1,-1.447641850E-2,1.266312599E-2,1.669692993E-2,2.546976485E-2
4.349562093E1,-2.388894558E-2,7.834374905E-3,7.061004639E-3,2.611353935E-2
4.350064510E1,-4.728883505E-3,7.843077183E-3,1.649665833E-2,1.886838453E-2
4.350567395E1,2.376511693E-2,2.199608088E-2,-2.162456512E-2,3.893880036E-2
4.351069843E1,-2.117455006E-4,-1.905381680E-3,-7.199287415E-3,7.450171460E-3
4.351572291E1,1.874753833E-2,-6.562352180E-3,7.102966309E-3,2.109471000E-2
4.352075265E1,-1.462984085E-2,-1.593172550E-2,-2.145290375E-2,3.046439233E-2
4.352577744E1,-2.506077290E-4,3.169357777E-3,-1.177597046E-2,1.219758637E-2
4.353080223E1,-4.982113838E-3,3.166258335E-3,1.206302643E-2,1.342993882E-2
4.353583223E1,1.397120953E-2,-1.108753681E-2,2.621078491E-2,3.170383910E-2
4.354085739E1,9.072482586E-3,-1.102632284E-2,1.175022125E-2,1.849209115E-2
4.354588254E1,2.800530195E-2,1.747602224E-2,2.160072327E-3,3.308132711E-2
4.355090770E1,1.834109426E-2,1.255303621E-2,6.888389587E-3,2.326852741E-2
4.355596541E1,-7.882714272E-4,-1.828670502E-3,-7.413864136E-3,7.676639178E-3
4.356099218E1,-1.981025934E-2,1.714915037E-2,2.589130402E-2,3.683611485E-2
4.356601895E1,-1.963472366E-2,-2.065718174E-3,1.937866211E-3,1.983796588E-2
4.357104687E1,4.284888506E-3,-2.128899097E-3,3.516578674E-2,3.548978780E-2
4.357607374E1,9.017378092E-3,7.352113724E-3,-2.685642242E-2,2.926831238E-2
4.358109963E1,-5.338728428E-3,-1.658600569E-2,-3.137111664E-2,3.588515800E-2
4.358612640E1,4.270434380E-3,-2.233088017E-3,-2.161407471E-2,2.214478533E-2
4.359115004E1,1.854774356E-2,1.200044155E-2,2.307891846E-3,2.221161303E-2
4.359617650E1,8.956909180E-3,1.646858454E-2,-2.450942993E-3,1.890628521E-2
4.360119958E1,-1.009967923E-2,-2.690196037E-3,7.067680359E-3,1.261716216E-2
4.360622567E1,-1.950070262E-2,-2.695083618E-3,-2.148151398E-2,2.913754144E-2
4.361125530E1,-2.808570862E-4,-1.224839687E-2,3.093242645E-2,3.327036388E-2
4.361628176E1,4.533052444E-3,1.156938076E-2,2.182006836E-3,1.261587450E-2
4.362130822E1,-9.690612555E-3,6.648838520E-3,-7.330894470E-3,1.385124684E-2
4.362633317E1,3.303092718E-2,-3.131484985E-2,-1.201820374E-2,4.707546275E-2
4.363135952E1,-5.763471127E-4,2.211391926E-3,7.079124451E-3,7.438846230E-3
4.363638588E1,1.832965016E-2,-7.277905941E-3,-2.473831177E-3,1.987621268E-2
4.364140999E1,1.343882084E-2,7.054686546E-3,2.293586731E-3,1.535027843E-2
4.364643619E1,-1.985079050E-2,-7.222771645E-3,-7.226943970E-3,2.232601695E-2
4.365145978E1,2.316439152E-2,1.175528765E-2,3.081989288E-2,4.030684333E-2
4.365648572E1,-6.578862667E-4,-1.210927963E-2,-2.167415619E-2,2.483619363E-2
4.366151166E1,4.157423973E-3,1.181375980E-2,6.989479065E-3,1.434231196E-2
4.366654181E1,-5.361497402E-3,-1.669806242E-2,-1.681709290E-2,2.429785086E-2
4.367156801E1,4.241108894E-3,7.108986378E-3,-1.192665100E-2,1.451790949E-2
4.367659421E1,9.011745453E-3,2.177953720E-3,7.171630859E-3,1.172123405E-2
4.368162041E1,1.364874840E-2,2.184331417E-3,2.363204956E-3,1.402299448E-2
4.368664359E1,1.824039221E-2,1.644170284E-2,-1.190185547E-2,2.728911255E-2
4.369166963E1,1.329654455E-2,-1.690429449E-2,-2.129936218E-2,3.026906174E-2
4.369669796E1,8.396863937E-3,1.165252924E-2,2.627372742E-3,1.460109068E-2
4.370172421E1,-1.213967800E-3,2.089858055E-3,-2.113723755E-2,2.127496265E-2
4.370675046E1,1.300075650E-2,2.101778984E-3,-1.621246338E-2,2.088734338E-2
4.371177530E1,-6.142705679E-3,6.914198399E-3,-2.082824707E-2,2.278935823E-2
4.371680145E1,-1.568806171E-2,-1.199877262E-2,3.084182739E-3,1.998994767E-2
4.372182489E1,-6.053507328E-3,-2.420365810E-3,1.255607605E-2,1.414772658E-2
4.372685077E1,-6.044924259E-3,1.192790270E-2,-1.129341125E-2,1.750306001E-2
4.373187510E1,8.260548115E-3,-1.183104515E-2,2.678298950E-2,3.042266936E-2
4.373690082E1,1.284301281E-2,7.295608521E-3,2.820014954E-3,1.503733241E-2
4.374192655E1,3.244966269E-3,1.681786776E-2,-6.706237793E-3,1.839413241E-2
4.374695666E1,-1.107025146E-2,1.201301813E-2,7.592201233E-3,1.801401098E-2
4.375198265E1,-2.047258615E-2,-2.608937025E-2,2.780914307E-3,3.327935559E-2
4.375700864E1,1.768830419E-2,-1.169234514E-2,-1.986503601E-3,2.129631979E-2
4.376201239E1,-1.574790478E-2,-2.111852169E-3,-1.621246338E-2,2.270022893E-2
4.376703692E1,-6.114333868E-3,1.208311319E-2,2.920150757E-3,1.385330226E-2
4.377206145E1,8.232533932E-3,7.119297981E-3,2.900123596E-3,1.126364664E-2
4.377708598E1,3.520667553E-3,-7.250964642E-3,2.661705017E-2,2.781077036E-2
4.378213734E1,2.724215388E-2,2.597808838E-2,-6.840705872E-3,3.825952536E-2
4.378716317E1,3.229260445E-3,1.144564152E-2,-2.102279663E-2,2.415344305E-2
4.379219312E1,-6.289631128E-3,-1.240837574E-2,1.714134216E-2,2.207606984E-2
4.379721937E1,-1.092255116E-2,-1.237791777E-2,-1.993179321E-3,1.662792037E-2
4.380224562E1,3.519058228E-3,1.905500889E-3,-2.571964264E-2,2.602911297E-2
4.380727187E1,-5.902171135E-3,1.622498035E-2,-1.127052307E-2,2.061820317E-2
4.381225963E1,1.314592361E-2,6.628215313E-3,1.731109619E-2,2.272493338E-2
4.381728395E1,1.293480396E-2,2.075332403E-2,-6.566047668E-3,2.532039877E-2
4.382230827E1,-1.571387053E-2,1.581841707E-2,2.988815308E-3,2.249624552E-2
4.382733260E1,-6.135761738E-3,1.531004906E-3,2.195549011E-2,2.284808732E-2
4.383239775E1,-1.088005304E-2,6.250619888E-3,2.652454376E-2,2.934275422E-2
4.383742411E1,2.245518565E-2,1.103442907E-2,-6.941795349E-3,2.596502475E-2
4.384245046E1,-6.169259548E-3,-2.695554495E-2,-2.113819122E-2,3.480638296E-2
4.384747593E1,-1.412570477E-3,-7.807075977E-3,-1.145839691E-2,1.393702445E-2
4.385250223E1,-1.395553350E-3,-3.009498119E-3,2.883911133E-3,4.395633232E-3
4.385753645E1,-1.326829195E-3,-2.194261551E-2,2.855300903E-3,2.216735425E-2
4.386256353E1,1.768356562E-2,-2.730011940E-3,2.828598022E-3,1.811525393E-2
4.386759062E1,-6.200879812E-3,-7.420003414E-3,-6.694793701E-3,1.176127645E-2
4.387261770E1,-6.295651197E-3,-7.324934006E-3,-3.037643433E-2,3.187503168E-2
4.387763239E1,1.275619864E-2,-2.531290054E-3,-1.112842560E-2,1.711636321E-2
4.388265885E1,3.206819296E-3,3.071600199E-2,1.270484924E-2,3.339415611E-2
4.388768530E1,2.223119140E-2,2.089554071E-2,1.259994507E-2,3.300921248E-2
4.389270905E1,2.685153484E-2,-7.785260677E-3,-1.124954224E-2,3.013581603E-2
4.389773530E1,2.890765667E-3,-3.147852421E-2,-2.065181732E-2,3.775912567E-2
4.390276400E1,1.237231493E-2,1.619887352E-2,-2.047634125E-2,2.889218287E-2
4.390779051E1,1.222616434E-2,-2.189052105E-2,8.185386658E-3,2.637564333E-2
4.391281702E1,-1.641303301E-2,2.018928528E-3,-6.125450134E-3,1.763476295E-2
4.391783739E1,2.719849348E-3,-2.707600594E-3,8.168220520E-3,9.024882709E-3
4.392286348E1,2.699255943E-3,1.634782553E-2,-1.564502716E-2,2.278824822E-2
4.392789166E1,-2.586063743E-2,-1.699143648E-2,-2.026271820E-2,3.698728472E-2
4.393291796E1,2.179017663E-2,1.648032665E-2,-2.009677887E-2,3.391597684E-2
4.393794390E1,-1.167401671E-2,1.637691259E-2,-9.355545044E-4,2.013358375E-2
4.394297015E1,-1.162314415E-2,6.728231907E-3,-2.466773987E-2,2.808672239E-2
4.394799327E1,-2.178966999E-3,-1.708549261E-2,8.786201477E-3,1.933544133E-2
4.395301921E1,-2.158731222E-3,-2.658605576E-3,8.709907532E-3,9.358995315E-3
4.395804489E1,-1.642930508E-2,-2.602577209E-3,8.637428284E-3,1.874301579E-2
4.396307077E1,2.175262570E-2,-3.113883734E-2,3.817558289E-3,3.817561613E-2
4.396809666E1,3.587722778E-2,-2.406299114E-3,-5.713462830E-3,3.640891932E-2
4.397310822E1,1.654797792E-2,-2.409219742E-3,-5.662918091E-3,1.765526988E-2
4.397813312E1,-2.156257629E-2,2.284586430E-3,1.813030243E-2,2.826432199E-2
4.398315801E1,-2.328276634E-3,1.169282198E-2,3.734588623E-3,1.249360277E-2
4.398816890E1,2.390623093E-3,1.158243418E-2,2.270030975E-2,2.559632636E-2
4.399319286E1,2.132213116E-2,6.822586060E-3,2.250862122E-2,3.174616491E-2
4.399821681E1,-1.683750749E-2,6.750106812E-3,-6.169319153E-3,1.916053494E-2
4.400324077E1,-1.193931699E-2,6.623983383E-3,-3.460502625E-2,3.720124040E-2
4.400830963E1,2.519458532E-3,6.602525711E-3,1.316070557E-2,1.493804499E-2
4.401333583E1,-2.243697643E-3,6.583452225E-3,-1.196861267E-3,7.057513670E-3
4.401836234E1,-2.321928740E-3,6.512880325E-3,-1.067829132E-2,1.272143344E-2
4.402338858E1,1.669797301E-2,6.546258926E-3,-1.534366608E-2,2.360304848E-2
4.402841218E1,-1.672890782E-2,-7.715284824E-3,-1.046752930E-2,2.118846730E-2
4.403343817E1,2.408087254E-3,-1.716125011E-2,4.660224915E-2,4.971998607E-2
4.403846166E1,1.189520955E-2,-1.233977079E-2,3.480911255E-3,1.748950247E-2
4.404348739E1,-2.497226000E-3,6.795465946E-3,8.200645447E-3,1.093915357E-2
4.404851369E1,-1.671469212E-2,6.826341152E-3,1.287555695E-2,2.217565856E-2
4.405353947E1,1.186811924E-2,-2.178657055E-2,8.026123047E-3,2.607538229E-2
4.405856525E1,3.071582317E-2,-2.624452114E-3,-6.283760071E-3,3.146164622E-2
4.406359103E1,-2.820253372E-3,-1.676326990E-2,2.225685120E-2,2.800586496E-2
4.406862213E1,-2.657982707E-2,1.664906740E-2,7.825851440E-3,3.232526262E-2
4.407364817E1,-1.215314865E-2,-1.199924946E-2,-1.597881317E-2,2.338810553E-2
4.407867140E1,-1.689544320E-2,2.330064774E-3,-1.594543457E-3,1.712973355E-2
4.408369713E1,7.048010826E-3,-7.202565670E-3,-2.057743073E-2,2.291248708E-2
4.408872286E1,2.297848463E-3,1.188951731E-2,-6.166458130E-3,1.358918449E-2
4.409374801E1,-1.675817370E-2,2.596807480E-2,3.388404846E-3,3.109113350E-2
4.409877369E1,-7.060825825E-3,-7.503986359E-3,-1.563549042E-2,1.872521384E-2
4.410379937E1,1.204958558E-2,-1.684886217E-2,-1.076507568E-2,2.334445381E-2
4.410882504E1,7.206767797E-3,-1.672220230E-2,3.571510315E-3,1.855600274E-2
4.411381806E1,-1.663446426E-2,-1.655030251E-2,1.303863525E-2,2.684443934E-2
4.411884213E1,-1.183447242E-2,3.110277653E-2,-2.030658722E-2,3.898454732E-2
4.412386619E1,7.213115692E-3,2.442121506E-3,-4.388332367E-2,4.453918602E-2
4.412890843E1,-2.138301730E-2,-7.037341595E-3,-5.529403687E-3,2.318042085E-2
4.413393369E1,-2.119138837E-2,-1.174634695E-2,3.250598907E-2,4.054245840E-2
4.413895895E1,1.213827729E-2,7.375419140E-3,-1.001358032E-3,1.423858494E-2
4.414397635E1,-2.242892981E-3,2.148604393E-2,1.325893402E-2,2.534718888E-2
4.414900108E1,-6.961882114E-3,-1.664614677E-2,1.314544678E-2,2.232408511E-2
4.415402583E1,7.304251194E-3,-1.647526026E-2,-1.209259033E-3,1.806235293E-2
4.415908614E1,1.190245152E-2,2.688229084E-3,1.779747009E-2,2.157880602E-2
4.416411327E1,1.651483774E-2,2.594351768E-3,-2.508068085E-2,3.014151752E-2
4.416913770E1,2.119234204E-2,-2.143979073E-3,4.160118103E-2,4.673724714E-2
4.417416458E1,6.782352924E-3,-2.143621445E-3,-6.229400635E-3,9.455202608E-3
4.417919145E1,-2.707183361E-3,-6.943523884E-3,3.181171417E-2,3.267302441E-2
4.418421728E1,1.152497530E-2,7.339537144E-3,-2.068424225E-2,2.478975068E-2
4.418924411E1,-2.179774642E-2,-2.184808254E-3,-3.950881958E-2,4.517590022E-2
4.419427140E1,-1.680281758E-2,7.364094257E-3,1.304817200E-2,2.251264879E-2
4.419929822E1,7.041364908E-3,1.672989130E-2,-6.048202515E-3,1.913245505E-2
4.420432504E1,-1.679465175E-2,2.427637577E-3,-2.499580383E-2,3.021165273E-2
4.420935187E1,-7.095366716E-3,2.443313599E-3,-2.004432678E-2,2.140301489E-2
4.421437869E1,7.223308086E-3,-7.144212723E-3,-8.792877197E-4,1.019750470E-2
4.421940551E1,-1.655858755E-2,7.085442543E-3,8.628845215E-3,1.997116139E-2
4.422439582E1,2.163311839E-2,7.059097290E-3,-1.519107819E-2,2.736040062E-2
4.422942083E1,1.197388768E-2,-7.266640663E-3,1.342678070E-2,1.940248677E-2
4.423444218E1,-1.195666194E-2,-1.677364111E-2,-1.041889191E-2,2.308397950E-2
4.423946681E1,1.184898615E-2,-1.190441847E-2,-8.325576782E-4,1.681686071E-2
4.424449145E1,2.216994762E-3,-2.275705338E-3,2.291679382E-2,2.313597501E-2
4.424951608E1,2.168923616E-3,-7.029592991E-3,3.734588623E-3,8.250246024E-3
4.425456718E1,6.921738386E-3,-1.184803247E-2,2.745246887E-2,3.069078661E-2
4.425959312E1,-7.468760014E-3,-2.271771431E-3,8.234977722E-3,1.134716615E-2
4.426461905E1,-1.219049096E-2,-2.220630646E-3,-3.456974030E-2,3.672337422E-2
4.426966067E1,6.973385811E-3,1.677227020E-2,8.453369141E-3,2.003488476E-2
4.427468765E1,6.983548403E-3,-2.142667770E-2,8.383750916E-3,2.404495259E-2
4.427970921E1,-7.248520851E-3,2.523899078E-3,1.305675507E-2,1.514562557E-2
4.428473562E1,-2.422690392E-3,1.203209162E-2,3.448486328E-3,1.274883192E-2
4.428976202E1,-1.183396578E-2,-2.278923988E-3,-1.558017731E-2,1.969716136E-2
4.429478885E1,1.672112942E-2,1.681798697E-2,3.540039062E-3,2.397858901E-2
4.429981530E1,1.175370812E-2,-1.178592443E-2,8.260726929E-3,1.858217638E-2
4.430484176E1,-2.161151171E-2,2.585053444E-3,-6.053924561E-3,2.259181140E-2
4.430986822E1,-1.196858287E-2,-1.170122623E-2,2.249050140E-2,2.803548331E-2
4.431489572E1,-7.099509239E-3,-6.876945496E-3,-1.439094543E-3,9.988313366E-3
4.431992223E1,1.666486263E-2,1.700961590E-2,-1.430511475E-3,2.385562916E-2
4.432494812E1,-2.144426107E-2,2.603292465E-3,-1.566410065E-2,2.668328154E-2
4.432997458E1,1.199176908E-2,3.100186586E-2,3.195476532E-2,4.610884123E-2
4.433500103E1,2.412736416E-3,2.181887627E-3,3.201484680E-3,4.564146666E-3
4.434002749E1,-1.668682694E-2,-1.210063696E-2,2.217483521E-2,3.027538480E-2
4.434504739E1,-7.132768631E-3,-2.472519875E-3,-2.074432373E-2,2.207525107E-2
4.435007348E1,2.490192652E-3,1.657760143E-2,-1.582908630E-2,2.305597324E-2
4.435509958E1,-2.260893583E-3,-2.631562948E-2,-6.199836731E-3,2.713046204E-2
4.436015718E1,7.175803185E-3,2.422809601E-3,2.234458923E-2,2.359327925E-2
4.436518536E1,-2.615687251E-2,1.668131351E-2,-1.584053040E-3,3.106376384E-2
4.437021353E1,-4.016917944E-2,1.662987471E-2,2.216529846E-2,4.879975579E-2
4.437524171E1,-1.879632473E-3,1.177620888E-2,-6.510734558E-3,1.358682370E-2
4.438020010E1,-2.093523741E-2,6.906509399E-3,3.046035767E-3,2.225449104E-2
4.438522478E1,-1.129353046E-2,6.879866123E-3,-1.597309113E-2,2.073682783E-2
4.439024947E1,7.768154144E-3,6.850957870E-3,2.214717865E-2,2.444948598E-2
4.439530931E1,3.029227257E-3,2.112257481E-2,-1.128578186E-2,2.413935079E-2
4.440033640E1,1.726844907E-2,6.734609604E-3,-1.119422913E-2,2.165329225E-2
4.440536348E1,2.797991037E-3,1.960992813E-3,1.739215851E-2,1.772459941E-2
4.441039056E1,1.229408383E-2,6.724119186E-3,-2.074337006E-2,2.503289191E-2
4.441544359E1,1.211038232E-2,-2.659225464E-2,-2.531337738E-2,3.865975221E-2
4.442047187E1,-1.181694865E-2,2.114766836E-2,-1.358032227E-3,2.426331396E-2
4.442550015E1,1.199191809E-2,-2.637678385E-2,-6.101608276E-3,2.961030985E-2
4.443049010E1,-2.378731966E-3,2.361893654E-3,-1.080036163E-2,1.130861259E-2
4.443551556E1,1.185807586E-2,-1.656961441E-2,-1.216888428E-3,2.041193039E-2
4.444054103E1,1.652464271E-2,1.204329729E-2,-1.070404053E-2,2.307988973E-2
4.444553937E1,6.961584091E-3,1.192420721E-2,2.262306213E-2,2.650383578E-2
4.445056306E1,-2.151522040E-2,-7.239758968E-3,-1.555252075E-2,2.751726223E-2
4.445558676E1,-1.655697823E-2,-7.206261158E-3,1.306819916E-2,2.228994296E-2
4.446064890E1,2.628979087E-2,1.662623882E-2,8.210182190E-3,3.217129175E-2
4.446567515E1,1.654648781E-2,-1.207703352E-2,1.289558411E-2,2.420613738E-2
4.447070140E1,2.236187458E-3,-2.602517605E-3,8.043289185E-3,8.744605945E-3
4.447572364E1,-1.670643687E-2,6.898760796E-3,-1.523971558E-3,1.813892011E-2
4.448074963E1,-2.129387856E-2,1.156961918E-2,3.236770630E-3,2.444917250E-2
4.448577562E1,-1.163932681E-2,2.089053392E-2,1.746082306E-2,2.961027994E-2
4.449081739E1,2.731978893E-3,-1.249694824E-2,1.731204987E-2,2.152543831E-2
4.449584437E1,-1.626235247E-2,1.883566380E-3,2.919197083E-3,1.662930070E-2
4.450087135E1,-1.140412688E-2,-1.234942675E-2,1.713943481E-2,2.400672149E-2
4.450584942E1,-6.585985422E-3,-2.721846104E-3,-6.747245789E-3,9.813713666E-3
4.451087306E1,-1.756429672E-3,1.627087593E-2,7.554054260E-3,1.802471039E-2
4.451589671E1,7.726609707E-3,1.131361723E-2,-2.099418640E-2,2.506899071E-2
4.452092036E1,-1.126009226E-2,1.114851236E-2,-1.132106781E-2,1.947422866E-2
4.452595155E1,7.799386978E-3,-7.908582687E-3,7.766723633E-3,1.355352771E-2
4.453097556E1,-2.078476548E-2,1.118099689E-2,1.719856262E-2,2.920294033E-2
4.453600817E1,-1.108765602E-2,-1.262766123E-2,7.555007935E-3,1.842476836E-2
4.454103306E1,7.977277040E-3,-1.724660397E-2,2.743721008E-3,1.919922661E-2
4.454605796E1,-1.590475440E-2,-2.187883854E-2,-1.626777649E-2,3.156398803E-2
4.455111296E1,3.297805786E-3,6.771862507E-3,-1.613426208E-2,1.780584336E-2
4.455613989E1,1.759144664E-2,-2.804160118E-3,-2.549839020E-2,3.110450468E-2
4.456116817E1,-1.576739550E-2,-7.554471493E-3,-1.104068756E-2,2.067794918E-2
4.456619520E1,1.282733679E-2,-1.706290245E-2,-1.569175720E-2,2.649366817E-2
4.457122223E1,2.224147320E-2,1.154750586E-2,-1.556110382E-2,2.949874529E-2
4.457624489E1,7.783055305E-3,-2.765238285E-3,1.305961609E-2,1.545238056E-2
4.458127166E1,2.993732691E-3,-1.226186752E-2,-2.978610992E-2,3.235008771E-2
4.458629843E1,-6.607562304E-3,2.580565214E-2,-1.053810120E-2,2.864686962E-2
4.459133916E1,-6.580293179E-3,-2.923071384E-3,1.329517365E-2,1.511973038E-2
4.459636687E1,2.947032452E-3,-7.620632648E-3,8.436203003E-3,1.174429918E-2
4.460139458E1,-6.547331810E-3,2.565735579E-2,2.735996246E-2,3.807538583E-2
4.460639905E1,7.776498795E-3,1.627385616E-3,-1.355171204E-3,8.059702627E-3
4.461142515E1,-2.070376277E-2,-7.905423641E-3,-1.559162140E-2,2.709686649E-2
4.461645603E1,-1.096510887E-2,6.337165833E-3,8.281707764E-3,1.513208402E-2
4.462148260E1,-2.029851079E-2,1.101332903E-2,-2.502822876E-2,3.405488499E-2
4.462650916E1,1.313716173E-2,-3.296673298E-3,8.417129517E-3,1.594682233E-2
4.463153572E1,3.684550524E-2,1.095449924E-2,-1.064872742E-2,3.988718723E-2
4.463652499E1,3.373771906E-3,1.553893089E-2,-1.062393188E-3,1.593641708E-2
4.464154968E1,-1.567322016E-2,-8.253693581E-3,1.793670654E-2,2.520910013E-2
4.464657437E1,-2.037096024E-2,-1.279973984E-2,-5.959510803E-3,2.478558310E-2
4.465161416E1,-1.547786593E-2,2.057439089E-2,-1.162528992E-3,2.577249247E-2
4.465663989E1,-1.128524542E-3,-2.230536938E-2,-1.065063477E-2,2.474346563E-2
4.466166562E1,-2.483844757E-2,1.595097780E-2,8.425712585E-3,3.069812377E-2
4.466671463E1,1.332449913E-2,1.710116863E-3,-2.014255524E-2,2.421134668E-2
4.467174187E1,-1.055452228E-2,-2.201807499E-2,2.276039124E-2,3.338006854E-2
4.467676911E1,2.744081616E-2,-1.235806942E-2,-2.015972137E-2,3.622339903E-2
4.468179635E1,-1.359492540E-3,-1.227539778E-2,-9.918212891E-4,1.239021065E-2
4.468681984E1,3.422915936E-3,2.155482769E-3,3.224945068E-2,3.250214653E-2
4.469184692E1,-2.037084103E-2,-1.197803020E-2,-1.076221466E-2,2.596670245E-2
4.469687400E1,2.720615268E-2,2.499818802E-3,2.256202698E-2,3.543259656E-2
4.470189525E1,7.959365845E-3,7.308304310E-3,4.136466980E-2,4.275276277E-2
4.470692192E1,1.261207461E-2,7.279217243E-3,1.727676392E-2,2.259508799E-2
4.471194858E1,1.258084178E-2,-1.184701920E-2,7.637023926E-3,1.889321514E-2
4.471694082E1,2.199810743E-2,1.202321053E-2,2.656459808E-2,3.652604815E-2
4.472196520E1,1.229465008E-2,-2.603828907E-2,1.684570312E-2,3.336058501E-2
4.472698958E1,2.762347460E-3,-2.197086811E-3,1.670932770E-2,1.707803812E-2
4.473202025E1,-1.993745565E-3,2.502918243E-3,-1.191711426E-2,1.233925579E-2
4.473704504E1,-2.099448442E-2,2.560079098E-3,-1.657009125E-2,2.686801640E-2
4.474206984E1,-1.615256071E-2,2.415120602E-3,1.681900024E-2,2.344390740E-2
4.474709546E1,1.243987679E-2,-2.626889944E-2,7.194519043E-3,2.994272394E-2
4.475212030E1,-1.623639464E-2,-1.198017597E-2,2.614402771E-2,3.302507097E-2
4.475714515E1,-1.782178879E-3,2.123492956E-2,2.593040466E-2,3.356313872E-2
4.476216999E1,-6.387501955E-3,-2.811372280E-3,-3.601455688E-2,3.668449677E-2
4.476721265E1,-6.150394678E-3,1.602423191E-2,2.275466919E-3,1.731418819E-2
4.477223838E1,-3.441658616E-2,2.521395683E-2,-4.047775269E-2,5.881065792E-2
4.477728801E1,-1.025828719E-2,-8.311510086E-3,-2.154350281E-3,1.337740188E-2
4.478231609E1,-6.540417671E-4,5.930125713E-3,-1.163005829E-2,1.307105265E-2
4.478734416E1,4.121690989E-3,1.110672951E-3,-2.577877045E-2,2.612980935E-2
4.479233551E1,-1.028725505E-2,-1.776254177E-2,-1.823425293E-3,2.060728964E-2
4.479736114E1,8.662372828E-3,1.510441303E-3,1.718425751E-2,1.930328578E-2
4.480238478E1,-1.528558135E-2,6.379902363E-3,7.542610168E-3,1.820008570E-2
4.480741020E1,1.794469357E-2,1.714408398E-3,-2.576160431E-2,3.144219267E-2
4.481243562E1,1.301664114E-2,-1.710850000E-2,-1.814842224E-3,2.157376581E-2
4.481749421E1,1.293319464E-2,2.264142036E-3,-1.606082916E-2,2.074473659E-2
4.482252187E1,-1.291811466E-3,7.176756859E-3,1.254558563E-2,1.451090399E-2
4.482754952E1,1.774102449E-2,-1.649665833E-2,1.718044281E-2,2.969934850E-2
4.483257270E1,3.269135952E-3,1.696002483E-2,-1.620292664E-2,2.368257849E-2
4.483760004E1,-2.058249712E-2,2.603948116E-3,2.192211151E-2,3.018275512E-2
4.484262739E1,3.349751234E-3,1.211261749E-2,-2.005577087E-3,1.272629857E-2
4.484764958E1,3.294825554E-3,-3.079974651E-2,7.513999939E-3,3.187382085E-2
4.485267655E1,-6.256699562E-3,7.369935513E-3,-2.039909363E-3,9.880458951E-3
4.485770353E1,-1.483172178E-3,-1.176035404E-2,2.731323242E-3,1.216412157E-2
4.486274911E1,3.250449896E-3,-2.188563347E-3,2.711296082E-3,4.765119148E-3
4.486777734E1,8.148252964E-3,-2.345979214E-3,1.218795776E-2,1.484735530E-2
4.487280556E1,3.404796124E-3,-1.205074787E-2,2.599716187E-3,1.278951466E-2
4.487783379E1,2.249500155E-2,-2.732336521E-3,-1.640415192E-2,2.797475573E-2
4.488282984E1,-1.359313726E-3,6.610572338E-3,-6.762504578E-3,9.553997520E-3
4.488785645E1,8.118391037E-3,-2.680766582E-2,-6.696701050E-3,2.879939279E-2
4.489288614E1,1.282349229E-2,1.602607965E-2,-1.885414124E-3,2.061145240E-2
4.489791301E1,1.743111014E-2,2.057182789E-2,1.238155365E-2,2.967063488E-2
4.490293989E1,-6.380856037E-3,-8.216500282E-3,-6.711959839E-3,1.238049294E-2
4.490796119E1,-6.252050400E-3,1.077193022E-2,2.841949463E-3,1.277494781E-2
4.491298770E1,-6.127566099E-3,1.165449619E-3,-3.991985321E-2,4.040420794E-2
4.491801421E1,-6.004184484E-3,-3.560662270E-3,-2.059841156E-2,2.174909437E-2
4.492303905E1,-1.073050499E-2,1.079577208E-2,-6.185531616E-3,1.643025360E-2
4.492806546E1,-2.971795201E-2,-8.255839348E-3,1.761054993E-2,3.551685549E-2
4.493309187E1,-2.485644817E-2,1.089107990E-2,-2.527141571E-2,3.708238246E-2
4.493811827E1,8.458703756E-3,1.591801643E-3,-6.077766418E-3,1.053673319E-2
4.494314249E1,3.404855728E-3,2.075767517E-2,-2.502155304E-2,3.268871728E-2
4.494816879E1,-1.506924629E-3,1.607584953E-2,-1.057624817E-2,1.930183373E-2
4.495319510E1,-1.629352570E-3,-2.812325954E-3,3.223991394E-2,3.240333344E-2
4.495822890E1,7.804214954E-3,2.194941044E-3,2.721118927E-2,2.839317451E-2
4.496325567E1,2.858847380E-3,-2.437531948E-3,7.988929749E-3,8.828225692E-3
4.496827442E1,1.230034232E-2,-2.332031727E-3,4.115772247E-2,4.301970377E-2
4.497330036E1,-6.776183844E-3,-1.177579165E-2,2.656650543E-2,2.983898703E-2
4.497832629E1,2.649125457E-2,2.547562122E-3,2.159976959E-2,3.427574489E-2
4.498335536E1,2.554565668E-3,-1.649034023E-2,-7.071495056E-3,1.812355288E-2
4.498838150E1,-2.113422751E-2,-1.652801037E-2,2.491950989E-3,2.694513906E-2
4.499340452E1,-1.138931513E-2,-2.131104469E-2,-7.018089294E-3,2.516208859E-2
4.499843036E1,-1.725494862E-3,-1.175707579E-2,-2.120113373E-2,2.430420200E-2
4.500345447E1,3.640043736E-2,-1.183122396E-2,-1.627159119E-2,4.159007550E-2
4.500848015E1,-1.763820648E-3,-1.670747995E-2,1.236248016E-2,2.085861610E-2
4.501350572E1,-1.122236252E-2,-1.669120789E-2,-4.946422577E-2,5.339707363E-2
4.501853135E1,-1.105326414E-2,2.146798372E-2,1.267242432E-2,2.726975085E-2
4.502355697E1,-1.491814852E-3,-2.369523048E-3,-6.430625916E-3,7.013779345E-3
4.502858260E1,3.141492605E-3,-2.268433571E-3,-2.536964417E-2,2.566385808E-2
4.503361510E1,-1.606133580E-2,-1.635932922E-2,3.334045410E-3,2.316700281E-2
4.503864108E1,1.242971420E-2,1.250934601E-2,-2.044487000E-2,2.699952299E-2
4.504366708E1,7.444053888E-3,-1.650750637E-3,8.211135864E-3,1.120543030E-2
4.504867499E1,-2.299368382E-3,3.300309181E-3,-6.105422974E-3,7.311314884E-3
4.505369978E1,3.087782860E-2,-6.034970284E-3,-1.081085205E-2,3.326763724E-2
4.505872458E1,-7.345169783E-3,-5.744040012E-3,4.149627686E-2,4.253100643E-2
4.506376978E1,-2.625530958E-2,-1.495188475E-2,1.739215851E-2,3.486240549E-2
4.506879593E1,1.677459478E-2,4.303336143E-3,3.148078918E-2,3.592973448E-2
4.507381734E1,-1.188772917E-2,-4.972815514E-4,7.478713989E-3,1.405334681E-2
4.507884301E1,-7.064938545E-3,-2.441245317E-2,1.217746735E-2,2.818105636E-2
4.508386869E1,1.191183925E-2,-1.014083624E-2,2.633666992E-2,3.063247715E-2
4.508889478E1,2.336770296E-3,-8.354187012E-4,3.088188171E-2,3.098143054E-2
4.509392046E1,7.042080164E-3,-1.060712337E-2,2.152442932E-3,1.291258959E-2
4.509894614E1,6.908386946E-3,1.299339533E-2,-2.595901489E-3,1.494298621E-2
4.510396817E1,6.869822741E-3,-6.176888943E-3,-1.206779480E-2,1.519802924E-2
4.510899364E1,-1.210713387E-2,3.197252750E-3,-2.145671844E-2,2.484342734E-2
4.511401911E1,2.320289612E-3,-1.589971781E-2,-3.077411652E-2,3.471643728E-2
4.511905629E1,-1.661470532E-2,1.275306940E-2,-6.780624390E-3,2.201513296E-2
4.512408254E1,-4.013374448E-2,2.696788311E-2,-1.148128510E-2,4.969712338E-2
4.512910666E1,-4.452067614E-2,-1.106107235E-2,7.595062256E-3,4.649863327E-2
4.513413270E1,-1.578953862E-2,-6.034255028E-3,1.227474213E-2,2.088997506E-2
4.513916025E1,1.745748520E-2,-1.002907753E-3,2.640914917E-2,3.167353427E-2
4.514418640E1,-6.609112024E-3,2.298271656E-2,1.193809509E-2,2.672833210E-2
4.514921254E1,-2.098432183E-2,-1.500880718E-2,-2.409934998E-3,2.591165457E-2
4.515423817E1,2.861738205E-3,-5.155086517E-3,7.095336914E-3,9.225414271E-3
4.515926431E1,-2.092707157E-2,-5.033314228E-3,2.602672577E-2,3.377376246E-2
4.516429046E1,-1.783907413E-3,-1.445907354E-2,-1.692771912E-2,2.233371460E-2
4.516931661E1,3.012776375E-3,-2.381181717E-2,6.953239441E-3,2.498853731E-2
4.517433734E1,-3.486335278E-2,-9.396255016E-3,2.141952515E-3,3.617085755E-2
4.517936317E1,3.501027822E-3,1.502633095E-4,6.869316101E-3,7.711503003E-3
4.518438900E1,1.300340891E-2,4.816591740E-3,2.067565918E-3,1.402009373E-2
4.518941822E1,-6.057471037E-3,4.586517811E-3,-1.218605042E-2,1.436067288E-2
4.519444426E1,-5.923181772E-3,-9.828031063E-3,2.590751648E-2,2.833502580E-2
4.519947030E1,-5.789607763E-3,-5.180597305E-3,2.095031738E-2,2.234443879E-2
4.520446145E1,8.546382189E-3,-5.275666714E-3,-2.670288086E-2,2.852923332E-2
4.520948520E1,-1.522448659E-2,1.842302084E-2,-1.223087311E-2,2.684747559E-2
4.521450895E1,-1.025748253E-2,3.886878490E-3,-3.111934662E-2,3.299602258E-2
4.521953270E1,8.862197399E-3,-1.532852650E-2,2.613162994E-2,3.156523960E-2
4.522460270E1,4.126310349E-3,8.460104465E-3,-1.682186127E-2,1.927627612E-2
4.522962874E1,4.229545593E-3,-5.833566189E-3,1.180076599E-2,1.382669984E-2
4.523465478E1,-1.476854086E-2,3.685057163E-3,-2.543449402E-3,1.543238738E-2
4.523964687E1,-5.165427923E-3,8.373379707E-3,-2.151298523E-2,2.365594358E-2
4.524467062E1,-3.876388073E-4,8.219599724E-3,-2.607631683E-2,2.734385458E-2
4.524969437E1,1.869925857E-2,-1.378417015E-3,-2.111339569E-2,2.823717022E-2
4.525471812E1,-9.909421206E-3,-1.094818115E-2,2.180290222E-2,2.633298017E-2
4.525982874E1,-1.453652978E-2,1.285225153E-2,1.212406158E-2,2.287977134E-2
4.526485687E1,-4.880100489E-3,2.220928669E-2,-2.222061157E-3,2.284743644E-2
4.526988499E1,-6.234645844E-5,3.004908562E-3,1.679039001E-2,1.705727292E-2
4.527486072E1,-1.897642016E-2,-6.593286991E-3,2.139949799E-2,2.935156673E-2
4.527988520E1,9.710878134E-3,2.925813198E-3,-2.521514893E-3,1.045081692E-2
4.528491338E1,9.671270847E-3,-1.617956161E-2,-7.245063782E-3,2.019412397E-2
4.528993822E1,-4.616886377E-3,1.721382141E-2,-2.143287659E-2,2.787471051E-2
4.529496306E1,-1.878625154E-2,-1.614969969E-2,-3.550243378E-2,4.329155635E-2
4.529995431E1,5.092233419E-3,-1.599061489E-2,1.227760315E-2,2.079351209E-2
4.530497692E1,9.780526161E-3,-2.528017759E-2,-6.822586060E-3,2.795163236E-2
4.530999952E1,1.912629604E-2,1.763820648E-2,-2.575397491E-2,3.660858850E-2
4.531502213E1,-4.872679710E-5,1.282030344E-2,-1.800537109E-3,1.294621522E-2
4.532004629E1,-9.567320347E-3,3.242850304E-3,2.670478821E-2,2.855162710E-2
4.532506895E1,-2.380067110E-2,3.185927868E-3,-1.624965668E-2,2.899436882E-2
4.533009161E1,-4.676282406E-3,3.078281879E-3,2.663040161E-2,2.721252885E-2
4.533513869E1,-4.757910967E-3,-6.525337696E-3,2.167129517E-2,2.312710062E-2
4.534016296E1,9.613454342E-3,-6.602644920E-3,2.500534058E-3,1.192753516E-2
4.534518723E1,6.407499313E-5,3.606277704E-2,2.486228943E-3,3.614843465E-2
4.535025364E1,-4.709124565E-3,2.624225616E-2,-2.127456665E-2,3.410922234E-2
4.535528067E1,2.122223377E-4,-2.543270588E-3,-2.104759216E-3,3.308062116E-3
4.536030770E1,5.095392466E-3,-1.214867830E-2,-3.532505035E-2,3.770162585E-2
4.536530817E1,-1.850923896E-2,2.126097679E-3,3.144359589E-2,3.654876113E-2
4.537033338E1,-4.022210836E-3,-2.667784691E-3,-2.060890198E-3,5.248097139E-3
4.537534473E1,-4.059851170E-3,-1.206392050E-2,-1.154232025E-2,1.718271591E-2
4.538036853E1,6.507635117E-4,1.180678606E-2,-1.144409180E-2,1.645572628E-2
4.538539234E1,-8.872061968E-3,1.653689146E-2,-3.509521484E-2,3.979769299E-2
4.539041614E1,5.420118570E-3,2.239167690E-3,-1.106452942E-2,1.252259432E-2
4.539548171E1,2.428895235E-2,2.140551805E-2,2.225875854E-2,3.928869738E-2
4.540050765E1,-4.480838776E-3,2.369046211E-3,-2.066802979E-2,2.128045468E-2
4.540549744E1,2.801120281E-4,-1.176077127E-2,1.273632050E-2,1.733805247E-2
4.541051989E1,1.460444927E-2,1.211065054E-2,7.876396179E-3,2.054252691E-2
4.541554234E1,1.926049590E-2,-1.175302267E-2,2.680492401E-2,3.503718304E-2
4.542060567E1,9.632229805E-3,1.217150688E-2,3.607177734E-2,3.926956266E-2
4.542563093E1,9.632408619E-3,7.250487804E-3,4.052066803E-2,4.227620379E-2
4.543065619E1,1.917773485E-2,-7.227063179E-3,-7.297515869E-3,2.175476256E-2
4.543571827E1,4.852980375E-3,-7.289886475E-3,5.924606323E-2,5.988981443E-2
4.544074582E1,-2.830174565E-2,-2.649486065E-3,-7.721900940E-3,2.945566732E-2
4.544577338E1,2.434721589E-2,1.614415646E-2,-1.240158081E-2,3.173672819E-2
4.545076765E1,1.947459579E-2,-1.265311241E-2,-3.128528595E-2,3.896319098E-2
4.545579275E1,1.000085473E-2,-1.736783981E-2,-2.628040314E-2,3.305024272E-2
4.546082510E1,-8.997708559E-3,1.114720106E-2,2.433776855E-3,1.453073022E-2
4.546585093E1,-8.899360895E-3,1.568526030E-2,-2.132225037E-2,2.792605192E-2
4.547087676E1,8.013844490E-4,-8.255958557E-3,-6.900787354E-3,1.078999235E-2
4.547590260E1,-1.352831721E-2,-8.203089237E-3,-6.838798523E-3,1.723586972E-2
4.548092369E1,1.014900208E-2,1.447439194E-3,-6.777763367E-3,1.228964603E-2
4.548594926E1,4.373490810E-4,-1.267021894E-2,-1.147270203E-2,1.709820500E-2
4.549097817E1,5.151748657E-3,-1.727366447E-2,-6.629943848E-3,1.920614886E-2
4.549600405E1,2.407190204E-2,1.150441170E-2,-1.833915710E-3,2.674268504E-2
4.550102994E1,-4.702627659E-3,-2.641737461E-3,-6.575584412E-3,8.504810055E-3
4.550605583E1,-9.388774633E-3,-3.096938133E-2,3.145694733E-2,4.513082322E-2
4.551104895E1,-4.491358995E-3,7.368564606E-3,-2.054214478E-3,8.870617064E-3
4.551607322E1,5.062133074E-3,-1.634252071E-2,1.695060730E-2,2.408373439E-2
4.552109989E1,-1.416221261E-2,-1.611322165E-2,2.156162262E-2,3.041558396E-2
4.552612437E1,-1.887458563E-2,7.854342461E-3,-3.560161591E-2,4.105381509E-2
4.553114885E1,-4.350692034E-3,-3.015714884E-2,-6.822586060E-3,3.122386632E-2
4.553617827E1,1.469367743E-2,-1.561558247E-2,1.222419739E-2,2.468160396E-2
4.554120306E1,5.091130733E-3,-1.079797745E-2,1.687335968E-2,2.066945079E-2
4.554622786E1,9.820163250E-3,-2.496767044E-2,1.673316956E-2,3.161991678E-2
4.555125265E1,-9.281575680E-3,-1.085281372E-3,-2.394676208E-3,9.646758881E-3
4.555632411E1,9.857684374E-3,8.307695389E-3,-1.186752319E-2,1.752226728E-2
4.556135129E1,-4.402995110E-3,1.282334328E-2,3.097438812E-2,3.381179111E-2
4.556636801E1,1.453927159E-2,3.107964993E-3,-5.474567413E-2,5.672864092E-2
4.557139411E1,-1.396155357E-2,3.027260303E-3,-6.806373596E-3,1.582453806E-2
4.557642166E1,1.481497288E-2,-6.554603577E-3,7.491111755E-3,1.784833339E-2
4.558144791E1,3.375732899E-2,-6.564497948E-3,-1.156425476E-2,3.628197737E-2
4.558647473E1,9.750157595E-3,-1.601701975E-2,-3.046226501E-2,3.577093911E-2
4.559150103E1,-2.835449576E-2,3.152012825E-3,-1.718521118E-3,2.858086650E-2
4.559652734E1,9.882479906E-3,3.169953823E-3,-2.070236206E-2,2.315814784E-2
4.560155364E1,-1.872688532E-2,3.133594990E-3,-2.527523041E-2,3.161254377E-2
4.560657728E1,3.869533539E-4,-6.244480610E-3,3.418922424E-3,7.129677519E-3
4.561160343E1,-1.869848371E-2,-5.995631218E-3,-1.086235046E-2,2.244039982E-2
4.561662671E1,5.108237267E-3,1.319587231E-2,2.721118927E-2,3.067040846E-2
4.562165260E1,3.254115582E-4,-1.535832882E-2,1.748371124E-2,2.327368290E-2
4.562667848E1,-9.211480618E-3,-1.513707638E-2,3.088951111E-3,1.798677501E-2
4.563170900E1,5.070120096E-3,1.357585192E-2,3.155040741E-2,3.471941936E-2
4.563673520E1,-9.261637926E-3,4.063904285E-3,1.703834534E-2,1.981409768E-2
4.564176051E1,9.713649750E-3,4.024744034E-3,2.164936066E-2,2.406757929E-2
4.564678661E1,4.843086004E-3,-3.400474787E-2,2.622032166E-2,4.321207733E-2
4.565181270E1,1.130700111E-4,-5.391836166E-4,-1.673412323E-2,1.674318918E-2
4.565683879E1,2.386486530E-2,1.370245218E-2,-2.348899841E-3,2.761894861E-2
4.566182739E1,1.418226957E-2,-1.026773453E-2,-7.071495056E-3,1.888303961E-2
4.566685161E1,-4.864990711E-3,-1.039999723E-2,3.098583221E-2,3.304466485E-2
4.567188228E1,4.727721214E-3,3.876745701E-3,1.648330688E-2,1.758066867E-2
4.567690713E1,-4.795670509E-3,1.333010197E-2,2.099990845E-3,1.432131403E-2
4.568193197E1,-4.794478416E-3,-1.037955284E-3,-2.165699005E-2,2.220562074E-2
4.568695681E1,4.648685455E-3,-1.053535938E-2,-7.225990295E-3,1.359481554E-2
4.569198260E1,-1.911985874E-2,-9.621977806E-4,-7.165908813E-3,2.044125906E-2
4.569700749E1,-4.599004984E-3,2.272486687E-2,-1.660537720E-2,2.851857242E-2
4.570203239E1,4.997313023E-3,-2.026194334E-2,7.276535034E-3,2.210129968E-2
4.570706192E1,-9.335488081E-3,1.319122314E-2,1.196384430E-2,2.010704544E-2
4.571208713E1,9.693861008E-3,8.374989033E-3,-2.612495422E-2,2.909681453E-2
4.571711734E1,1.737773418E-4,2.254354954E-2,-1.166439056E-2,2.538306190E-2
4.572214301E1,-9.263813496E-3,8.152127266E-3,2.166652679E-2,2.493418943E-2
4.572716458E1,1.931351423E-2,2.242308855E-2,-2.263069153E-3,2.968043487E-2
4.573218984E1,-4.525840282E-3,-1.091247797E-2,7.244110107E-3,1.385794130E-2
4.573721749E1,2.695620060E-4,3.517150879E-3,-2.606201172E-2,2.629964769E-2
4.574224301E1,9.776711464E-3,3.526687622E-3,1.688861847E-2,1.983045754E-2
4.574726853E1,1.445293427E-2,-1.209914684E-3,-1.174545288E-2,1.866298116E-2
4.575229405E1,9.596407413E-3,-1.070994139E-2,2.597808838E-3,1.461309312E-2
4.575734666E1,-3.326281905E-2,3.665983677E-3,1.682090759E-2,3.745393838E-2
4.576237353E1,-1.877948642E-2,1.317071915E-2,-1.655864716E-2,2.829002914E-2
4.576740806E1,1.937410235E-2,8.301496506E-3,-2.175331116E-3,2.118968503E-2
4.577243572E1,-2.346631885E-2,8.223831654E-3,-2.159118652E-3,2.495919311E-2
4.577746338E1,9.929269552E-3,-6.155550480E-3,1.210975647E-2,1.682638991E-2
4.578249103E1,5.161911249E-3,-1.561504602E-2,-1.173591614E-2,2.020412625E-2
4.578750796E1,3.792643547E-4,-1.302301884E-3,1.210784912E-2,1.218358904E-2
4.579253504E1,-2.805441618E-2,3.342270851E-3,2.150726318E-2,3.550751204E-2
4.579756213E1,1.497948170E-2,7.945537567E-3,2.133178711E-2,2.724998313E-2
4.580260192E1,1.966685057E-2,-6.380200386E-3,-2.590179443E-3,2.083749020E-2
4.580762984E1,-1.361814141E-2,-1.698613167E-3,1.642704010E-2,2.140529628E-2
4.581265775E1,-3.947556019E-3,3.144001961E-2,2.048492432E-3,3.175302116E-2
4.581767015E1,7.389485836E-4,1.222395897E-2,2.102756500E-2,2.433371545E-2
4.582269692E1,-3.719544411E-2,2.613425255E-3,6.605148315E-3,3.786765161E-2
4.582772369E1,-8.386611938E-3,-6.968736649E-3,1.805305481E-3,1.105249647E-2
4.583274364E1,-8.360683918E-3,7.323145866E-3,6.541252136E-3,1.289641347E-2
4.583776994E1,1.540726423E-2,-2.194881439E-3,2.073192596E-2,2.592323378E-2
4.584279624E1,-3.707826138E-3,2.165758610E-2,-2.218341827E-2,3.122343762E-2
4.584782077E1,3.906652331E-2,2.471506596E-3,1.124095917E-2,4.072665898E-2
4.585284697E1,-1.823088527E-2,-7.008552551E-3,-1.734638214E-2,2.612244169E-2
4.585787317E1,5.621731281E-3,7.384598255E-3,6.536483765E-3,1.135173000E-2
4.586289937E1,5.632966757E-3,-2.082169056E-3,-1.252079010E-2,1.388653762E-2
4.586797749E1,2.922698855E-2,7.423043251E-3,6.583213806E-3,3.086514434E-2
4.587300624E1,5.049407482E-4,7.344603539E-3,-7.717132568E-3,1.066547239E-2
4.587803499E1,2.430388331E-2,-2.175867558E-3,-2.190399170E-2,3.279021190E-2
4.588306374E1,-4.332363605E-3,2.631068230E-3,2.015113831E-3,5.454592394E-3
4.588806093E1,9.903103113E-3,-6.899118423E-3,-1.224422455E-2,1.719274036E-2
4.589308817E1,5.025446415E-3,-6.852924824E-3,-1.213932037E-2,1.481825865E-2
4.589811541E1,-4.502117634E-3,-6.812095642E-3,6.956100464E-3,1.072665110E-2
4.590311218E1,5.094796419E-3,2.171957493E-2,-1.684665680E-2,2.795544188E-2
4.590813723E1,-9.243696928E-3,-6.960868835E-3,-1.195526123E-2,1.663814590E-2
4.591315254E1,1.448002458E-2,2.580761909E-3,3.088665009E-2,3.420989034E-2
4.591817666E1,1.436328888E-2,7.296979427E-3,1.163578033E-2,1.987313162E-2
4.592320077E1,-9.501636028E-3,-1.651185751E-2,-2.705574036E-3,1.924169058E-2
4.592824145E1,1.427498460E-2,-2.193748951E-3,1.156902313E-2,1.850486466E-2
4.593326671E1,9.359210730E-3,3.100186586E-2,2.097606659E-2,3.858375153E-2
4.593829275E1,-9.712785482E-3,-2.452075481E-3,6.552696228E-3,1.197032597E-2
4.594331812E1,4.565000534E-3,-1.188719273E-2,-7.747650146E-3,1.490539042E-2
4.594834348E1,-4.290017486E-2,-1.649767160E-2,-1.718616486E-2,4.907099381E-2
4.595336885E1,-1.879414916E-2,2.621114254E-3,1.952171326E-3,1.907619604E-2
4.595837546E1,9.801447392E-3,-2.156794071E-3,1.143550873E-2,1.521482801E-2
4.596339989E1,-1.402011514E-2,2.651274204E-3,3.507995605E-2,3.787078294E-2
4.596842431E1,-4.352003336E-3,-1.152294874E-2,1.103687286E-2,1.653876789E-2
4.597344874E1,1.948419213E-2,-1.839160919E-3,1.093673706E-2,2.241937719E-2
4.597851608E1,-4.463702440E-3,7.657885551E-3,1.084804535E-2,1.400885215E-2
4.598354265E1,-9.111136198E-3,2.672547102E-2,1.074600220E-2,3.021158995E-2
4.598856921E1,-4.332721233E-3,-6.645977497E-3,1.155853271E-3,8.017324177E-3
4.599354515E1,-4.297405481E-3,-1.798450947E-3,-8.353233337E-3,9.564445978E-3
4.599856832E1,4.376769066E-4,-1.742064953E-3,3.920173645E-2,3.924286549E-2
4.600357879E1,-4.411906004E-3,-6.437301636E-3,-8.607864380E-3,1.161891114E-2
4.600860067E1,-9.221285582E-3,-6.344914436E-3,9.641647339E-4,1.123475236E-2
4.601362254E1,2.879753709E-2,-6.201803684E-3,-2.753829956E-2,4.032515907E-2
4.601864442E1,4.814356565E-3,-6.158292294E-3,3.917121887E-2,3.994354743E-2
4.602372890E1,-4.615604877E-3,-1.566714048E-2,3.409576416E-2,3.780587564E-2
4.602875390E1,1.441621780E-2,-2.029353380E-2,1.006984711E-2,2.685249841E-2
4.603375864E1,5.653500557E-5,-1.064103842E-2,9.986877441E-3,1.459358132E-2
4.603878161E1,-2.837401628E-2,1.787060499E-2,9.904861450E-3,3.496497681E-2
4.604380458E1,9.908199310E-3,4.134678841E-2,3.831768036E-2,5.723612455E-2
4.604880405E1,9.828597307E-3,2.194517851E-2,-1.898002625E-2,3.063386331E-2
4.605382541E1,4.949599504E-3,-2.043724060E-3,-1.406669617E-2,1.505148778E-2
4.605884676E1,-2.827635407E-2,-1.163911819E-2,5.049705505E-3,3.099226997E-2
4.606386812E1,-1.848885417E-2,2.742648125E-3,-9.243011475E-3,2.085169318E-2
4.606888947E1,1.976630092E-2,-2.578878403E-2,-4.422187805E-3,3.279212983E-2
4.607393806E1,-1.843819022E-2,-2.553218603E-2,9.860038757E-3,3.300120826E-2
4.607896051E1,-4.090487957E-3,-6.180882454E-3,9.771347046E-3,1.226436393E-2
4.608400010E1,1.489251852E-2,-1.293003559E-3,1.897811890E-4,1.494974859E-2
4.608902426E1,-4.318892956E-3,-1.300692558E-3,1.935958862E-4,4.514655786E-3
4.609404843E1,2.896013856E-2,1.299369335E-2,-1.880455017E-2,3.689358751E-2
4.609907260E1,-9.268701077E-3,2.242279053E-2,3.433227539E-4,2.426537091E-2
4.610409676E1,-9.187728167E-3,8.079767227E-3,-2.038507462E-1,2.042175891E-1
4.610911999E1,-2.789154649E-2,5.119699240E-2,-6.153106689E-1,6.180665739E-1
4.611414411E1,1.115566492E-2,1.380387545E-1,-6.055879593E-1,6.212213157E-1
4.611917249E1,2.173274755E-3,1.263601184E-1,-4.108638763E-1,4.298612887E-1
4.612419702E1,-7.423627377E-2,6.433916092E-2,-1.798324585E-1,2.049152632E-1
4.612922286E1,-1.321473718E-1,7.070469856E-2,9.198188782E-2,1.758486564E-1
4.613424754E1,-1.148022115E-1,1.877069473E-3,3.425512314E-1,3.612816315E-1
4.613929609E1,-6.521505117E-2,-3.804641962E-2,4.961204529E-1,5.018326780E-1
4.614432312E1,2.498894930E-3,-1.024392545E-1,5.202922821E-1,5.302868131E-1
4.614935015E1,5.075946450E-2,-1.157672107E-1,4.921312332E-1,5.081060136E-1
4.615437421E1,1.370748580E-1,-1.642940044E-1,4.927959442E-1,5.372428494E-1
4.615940103E1,1.571289301E-1,-1.719613075E-1,5.315294266E-1,5.803307016E-1
4.616442786E1,1.590220332E-1,-1.392763853E-1,4.940547943E-1,5.373788778E-1
4.616944775E1,1.529123187E-1,-1.186418831E-1,3.952159882E-1,4.400610764E-1
4.617447411E1,1.390197277E-1,-1.048043668E-1,3.019742966E-1,3.485669459E-1
4.617949108E1,9.815162420E-2,-5.448538065E-2,1.667871475E-1,2.010481301E-1
4.618451650E1,1.015057266E-1,-1.492494345E-2,4.697036743E-2,1.128378566E-1
4.618954192E1,1.080721617E-2,5.094230175E-3,-1.051139832E-1,1.057908151E-1
4.619456004E1,-4.579687119E-2,5.370730162E-2,-2.132043839E-1,2.245839196E-1
4.619958499E1,-8.324256539E-2,5.984526873E-2,-2.776746750E-1,2.959966318E-1
4.620460994E1,-9.757277369E-2,1.002659202E-1,-3.748607635E-1,4.001178488E-1
4.620964332E1,-1.605167091E-1,1.084050536E-1,-3.857793808E-1,4.316746462E-1
4.621466879E1,-1.435099840E-1,1.515367031E-1,-4.441413879E-1,4.907342054E-1
4.621969426E1,-1.325932741E-1,1.343454719E-1,-4.640855789E-1,5.010040985E-1
4.622471973E1,-7.052960992E-2,8.112925291E-2,-4.506931305E-1,4.633364646E-1
4.622977390E1,-3.821587563E-2,8.226114511E-2,-4.232397079E-1,4.328500890E-1
4.623480082E1,-1.122787595E-2,8.012801409E-2,-3.201198578E-1,3.301867459E-1
4.623982775E1,-2.735567093E-2,5.076062679E-2,-1.989355087E-1,2.071239016E-1
4.624482671E1,-3.399473429E-2,2.718234062E-2,-5.980873108E-2,7.397030427E-2
4.624985176E1,-1.220160723E-2,-1.490759850E-2,6.865215302E-2,7.130381354E-2
4.625487681E1,-2.868780494E-2,-4.255062342E-2,1.675691605E-1,1.752511605E-1
4.625990187E1,-2.355098724E-3,-4.188185930E-2,2.609462738E-1,2.642964140E-1
4.626492520E1,4.280743003E-2,-8.003568649E-2,2.728719711E-1,2.875713821E-1
4.626995015E1,4.511740804E-2,-7.622003555E-2,2.942514420E-1,3.072929960E-1
4.627498431E1,8.117362857E-2,-6.877857447E-2,3.012504578E-1,3.194862886E-1
4.628001020E1,1.033613086E-1,-7.219398022E-2,2.797441483E-1,3.068424993E-1
4.628503348E1,8.335143328E-2,-5.772423744E-2,2.679462433E-1,2.864868903E-1
4.629005911E1,7.363525033E-2,-5.386281013E-2,2.230358124E-1,2.409737040E-1
4.629508270E1,4.568129778E-2,-6.521207094E-2,1.690263748E-1,1.868403344E-1
4.630010812E1,2.333647013E-2,-4.395788908E-2,1.202287674E-1,1.301224168E-1
4.630513353E1,2.043080330E-2,-9.101271629E-3,2.436923981E-2,3.307734447E-2
4.631017562E1,-1.098024845E-2,3.953796625E-2,-4.693412781E-2,6.234283427E-2
4.631520213E1,-5.179440975E-2,-2.381086349E-3,-1.033926010E-1,1.156648624E-1
4.632022864E1,-3.074824810E-2,4.188728333E-2,-1.261510849E-1,1.364334837E-1
4.632524286E1,-2.459156513E-2,6.256872416E-2,-1.819686890E-1,1.939901907E-1
4.633026853E1,-3.303945065E-2,4.570466280E-2,-2.230978012E-1,2.301155153E-1
4.633529864E1,-4.653039575E-2,4.405587912E-2,-2.354278564E-1,2.439923642E-1
4.634032478E1,-2.698668838E-2,7.654559612E-2,-2.002105713E-1,2.160365305E-1
4.634535036E1,-2.701663971E-2,4.786372185E-2,-1.938095093E-1,2.014521297E-1
4.635037640E1,-5.579569936E-2,4.399025440E-2,-1.542625427E-1,1.698388490E-1
4.635540244E1,-2.772119641E-2,5.981975794E-2,-1.198177338E-1,1.367594878E-1
4.636042640E1,-9.535372257E-3,2.369874716E-2,-3.819179535E-2,4.594743924E-2
4.636545234E1,-2.958959341E-2,2.121984959E-2,1.621246338E-5,3.641189802E-2
4.637047827E1,1.225060225E-2,2.351278067E-2,8.064270020E-2,8.488918191E-2
4.637550572E1,-3.240197897E-3,-3.604626656E-2,1.273651123E-1,1.324073414E-1
4.638053176E1,2.893808484E-2,-2.414298058E-2,1.404724121E-1,1.454400042E-1
4.638555780E1,4.076212645E-3,-4.604578018E-2,1.107530594E-1,1.200127891E-1
4.639059218E1,2.716377378E-2,-4.944235086E-2,1.525373459E-1,1.626347397E-1
4.639561874E1,3.148275614E-2,-2.489238977E-2,1.560001373E-1,1.610802218E-1
4.640064530E1,1.708197594E-2,-4.854899645E-2,1.452054977E-1,1.540565985E-1
4.640567187E1,1.730850339E-2,-2.504330873E-2,1.202735901E-1,1.240664664E-1
4.641070952E1,1.294422150E-2,-2.599853277E-2,9.082603455E-2,9.535641105E-2
4.641573666E1,2.297055721E-2,-3.464758396E-3,3.789138794E-2,4.444556591E-2
4.642076379E1,-4.977464676E-3,-1.936024427E-2,-3.452301025E-4,1.999283364E-2
4.642579093E1,-1.844394207E-2,2.175259590E-2,-1.926231384E-2,3.441498456E-2
4.643079202E1,-3.175368905E-2,1.990115643E-2,-5.227565765E-2,6.432027035E-2
4.643581780E1,-3.560686111E-2,2.306407690E-2,-9.451866150E-2,1.036029805E-1
4.644083562E1,-3.477728367E-2,3.110134602E-2,-1.126718521E-1,1.219495775E-1
4.644586056E1,-2.932175994E-2,3.939044476E-2,-8.795166016E-2,1.007316597E-1
4.645088421E1,-5.072891712E-3,4.348248243E-2,-9.670829773E-2,1.061553360E-1
4.645590905E1,-1.916912198E-2,9.965896606E-3,-1.101579666E-1,1.122566343E-1
4.646093390E1,-1.436713338E-2,1.983189583E-2,-7.127571106E-2,7.536541382E-2
4.646597317E1,-3.125071526E-4,6.182909012E-3,-6.121826172E-2,6.153049319E-2
4.647099895E1,-8.715987206E-4,-2.300858498E-3,-4.175281525E-2,4.182524615E-2
4.647602473E1,-1.573294401E-2,1.783633232E-2,-2.245044708E-2,3.270600636E-2
4.648105051E1,-1.627337933E-2,-1.330971718E-4,1.568412781E-2,2.260160292E-2
4.648607629E1,2.123036981E-2,1.041233540E-3,3.450489044E-2,4.052653740E-2
4.649109890E1,-1.275059581E-2,-1.684308052E-2,5.791854858E-2,6.165083394E-2
4.649612452E1,3.917923570E-2,-1.584208012E-2,9.539031982E-2,1.043326273E-1
4.650115463E1,1.944518089E-2,-3.409880400E-2,6.133937836E-2,7.282419125E-2
4.650618072E1,1.437997818E-2,-1.457780600E-2,9.405994415E-2,9.626302143E-2
4.651120135E1,2.845439315E-2,-1.442027092E-2,7.903099060E-2,8.522613553E-2
4.651622687E1,1.403036714E-2,-3.856420517E-4,8.313846588E-2,8.431491227E-2
4.652125239E1,4.630118608E-3,-1.996594667E-2,5.872917175E-2,6.220283466E-2
4.652628588E1,1.440614462E-2,-2.049368620E-2,4.876995087E-2,5.482733155E-2
4.653131192E1,-4.332572222E-3,-2.130568027E-3,-3.838539124E-3,6.168053565E-3
4.653633796E1,5.617886782E-3,-1.250720024E-2,-1.326847076E-2,1.907991159E-2
4.654136286E1,-8.305609226E-3,1.993674040E-2,-3.686237335E-2,4.272342837E-2
4.654638885E1,-1.266130805E-2,1.422053576E-2,-5.076694489E-2,5.422006134E-2
4.655141484E1,-3.123590350E-2,3.720581532E-2,-6.931304932E-2,8.464191141E-2
4.655644082E1,-3.071022034E-2,1.266711950E-2,-3.547859192E-2,4.860353932E-2
4.656146942E1,2.950489521E-3,2.657681704E-2,-5.891895294E-2,6.470297990E-2
4.656649551E1,-3.975525498E-2,3.588593006E-2,-4.893589020E-2,7.254654799E-2
4.657151838E1,1.270654798E-2,2.633261681E-2,-5.328655243E-2,6.078091591E-2
4.657654416E1,-2.079030871E-2,7.462918758E-3,-4.810810089E-2,5.293695745E-2
4.658156760E1,-2.556860447E-2,3.202438354E-3,-4.995346069E-3,2.624809761E-2
4.658659312E1,-1.617154479E-2,-5.662322044E-3,-4.979133606E-3,1.784299648E-2
4.659162301E1,-2.589231730E-2,-1.445770264E-2,3.302669525E-2,4.438693343E-2
4.659664895E1,2.459406853E-3,-8.937418461E-3,2.797985077E-2,2.947538261E-2
4.660167489E1,6.938964128E-3,1.127779484E-3,3.985404968E-3,8.081123839E-3
4.660670083E1,-2.822250128E-3,-2.217441797E-2,5.141925812E-2,5.606790538E-2
4.661172676E1,1.599207520E-2,-7.400393486E-3,-1.254081726E-3,1.766592806E-2
4.661674411E1,6.310641766E-3,-7.251083851E-3,5.098724365E-2,5.188546455E-2
4.662176947E1,1.101016998E-2,-1.675748825E-2,2.682399750E-2,3.348976108E-2
4.662679484E1,2.042225003E-2,-2.149051428E-2,2.185916901E-2,3.683386716E-2
4.663181650E1,6.061911583E-3,2.109694481E-2,4.543781281E-2,5.046209156E-2
4.663684161E1,3.466108441E-2,1.495361328E-3,-2.407073975E-3,3.477672905E-2
4.664186671E1,1.398175955E-3,-1.319694519E-2,-1.661872864E-2,2.126726122E-2
4.664689780E1,1.590412855E-2,-2.307569981E-2,1.202774048E-2,3.049747149E-2
4.665192333E1,-1.256063581E-2,-4.424631596E-3,-2.603530884E-2,2.924353335E-2
4.665695306E1,1.896649599E-3,2.372276783E-2,-2.105140686E-2,3.177308175E-2
4.666197900E1,-2.649989724E-2,1.844555140E-2,-3.985500336E-2,5.129234068E-2
4.666700494E1,2.325445414E-3,-9.839534760E-4,-1.101970673E-2,1.130529952E-2
4.667203556E1,1.181316376E-2,5.587935448E-2,-4.415988922E-2,7.219521390E-2
4.667706181E1,1.162141562E-2,1.750582457E-2,-3.429508209E-2,4.022019207E-2
4.668209098E1,-7.620990276E-3,1.274847984E-2,-2.926158905E-2,3.281529864E-2
4.668711749E1,3.508239985E-2,-1.086246967E-2,-2.427959442E-2,4.402575078E-2
4.669214265E1,-1.279139519E-2,8.511424065E-3,-1.934242249E-2,2.470209380E-2
4.669716905E1,-3.239125013E-3,8.838474751E-3,-2.098083496E-4,9.415656446E-3
4.670219546E1,2.987903357E-2,-3.393292427E-4,-1.447010040E-2,3.320023489E-2
4.670722187E1,1.038444042E-2,-3.318315744E-2,2.362632751E-2,4.203762473E-2
4.671224629E1,2.914041281E-2,6.247758865E-4,1.392173767E-2,3.230121953E-2
4.671727260E1,9.752124548E-3,-2.303767204E-2,3.754997253E-2,4.512026932E-2
4.672229890E1,-9.422898293E-3,9.820461273E-4,5.623149872E-2,5.702400262E-2
4.672732520E1,-4.537343979E-3,-8.543848991E-3,1.302433014E-2,1.622399524E-2
4.673235624E1,-1.394435763E-2,-1.328855753E-2,-1.327514648E-3,1.930785245E-2
4.673738275E1,-8.972615004E-3,-1.809960604E-2,2.243137360E-2,3.018725029E-2
4.674239942E1,1.015138626E-2,-8.676350117E-3,-1.098346710E-2,1.729064036E-2
4.674742499E1,1.492229104E-2,5.364775658E-3,8.113861084E-3,1.781264521E-2
4.675245056E1,6.594657898E-4,-9.305477142E-3,-2.517509460E-2,2.684794570E-2
4.675748905E1,-1.818090677E-2,-2.380257845E-2,-3.919887543E-2,4.933213908E-2
4.676251546E1,-2.260944247E-2,2.839660645E-2,8.619308472E-3,3.730746072E-2
4.676753702E1,-3.261983395E-3,-1.475477219E-2,3.801345825E-3,1.558185060E-2
4.677256296E1,2.056619525E-2,-5.310654640E-3,-5.719184875E-3,2.199728427E-2
4.677758890E1,-3.347218037E-3,-3.382468224E-2,-2.466201782E-2,4.199438201E-2
4.678260984E1,1.572671533E-2,4.481196404E-3,-4.345512390E-2,4.643014634E-2
4.678763541E1,-3.658896685E-2,1.403117180E-2,-1.935863495E-2,4.370792862E-2
4.679265780E1,-2.208980918E-2,4.556655884E-3,-4.958152771E-3,2.309342030E-2
4.679768306E1,1.588237286E-2,9.504854679E-3,-1.726150513E-4,1.851004662E-2
4.680271223E1,-8.089065552E-3,1.921224594E-2,-4.933357239E-3,2.142151697E-2
4.680773786E1,2.991822362E-2,-1.859211922E-2,-1.400969505E0,1.401412260E0
4.681276593E1,-3.999190629E-1,5.542648435E-1,-5.069684029E0,5.115548937E0
4.681779181E1,-1.927295923E-1,1.036938190E0,-4.273645878E0,4.401867172E0
4.682281770E1,3.711539507E-2,6.688981652E-1,-1.761334419E0,1.884436585E0
4.682784359E1,-7.602012157E-2,3.334899545E-1,-4.667243958E-1,5.786417460E-1
4.683286947E1,-3.778032959E-1,2.176414728E-1,1.315830231E0,1.386186256E0
4.683789536E1,-3.420706987E-1,2.055063844E-2,2.756259918E0,2.777481490E0
4.684292124E1,-1.759872735E-1,-1.683443487E-1,2.785260201E0,2.795887288E0
4.684794713E1,-1.773098111E-2,-2.905347943E-1,2.011392593E0,2.032344710E0
4.685297301E1,1.600288749E-1,-4.097272158E-1,1.286747932E0,1.359855093E0
4.685799890E1,9.157657623E-2,-4.834610224E-1,1.065414429E0,1.173553891E0
4.686302478E1,4.106992483E-2,-5.933872461E-1,1.289258957E0,1.419853450E0
4.686805067E1,2.903323174E-1,-7.640343308E-1,1.699450493E0,1.885781878E0
4.687307655E1,5.901219249E-1,-8.190020323E-1,2.013580322E0,2.252446210E0
4.687810244E1,5.433067679E-1,-7.153523564E-1,2.298714638E0,2.467995183E0
4.688312832E1,2.987328768E-1,-4.911345243E-1,2.325322151E0,2.395324103E0
4.688815421E1,2.205016613E-1,-3.757412732E-1,2.002860069E0,2.049695330E0
4.689318010E1,3.667097688E-1,-3.058423698E-1,1.374767303E0,1.455335270E0
