"Time (s)","Linear Acceleration x (m/s^2)","Linear Acceleration y (m/s^2)","Linear Acceleration z (m/s^2)","Absolute acceleration (m/s^2)"
5.116443400E-2,0.000000000E0,0.000000000E0,0.000000000E0,0.000000000E0
5.612245400E-2,-1.822316647E-2,-6.657052040E-2,1.393947601E-1,1.555461897E-1
6.114834000E-2,-8.611518145E-2,-6.994462013E-2,2.599763870E-1,2.826584444E-1
6.626485000E-2,-5.719995499E-2,-8.229017258E-2,3.977470398E-1,4.101782722E-1
7.138136100E-2,-5.352389812E-2,-6.453943253E-2,3.663434982E-1,3.758160517E-1
7.640724600E-2,-3.366917372E-2,-7.769322395E-2,1.442890167E-1,1.672996433E-1
8.129287100E-2,-5.937314034E-2,-7.589364052E-2,-4.573249817E-2,1.066605637E-1
8.631875700E-2,-1.158059239E-1,-9.370255470E-2,-1.957750320E-1,2.460061868E-1
9.131849600E-2,-8.649289608E-2,-1.667561531E-1,-3.660621643E-1,4.114488350E-1
9.631818400E-2,-3.912687302E-2,-1.441161633E-1,-5.022039413E-1,5.239362360E-1
1.015457360E-1,-7.777273655E-2,-1.031422615E-1,-6.090755463E-1,6.226234381E-1
1.063884440E-1,-8.885788918E-2,-8.731842041E-2,-5.939292908E-1,6.068543758E-1
1.113933920E-1,-4.473638535E-2,-2.464628220E-2,-5.175065994E-1,5.200210225E-1
1.164512570E-1,-5.443811417E-2,4.627752304E-2,-4.045953751E-1,4.108558566E-1
1.214445900E-1,-1.629998684E-1,1.759624481E-2,-2.601661682E-1,3.075142598E-1
1.264729230E-1,-2.744841576E-1,-2.223253250E-3,3.697109222E-2,2.769717626E-1
1.315025590E-1,-4.216334820E-1,-7.736587524E-2,5.029754639E-1,6.608665440E-1
1.365526630E-1,-3.364659548E-1,-2.295858860E-1,1.168437958E0,1.237403038E0
1.415709440E-1,-1.040930748E-1,-4.067859650E-1,1.768332481E0,1.817501019E0
1.474367250E-1,6.452736855E-1,-5.369966030E-1,2.438877106E0,2.579314835E0
1.524064650E-1,6.826981306E-1,-6.233491898E-1,2.307760239E0,2.486040681E0
1.568268290E-1,-2.160120010E-2,-3.845691681E-1,1.542989731E0,1.590338758E0
1.616546940E-1,-4.274674654E-1,-1.097178459E-1,6.204137802E-1,7.613669932E-1
1.667119860E-1,-4.548258781E-1,9.854316711E-2,-3.066825867E-1,5.573432911E-1
1.717022980E-1,-3.188914061E-1,2.260789871E-1,-1.119095802E0,1.185402401E0
1.767622460E-1,3.665065765E-2,2.219507694E-1,-1.648679733E0,1.663956213E0
1.817881840E-1,2.877223492E-2,2.777407169E-1,-1.981817245E0,2.001391351E0
1.868129230E-1,2.708911896E-2,1.980009079E-1,-2.089305878E0,2.098841878E0
1.918108920E-1,6.873178482E-2,1.216492653E-1,-2.006876945E0,2.011734992E0
1.968342770E-1,-3.215467930E-2,5.678558350E-2,-1.462425232E0,1.463880489E0
2.018611520E-1,-9.965252876E-2,1.564311981E-2,-4.644889832E-1,4.753160519E-1
2.069206320E-1,-1.899770498E-1,-5.599808693E-2,4.099111557E-1,4.552518213E-1
2.119438610E-1,1.175847054E-1,-3.321862221E-2,1.166157722E0,1.172541459E0
2.170088090E-1,8.382029533E-1,3.812289238E-2,1.688242912E0,1.885259048E0
2.220177670E-1,6.061581373E-1,1.288473606E-1,1.443595886E0,1.570986446E0
2.270549540E-1,3.333926201E-2,2.714359760E-1,6.855840683E-1,7.381155128E-1
2.320921420E-1,-2.122015953E-1,4.710421562E-1,-2.991828918E-1,5.970097426E-1
2.371147460E-1,-1.995818615E-1,6.025683880E-1,-1.222378731E0,1.377363911E0
2.421479230E-1,-1.151809692E-1,6.505780220E-1,-1.895542145E0,2.007385972E0
2.471811000E-1,5.649971962E-2,6.554830074E-1,-2.390724659E0,2.479599683E0
2.522142770E-1,3.774819374E-1,5.669734478E-1,-2.716706753E0,2.800794010E0
2.571785480E-1,6.686013937E-1,5.041675568E-1,-2.699841022E0,2.826721475E0
2.622082880E-1,1.261857033E0,3.856678009E-1,-2.168778896E0,2.538626543E0
2.671965170E-1,9.353595972E-1,3.514902592E-1,-1.601587296E0,1.887730077E0
2.722220900E-1,3.411672115E-1,5.666589737E-1,-1.049052238E0,1.240164528E0
2.772475590E-1,-8.350563049E-2,7.668929100E-1,-3.417778015E-1,8.437475875E-1
2.822731320E-1,-4.072260857E-1,8.431508541E-1,3.112812042E-1,9.867281468E-1
2.872997460E-1,-4.389789104E-1,9.233248234E-1,8.457794189E-1,1.326866248E0
2.923254230E-1,-5.627481937E-1,1.090982914E0,1.301533699E0,1.789111293E0
2.973511000E-1,-7.357268333E-1,1.226799011E0,1.192154884E0,1.862139376E0
3.023788610E-1,-8.577344418E-1,1.087115526E0,9.280481339E-1,1.666973869E0
3.074046420E-1,-4.544827938E-1,1.095923662E0,5.073184967E-1,1.290339235E0
3.124342250E-1,-4.969668388E-1,9.510211945E-1,-1.095981598E-1,1.078623710E0
3.174604230E-1,-5.462801456E-1,9.574179649E-1,-6.274843216E-1,1.268387847E0
3.224866210E-1,-9.385383129E-1,1.076288700E0,-4.603872299E-1,1.500402590E0
3.275086000E-1,-1.245233059E0,1.174964428E0,4.684743881E-1,1.774997192E0
3.325344860E-1,-1.518776417E0,1.130317688E0,5.694408417E-1,1.977008536E0
3.375603710E-1,-1.702466011E0,8.881459236E-1,6.270189285E-1,2.019986742E0
3.425862570E-1,-1.810383797E0,5.226650238E-1,1.346251965E0,2.315828701E0
3.476177150E-1,-1.917668343E0,5.780935287E-2,1.830126286E0,2.651444138E0
3.526438610E-1,-1.395448208E0,-6.631011963E-1,2.567776680E0,2.996740892E0
3.576700070E-1,-1.596355438E-1,-1.544782877E0,3.085239410E0,3.454061358E0
3.627234440E-1,7.548871040E-1,-2.106875420E0,2.785668850E0,3.573335909E0
3.677514650E-1,1.360868931E0,-2.265481472E0,1.850664139E0,3.226349067E0
3.727794860E-1,1.508547783E0,-2.031428337E0,5.591535568E-1,2.591345250E0
3.778056320E-1,1.327498913E0,-1.653538465E0,3.634262085E-1,2.151399877E0
3.828334960E-1,1.243376732E0,-1.335267782E0,2.667412758E-1,1.843929678E0
3.878613610E-1,1.423335075E0,-1.102044582E0,1.417660713E-1,1.805680652E0
3.928892250E-1,1.695176125E0,-8.455719948E-1,2.188205719E-3,1.894365033E0
3.979372460E-1,9.385590553E-1,-5.122117996E-1,-5.993604660E-1,1.225759763E0
4.029661000E-1,5.523025990E-1,-2.760858536E-1,-7.952890396E-1,1.006849649E0
4.080092770E-1,6.590306759E-1,-3.591070175E-1,-4.625110626E-1,8.815870716E-1
4.130395900E-1,1.050065756E0,-6.864824295E-1,3.455314636E-1,1.301264082E0
4.180609440E-1,1.269945621E0,-9.111809731E-1,1.359876633E0,2.071781143E0
4.230903710E-1,1.237198591E0,-1.153973579E0,2.315329552E0,2.867588937E0
4.281197980E-1,1.133779287E0,-1.452670574E0,2.754259586E0,3.313857743E0
4.331492250E-1,1.072021246E0,-1.460404873E0,2.875013828E0,3.398193117E0
4.381786520E-1,1.205458403E0,-1.452301025E0,2.550302505E0,3.172751345E0
4.431709960E-1,1.155844927E0,-1.291427135E0,2.322994232E0,2.898286346E0
4.481989130E-1,1.061866522E0,-9.818286896E-1,1.573359489E0,2.137055958E0
4.532268290E-1,7.480816841E-1,-4.975810051E-1,6.094169617E-1,1.085634421E0
4.582234960E-1,2.617845535E-1,-4.635477066E-2,-3.980345726E-1,4.786558662E-1
4.632493290E-1,2.250595093E-1,1.878943443E-1,-9.440526962E-1,9.885299998E-1
4.682751630E-1,-2.670755386E-1,6.531929970E-1,-1.306741238E0,1.485113833E0
4.732717250E-1,-1.708720684E0,1.289871693E0,-1.406181812E0,2.561414189E0
4.782955790E-1,-1.495818138E0,8.252873421E-1,-1.091742992E0,2.027430359E0
4.833194340E-1,-1.414422035E0,9.232311249E-1,-1.031751633E0,1.979256637E0
4.883541730E-1,-1.852708817E0,1.004064560E0,-1.687159538E-1,2.114034217E0
4.933787570E-1,-2.570573330E0,1.003918171E0,7.882676125E-1,2.870028705E0
4.984033400E-1,-2.681381702E0,1.733353138E0,3.731282234E0,4.910884650E0
5.034279230E-1,-3.032855034E0,2.047188759E0,6.033307076E0,7.056201934E0
5.084525070E-1,-2.208165646E0,1.478518963E0,5.567662716E0,6.169350206E0
5.134804750E-1,-3.757529259E-1,1.873703003E-1,2.517599583E0,2.552372533E0
5.185051630E-1,3.255071640E-1,-1.702762127E0,-1.894359827E0,2.567869336E0
5.235622980E-1,1.534122467E0,-2.701117277E0,-5.194765568E0,6.052698208E0
5.285903190E-1,3.973498344E-1,-1.666317463E0,-7.308606148E0,7.506678666E0
5.336183400E-1,-7.170319557E-1,-5.373539925E-1,-7.756201744E0,7.807787755E0
5.386723500E-1,-8.353834152E-1,-1.801595688E-1,-8.210935593E0,8.255288379E0
5.437021420E-1,5.218377113E-1,7.075023651E-2,-7.323633194E0,7.342542023E0
5.487319340E-1,1.071932316E0,4.047489166E-1,-5.925668240E0,6.035429120E0
5.537078710E-1,9.797339439E-1,6.479015350E-1,-4.550122738E0,4.699284193E0
5.587340690E-1,1.308299065E0,5.811438560E-1,-3.078239679E0,3.394839340E0
5.637602670E-1,2.235742569E0,2.963404655E-1,-2.014204979E0,3.023802937E0
5.688058920E-1,3.225121975E0,6.134080887E-2,-2.003395796E0,3.797205441E0
5.738332880E-1,3.731948376E0,-1.519417763E-1,-2.488288641E0,4.487995693E0
5.788606840E-1,4.279988289E0,2.585830688E-1,-3.310979128E0,5.417356158E0
5.838880790E-1,4.798781395E0,6.460766792E-1,-4.552459240E0,6.646096831E0
5.888651630E-1,5.470743656E0,3.513989449E-1,-5.177380562E0,7.540410258E0
5.938899020E-1,4.421746254E0,-5.624103546E-1,-5.237321854E0,6.877331280E0
5.989484440E-1,4.392261505E0,-6.638097763E-1,-5.191792488E0,6.832811558E0
6.039766210E-1,5.242446423E0,-4.046778679E-1,-4.300694466E0,6.792862545E0
6.090049540E-1,2.937877893E0,-2.317935944E0,-1.326949000E0,3.970484505E0
6.140331320E-1,3.138266087E0,-2.544920921E0,-6.776603460E-1,4.096896395E0
6.190613090E-1,3.535107613E0,-2.386011124E0,-1.243524551E-1,4.266790181E0
6.240894860E-1,4.114491463E0,-2.334563732E0,-6.265100241E-1,4.771974709E0
6.290588610E-1,3.994307280E0,-2.432318687E0,-1.105973244E0,4.805605233E0
6.340840690E-1,4.555143356E0,-1.954462528E0,-7.258309126E-1,5.009599314E0
6.391092770E-1,1.733561993E0,-2.533177376E0,-1.092922688E-1,3.071509336E0
6.441344860E-1,7.339854240E-1,-2.323467255E0,-1.223036051E0,2.726362387E0
6.492285480E-1,5.441565514E-1,-7.941145897E-1,-2.649788857E0,2.819238429E0
6.542571940E-1,6.669950485E-2,1.075940132E-1,-2.547757387E0,2.550900429E0
6.592773500E-1,-6.614327431E-1,9.578132629E-1,-2.462140560E0,2.723423518E0
6.643051110E-1,-1.149976730E0,1.505982876E0,-3.241885662E0,3.755030432E0
6.693117250E-1,-1.576793194E0,2.069284916E0,-3.558142662E0,4.407788112E0
6.743373500E-1,-1.951478004E0,2.483743191E0,-3.324516296E0,4.585810206E0
6.793629750E-1,-2.032973289E0,2.861205101E0,-3.121294022E0,4.697015158E0
6.843594340E-1,-1.876645088E0,2.898739338E0,-2.682018757E0,4.372380490E0
6.893831320E-1,-1.408764839E0,3.132529736E0,-2.754774094E0,4.402969591E0
6.944102670E-1,-1.619253159E0,3.410792351E0,-2.107261658E0,4.323891412E0
6.994342770E-1,-2.237076759E0,3.752313137E0,-1.694824219E0,4.685807875E0
7.044582880E-1,-2.544796467E0,3.888803959E0,-9.332089424E-1,4.740217740E0
7.094822980E-1,-2.858424187E-1,5.583597660E0,-7.394052744E-1,5.639591198E0
7.145292250E-1,2.454116821E0,5.059803963E0,1.687456846E0,5.871270401E0
7.195543820E-1,-3.600807190E-1,4.253727436E0,4.958602428E0,6.543056875E0
7.245795380E-1,-2.347977638E0,2.493426800E0,3.207022667E0,4.692032671E0
7.296285480E-1,-3.297945499E0,-1.781268120E-1,1.449406147E-1,3.305931255E0
7.346553190E-1,-2.786168575E0,-3.829336643E0,-3.323355436E0,5.785433935E0
7.396763610E-1,-3.720980167E0,-2.297179222E0,-7.104950905E0,8.342844428E0
7.447025590E-1,-1.890499115E0,-1.510740757E0,-6.006677628E0,6.475839765E0
7.497287570E-1,-9.164481163E-1,5.786590576E-1,-2.762554646E0,2.967563247E0
7.547549540E-1,-1.034892559E0,3.936408520E0,-5.340549946E-1,4.105061434E0
7.597847460E-1,-2.392850876E0,6.409713745E0,1.170081615E0,6.941127905E0
7.648111000E-1,-3.640821934E0,7.075546265E0,2.318779469E0,8.288285560E0
7.698339650E-1,-3.213758469E0,6.002433300E0,2.498236179E0,7.252491505E0
7.748599540E-1,-2.404828072E0,4.600929260E0,2.656700611E0,5.831792713E0
7.798859440E-1,-2.971192837E0,3.996701241E0,3.254517555E0,5.949242994E0
7.849119340E-1,-3.198515892E0,3.992997646E0,3.499781132E0,6.198629049E0
7.899403710E-1,-1.894979000E0,4.359827518E0,3.590590000E0,5.957464054E0
7.949664650E-1,-1.360540390E0,4.832954407E0,4.665040493E0,6.853548078E0
8.000034960E-1,-2.398443222E0,5.083726883E0,6.755334854E0,8.788137340E0
8.050307360E-1,-3.215846062E0,5.682552814E0,7.831487656E0,1.019633617E1
8.100579750E-1,-3.272463322E0,6.159637451E0,8.240267754E0,1.079593268E1
8.150852150E-1,-2.486745358E0,5.974450111E0,8.401583672E0,1.060493115E1
8.201330270E-1,-1.994322300E0,5.960921764E0,8.002171516E0,1.017568959E1
8.251612570E-1,-1.224138737E0,5.990647793E0,7.343518257E0,9.555816920E0
8.301894860E-1,2.227301359E0,5.422431946E0,1.028775597E1,1.184067407E1
8.352177150E-1,2.189436197E0,4.291430473E0,1.061217690E1,1.165454009E1
8.402459440E-1,-1.761784554E-1,1.977941036E0,8.473625183E0,8.703195582E0
8.452741730E-1,-3.257789612E-1,-7.158708572E-2,6.193484306E0,6.202459552E0
8.502588610E-1,6.140317917E-1,-1.363715172E0,4.816170216E0,5.043039724E0
8.552855790E-1,1.770745277E0,-2.749198437E0,3.245945454E0,4.607579926E0
8.603122980E-1,2.674458981E0,-3.615591764E0,1.316698074E0,4.686035474E0
8.652952150E-1,3.178063154E0,-3.445461035E0,-2.450942993E-3,4.687354602E0
8.703190170E-1,3.554848433E0,-3.316373587E0,-1.030024529E0,4.969530327E0
8.753596940E-1,3.762183189E0,-3.363528013E0,-1.791312695E0,5.355011131E0
8.803851630E-1,3.337470770E0,-3.479305983E0,-2.606769800E0,5.480832971E0
8.854307360E-1,2.448076248E0,-3.091373444E0,-3.761125565E0,5.449379102E0
8.904582880E-1,1.902706861E0,-2.683750629E0,-4.151041031E0,5.296598199E0
8.954858400E-1,2.314119339E0,-1.624039650E0,-4.479366302E0,5.296921330E0
9.004992770E-1,3.083194971E0,-1.269134045E0,-3.819817781E0,5.070286021E0
9.055258920E-1,3.855725765E0,-1.635800838E0,-2.560757637E0,4.909169506E0
9.105525070E-1,3.352657557E0,-2.117025375E0,-1.253516674E0,4.158534980E0
9.155791210E-1,1.824931860E0,-2.457020760E0,5.344390869E-3,3.060613643E0
9.206491730E-1,1.104913235E0,-2.673954964E0,3.377566338E-1,2.912893398E0
9.256779230E-1,1.048690319E0,-2.942138195E0,3.882927895E-1,3.147491038E0
9.307066730E-1,1.479078770E0,-3.071108103E0,-5.246639252E-3,3.408725057E0
9.357354230E-1,1.759590626E0,-3.055806875E0,-7.520380020E-1,3.605506342E0
9.407221940E-1,1.670393467E0,-2.971867323E0,-1.454222441E0,3.706342217E0
9.457487570E-1,2.612578392E0,-3.037855864E0,-2.590857029E0,4.771443623E0
9.507889650E-1,3.917882681E0,-3.355258226E0,-3.182015181E0,6.060757632E0
9.558167250E-1,4.820342541E0,-3.553062677E0,-3.544499874E0,6.958694990E0
9.608444860E-1,4.995951653E0,-3.677461863E0,-3.477547169E0,7.111722223E0
9.658722460E-1,4.223445892E0,-3.922854900E0,-3.584593296E0,6.787900623E0
9.708752670E-1,3.112144470E0,-4.421685696E0,-4.069118977E0,6.767161653E0
9.759016210E-1,1.909805298E0,-4.953661919E0,-4.400633812E0,6.895774114E0
9.809279750E-1,1.379675865E0,-5.134042740E0,-4.996300697E0,7.295541173E0
9.859543290E-1,7.829794884E-1,-4.794386864E0,-5.119918823E0,7.057816308E0
9.910281320E-1,1.477627754E-1,-4.295342445E0,-5.271944523E0,6.801852660E0
9.960567770E-1,4.167451859E-1,-4.273405075E0,-5.284187317E0,6.808693200E0
1.001085423E0,1.399369717E0,-5.259499073E0,-4.765018940E0,7.233669304E0
1.006108496E0,1.271761417E0,-4.856662750E0,-5.451285839E0,7.410874946E0
1.011136725E0,2.098708153E0,-4.796023369E0,-6.407279015E0,8.274034109E0
1.016164954E0,2.027796745E0,-4.422998428E0,-5.680759907E0,7.479699717E0
1.021193184E0,1.325345039E-1,-2.829499960E0,3.114635229E0,4.210057960E0
1.026221413E0,-6.095658779E0,5.297403336E-1,2.224864769E1,2.307466153E1
1.031235736E0,-4.939363003E0,2.242313385E0,2.316674995E1,2.379335158E1
1.036263392E0,1.716761589E0,-2.323408127E-1,9.112895966E0,9.276105082E0
1.041291048E0,3.743806124E0,-2.543448210E0,-9.584016204E-1,4.626418350E0
1.046318704E0,2.593063831E0,-3.147838116E0,-4.491575718E0,6.066886950E0
1.051319954E0,1.094331264E0,-3.399192810E0,-2.198325634E0,4.193412485E0
1.056346257E0,4.626517296E-1,-2.571935892E0,2.028684139E0,3.308241254E0
1.061372559E0,-1.145821095E0,-2.344417810E0,3.693883657E0,4.522607359E0
1.066397507E0,-3.149517536E0,-2.725685358E0,6.361017823E-1,4.213483934E0
1.071423704E0,-4.832092762E0,-3.375071049E0,-3.334467173E0,6.771919696E0
1.076449902E0,-4.190994740E0,-4.411038876E0,-6.368086815E0,8.807623434E0
1.081442923E0,-3.077018261E0,-4.828802109E0,-6.404446125E0,8.590826581E0
1.086466725E0,-1.918826103E0,-4.410383224E0,-5.655130863E0,7.423872230E0
1.091502767E0,-5.858211517E-1,-3.743470192E0,-4.170336723E0,5.634577525E0
1.096527767E0,7.510709763E-1,-3.364600182E0,-2.808192492E0,4.446412831E0
1.101552767E0,2.293359280E0,-3.473083496E0,-1.760639429E0,4.519032746E0
1.106577767E0,2.295117378E0,-3.382639408E0,-1.758694768E0,4.450036003E0
1.111602767E0,3.489418030E-1,-2.058035135E0,-1.165178061E0,2.390587566E0
1.116603652E0,1.537934303E0,-2.524638891E0,-8.521349430E-1,3.076552846E0
1.121627663E0,4.551126480E0,-5.436544895E0,4.843101203E-1,7.106569420E0
1.126651465E0,2.336165905E0,-5.122362614E0,-1.476251721E0,5.820273965E0
1.131675475E0,-1.605043888E0,-4.616368771E0,-4.707453728E0,6.785804824E0
1.136732402E0,-2.418848038E0,-3.342270374E0,-5.965911865E0,7.253530276E0
1.141759798E0,-8.346295357E-1,-3.151936531E-1,-2.681233883E0,2.825768680E0
1.146787611E0,-6.487789154E-1,9.036288261E-1,-3.257020473E0,3.441749773E0
1.151815007E0,-1.058769226E-2,1.266143799E0,-5.019271374E0,5.176515946E0
1.156842559E0,-5.226154327E-1,2.160036564E0,-5.508199692E0,5.939625299E0
1.161869954E0,-6.437258720E-1,2.073393822E0,-4.619721413E0,5.104426595E0
1.166897350E0,-2.783207893E-1,1.881568909E0,-3.493652105E0,3.977859858E0
1.171924746E0,-1.505265236E-1,1.598360538E0,-2.806312084E0,3.233079362E0
1.176941257E0,1.335453987E-1,1.551316261E0,-1.964930534E0,2.507063725E0
1.181968132E0,-2.115273476E-1,2.099777222E0,-1.336889267E0,2.498215585E0
1.186987454E0,-7.541031837E-1,2.301764965E0,-1.611193180E0,2.909078381E0
1.192013548E0,-1.833474159E0,2.523590088E0,-1.158698916E0,3.327569324E0
1.197039642E0,-3.292942047E0,2.675334930E0,-5.363035202E-1,4.276506259E0
1.202043704E0,-2.807088852E0,2.643893719E0,5.274003744E-1,3.892052540E0
1.207068288E0,-3.345149040E0,3.702638149E0,1.274056077E0,5.150026238E0
1.212092871E0,-1.084044456E0,4.507147789E0,1.994000912E0,5.046342558E0
1.217119694E0,4.634244442E0,5.109901905E0,3.866297722E0,7.907943924E0
1.222144434E0,4.072730064E0,5.423064709E0,4.337563038E0,8.050541231E0
1.227168392E0,-5.452194214E-1,6.983068943E0,3.686545372E0,7.915246860E0
1.232193027E0,-1.316923141E0,6.678840637E0,3.051326036E0,7.460012694E0
1.237217663E0,-1.328307629E0,6.196982384E0,3.306008577E0,7.148194495E0
1.242242298E0,-2.057052612E0,4.826433659E0,3.790075779E0,6.472294935E0
1.247279173E0,-2.644297123E0,3.917061329E0,3.207388878E0,5.711656515E0
1.252304434E0,-4.952886105E0,5.396334171E0,1.938810825E0,7.576971075E0
1.257329694E0,9.892773628E-1,4.511494160E0,-1.530969381E0,4.865810981E0
1.262372767E0,3.327293396E-1,5.875235081E0,-3.896566868E0,7.057785022E0
1.267399225E0,-2.709705353E0,5.269268990E0,-6.069760323E0,8.482316261E0
1.272425684E0,-3.681726456E0,3.149581432E0,-7.449765205E0,8.886730248E0
1.277464538E0,-6.901896477E0,2.259861946E0,-9.719431877E0,1.213303371E1
1.282491829E0,-2.675521851E0,-3.983798027E-1,-6.876762390E0,7.389653890E0
1.287519121E0,1.180458069E-2,-1.231374741E0,-3.577107906E0,3.783136803E0
1.292512142E0,1.387697697E0,-1.166668415E0,1.310423851E0,2.236969101E0
1.297537142E0,1.186228275E0,-2.742266655E-1,5.769878387E0,5.896934321E0
1.302562142E0,-7.115688324E-1,1.195834637E0,8.537642479E0,8.650299982E0
1.307622975E0,-2.727298737E0,2.310604095E0,6.622363091E0,7.525472915E0
1.312650371E0,-4.100370407E0,3.395093441E0,2.366282940E0,5.825718145E0
1.317677767E0,-6.636739731E0,4.888188362E0,6.706494093E-2,8.242887687E0
1.322695996E0,-8.467786789E0,5.847312450E0,-1.029803276E0,1.034190363E1
1.327722767E0,-7.708665848E0,5.528618336E0,-2.474081516E-1,9.489486849E0
1.332751569E0,-5.665412903E0,4.331159115E0,1.528158188E0,7.293223573E0
1.337778548E0,-5.607098579E0,2.674387455E0,1.613859177E0,6.418445620E0
1.342805527E0,-5.607147217E0,1.296836376E0,6.352123618E-1,5.790110469E0
1.347832507E0,-5.751353264E0,6.073260307E-1,-7.396520376E-1,5.830436897E0
1.352855579E0,-5.585877419E0,5.462632179E-1,-1.587469220E0,5.832708510E0
1.357882350E0,-4.792209625E0,6.344695091E-1,-2.081791401E0,5.263238555E0
1.362903704E0,-4.077857018E0,8.015108109E-1,-2.585187197E0,4.894336551E0
1.367929902E0,-4.109604836E0,1.397132874E0,-2.535192728E0,5.026731974E0
1.372956100E0,-4.513288498E0,2.061745644E0,-2.843847752E0,5.719094176E0
1.377987038E0,-4.545138359E0,1.786929607E0,-2.101889372E0,5.316891861E0
1.383013548E0,-3.902220726E0,8.622517586E-1,-2.558769584E-1,4.004532146E0
1.388038184E0,-2.237970352E0,-6.217203140E-1,8.455149531E-1,2.471829885E0
1.393064538E0,-7.325706482E-1,-9.889597893E-1,-2.665374279E0,2.935799936E0
1.398090892E0,2.722039223E-1,-5.126023293E-1,-3.640956640E0,3.686925736E0
1.403117819E0,1.107811928E0,-5.164923668E-1,-4.028457642E0,4.209807906E0
1.408144173E0,2.639494419E0,-1.460666656E0,-3.688784122E0,4.765249854E0
1.413170527E0,3.922823191E0,-2.308978081E0,-3.619842291E0,5.815769921E0
1.418194434E0,3.606955767E0,-2.816035748E0,-3.853294134E0,5.982312506E0
1.423220632E0,3.495568514E0,-2.869601727E0,-3.993478775E0,6.033364404E0
1.428246829E0,3.477517843E0,-2.467371941E0,-3.333678722E0,5.412436463E0
1.433271517E0,3.609342337E0,-2.232155323E0,-1.898049831E0,4.648920590E0
1.438297611E0,4.533660889E0,-2.618006706E0,-5.464544296E-1,5.263710916E0
1.443323704E0,4.631944656E0,-3.841070414E0,2.611246109E-1,6.023032399E0
1.448338079E0,4.520640373E0,-3.736027479E0,4.953036308E-1,5.885526008E0
1.453363392E0,4.811619759E0,-4.021344185E0,5.027353764E-2,6.270998420E0
1.458386100E0,5.041472912E0,-4.347183228E0,4.851984978E-2,6.657086849E0
1.463411152E0,5.402732372E0,-4.827682972E0,4.568409920E-1,7.259803279E0
1.468436204E0,5.996852398E0,-5.518963337E0,1.255810022E0,8.246105372E0
1.473448809E0,6.376037121E0,-6.128233910E0,1.889241695E0,9.043137420E0
1.478473027E0,5.587753773E0,-6.020590782E0,1.631456017E0,8.374494273E0
1.483501152E0,2.814839125E0,-5.561638832E0,7.510365248E-1,6.278471284E0
1.488525736E0,-4.553036690E-1,-4.965376377E0,3.076922894E-1,4.995691998E0
1.493549902E0,-2.447054386E0,-5.110386848E0,2.651629448E-1,5.672251784E0
1.498574434E0,-3.751711369E0,-5.138674736E0,-4.493497610E-1,6.378340806E0
1.503601204E0,-3.526006699E0,-5.282433033E0,-2.026605129E0,6.666629608E0
1.508625996E0,-2.698935032E0,-5.819593430E0,-3.928110600E0,7.522098834E0
1.513653809E0,-1.425798416E0,-6.495514393E0,-5.106718063E0,8.384699024E0
1.518678861E0,1.497836113E-1,-7.121985435E0,-6.102542400E0,9.380092506E0
1.523703913E0,1.555889606E0,-7.935383797E0,-6.110090256E0,1.013530026E1
1.528731517E0,1.583464146E0,-8.235951424E0,-4.775892258E0,9.651290142E0
1.533756777E0,1.533161640E0,-7.069112301E0,-3.418931007E0,8.000751375E0
1.538783079E0,1.783089161E0,-5.713851452E0,-2.112051487E0,6.347303904E0
1.543808444E0,1.704192162E0,-4.805022240E0,-2.334754467E-1,5.103628164E0
1.548833809E0,1.690857410E0,-3.686823368E0,2.559109211E0,4.795905054E0
1.553865996E0,2.846537590E0,-2.521891594E0,5.396886826E0,6.602204243E0
1.558891777E0,4.659507751E0,5.903544426E-1,1.171479034E1,1.262124573E1
1.563915944E0,-6.787605762E0,6.754828930E0,7.165346146E0,1.195999545E1
1.568941569E0,-4.959898472E0,6.235538483E0,8.242752075E0,1.146409590E1
1.573969486E0,-6.229892731E0,7.424774170E0,7.939153671E0,1.252872683E1
1.578995319E0,-6.609242916E0,7.106780529E0,8.472644806E0,1.288309479E1
1.584021152E0,-6.275375366E0,4.618258953E0,6.383695602E0,1.007274646E1
1.589055371E0,-2.889556885E0,5.457978249E-1,3.199743748E0,4.345778907E0
1.594081777E0,-7.242522240E-1,-9.467849731E-1,2.261861563E-1,1.213302620E0
1.599108184E0,2.384710312E-1,-1.147870064E0,-1.125480890E0,1.625171176E0
1.604134590E0,6.534538269E-1,-1.183327675E0,-1.759283781E0,2.218636003E0
1.609160996E0,3.793102264E0,-4.075954914E0,-1.110177755E0,5.677457873E0
1.614209173E0,3.188119173E0,-5.481886387E0,-1.523389578E0,6.521955077E0
1.619236465E0,1.092000484E0,-4.595136642E0,-2.161794901E0,5.194333741E0
1.624263757E0,-3.203214169E0,-2.817020893E0,-2.270008087E0,4.832093174E0
1.629301413E0,-2.589377880E0,-1.912513256E0,-1.881003022E0,3.728371914E0
1.634329382E0,-1.720242977E0,-2.494392395E0,-1.343156099E0,3.314407583E0
1.639357350E0,-1.556239605E0,-1.806370258E0,-2.630491257E0,3.550259071E0
1.644399538E0,-3.645866394E0,-4.250206947E-1,-4.695367813E0,5.959820740E0
1.649428444E0,-5.551377773E0,1.283284664E0,-6.483814716E0,8.631597070E0
1.654457350E0,-1.554594040E0,1.964864254E0,-6.010709286E0,6.511995108E0
1.659486257E0,5.478034496E0,-2.014851093E0,-4.404093742E0,7.311944240E0
1.664436361E0,7.666480541E0,-1.020600319E0,-2.708220959E0,8.194571963E0
1.669461361E0,7.023552418E0,8.048300743E-1,-2.548351765E0,7.514794523E0
1.674518392E0,4.254795074E0,2.169320107E0,-2.154505014E0,5.239381901E0
1.679546673E0,-1.506524086E-1,4.283953190E0,-3.050040007E-1,4.297438600E0
1.684574954E0,-3.189037800E0,6.444777489E0,7.323209047E-1,7.227822139E0
1.689589382E0,-5.024713993E0,7.286678314E0,2.788001776E0,9.279891458E0
1.694616725E0,-6.864078045E0,8.047081947E0,5.608947754E0,1.197210884E1
1.699644069E0,-6.090638638E0,8.579785347E0,6.744480133E0,1.249786413E1
1.704641204E0,-3.527793884E0,6.546392441E0,6.763169765E0,1.005191768E1
1.709666517E0,-2.370419979E0,3.533205032E0,4.321459770E0,6.064440883E0
1.714691829E0,-1.374628544E0,1.030821800E0,1.690436959E0,2.410347346E0
1.719717142E0,1.313288450E0,-3.714829922E0,8.838531971E-1,4.038054528E0
1.724738704E0,1.809503078E0,-5.605725288E0,-4.874190092E-1,5.910671255E0
1.729763809E0,2.938449383E0,-5.055207253E0,-1.905803204E0,6.149934227E0
1.734788913E0,2.252602339E0,-4.929026604E0,-2.836538792E0,6.116818852E0
1.739862298E0,-7.667837143E-1,-5.546559334E0,-4.277739525E0,7.046370211E0
1.744890684E0,-2.875910282E0,-5.508675575E0,-6.884597301E0,9.274375804E0
1.749919069E0,-4.432970047E0,-6.341930389E0,-1.202767944E1,1.430162149E1
1.754905840E0,-4.919189453E0,-1.381130314E1,-1.492549610E1,2.092178179E1
1.759931465E0,-6.424732208E-1,-2.161505508E1,-1.075511169E1,2.415151767E1
1.764957038E0,1.408114052E1,-1.961878204E1,-6.396883488E0,2.498189836E1
1.769982663E0,2.273403549E1,-1.366679287E1,-2.905017138E0,2.668439097E1
1.775008288E0,2.086039162E1,-1.000482655E1,-4.561522007E0,2.358092398E1
1.780041413E0,1.389891338E1,-5.953130722E0,-4.755099773E0,1.585025339E1
1.785067507E0,5.220523834E0,-3.384857178E-1,-5.871872902E0,7.864307539E0
1.790093600E0,3.759570122E-1,7.268044472E0,1.656232595E0,7.463840870E0
1.795113809E0,-9.054958344E0,1.305423546E1,8.778604507E0,1.815128731E1
1.800139538E0,-1.865709877E1,1.579279137E1,1.382252598E1,2.808134288E1
1.805165267E0,-1.899204445E1,1.577920818E1,1.587292862E1,2.935355219E1
1.810211621E0,-1.589815426E1,1.458256912E1,1.580475330E1,2.674308991E1
1.815238704E0,-1.135623550E1,1.148831940E1,1.215859413E1,2.021823382E1
1.820265788E0,-9.853317261E0,1.105613422E1,6.119283199E0,1.602409411E1
1.825265527E0,3.277702570E0,5.130429268E0,3.854484558E0,7.205670671E0
1.830290788E0,-3.907361031E-1,1.302919388E0,-1.014696598E0,1.697021750E0
1.835316048E0,1.948681355E0,8.013544083E-1,-5.106230736E0,5.523868231E0
1.840341309E0,1.357194424E0,1.530806541E0,-5.803719521E0,6.153739160E0
1.845406100E0,6.547605991E-2,1.508941650E0,-3.632777452E0,3.934242499E0
1.850433340E0,4.231080532E0,1.940784454E-1,-1.460253835E0,4.480184167E0
1.855460579E0,1.890848541E1,-4.981212616E-1,-2.996840000E0,1.915097897E1
1.860480111E0,-3.168829679E0,6.181716919E-2,-1.908923626E0,3.699904365E0
1.865506829E0,-2.379807472E1,-4.259424210E-1,-7.479994297E-1,2.381363665E1
1.870501986E0,-1.098078251E1,-3.812564850E0,-5.778555870E0,1.298094539E1
1.875525475E0,2.055798054E0,-6.703840256E0,-1.185443783E1,1.377299808E1
1.880558965E0,1.567358875E1,-6.124968529E0,-1.200820732E1,2.067301785E1
1.885583444E0,2.064419508E0,-3.322928429E0,-7.093470573E0,8.100679356E0
1.890607923E0,-5.387752652E-1,-1.798370838E0,-3.123545647E0,3.644304305E0
1.895661673E0,2.350074768E0,-4.174575806E-1,-6.979780793E-1,2.486824410E0
1.900688132E0,1.776740551E0,1.554262161E0,1.569673538E0,2.834856763E0
1.905719486E0,-7.923041582E-1,2.208549500E0,4.118947983E0,4.740376489E0
1.910746465E0,1.417210340E0,8.178129196E-1,3.831297398E0,4.166070435E0
1.915773444E0,4.756274223E0,2.143564224E0,2.185170889E0,5.656145674E0
1.920800423E0,4.426532269E0,2.543560028E0,2.829898357E0,5.837140589E0
1.925792402E0,1.470920444E0,2.368160248E0,4.022382259E0,4.894011540E0
1.930817611E0,2.636018038E0,2.273243904E0,3.101085186E0,4.661862104E0
1.935842819E0,3.093273878E0,2.048202515E0,1.767323136E0,4.109368308E0
1.940868027E0,2.426756144E0,2.080144882E0,-2.331137657E-1,3.204760543E0
1.945916257E0,1.913097024E0,2.182713509E0,-2.361783981E0,3.741951638E0
1.950942611E0,1.688097119E0,2.361238480E0,-3.962319851E0,4.911730616E0
1.955968965E0,1.458041549E0,2.601775169E0,-4.861708164E0,5.703623889E0
1.961021152E0,1.307327390E0,2.656273842E0,-5.067732811E0,5.869140607E0
1.966049225E0,1.247722030E0,2.592421532E0,-4.247386932E0,5.130083373E0
1.971077298E0,1.464007974E0,2.319749832E0,-2.506134272E0,3.715544054E0
1.976103861E0,2.179310322E0,1.900517464E0,-1.805282116E0,3.408871313E0
1.981131829E0,2.389474869E0,1.019577980E0,-1.098391771E0,2.820566236E0
1.986159798E0,1.919715643E0,8.383827209E-1,-5.649471879E-1,2.169644916E0
1.991181829E0,1.969582677E0,5.478420258E-1,-5.992186666E-1,2.130363776E0
1.996209382E0,1.548307419E0,2.772569656E-1,-9.226883054E-1,1.823590140E0
2.001236934E0,1.741062880E0,-8.233432770E-1,-1.765037537E0,2.612384276E0
2.006241257E0,9.596983790E-1,2.050046921E-1,-2.625455856E0,2.802867524E0
2.011267194E0,1.212400675E0,2.097940445E-1,-3.897471428E0,4.087078721E0
2.016293132E0,-2.354397476E-1,1.472249985E0,-4.258848667E0,4.512288096E0
2.021329590E0,-7.734089494E-1,2.346509933E0,-4.796884060E0,5.395773064E0
2.026356257E0,4.059243202E-1,2.480361938E0,-4.503698349E0,5.157544834E0
2.031382923E0,5.168603659E-1,2.438911438E0,-3.571038723E0,4.355198182E0
2.036391725E0,-7.081249952E-1,3.382639885E0,-3.210676670E0,4.717217218E0
2.041417194E0,-1.725090265E0,3.761263847E0,-2.602516413E0,4.888367195E0
2.046445371E0,-1.886397600E0,3.714131355E0,-9.706966877E-1,4.277326231E0
2.051471100E0,1.631790102E-1,2.658293724E0,1.300477266E0,2.963847842E0
2.056496829E0,-6.631708145E-2,1.349123955E0,2.606446981E0,2.935659937E0
2.061522559E0,-1.325474501E0,3.918552399E-2,2.185009241E0,2.555911489E0
2.066536621E0,-2.550645828E0,-5.498619080E-1,1.585940123E0,3.053415846E0
2.071561725E0,-2.990993023E0,-1.073461533E0,7.012782097E-1,3.254251074E0
2.076586829E0,-2.817308664E0,-1.340188026E0,-5.662621260E-1,3.170801926E0
2.081630371E0,-3.970970154E0,-8.196172714E-1,-2.090465784E0,4.561844323E0
2.086656725E0,-5.801471710E0,1.815280914E-1,-2.236531258E0,6.220297301E0
2.091683079E0,-7.667131901E0,8.979110718E-1,-3.889815807E0,8.644178555E0
2.096709434E0,-9.500283241E0,1.664697647E0,-5.414968967E0,1.106112512E1
2.101739069E0,-1.078766060E1,2.281527519E0,-6.170544624E0,1.263545053E1
2.106765579E0,-1.079699707E1,2.409646034E0,-5.515023232E0,1.236110921E1
2.111792090E0,-9.610960960E0,2.135615349E0,-3.883821011E0,1.058373701E1
2.116811152E0,-8.324707985E0,2.108723640E0,-1.863682508E0,8.787536112E0
2.121837142E0,-6.133067608E0,1.514605522E0,-2.903712988E-1,6.323991118E0
2.126863132E0,-4.745891094E0,9.461116791E-1,8.206225634E-1,4.908363371E0
2.131858132E0,-3.946585655E0,6.280927658E-1,2.221870184E0,4.572389525E0
2.136882038E0,-3.791412830E0,2.261886597E-1,4.404666901E0,5.816103770E0
2.141905944E0,-3.397231102E0,-2.439546585E-1,2.597302914E0,4.283301934E0
2.146929850E0,-2.406914949E0,-7.038221359E-1,3.762992620E-1,2.535785146E0
2.151993184E0,-1.646721482E0,-9.748649597E-1,9.176414013E-1,2.122290996E0
2.157019069E0,-7.900612354E-1,-1.271228790E0,8.886570930E-1,1.740669648E0
2.162047767E0,4.069514871E-1,-1.673757553E0,-2.832452655E-1,1.745652239E0
2.167073913E0,1.420465589E0,-2.143336773E0,-1.781888247E0,3.128376693E0
2.172098236E0,1.870981932E0,-2.321042538E0,-3.161275864E0,4.345282147E0
2.177124225E0,1.712740302E0,-1.944632053E0,-3.092759132E0,4.034876977E0
2.182151986E0,1.562078238E0,-1.574567795E0,-2.747379303E0,3.530926960E0
2.187178132E0,1.541266203E0,-1.349761009E0,-2.914859295E0,3.562830476E0
2.192201309E0,1.543216467E0,-6.826610565E-1,-2.243515253E0,2.807294761E0
2.197227142E0,1.733865023E0,-1.421546936E-2,-1.126782060E0,2.067880027E0
2.202252975E0,1.133026123E0,7.556085587E-1,3.020294011E-1,1.394960304E0
2.207278809E0,3.660943508E-1,1.492463112E0,1.628508329E0,2.239087000E0
2.212307298E0,2.666298747E-1,1.789999008E0,2.597355843E0,3.165666646E0
2.217333288E0,6.359555125E-1,2.098087311E0,3.779421091E0,4.369260070E0
2.222357871E0,-2.571821213E-3,2.779848099E0,4.693548679E0,5.454994159E0
2.227383704E0,-2.672883272E-1,3.232318878E0,5.584982395E0,6.458432994E0
2.232409538E0,-5.954854488E-1,3.579959869E0,6.067298412E0,7.069853295E0
2.237435371E0,-1.293199897E0,4.348413467E0,6.557559967E0,7.973873486E0
2.242490892E0,-2.188731909E0,4.695625305E0,7.012828827E0,8.718899732E0
2.247518236E0,-2.305526972E0,4.578690529E0,6.557310104E0,8.323351331E0
2.252545579E0,-1.358382344E0,3.883722305E0,5.531023979E0,6.893527964E0
2.257572923E0,-1.096019030E0,3.710866928E0,5.094118118E0,6.397017311E0
2.262537090E0,-2.786002159E-1,3.117375374E0,4.458445072E0,5.447327764E0
2.267561257E0,4.178014994E-1,2.553754807E0,3.375265598E0,4.253074131E0
2.272585527E0,9.181518555E-1,2.005285263E0,2.233745575E0,3.139074881E0
2.277609694E0,2.253172398E-1,1.648522377E0,2.154521942E0,2.722197400E0
2.282633861E0,7.947015762E-2,1.219860077E0,1.697332263E0,2.091724390E0
2.287693652E0,1.535904408E-1,6.858778000E-1,1.270077229E0,1.451590351E0
2.292720267E0,2.553534508E-2,1.421709061E-1,1.093402863E0,1.102902734E0
2.297746882E0,-5.107021332E-2,-4.732084274E-1,1.234605670E0,1.323172529E0
2.302743548E0,1.955735683E-1,-1.045279503E0,1.331531525E0,1.704064101E0
2.307768184E0,-3.230876923E-1,-1.544902325E0,1.184164286E0,1.973158358E0
2.312792819E0,-9.800066948E-1,-2.235052586E0,1.432915568E0,2.830038906E0
2.317820632E0,-8.712198734E-1,-2.766217232E0,2.009211540E0,3.528159981E0
2.322845475E0,-2.839775085E-1,-3.156840324E0,2.420134783E0,3.987898748E0
2.327870319E0,2.320537567E-1,-3.363196373E0,2.439307213E0,4.161148696E0
2.332926829E0,2.909817696E-1,-3.528156281E0,2.161098480E0,4.147638337E0
2.337953809E0,6.931519508E-2,-3.441588402E0,1.369839430E0,3.704834057E0
2.342980788E0,-5.522470474E-1,-3.228473663E0,4.232840240E-1,3.302603270E0
2.348007767E0,-1.116184711E0,-2.894743919E0,-5.444506407E-1,3.149894787E0
2.352999277E0,-1.156856060E0,-2.503951073E0,-1.245076895E0,3.026268890E0
2.358024486E0,-1.000067711E0,-2.247593403E0,-1.812824488E0,3.055837717E0
2.363049694E0,-5.082986355E-1,-1.992154598E0,-2.286155224E0,3.074663096E0
2.368108861E0,-3.313832283E-1,-1.751951694E0,-2.205039024E0,2.835726835E0
2.373136361E0,-2.304968834E-1,-1.537048817E0,-2.098995209E0,2.611786508E0
2.378155736E0,-1.482868195E-1,-1.471881390E0,-1.811942577E0,2.339136531E0
2.383182402E0,-4.692769051E-2,-1.475257397E0,-1.168547153E0,1.882575110E0
2.388216152E0,8.307600021E-2,-1.537617207E0,-3.801137805E-1,1.586081581E0
2.393243496E0,2.795603275E-1,-1.639955044E0,4.623529017E-1,1.726666363E0
2.398270840E0,3.801741600E-1,-1.796512127E0,1.148523569E0,2.165893488E0
2.403298184E0,5.955095291E-1,-2.002426624E0,1.965279818E0,2.868216998E0
2.408289642E0,7.246553898E-1,-2.109544277E0,2.678152561E0,3.485369942E0
2.413315215E0,9.976983070E-1,-2.275530815E0,3.163600445E0,4.022662076E0
2.418340788E0,1.280702591E0,-2.471591949E0,3.474451065E0,4.452053020E0
2.423399798E0,1.521531105E0,-2.673600197E0,3.716333151E0,4.824347314E0
2.428427611E0,1.816076517E0,-2.809780121E0,3.870399237E0,5.115954309E0
2.433452663E0,2.135915756E0,-2.990014076E0,3.879686117E0,5.343620932E0
2.438480163E0,2.400110722E0,-3.099417686E0,3.839772940E0,5.487328831E0
2.443507663E0,2.733243942E0,-3.214525223E0,3.846114159E0,5.709324739E0
2.448535163E0,3.039969206E0,-3.263550758E0,3.754698515E0,5.830088958E0
2.453589329E0,3.435574532E0,-3.313330650E0,3.555757761E0,5.951869086E0
2.458618184E0,3.767083406E0,-3.311262131E0,3.273274660E0,5.989131931E0
2.463647038E0,4.054368496E0,-3.233329773E0,2.849598885E0,5.917139438E0
2.468675892E0,4.269310951E0,-3.136898041E0,2.446729183E0,5.835548733E0
2.473704746E0,4.407487392E0,-2.983720779E0,1.987681627E0,5.681497431E0
2.478700892E0,4.492859364E0,-2.730933189E0,1.525109649E0,5.474462603E0
2.483728444E0,4.458348751E0,-2.359678268E0,9.114046693E-1,5.125974404E0
2.488755996E0,4.341583252E0,-1.913361073E0,7.725834846E-2,4.745130618E0
2.493786100E0,4.237352848E0,-1.315882206E0,-6.401703954E-1,4.482914596E0
2.498813809E0,4.015795708E0,-7.157897949E-1,-1.482059240E0,4.339984999E0
2.503841517E0,3.833944559E0,-9.412765503E-2,-2.564895153E0,4.613748806E0
2.508869225E0,3.471469879E0,5.299501419E-1,-3.489502430E0,4.950613849E0
2.513868444E0,3.076710701E0,1.190108299E0,-4.205612183E0,5.345061303E0
2.518894694E0,2.606702566E0,1.690913200E0,-5.157653809E0,6.021252239E0
2.523918496E0,1.885841489E0,2.000146866E0,-6.122786522E0,6.711594475E0
2.528944486E0,1.194064140E0,2.052344322E0,-7.132009506E0,7.516878740E0
2.533988757E0,1.401185989E-2,2.441654205E0,-7.145545959E0,7.551205112E0
2.539016621E0,-1.878707409E0,3.072670937E0,-6.909359455E0,7.791668390E0
2.544044486E0,-3.944379330E0,3.796808243E0,-6.490192890E0,8.490964897E0
2.549060996E0,-5.874479771E0,4.475091934E0,-5.125825405E0,8.989440832E0
2.554088079E0,-7.854224682E0,4.873498917E0,-3.656576157E0,9.940341354E0
2.559115163E0,-9.376671791E0,4.505599022E0,-2.184997082E0,1.062998630E1
2.564142246E0,-1.051135921E1,3.779377937E0,-1.321704626E0,1.124807865E1
2.569125840E0,-1.168246460E1,3.101626396E0,-4.430339336E-1,1.209530258E1
2.574150736E0,-1.110716629E1,2.217854500E0,-6.293754578E-1,1.134390299E1
2.579169486E0,-8.595437050E0,1.173475266E0,-1.637275696E0,8.828321130E0
2.584193757E0,-5.863501549E0,2.070379257E-1,-2.733492136E0,6.472672892E0
2.589218027E0,-3.674711227E0,-5.902242661E-1,-3.173179150E0,4.890903107E0
2.594242298E0,-2.193801880E0,-1.117889881E0,-2.964016914E0,3.853289600E0
2.599266569E0,-1.542792320E0,-1.338182926E0,-2.381608009E0,3.137355319E0
2.604370423E0,-1.241836548E0,-1.442868710E0,-1.609172821E0,2.492682349E0
2.609397871E0,-8.482666016E-1,-1.515004635E0,-4.483428001E-1,1.793267001E0
2.614425319E0,-2.469587326E-1,-1.741025448E0,7.309295535E-1,1.904315162E0
2.619385944E0,2.178068161E-1,-1.948791504E0,1.826935649E0,2.680097386E0
2.624408965E0,7.484834194E-1,-2.104207039E0,2.553029060E0,3.392030671E0
2.629435319E0,1.406535149E0,-2.298514366E0,2.881122828E0,3.944918017E0
2.634458652E0,1.876287460E0,-2.412202835E0,3.017470837E0,4.294683621E0
2.639481986E0,2.124702692E0,-2.421620369E0,3.200898647E0,4.541404947E0
2.644557194E0,2.410005808E0,-2.441989899E0,3.363516092E0,4.804652242E0
2.649583913E0,2.659120321E0,-2.368941307E0,3.524069309E0,5.010176474E0
2.654610632E0,2.733372927E0,-2.140772820E0,3.600373268E0,5.001692063E0
2.659624694E0,2.856891155E0,-1.629281044E0,3.176166773E0,4.572135077E0
2.664650527E0,2.956552982E0,-9.964179993E-2,2.821461201E0,4.088004077E0
2.669675007E0,2.820302486E0,2.316445351E0,2.905520201E0,4.664983689E0
2.674700684E0,2.284485579E0,5.138799667E0,3.142264366E0,6.442046393E0
2.679723861E0,1.663463593E0,7.529430389E0,2.805368900E0,8.205457195E0
2.684749277E0,1.147170305E0,9.072754860E0,2.536417484E0,9.490220973E0
2.689774694E0,4.908742905E-1,1.021499252E1,2.294870615E0,1.048110018E1
2.694800111E0,-6.118154526E-2,1.030300617E1,2.400215626E0,1.057906964E1
2.699796569E0,-1.902532578E-2,9.068229675E0,3.136012554E0,9.595192867E0
2.704820527E0,7.392895222E-1,7.069660187E0,3.876104355E0,8.096346653E0
2.709844486E0,1.538287640E0,5.243433952E0,4.064946175E0,6.810559146E0
2.714868444E0,1.665467262E0,3.864156723E0,3.430291653E0,5.428847871E0
2.719898809E0,1.062550545E0,2.731289864E0,1.973671675E0,3.533318250E0
2.724923079E0,6.005213261E-1,1.494738579E0,-1.305646896E-1,1.616142450E0
2.729947350E0,8.122308254E-1,5.741214752E-2,-2.642576218E0,2.765180669E0
2.735009798E0,1.497076988E0,-7.938656807E-1,-5.446732521E0,5.704240299E0
2.740036673E0,2.518561840E0,-1.329219341E0,-7.763811111E0,8.269627608E0
2.745059590E0,3.807835817E0,-1.612319469E0,-7.151053429E0,8.260554026E0
2.750086048E0,4.685649872E0,-1.671996593E0,-4.509582996E0,6.714702237E0
2.755112507E0,5.186955452E0,-1.426427364E0,-1.882983923E0,5.699546503E0
2.760144329E0,5.164805412E0,-9.662957191E-1,1.116663814E-1,5.255607647E0
2.765171152E0,4.768327236E0,-6.025295258E-1,1.357391834E0,4.994246595E0
2.770197975E0,3.911330700E0,-1.202354431E-1,1.979871511E0,4.385527974E0
2.775224798E0,3.013484955E0,3.600158691E-1,2.404336929E0,3.871890891E0
2.780212611E0,2.527560234E0,7.038364410E-1,2.874250889E0,3.891691746E0
2.785237454E0,2.231349945E0,1.030460358E0,3.251350164E0,4.075788147E0
2.790263236E0,2.182036400E0,1.168102264E0,3.497572899E0,4.284712585E0
2.795288184E0,2.427150011E0,1.184219360E0,3.516802788E0,4.434110341E0
2.800313132E0,2.861757278E0,1.017306328E0,3.294126034E0,4.480606344E0
2.805338079E0,3.319351435E0,6.825475693E-1,2.924409628E0,4.476174349E0
2.810400111E0,3.618786335E0,4.625902176E-1,2.680238008E0,4.526950412E0
2.815426934E0,3.762635469E0,2.195215225E-1,2.752110481E0,4.666875558E0
2.820453757E0,3.665463448E0,1.017751694E-1,2.977472782E0,4.723486492E0
2.825446204E0,3.285954475E0,-2.900505066E-2,3.179410934E0,4.572416429E0
2.830470736E0,2.924274445E0,-1.732749939E-1,3.338620186E0,4.441597685E0
2.835495267E0,2.475577593E0,-2.449150085E-1,3.382496595E0,4.198779703E0
2.840524121E0,1.891694427E0,-3.159370422E-1,3.372679949E0,3.879857479E0
2.845548965E0,1.378099203E0,-3.099555969E-1,3.256045818E0,3.549234320E0
2.850598340E0,1.129485846E0,-3.707799911E-1,3.171009541E0,3.386519981E0
2.855625527E0,9.602119923E-1,-4.118947983E-1,3.183734655E0,3.350795540E0
2.860652715E0,1.047322273E0,-4.523553848E-1,3.221795082E0,3.417816977E0
2.865653600E0,9.904851913E-1,-4.487409592E-1,3.246593714E0,3.423857489E0
2.870678965E0,8.950273991E-1,-3.294219971E-1,3.043259621E0,3.189203978E0
2.875704329E0,5.805039406E-1,-1.804494858E-1,2.874580145E0,2.938155519E0
2.880735736E0,5.016804934E-1,-1.023263931E-1,2.610368490E0,2.660108581E0
2.885761517E0,8.072633147E-1,-1.140031815E-1,2.407383680E0,2.541685852E0
2.890787298E0,1.001037836E0,-1.482954025E-1,2.182856083E0,2.406019317E0
2.895813079E0,1.012917995E0,-1.142892838E-1,2.055025101E0,2.293947050E0
2.900838861E0,1.044897795E0,-5.513286591E-2,1.994143248E0,2.251989859E0
2.905927559E0,9.674181938E-1,-2.052946091E-1,1.926953197E0,2.165916079E0
2.910955840E0,7.735279799E-1,-4.158706665E-1,1.136789560E0,1.436518170E0
2.915984121E0,6.292271018E-1,-5.101804733E-1,1.616080403E0,1.807740781E0
2.921018704E0,5.288869739E-1,-5.599689484E-1,1.724593401E0,1.888785073E0
2.926047402E0,5.243562460E-1,-7.323713303E-1,2.053954124E0,2.242776133E0
2.931076100E0,3.373575211E-1,-8.406085968E-1,2.367471933E0,2.534828646E0
2.936104798E0,3.896355629E-2,-8.799371719E-1,2.525202751E0,2.674407695E0
2.941097142E0,-4.906877875E-1,-8.074769974E-1,2.674345732E0,2.836356589E0
2.946123861E0,-9.567340016E-1,-7.383928299E-1,2.749193668E0,3.003103353E0
2.951150579E0,-1.527351141E0,-6.680994034E-1,2.757303476E0,3.222092609E0
2.956127350E0,-2.068977356E0,-6.494302750E-1,2.638664961E0,3.415403308E0
2.961150788E0,-2.497627974E0,-6.300029755E-1,2.387862206E0,3.512397352E0
2.966192923E0,-2.809358835E0,-6.291408539E-1,2.053693771E0,3.536378569E0
2.971218236E0,-3.013761997E0,-7.042942047E-1,1.607812166E0,3.487671381E0
2.976228809E0,-3.153949738E0,-8.075819016E-1,1.049530983E0,3.420687469E0
2.981252611E0,-3.087086678E0,-9.724121094E-1,3.632952571E-1,3.256942264E0
2.986276413E0,-2.865534544E0,-1.174705505E0,-3.609352112E-1,3.117931281E0
2.991300215E0,-2.584404707E0,-1.294733047E0,-1.182348847E0,3.123048215E0
2.996321882E0,-2.338369608E0,-1.380286217E0,-1.562102556E0,3.132623000E0
3.001345579E0,-2.083429098E0,-1.421814919E0,-1.821494818E0,3.111282347E0
3.006369277E0,-1.899732828E0,-1.362080574E0,-1.883740187E0,3.002120151E0
3.011392975E0,-1.810009599E0,-1.249178886E0,-1.710133791E0,2.785882306E0
3.016472246E0,-1.780779481E0,-1.226677895E0,-1.788563728E0,2.806220666E0
3.021498704E0,-1.924442053E0,-1.208658218E0,-1.839912415E0,2.923971545E0
3.026521777E0,-2.103010654E0,-1.128230095E0,-2.089388847E0,3.171924135E0
3.031547871E0,-2.273496628E0,-1.004653931E0,-2.298167706E0,3.385216572E0
3.036570892E0,-2.507977962E0,-8.619041443E-1,-2.495549679E0,3.641510732E0
3.041596673E0,-2.629741430E0,-7.191143036E-1,-2.672603607E0,3.817784097E0
3.046632871E0,-2.725434780E0,-6.288223267E-1,-2.815615892E0,3.968766195E0
3.051659642E0,-2.804466724E0,-5.383815765E-1,-2.757496834E0,3.969720030E0
3.056686413E0,-2.771240473E0,-5.147209167E-1,-2.680507660E0,3.889708562E0
3.061713184E0,-2.750462055E0,-4.908523560E-1,-2.455365181E0,3.719515523E0
3.066694954E0,-2.555236816E0,-5.434331894E-1,-2.196264744E0,3.412936220E0
3.071719434E0,-2.372969866E0,-5.575571060E-1,-1.927402854E0,3.107529191E0
3.076743913E0,-2.160079479E0,-5.047988892E-1,-1.504573345E0,2.680392924E0
3.081779850E0,-1.868363976E0,-3.567724228E-1,-1.056410074E0,2.175792443E0
3.086805111E0,-1.482746124E0,-1.330785751E-1,-5.482671261E-1,1.586456056E0
3.091827454E0,-1.107832074E0,1.228551865E-1,-7.974112034E-2,1.117472124E0
3.096852402E0,-9.293220043E-1,4.536848068E-1,3.311697245E-1,1.085883363E0
3.101876934E0,-8.458834887E-1,8.638353348E-1,5.512897968E-1,1.328777936E0
3.106901829E0,-7.805986404E-1,1.204830170E0,6.434136629E-1,1.573191380E0
3.111930736E0,-6.809132099E-1,1.558051109E0,5.405957699E-1,1.784211267E0
3.116956048E0,-5.950201154E-1,1.942698479E0,4.004050493E-1,2.070857436E0
3.121981361E0,-6.620516777E-1,2.378013611E0,2.078276873E-1,2.477186611E0
3.127006673E0,-8.300390244E-1,2.830731392E0,7.660627365E-2,2.950910625E0
3.132035684E0,-1.099810004E0,3.334507942E0,-4.175364971E-2,3.511448224E0
3.137061152E0,-1.548985481E0,3.789111137E0,-5.217635632E-2,4.093829699E0
3.142086621E0,-2.192993879E0,4.223538399E0,3.992474079E-2,4.759106297E0
3.147112923E0,-2.928005457E0,4.633241653E0,1.673742533E-1,5.483444020E0
3.152138444E0,-3.549986124E0,4.898877144E0,3.160965443E-1,6.058161089E0
3.157163965E0,-3.988827705E0,5.082961082E0,3.810117245E-1,6.472434609E0
3.162221204E0,-4.260143757E0,5.171390533E0,4.913635254E-1,6.718150266E0
3.167248861E0,-4.483971119E0,5.107036591E0,5.225125551E-1,6.816218827E0
3.172276517E0,-4.818194389E0,4.837568283E0,7.663816214E-1,6.870546183E0
3.177302975E0,-5.238865852E0,4.521098137E0,9.695237875E-1,6.987561818E0
3.182330579E0,-5.798643112E0,4.415810585E0,1.352905273E0,7.413096367E0
3.187358184E0,-6.439742088E0,4.535649300E0,1.764217496E0,8.071855803E0
3.192350215E0,-7.104202747E0,4.693717003E0,2.161624432E0,8.784833303E0
3.197375423E0,-7.720315933E0,4.755975723E0,2.375313282E0,9.373617038E0
3.202398184E0,-8.220396042E0,4.627023697E0,2.420314550E0,9.738695082E0
3.207423132E0,-8.575205803E0,4.316850662E0,2.215739489E0,9.852860279E0
3.212449954E0,-9.070700645E0,3.935821533E0,1.800098062E0,1.005030618E1
3.217475111E0,-9.724617004E0,3.565500259E0,1.191982985E0,1.042601513E1
3.222500267E0,-9.699111938E0,2.799687386E0,6.487274766E-1,1.011592157E1
3.227525423E0,-9.408599854E0,1.763206482E0,4.564375877E-1,9.583265809E0
3.232577454E0,-9.113156319E0,4.848098755E-1,6.397174597E-1,9.148436868E0
3.237603965E0,-8.741771698E0,-1.112047195E0,7.684756517E-1,8.845664261E0
3.242642975E0,-7.913671017E0,-2.711658001E0,-3.384119272E-2,8.365430252E0
3.247670684E0,-6.515928268E0,-4.328494072E0,-3.378332615E0,8.520933833E0
3.252698392E0,-5.153699875E0,-5.651761532E0,-5.748272419E0,9.567949969E0
3.257726100E0,-3.802663565E0,-6.586245537E0,-6.765676022E0,1.017905951E1
3.262746777E0,-2.225512505E0,-7.170698166E0,-6.752106190E0,1.009766092E1
3.267774121E0,-1.121895671E0,-7.400894165E0,-6.250895500E0,9.752208924E0
3.272801465E0,-5.023541451E-1,-7.540255547E0,-5.435613632E0,9.308797396E0
3.277828809E0,-1.046517491E-1,-7.450087547E0,-4.406302452E0,8.656226531E0
3.282867194E0,-4.871183634E-2,-7.030020714E0,-3.409524441E0,7.813348897E0
3.287895111E0,2.429368496E-1,-6.404330254E0,-2.399855614E0,6.843520386E0
3.292923027E0,4.259238839E-1,-5.372007847E0,-1.522776842E0,5.599886496E0
3.297944069E0,6.484838128E-1,-3.818234444E0,-8.184857368E-1,3.958454803E0
3.302971517E0,1.102714062E0,-1.671315670E0,-2.363439798E-1,2.016217460E0
3.308008496E0,1.115502238E0,3.611621857E-1,2.499078512E-1,1.198848323E0
3.313036882E0,2.140213251E-1,1.993511200E0,1.281969309E0,2.379776742E0
3.318065267E0,-1.760730267E0,3.543113708E0,2.985039473E0,4.956237129E0
3.323060215E0,-4.355400085E0,5.188158989E0,4.858521938E0,8.336170525E0
3.328086361E0,-7.416041374E0,7.441124916E0,6.709350109E0,1.246528734E1
3.333108809E0,-9.974245071E0,9.898680687E0,7.084836006E0,1.573735509E1
3.338134590E0,-1.129994488E1,1.155456066E1,7.486733437E0,1.781145148E1
3.343160371E0,-1.161934662E1,1.309137821E1,8.239706993E0,1.934647696E1
3.348186152E0,-1.056144524E1,1.380423737E1,8.764787674E0,1.946593429E1
3.353234850E0,-8.332473755E0,1.346832943E1,8.501533508E0,1.797504071E1
3.358261725E0,-5.524870396E0,1.250489140E1,8.592470169E0,1.614704448E1
3.363288600E0,-2.937314272E0,1.119254303E1,8.378690720E0,1.428647237E1
3.368315475E0,-3.295266628E-1,9.661139488E0,7.544707775E0,1.226249646E1
3.373287246E0,1.494330168E0,8.163841248E0,7.532614708E0,1.120810470E1
3.378311309E0,2.961109638E0,6.744636536E0,7.228582859E0,1.032040224E1
3.383351882E0,3.963811398E0,5.517795563E0,5.813365459E0,8.941648988E0
3.388377663E0,4.302120209E0,4.510905266E0,4.529665947E0,7.705477156E0
3.393389694E0,3.999140739E0,3.565007210E0,3.357017279E0,6.322338813E0
3.398414121E0,3.306551933E0,2.641117096E0,2.936070204E0,5.150659515E0
3.403439173E0,2.469774961E0,1.705098152E0,3.132911205E0,4.338465246E0
3.408463652E0,1.700854301E0,9.719257355E-1,3.781542540E0,4.258827182E0
3.413488132E0,1.236119747E0,2.357530594E-1,4.812279701E0,4.974093632E0
3.418512611E0,1.131729841E0,-5.315074921E-1,5.845029831E0,5.977264121E0
3.423537090E0,1.215375662E0,-1.152235508E0,6.805581093E0,7.008617458E0
3.428573340E0,1.521454811E0,-1.769513607E0,7.532671928E0,7.885882926E0
3.433598288E0,1.931442380E0,-2.354215622E0,7.979389191E0,8.540693925E0
3.438641517E0,2.298537493E0,-2.819869041E0,8.347222328E0,9.105550868E0
3.443668340E0,2.680936813E0,-3.238001823E0,8.503006935E0,9.485420652E0
3.448695163E0,3.017457247E0,-3.641923904E0,8.413496017E0,9.651713485E0
3.453703340E0,3.351472378E0,-3.950181961E0,8.242028236E0,9.734851518E0
3.458728913E0,3.769680977E0,-4.267968655E0,8.122473717E0,9.919709188E0
3.463754486E0,4.009261608E0,-4.427754879E0,7.925960541E0,9.924718757E0
3.468808652E0,4.242967129E0,-4.606415272E0,7.485770226E0,9.760050593E0
3.473836152E0,4.311903954E0,-4.655689716E0,7.214773655E0,9.608377664E0
3.478863652E0,4.416931152E0,-4.709754467E0,6.926248550E0,9.469106976E0
3.483891152E0,4.577271461E0,-4.759139538E0,6.768063545E0,9.455554311E0
3.488910996E0,4.678365707E0,-4.698815823E0,6.686686993E0,9.416886893E0
3.493938132E0,4.744682312E0,-4.591142178E0,6.738732815E0,9.434040316E0
3.498965267E0,4.786233902E0,-4.507805347E0,6.608323097E0,9.321924596E0
3.504010736E0,4.817858219E0,-4.410558224E0,6.323692799E0,9.091417506E0
3.509039017E0,4.806105614E0,-4.237423420E0,6.070913792E0,8.826686959E0
3.514067298E0,4.765301704E0,-4.070060253E0,5.705575943E0,8.475086291E0
3.519095579E0,4.680976868E0,-3.808242798E0,5.313300133E0,8.040237306E0
3.524144225E0,4.629552364E0,-3.437907219E0,4.616306305E0,7.386626093E0
3.529173548E0,4.620044708E0,-3.031291008E0,3.724145651E0,6.663542535E0
3.534202871E0,4.752972603E0,-2.703515053E0,2.869649887E0,6.175324500E0
3.539232194E0,4.965966702E0,-2.378260612E0,2.309319735E0,5.970754262E0
3.544222454E0,5.206116676E0,-2.069683075E0,1.722777367E0,5.861330969E0
3.549249694E0,5.468811512E0,-1.629251957E0,9.475997686E-1,5.784488449E0
3.554276934E0,5.677433014E0,-1.123700619E0,-1.965446472E-1,5.790904809E0
3.559304173E0,5.731754780E0,-2.900114059E-1,-1.484819055E0,5.928052555E0
3.564272663E0,5.650473595E0,7.373981476E-1,-3.070065498E0,6.472782248E0
3.569296934E0,5.839955330E0,2.459830284E0,-7.723560333E0,9.990456822E0
3.574323965E0,4.745592594E0,8.323739052E0,-1.746870613E1,1.992387951E1
3.579348548E0,3.927927732E0,1.090516281E1,-1.440376091E1,1.848836176E1
3.584380788E0,2.840708256E0,1.011567974E1,-1.586268139E1,1.902685631E1
3.589406100E0,5.124745369E-1,9.248855591E0,-1.526136017E1,1.785253691E1
3.594431777E0,-2.355478048E0,8.895577431E0,-1.078435516E1,1.417680821E1
3.599457142E0,-4.491412163E0,8.254434586E0,-6.014989853E0,1.115744489E1
3.604479850E0,-5.386317730E0,7.736283302E0,-2.518018246E0,9.757198056E0
3.609504954E0,-7.046846390E0,7.188529968E0,7.700681686E-1,1.009584133E1
3.614530059E0,-6.809662819E0,5.664246559E0,2.236062050E0,9.135380139E0
3.619555163E0,-5.191288471E0,4.030711174E0,1.376781702E0,6.715030634E0
3.624619694E0,-3.622906923E0,2.599956512E0,-2.222979069E-1,4.464823043E0
3.629646777E0,-3.397005081E0,1.578560829E0,-1.024175167E0,3.883353266E0
3.634670944E0,-3.080216169E0,2.252435684E-1,-9.250128269E-1,3.223990547E0
3.639697715E0,-3.296847105E0,-1.238956928E0,6.521897316E-1,3.581838432E0
3.644724486E0,-3.480509520E0,-2.669590950E0,2.707577467E0,5.154768481E0
3.649748704E0,-2.919302702E0,-3.750512123E0,4.932712555E0,6.849841064E0
3.654775319E0,-1.921682358E0,-4.223469257E0,6.920117855E0,8.331781729E0
3.659801934E0,-8.820273876E-1,-4.270514965E0,8.282576561E0,9.360360296E0
3.664828548E0,2.269952297E-1,-4.202853680E0,9.062052727E0,9.991811923E0
3.669823600E0,1.260608554E0,-4.269440174E0,9.255705833E0,1.027060581E1
3.674848600E0,1.960862637E0,-4.369633198E0,8.777855873E0,9.999471501E0
3.679872507E0,2.551608562E0,-4.465853214E0,8.057946205E0,9.559552721E0
3.684897402E0,2.667882681E0,-4.190962315E0,7.337214947E0,8.860952900E0
3.689922298E0,2.613667488E0,-2.929685593E0,6.858658791E0,7.902880223E0
3.694949746E0,2.759204388E0,-8.422212601E-1,7.076507568E0,7.641956874E0
3.699974798E0,2.155499935E0,1.414540291E0,7.737142563E0,8.155395713E0
3.704999850E0,5.674307346E-1,3.418987274E0,8.339104652E0,9.030621132E0
3.710024902E0,-8.115148544E-1,5.160651207E0,8.654077530E0,1.010860698E1
3.715051882E0,-1.654536009E0,6.585763931E0,8.361072540E0,1.077113318E1
3.720077038E0,-1.561702251E0,7.655336380E0,7.615715981E0,1.091064704E1
3.725102194E0,-8.681983948E-1,8.508050919E0,6.434180260E0,1.070230697E1
3.730163079E0,9.826509953E-1,8.489362717E0,4.779274940E0,9.791647015E0
3.735190632E0,1.579522371E0,9.891507149E0,-1.306650996E0,1.010169003E1
3.740218184E0,1.460492373E0,1.127199554E1,-1.026890659E1,1.531800784E1
3.745245736E0,1.506458521E0,1.031322575E1,-8.362254143E0,1.336260966E1
3.750239277E0,2.101326942E0,8.286794662E0,-5.725543022E0,1.028923630E1
3.755265163E0,2.305737019E0,6.440061569E0,-3.563570261E0,7.712966305E0
3.760290527E0,2.936685085E0,4.856093407E0,-7.991449833E-1,5.731002981E0
3.765316361E0,3.510976791E0,3.617497444E0,1.895883679E-1,5.044718975E0
3.770342194E0,3.926120043E0,2.395015717E0,7.407939434E-1,4.658250159E0
3.775397350E0,3.983179092E0,1.250976562E0,8.855609298E-1,4.267888963E0
3.780425163E0,3.970768929E0,3.767127991E-1,1.023743033E0,4.117883949E0
3.785451361E0,4.042240143E0,-2.428016663E-1,1.709278226E0,4.395485192E0
3.790479017E0,4.212022781E0,-7.179965973E-1,2.911607265E0,5.170504027E0
3.795506673E0,3.926314831E0,-1.201717854E0,2.944967747E0,5.053009893E0
3.800534329E0,3.563478231E0,-1.660521984E0,2.113152266E0,4.463308511E0
3.805555684E0,3.317868233E0,-2.042434216E0,1.632511854E0,4.224320311E0
3.810583027E0,3.211467743E0,-2.252326488E0,9.062592387E-1,4.025891887E0
3.815605892E0,3.229257822E0,-2.342936993E0,6.440945864E-1,4.041326226E0
3.820632767E0,3.294790268E0,-2.333301067E0,6.028239727E-1,4.082074659E0
3.825662194E0,3.265277624E0,-2.295019627E0,9.505074620E-1,4.102757303E0
3.830689329E0,3.146780968E0,-2.122601986E0,1.047610402E0,3.937658848E0
3.835716465E0,2.725038290E0,-1.815975666E0,1.294347525E0,3.521212407E0
3.840722975E0,1.982384443E0,-1.422991276E0,1.774374962E0,3.017144139E0
3.845748704E0,9.900689125E-1,-9.393482208E-1,2.418565035E0,2.777061101E0
3.850774434E0,2.798795700E-3,-4.656896591E-1,3.204836845E0,3.238495623E0
3.855808392E0,-7.548096180E-1,-7.388401031E-2,3.816047192E0,3.890682790E0
3.860834642E0,-1.344033360E0,3.081731796E-1,4.189843655E0,4.410916711E0
3.865860892E0,-1.764516115E0,6.329631805E-1,4.288744450E0,4.680543608E0
3.870887142E0,-1.986778259E0,7.861680984E-1,4.008500576E0,4.542402998E0
3.875884694E0,-1.936662436E0,8.925800323E-1,3.769199848E0,4.330615199E0
3.880909486E0,-1.522671580E0,9.136657715E-1,3.577555656E0,3.994022829E0
3.885943027E0,-1.534696460E0,1.040853500E0,3.192142010E0,3.691671687E0
3.890968704E0,-1.633723736E0,1.292895317E0,2.716024399E0,3.423071732E0
3.895994382E0,-2.232714176E0,1.425148010E0,3.614916801E-1,2.673337928E0
3.901042090E0,-1.358290195E0,9.396486282E-1,7.396655083E-1,1.809695241E0
3.906069225E0,6.813967228E-2,1.535768509E-1,1.319674492E0,1.330326888E0
3.911096361E0,1.334128261E0,-6.637430191E-1,2.547216177E0,2.951061379E0
3.916128236E0,1.784081221E0,-1.257532120E0,3.842582226E0,4.419250049E0
3.921155684E0,1.464793801E0,-1.584201813E0,4.612552166E0,5.092244471E0
3.926183132E0,8.522715569E-1,-1.859134197E0,5.342200279E0,5.720301617E0
3.931210579E0,1.682609618E-1,-2.010852337E0,5.854185581E0,6.192198938E0
3.936256725E0,-4.233400822E-1,-2.111643314E0,6.017364502E0,6.391160291E0
3.941285111E0,-8.868757486E-1,-2.171612263E0,5.935409546E0,6.382126205E0
3.946313496E0,-1.344276905E0,-2.138741970E0,5.675916195E0,6.212674325E0
3.951341882E0,-1.672735572E0,-2.209703922E0,5.258277893E0,5.943931537E0
3.956338809E0,-1.830568552E0,-2.217409611E0,4.836054802E0,5.626305418E0
3.961365632E0,-1.867238283E0,-2.305685520E0,4.336276531E0,5.254146808E0
3.966392454E0,-1.825923681E0,-2.254746914E0,3.749803543E0,4.741192629E0
3.971415892E0,-1.883344531E0,-2.165441990E0,3.157915831E0,4.267148700E0
3.976442454E0,-2.149025917E0,-2.100168705E0,2.383317947E0,3.835260802E0
3.981469017E0,-2.588533878E0,-1.953817844E0,1.439927459E0,3.548422592E0
3.986495579E0,-2.957521200E0,-1.826943874E0,2.933033109E-1,3.488650513E0
3.991522142E0,-3.451979160E0,-1.614242077E0,-9.577455521E-1,3.929276543E0
3.996541048E0,-3.588607788E0,-1.554794312E0,-2.368104935E0,4.572024955E0
4.001567298E0,-3.510949612E0,-1.313505173E0,-3.734338760E0,5.291252119E0
4.006596152E0,-3.237424135E0,-1.143976212E0,-5.231246948E0,6.257438872E0
4.011622663E0,-2.700278759E0,-1.050814629E0,-7.966408253E0,8.476991047E0
4.016649173E0,-1.955631495E0,-8.711996078E-1,-1.104446983E1,1.125005765E1
4.021698496E0,-1.537979841E0,-6.481666565E-1,-1.097454548E1,1.110072747E1
4.026726517E0,-1.378894806E0,-4.345092773E-1,-9.291363716E0,9.403169088E0
4.031728704E0,-1.138483524E0,-4.312934875E-1,-7.351521969E0,7.451646400E0
4.036754121E0,-8.505219221E-1,-2.510814667E-1,-5.271083832E0,5.345161757E0
4.041779538E0,-8.347045779E-1,-3.790283203E-2,-3.931419373E0,4.019232096E0
4.046812975E0,-1.153054833E0,1.554307938E-1,-3.185954332E0,3.391754588E0
4.051838913E0,-1.681667805E0,4.246034622E-1,-2.449822903E0,3.001654037E0
4.056864850E0,-2.469698191E0,7.696800232E-1,-1.770704031E0,3.134837995E0
4.061885163E0,-3.155297041E0,1.076003075E0,-8.948348165E-1,3.451725856E0
4.066910684E0,-3.840907097E0,1.415548325E0,-3.766728938E-1,4.110745292E0
4.071937507E0,-4.370726585E0,1.692847252E0,2.390300632E-1,4.693199130E0
4.076963184E0,-4.627055645E0,1.779077530E0,7.800315022E-1,5.018287551E0
4.081984329E0,-4.606319904E0,1.698499680E0,1.318409443E0,5.083432667E0
4.087009538E0,-4.404708862E0,1.480014801E0,1.902557731E0,5.021118391E0
4.092034746E0,-4.108033180E0,1.238474846E0,2.451654434E0,4.941696674E0
4.097054329E0,-3.624424934E0,9.210729599E-1,2.875697613E0,4.717464177E0
4.102079173E0,-3.148876905E0,6.806802750E-1,3.213798761E0,4.550522375E0
4.107104017E0,-2.803764343E0,5.072937012E-1,3.365880966E0,4.409942865E0
4.112110059E0,-2.529703379E0,4.052858353E-1,3.418320656E0,4.271834723E0
4.117133600E0,-2.378612041E0,4.653654099E-1,3.466322899E0,4.229628193E0
4.122157142E0,-2.411949158E0,6.442985535E-1,3.561285019E0,4.349180423E0
4.127180684E0,-2.768095970E0,1.118980408E0,3.611088991E0,4.685556120E0
4.132246257E0,-3.136543512E0,1.769688606E0,3.815850019E0,5.246943333E0
4.137271934E0,-3.531264544E0,2.447916985E0,3.691807747E0,5.664942302E0
4.142306829E0,-3.871611118E0,2.986399651E0,3.315572262E0,5.907704711E0
4.147333444E0,-4.315336704E0,3.437989235E0,2.877729893E0,6.222799224E0
4.152360059E0,-4.795227051E0,3.788453102E0,2.205725431E0,6.497061186E0
4.157386673E0,-5.358952522E0,3.994873047E0,1.610353231E0,6.875363287E0
4.162371517E0,-5.896306515E0,4.067022324E0,7.464948297E-1,7.201691164E0
4.167396048E0,-6.322618008E0,4.010198593E0,1.207013130E-1,7.488107907E0
4.172420579E0,-6.781895638E0,3.843867302E0,-4.117577672E-1,7.806341572E0
4.177445371E0,-7.193228722E0,3.687825203E0,-5.785491467E-1,8.104154076E0
4.182469902E0,-7.499622345E0,3.852961540E0,1.414448023E-1,8.432654065E0
4.187502454E0,-7.442920685E0,4.142548561E0,9.938681126E-1,8.575870261E0
4.192527819E0,-7.424482346E0,4.536783218E0,1.728410959E0,8.870893107E0
4.197552923E0,-7.491022110E0,4.987219810E0,2.357267380E0,9.302928743E0
4.202578236E0,-7.622365952E0,5.115518570E0,2.706036568E0,9.570351448E0
4.207603548E0,-7.689050674E0,4.902732849E0,2.738650322E0,9.521475477E0
4.212628861E0,-7.709903717E0,4.181715965E0,2.815852642E0,9.211861367E0
4.217663027E0,-7.852140427E0,3.029449463E0,3.504499435E0,9.116753239E0
4.222688757E0,-7.703980446E0,1.494045258E0,5.018743038E0,9.315109641E0
4.227708652E0,-7.535207748E0,-1.426610947E-1,5.187256336E0,9.149171345E0
4.232733809E0,-7.107366562E0,-1.857050419E0,4.104235172E0,8.414751455E0
4.237758965E0,-6.321974754E0,-3.729885101E0,9.057160616E-1,7.395926531E0
4.242784121E0,-5.081828117E0,-5.444470882E0,-5.572465420E0,9.301591856E0
4.247809277E0,-3.931557655E0,-6.665462494E0,-9.660329819E0,1.237770205E1
4.252889017E0,-3.162603617E0,-7.364731789E0,-9.468057632E0,1.240505749E1
4.257916309E0,-2.304541826E0,-7.671711922E0,-8.539871216E0,1.170877779E1
4.262948600E0,-1.693358541E0,-7.850055695E0,-7.504891872E0,1.099155310E1
4.267976413E0,-1.272563457E0,-7.856797218E0,-6.414238930E0,1.022209085E1
4.273004225E0,-1.009047747E0,-7.706363678E0,-5.595780849E0,9.577002757E0
4.278032038E0,-9.127844572E-1,-7.274323463E0,-4.932111263E0,8.835987711E0
4.283004069E0,-4.588737488E-1,-6.665763855E0,-3.761320591E0,7.667496689E0
4.288028965E0,-6.961488724E-2,-5.603564739E0,-2.672482729E0,6.208618844E0
4.293053861E0,1.495449543E-1,-4.221446037E0,-1.920238733E0,4.640074044E0
4.298103444E0,6.181567907E-2,-2.303949833E0,-9.984908104E-1,2.511770274E0
4.303130007E0,-4.052293897E-1,7.762527466E-2,1.674728990E-1,4.452905943E-1
4.308159382E0,-1.547540784E0,2.536494255E0,1.217980146E0,3.211255396E0
4.313186204E0,-3.567873955E0,4.667433739E0,2.194250584E0,6.271315483E0
4.318213027E0,-6.169675827E0,6.577432632E0,3.763518572E0,9.771979937E0
4.323239850E0,-8.734410286E0,8.664764404E0,5.339359283E0,1.341181654E1
4.328236673E0,-1.048724270E1,1.059453773E1,5.419635296E0,1.586187051E1
4.333261986E0,-1.124589825E1,1.238529015E1,5.312646389E0,1.755248846E1
4.338309329E0,-1.139152622E1,1.405924225E1,5.057482719E0,1.878848833E1
4.343336934E0,-9.831202507E0,1.491607189E1,4.799300194E0,1.849797356E1
4.348367507E0,-7.950901985E0,1.437179470E1,5.433203697E0,1.729985629E1
4.353395371E0,-6.386692047E0,1.535406303E1,6.530236721E0,1.786563961E1
4.358423236E0,-4.206993103E0,1.471859360E1,7.416157722E0,1.700985549E1
4.363444382E0,-2.489220619E0,1.372971344E1,7.588544369E0,1.588355301E1
4.368471777E0,-5.349987745E-1,1.225829506E1,7.418987751E0,1.433852854E1
4.373499173E0,1.505548716E0,1.055795860E1,6.996652603E0,1.275501135E1
4.378526569E0,2.970803022E0,9.054845810E0,6.666291237E0,1.162993302E1
4.383551204E0,3.701577187E0,7.562306404E0,6.427019119E0,1.059229562E1
4.388578496E0,3.570780754E0,6.252519608E0,6.134484291E0,9.459195217E0
4.393605788E0,2.917411804E0,5.005498886E0,6.070644379E0,8.391604966E0
4.398633079E0,2.202685833E0,3.873564720E0,6.757412910E0,8.094378158E0
4.403619069E0,1.641710639E0,2.789728165E0,7.566374302E0,8.229691193E0
4.408644277E0,1.118496180E0,1.716659546E0,8.348969460E0,8.596699642E0
4.413673913E0,1.103646994E0,7.023086548E-1,8.984067917E0,9.078807767E0
4.418699538E0,1.418655396E0,-3.059635162E-1,9.325193405E0,9.437448217E0
4.423720371E0,1.948533058E0,-1.145432472E0,9.397620201E0,9.665612349E0
4.428745527E0,2.526396275E0,-1.973874569E0,9.250341415E0,9.790182595E0
4.433770684E0,3.253105640E0,-2.642865181E0,8.884357452E0,9.823402670E0
4.438813392E0,3.909889698E0,-3.147515297E0,8.505601883E0,9.876201364E0
4.443839746E0,4.750574589E0,-3.535961151E0,8.003631592E0,9.956359718E0
4.448866100E0,5.417923927E0,-3.741137505E0,7.392041206E0,9.899105147E0
4.453878496E0,6.132905006E0,-3.921094894E0,6.770357609E0,9.941089032E0
4.458903913E0,6.557251930E0,-3.932126999E0,6.300250053E0,9.907185592E0
4.463929329E0,6.744031429E0,-3.831995964E0,5.698210239E0,9.624746902E0
4.468954746E0,6.592573166E0,-3.568553925E0,5.274335861E0,9.165981499E0
4.473980163E0,6.412879944E0,-3.324123383E0,4.784536362E0,8.664099124E0
4.479020840E0,6.208402634E0,-3.075144768E0,4.310660362E0,8.159814420E0
4.484046882E0,6.182574749E0,-2.889428139E0,3.704712868E0,7.765173722E0
4.489072923E0,6.190810204E0,-2.662276268E0,2.966269970E0,7.362920850E0
4.494143340E0,6.357403755E0,-2.599835396E0,2.093950987E0,7.180554110E0
4.499172298E0,6.641473770E0,-2.569222450E0,7.767019272E-1,7.163333283E0
4.504193600E0,6.851824760E0,-2.613796234E0,-5.560783148E-1,7.354499058E0
4.509221829E0,6.944974899E0,-2.528245926E0,-8.910597563E-1,7.444373130E0
4.514262559E0,7.163955688E0,-2.432427406E0,-7.967720032E-1,7.607483803E0
4.519292090E0,7.134935379E0,-2.340409279E0,-9.352014065E-1,7.566995449E0
4.524321621E0,7.082690239E0,-2.323616028E0,-1.140462399E0,7.540845241E0
4.529351152E0,6.891952991E0,-2.276665688E0,-1.070257187E0,7.336734501E0
4.534380684E0,6.887245655E0,-2.266662598E0,-8.990362883E-1,7.306173985E0
4.539410215E0,6.991302967E0,-2.226805687E0,-2.857803106E-1,7.342932053E0
4.544373288E0,7.079907417E0,-2.228757858E0,3.013012409E-1,7.428541786E0
4.549400632E0,7.450309753E0,-2.258022308E0,9.618854523E-1,7.844170051E0
4.554427975E0,7.959154129E0,-2.232840538E0,1.391574144E0,8.382731650E0
4.559415736E0,8.468721390E0,-1.961463928E0,1.289374232E0,8.788007091E0
4.564440371E0,8.763587952E0,-1.501551151E0,1.039438248E0,8.951846822E0
4.569465007E0,9.058559418E0,-1.283771992E0,7.057346106E-1,9.176253625E0
4.574489642E0,9.512323380E0,-1.259831905E0,4.100391269E-1,9.604145178E0
4.579533757E0,9.639437675E0,-1.227767467E0,-2.623943090E-1,9.720855026E0
4.584559329E0,9.151693344E0,-1.191098690E0,-1.150279403E0,9.300287622E0
4.589610371E0,8.065377235E0,-1.216356754E0,-2.192237377E0,8.446048687E0
4.594638340E0,6.851221085E0,-1.303040028E0,-3.465753078E0,7.787720338E0
4.599666309E0,5.375500679E0,-1.288376331E0,-4.721307755E0,7.269571379E0
4.604689902E0,3.934745312E0,-1.152945995E0,-6.127621651E0,7.372872726E0
4.609717559E0,2.538314581E0,-5.422096252E-1,-8.808147430E0,9.182619090E0
4.614745215E0,3.931498528E-2,8.400831223E-1,-1.217422199E1,1.220323590E1
4.619772871E0,-2.704992771E0,2.795018196E0,-1.444292450E1,1.495751252E1
4.624765996E0,-5.708961487E0,4.936395645E0,-1.489434433E1,1.669735716E1
4.629791934E0,-8.710454941E0,5.816684723E0,-1.184109116E1,1.580877244E1
4.634817871E0,-1.075683022E1,5.126003265E0,-5.216183662E0,1.300745470E1
4.639883132E0,-1.133967781E1,4.049965858E0,2.169733047E0,1.223512394E1
4.644911673E0,-1.157792091E1,3.708766937E0,8.804708481E0,1.501086594E1
4.649940215E0,-1.109223080E1,3.479439735E0,1.321407700E1,1.759988397E1
4.654929017E0,-1.063328171E1,2.896362305E0,1.392183399E1,1.775593017E1
4.659954954E0,-1.034892559E1,2.400751114E0,1.169036579E1,1.579647173E1
4.664970736E0,-1.008338833E1,1.379690170E0,8.616292953E0,1.333487043E1
4.669995632E0,-8.673156738E0,-1.058282852E-1,5.590282440E0,1.031921049E1
4.675015215E0,-7.418102264E0,-1.178150654E0,3.570414782E0,8.316498174E0
4.680039590E0,-6.257068157E0,-2.093765736E0,1.858980298E0,6.854966421E0
4.685063965E0,-5.231213570E0,-2.653395653E0,5.298768282E-1,5.889556295E0
4.690088340E0,-4.098278046E0,-3.126142502E0,-3.991669416E-1,5.169911424E0
4.695112715E0,-2.773585081E0,-3.393228531E0,-2.696341872E-1,4.390840086E0
4.700223079E0,-1.366863012E0,-3.273128510E0,-2.315098643E-1,3.554614121E0
4.705250996E0,2.631385326E-1,-2.360678673E0,-7.794159651E-2,2.376577492E0
4.710278913E0,1.089613676E0,5.730838776E-1,9.971022606E-1,1.584265133E0
4.715306829E0,7.648868561E-1,4.507470131E0,1.581151009E0,4.837600376E0
4.720313444E0,-5.718967915E-1,7.542076111E0,2.176753998E0,7.870720168E0
4.725340267E0,-2.816453934E0,8.968943596E0,3.670705795E0,1.009199896E1
4.730367090E0,-3.782299280E0,9.696281433E0,4.520383835E0,1.134713759E1
4.735366934E0,-3.426277637E0,9.565539360E0,4.438363552E0,1.108774065E1
4.740391934E0,-1.706514120E0,8.702254295E0,3.750631332E0,9.628533411E0
4.745379954E0,9.911110401E-1,7.146966934E0,2.653095722E0,7.687675485E0
4.750401413E0,3.141845226E0,5.874056816E0,1.739323854E0,6.884837135E0
4.755422871E0,3.292138100E0,4.785421371E0,-1.503592014E0,5.999934993E0
4.760474694E0,3.374426126E0,2.824897766E0,-1.487081647E-1,4.403284364E0
4.765498236E0,3.055856943E0,1.256435394E0,-1.760451317E0,3.743805603E0
4.770521777E0,2.739709616E0,9.290313721E-2,-2.863406181E0,3.964055339E0
4.775545319E0,2.252291203E0,-4.187841415E-1,-5.580795288E0,6.032700213E0
4.780604746E0,2.126112461E0,-4.194631577E-1,-6.538264751E0,6.888048308E0
4.785630059E0,2.689110756E0,1.178760529E-1,-6.132148743E0,6.696899254E0
4.790684902E0,3.692070007E0,8.000125885E-1,-4.847675323E0,6.145840636E0
4.795713184E0,4.003239632E0,1.421624184E0,-3.243420124E0,5.344784090E0
4.800741465E0,3.960022449E0,1.811058044E0,-1.599584341E0,4.639006263E0
4.805769746E0,3.907263279E0,1.954143524E0,-5.498743653E-1,4.403151719E0
4.810798027E0,3.782305956E0,1.970543861E0,4.402525723E-1,4.287505543E0
4.815756517E0,3.728778839E0,1.965783119E0,1.153263807E0,4.370138706E0
4.820781986E0,3.969602108E0,1.757625580E0,1.573608756E0,4.617708641E0
4.825836152E0,4.289834023E0,1.418615341E0,1.585184336E0,4.788314401E0
4.830864642E0,4.614221096E0,9.306297302E-1,1.343616366E0,4.895141771E0
4.835886777E0,5.034149170E0,4.329833984E-1,1.147527099E0,5.181404340E0
4.840914642E0,5.392446518E0,-3.559875488E-2,9.937882423E-1,5.483371389E0
4.845908027E0,5.556516171E0,-3.407669067E-1,1.131879568E0,5.680857804E0
4.850932559E0,5.583623409E0,-4.541778564E-1,1.402195692E0,5.774883606E0
4.855957090E0,5.398309231E0,-3.040828705E-1,1.869891167E0,5.721075241E0
4.860981621E0,4.847840309E0,-3.436374664E-2,2.433184624E0,5.424308614E0
4.866006152E0,4.157099247E0,1.919727325E-1,2.861088037E0,5.050163605E0
4.871040371E0,3.473932981E0,3.268499374E-1,3.253284931E0,4.770629317E0
4.876065319E0,2.654274940E0,3.748846054E-1,3.274234533E0,4.231586665E0
4.881090267E0,1.907567024E0,5.892324448E-1,3.669661760E0,4.177609874E0
4.886115215E0,1.500803232E0,5.964679718E-1,4.252329350E0,4.548679949E0
4.891164069E0,6.922550201E-1,4.878368378E-1,7.313108921E0,7.361980976E0
4.896190215E0,-9.080355167E-1,8.045539856E-1,3.949785233E0,4.131905008E0
4.901217454E0,1.103267431E0,-3.746986389E-3,3.440508366E0,3.613074989E0
4.906243704E0,3.547785282E-1,1.216897964E-1,4.216414452E0,4.233063552E0
4.911280267E0,1.045367956E0,8.396148682E-3,5.420044899E0,5.519941247E0
4.916307507E0,2.099618196E0,-2.518615723E-1,4.879672050E0,5.318179213E0
4.921316621E0,2.913593769E0,-4.430551529E-1,3.671417236E0,4.707932778E0
4.926341986E0,3.255361319E0,-4.025497437E-1,2.879274607E0,4.364590000E0
4.931383079E0,3.131494761E0,-3.889083862E-1,3.237383127E0,4.520858180E0
4.936410059E0,2.748722553E0,-3.877058029E-1,2.831680536E0,3.965375912E0
4.941437038E0,2.508185387E0,-5.090456009E-1,2.988626003E0,3.934718128E0
4.946463965E0,2.303418636E0,-7.480354309E-1,3.355010509E0,4.137800133E0
4.951490892E0,2.123818636E0,-1.114026070E0,4.301780224E0,4.925136828E0
4.956525579E0,1.212581992E0,-7.986316681E-1,3.898969650E0,4.160544671E0
4.961553288E0,1.036599636E0,-8.598442078E-1,4.164889336E0,4.377233606E0
4.966580996E0,9.048085213E-1,-9.673919678E-1,4.221825600E0,4.424741470E0
4.971623757E0,4.915535450E-1,-9.922266006E-1,4.186889172E0,4.330840502E0
4.976652454E0,-2.140498161E-2,-9.155120850E-1,3.971310139E0,4.075527545E0
4.981681152E0,-5.153114796E-1,-7.759256363E-1,3.753126383E0,3.866983858E0
4.986709850E0,-1.038962841E0,-6.264400482E-1,3.351499319E0,3.564325828E0
4.991739121E0,-1.660066843E0,-4.673147202E-1,2.829313278E0,3.313490395E0
4.996767871E0,-2.178426266E0,-2.461261749E-1,2.406189442E0,3.255129294E0
5.001789798E0,-2.594642878E0,-2.643423080E-1,1.598569751E0,3.058998818E0
5.006817819E0,-2.822975397E0,-2.251529694E-1,7.740390301E-1,2.935816815E0
5.011847923E0,-3.035457134E0,-3.764820099E-2,-1.152652502E-2,3.035712480E0
5.016876152E0,-3.117227316E0,-4.617786407E-2,-6.122869253E-1,3.177126660E0
5.021904382E0,-3.077485323E0,-1.020441055E-1,-1.580291986E0,3.461018878E0
5.026920944E0,-3.006406069E0,-1.236648560E-1,-2.237742424E0,3.749834877E0
5.031948392E0,-2.836796999E0,-2.304620743E-1,-2.581807613E0,3.842689232E0
5.036975840E0,-2.562818289E0,-3.552494049E-1,-2.589048624E0,3.660247601E0
5.042003288E0,-2.547161818E0,-3.784103394E-1,-2.488781691E0,3.581237497E0
5.046995840E0,-2.649878502E0,-3.862619400E-1,-2.379702091E0,3.582462338E0
5.052021465E0,-2.675625563E0,-4.171895981E-1,-2.260915279E0,3.527712745E0
5.057033288E0,-2.876904964E0,-3.899765015E-1,-2.370346308E0,3.747960174E0
5.062057507E0,-3.201442480E0,-2.951927185E-1,-2.592809677E0,4.130258432E0
5.067081725E0,-3.534484386E0,-2.094612122E-1,-2.851873159E0,4.546386961E0
5.072105944E0,-3.991173029E0,-6.575489044E-2,-3.248821735E0,5.146710456E0
5.077137975E0,-4.395239353E0,6.870269775E-3,-3.617435455E0,5.692452498E0
5.082162611E0,-4.690002441E0,8.039855957E-2,-3.820189953E0,6.049498996E0
5.087187246E0,-4.756493092E0,1.263141632E-1,-3.930037975E0,6.171335373E0
5.092216829E0,-4.690287113E0,1.113109589E-1,-3.780376673E0,6.025149884E0
5.097241777E0,-4.442922115E0,1.155567169E-2,-3.567297220E0,5.697832914E0
5.102268392E0,-4.104482651E0,-1.202745438E-1,-3.285787582E0,5.259053511E0
5.107293496E0,-3.865025043E0,-2.364807129E-1,-3.035527706E0,4.920240865E0
5.112318600E0,-3.579892635E0,-3.802785873E-1,-2.744260311E0,4.526721522E0
5.117343704E0,-3.492139339E0,-4.944496155E-1,-2.564422607E0,4.360708761E0
5.122381361E0,-3.476760864E0,-5.887145996E-1,-2.433586121E0,4.284482745E0
5.127407090E0,-3.475417137E0,-6.441831589E-1,-2.207873106E0,4.167517231E0
5.132432819E0,-3.579021931E0,-7.375707626E-1,-1.963479757E0,4.148332360E0
5.137458548E0,-3.462257385E0,-9.407205582E-1,-1.656960249E0,3.951923410E0
5.142494694E0,-3.087612152E0,-1.153172493E0,-1.287930489E0,3.538632581E0
5.147520944E0,-2.579202890E0,-1.375254631E0,-8.458108902E-1,3.042861961E0
5.152550840E0,-1.755183220E0,-1.645558834E0,-3.295631409E-1,2.428403565E0
5.157577454E0,-9.169230461E-1,-1.811474323E0,3.676774502E-1,2.063340448E0
5.162604069E0,-2.691317797E-1,-1.940645695E0,8.646256924E-1,2.141521706E0
5.167630684E0,2.084108591E-1,-1.914196491E0,1.426425338E0,2.396303933E0
5.172678913E0,3.727753162E-1,-1.780627728E0,1.820084572E0,2.573383840E0
5.177706569E0,2.723240852E-1,-1.487894535E0,1.879842162E0,2.412840051E0
5.182734225E0,1.699268818E-2,-1.131918907E0,1.730720639E0,2.068072314E0
5.187761882E0,-3.841641545E-1,-6.887311935E-1,1.411005855E0,1.616437526E0
5.192789538E0,-6.158676147E-1,-1.772603989E-1,1.020423889E0,1.204980947E0
5.197776413E0,-1.018721342E0,4.220342636E-1,7.393414974E-1,1.327603835E0
5.202802402E0,-1.654893517E0,1.099767685E0,4.473534822E-1,2.036734311E0
5.207828392E0,-2.630465746E0,1.832402229E0,5.744874477E-2,3.206298228E0
5.212854382E0,-3.602618217E0,2.539173126E0,-3.070573807E-1,4.418205792E0
5.217880371E0,-4.597160816E0,3.268446922E0,-6.183899641E-1,5.674419706E0
5.222944590E0,-5.348177910E0,3.838937759E0,-1.111855030E0,6.676576344E0
5.227972194E0,-5.987792015E0,4.313820839E0,-1.751620054E0,7.584911091E0
5.232999798E0,-6.374445915E0,4.526305199E0,-2.027629852E0,8.076650438E0
5.238027402E0,-6.433018684E0,4.352689743E0,-1.951619267E0,8.008648772E0
5.243055007E0,-6.154565811E0,3.960861206E0,-1.357237697E0,7.443735351E0
5.248023392E0,-5.696102142E0,3.527745247E0,-6.080251932E-1,6.727574658E0
5.253048600E0,-5.342557430E0,3.205681801E0,7.462501526E-3,6.230519352E0
5.258073809E0,-5.531796455E0,3.065898895E0,3.807228804E-1,6.336044347E0
5.263162715E0,-5.769583702E0,2.940496445E0,3.416991234E-1,6.484703056E0
5.268192142E0,-5.955160141E0,2.767507553E0,-6.271660328E-2,6.567112283E0
5.273171309E0,-6.102583408E0,2.427601814E0,-5.847158432E-1,6.593683905E0
5.278195736E0,-6.092230797E0,1.940170288E0,-9.518597126E-1,6.464176184E0
5.283237819E0,-6.062116623E0,1.334178925E0,-1.304559708E0,6.342804378E0
5.288264017E0,-6.111374378E0,8.249759674E-1,-1.510293484E0,6.349052571E0
5.293269902E0,-6.171676636E0,5.127239227E-1,-1.110290766E0,6.291678941E0
5.298294069E0,-6.136564255E0,2.438449860E-1,-1.753275990E-1,6.143909260E0
5.303318236E0,-5.760114670E0,-1.733922958E-1,2.585306168E-1,5.768520086E0
5.308296621E0,-4.805332661E0,-8.587265015E-1,6.005579233E-1,4.918262193E0
5.313317715E0,-3.340009451E0,-1.745318890E0,1.270961165E-1,3.770670309E0
5.318338809E0,-1.834352970E0,-2.684632778E0,-2.160664082E0,3.903917679E0
5.323359902E0,-3.526592851E-1,-3.551789284E0,-4.724561214E0,5.921237570E0
5.328380996E0,1.230173826E0,-4.240950584E0,-6.216156483E0,7.624932191E0
5.333483132E0,2.289011240E0,-4.603540421E0,-6.399619102E0,8.208975668E0
5.338507454E0,3.001837969E0,-4.495573044E0,-5.555608273E0,7.751515430E0
5.343543340E0,3.580276251E0,-3.902711868E0,-4.422345161E0,6.899759031E0
5.348568809E0,4.515217781E0,-2.968145370E0,-3.365030289E0,6.365572040E0
5.353594277E0,5.543498516E0,-1.973469257E0,-2.126124859E0,6.256625578E0
5.358563913E0,6.056069851E0,-1.194974899E0,-7.843247652E-1,6.222468352E0
5.363585684E0,5.555471420E0,-2.959556580E-1,4.126874804E-1,5.578634547E0
5.368616257E0,3.818114758E0,9.068155289E-1,1.176338196E0,4.096838568E0
5.373638913E0,1.374092221E0,2.600753784E0,1.777177811E0,3.436627802E0
5.378661569E0,-1.812044740E0,4.934180260E0,2.115484238E0,5.666119883E0
5.383728548E0,-5.564814568E0,7.566846848E0,2.344331980E0,9.680920660E0
5.388754173E0,-8.592955589E0,1.034261703E1,1.983629346E0,1.359203437E1
5.393775944E0,-1.046493149E1,1.258417130E1,2.836981773E0,1.661097901E1
5.398801204E0,-1.190312767E1,1.437472630E1,3.812907934E0,1.904876561E1
5.403832871E0,-1.210929108E1,1.524171352E1,3.485515594E0,1.977608608E1
5.408858757E0,-1.015047741E1,1.444964123E1,7.027921677E-1,1.767252783E1
5.413884642E0,-6.159198284E0,1.250984955E1,-9.926111698E-1,1.397917509E1
5.418908704E0,-2.011530638E0,1.028043747E1,-1.156789064E0,1.053906120E1
5.423934434E0,1.180299878E0,7.897943497E0,-9.274168015E-1,8.039323429E0
5.428958652E0,2.447947741E0,5.967409134E0,-1.270337820E0,6.573901284E0
5.433984225E0,2.647101402E0,4.345570564E0,-1.340703726E0,5.261997325E0
5.439009798E0,2.280457973E0,2.859712601E0,-6.832542419E-1,3.720924762E0
5.444020736E0,1.615428686E0,1.476340294E0,7.324717045E-1,2.307748968E0
5.449045319E0,9.719125032E-1,1.480884552E-1,2.842506886E0,3.007721646E0
5.454069902E0,1.636834145E-1,-7.750339508E-1,5.348474503E0,5.406815087E0
5.459094486E0,-3.013081551E-1,-1.574976444E0,7.682802677E0,7.848362529E0
5.464145527E0,-1.971266270E-1,-2.361371517E0,9.224110603E0,9.523610175E0
5.469171465E0,1.826024055E-2,-3.052474022E0,1.027420998E1,1.071808386E1
5.474197611E0,3.797097206E-1,-3.686407089E0,1.078974152E1,1.140843104E1
5.479223548E0,8.644858599E-1,-4.186543465E0,1.109072781E1,1.188607274E1
5.484246100E0,1.315806150E0,-4.638781071E0,1.122517300E1,1.221696134E1
5.489271725E0,1.906520724E0,-5.018949986E0,1.125116825E1,1.246649378E1
5.494301777E0,2.493603230E0,-5.326837063E0,1.125541592E1,1.269951328E1
5.499327819E0,3.111269712E0,-5.504729748E0,1.142057800E1,1.305418135E1
5.504353861E0,3.631659985E0,-5.647936821E0,1.152706051E1,1.334021246E1
5.509379902E0,3.989055157E0,-5.650825500E0,1.135567856E1,1.329645913E1
5.514368027E0,4.087905884E0,-5.518134594E0,1.100847435E1,1.297487154E1
5.519392194E0,3.932515383E0,-5.230823040E0,1.022904587E1,1.214329306E1
5.524416361E0,3.511968136E0,-4.736472607E0,9.422210693E0,1.111513146E1
5.529476934E0,3.054178238E0,-4.121737480E0,8.622944832E0,1.003353886E1
5.534503496E0,2.690894127E0,-3.526005745E0,7.817477226E0,8.988135396E0
5.539527715E0,2.525894880E0,-2.887565613E0,7.158385277E0,8.121616827E0
5.544554069E0,2.419752121E0,-2.312105656E0,6.471861839E0,7.286015959E0
5.549580423E0,2.252674818E0,-1.809454441E0,5.617639542E0,6.317162593E0
5.554606777E0,2.187176228E0,-1.408517361E0,4.781042576E0,5.442979801E0
5.559639173E0,2.294278622E0,-1.052069664E0,4.171716690E0,4.875836863E0
5.564665788E0,2.397245407E0,-7.640047073E-1,3.434559584E0,4.257544864E0
5.569704382E0,2.353183746E0,-4.820365906E-1,2.827185154E0,3.709825995E0
5.574732246E0,2.282151461E0,-2.158041000E-1,2.195435047E0,3.174070217E0
5.579760111E0,2.231830835E0,-4.188251495E-2,1.711270809E0,2.812698136E0
5.584787975E0,2.159417629E0,7.808876038E-2,1.216152787E0,2.479558419E0
5.589792923E0,2.060405731E0,2.206668854E-1,6.616882086E-1,2.175269394E0
5.594819642E0,1.948866606E0,3.283472061E-1,4.973556995E-1,2.037953784E0
5.599846882E0,1.968662977E0,4.921178818E-1,3.685393333E-1,2.062434282E0
5.604873652E0,1.905025482E0,6.259469986E-1,2.270574570E-1,2.018040342E0
5.609897350E0,1.806272030E0,8.495759964E-1,3.121404648E-1,2.020353853E0
5.614923809E0,1.868758917E0,9.622297287E-1,2.940945625E-1,2.122413144E0
5.619950267E0,1.925667763E0,1.083916664E0,2.978796959E-1,2.229754242E0
5.624976725E0,1.796092510E0,1.138355255E0,1.371665001E-1,2.130872038E0
5.630000475E0,1.710114479E0,1.096956253E0,-1.641770601E-1,2.038322511E0
5.635026777E0,1.361717105E0,1.002754211E0,-6.928306818E-1,1.827513019E0
5.640040475E0,1.920026541E-1,1.037222862E0,-2.579188585E0,2.786558818E0
5.645065475E0,-6.420907974E-1,7.973260880E-1,-3.372590542E0,3.524539182E0
5.650090475E0,-4.295376539E-1,1.919631958E-1,-2.694053650E0,2.734826783E0
5.655128913E0,1.552280188E-1,-3.521051407E-1,-1.127496481E0,1.191353047E0
5.660154798E0,1.113962650E0,-9.531955719E-1,4.068846703E-1,1.521528744E0
5.665180684E0,1.798109770E0,-1.174774170E0,2.152387142E0,3.040734040E0
5.670206569E0,2.076197386E0,-1.169331551E0,3.352114201E0,4.112736495E0
5.675202611E0,2.011751175E0,-8.265790939E-1,4.693853855E0,5.173262008E0
5.680227038E0,1.867684722E0,-2.568798065E-1,5.820696354E0,6.118393539E0
5.685251465E0,2.164339542E0,2.765245438E-1,6.625679970E0,6.975705451E0
5.690275892E0,2.522843838E0,7.258977890E-1,7.144642353E0,7.611674125E0
5.695300319E0,3.139490604E0,1.134246826E0,7.386995316E0,8.106208541E0
5.700345319E0,3.454826593E0,1.673517227E0,7.489811897E0,8.416279995E0
5.705370579E0,4.043292522E0,1.993978500E0,7.387846470E0,8.654735128E0
5.710384486E0,4.598250389E0,2.401524544E0,7.480095387E0,9.102914575E0
5.715408600E0,4.985826969E0,2.790594101E0,7.458398342E0,9.395402697E0
5.720432715E0,5.435080051E0,2.998197556E0,7.220294952E0,9.521656523E0
5.725498809E0,5.657875538E0,3.019225121E0,7.016809464E0,9.505939774E0
5.730525736E0,5.887749672E0,2.948780060E0,6.934389114E0,9.562774306E0
5.735544382E0,5.909278393E0,2.728997231E0,6.724487782E0,9.358724963E0
5.740570475E0,5.788336754E0,2.608075142E0,6.521848202E0,9.101725237E0
5.745601465E0,5.231729984E0,2.585285187E0,5.394493580E0,7.947028319E0
5.750628027E0,4.781456947E0,2.425588608E0,3.829380035E0,6.588623687E0
5.755653704E0,5.059316635E0,2.162379265E0,3.081078053E0,6.305998007E0
5.760680215E0,5.464296341E0,2.140605927E0,3.266344547E0,6.716378111E0
5.765706152E0,6.263027668E0,1.939886093E0,3.574207067E0,7.467504924E0
5.770732559E0,7.082763195E0,1.580739975E0,4.243470192E0,8.406623140E0
5.775758965E0,7.800765991E0,1.270196915E0,4.954357147E0,9.327968964E0
5.780788757E0,8.061285973E0,1.257957458E0,5.212038994E0,9.681535982E0
5.785815423E0,7.910658836E0,1.658970833E0,5.258855343E0,9.642938710E0
5.790842090E0,7.341775894E0,2.434383392E0,4.698518276E0,9.050081203E0
5.795868757E0,6.361677170E0,3.535544395E0,3.090479851E0,7.907090255E0
5.800895423E0,4.279100895E0,6.056772232E0,-9.203099251E0,1.181914676E1
5.805949798E0,-1.783828378E0,9.890351295E0,-2.402087975E1,2.603850526E1
5.810977559E0,-5.618215561E0,9.232410431E0,-1.460559654E1,1.816934778E1
5.816005319E0,-9.248155594E0,8.267537117E0,-9.953916550E0,1.590474792E1
5.821036621E0,-1.144437313E1,7.201209068E0,-6.463077068E0,1.498674259E1
5.826064590E0,-1.263546467E1,5.449686050E0,-5.847441196E0,1.495147531E1
5.831092559E0,-1.221443844E1,3.296170235E0,-5.148944378E0,1.365902166E1
5.836120527E0,-1.102405071E1,1.320857048E0,-4.608321667E0,1.202127223E1
5.841070579E0,-8.853326797E0,-4.844970703E-1,-2.748731852E0,9.282869146E0
5.846094642E0,-6.418329239E0,-1.956692219E0,-2.526938915E-3,6.709962820E0
5.851111829E0,-4.404335976E0,-2.918035984E0,1.974540591E0,5.640205664E0
5.856135215E0,-2.456969023E0,-3.550598145E0,3.725826740E0,5.703089414E0
5.861158600E0,-1.083951354E0,-3.988771439E0,4.540342331E0,6.140029040E0
5.866190527E0,-1.627060175E-1,-4.113611221E0,4.944794178E0,6.434225671E0
5.871214486E0,2.661298811E-1,-4.093317986E0,4.936926842E0,6.418669947E0
5.876238444E0,1.223360896E-1,-3.961991310E0,4.780834198E0,6.210371719E0
5.881271361E0,-7.328389883E-1,-3.715360641E0,4.562217712E0,5.929147336E0
5.886295892E0,-1.865117073E0,-3.449485779E0,4.136531353E0,5.699868899E0
5.891319329E0,-2.813109398E0,-3.126287460E0,3.598283291E0,5.534880343E0
5.896343757E0,-3.871050119E0,-2.693241596E0,3.184736252E0,5.690441487E0
5.901368184E0,-4.682266712E0,-2.155225277E0,2.740883827E0,5.837898741E0
5.906400267E0,-4.923480034E0,-1.689249516E0,1.968907237E0,5.565142880E0
5.911425215E0,-4.403818607E0,-1.338162422E0,1.488942742E0,4.837483590E0
5.916450163E0,-3.265866518E0,-1.149601936E0,9.879603386E-1,3.600490849E0
5.921473548E0,-2.181574106E0,-1.238200188E0,5.744631290E-1,2.573404976E0
5.926498392E0,-1.190809011E0,-1.374189377E0,6.008113623E-1,1.915044866E0
5.931528392E0,-1.022859812E0,-1.438155174E0,1.185788870E0,2.126176790E0
5.936553757E0,-1.365130067E0,-1.554731369E0,2.057080030E0,2.917592840E0
5.941579121E0,-1.668028355E0,-1.704818249E0,2.488379478E0,3.446847296E0
5.946604486E0,-1.961600065E0,-1.792733669E0,2.954121590E0,3.973487535E0
5.951639329E0,-2.261650801E0,-1.794612408E0,3.229891300E0,4.332192961E0
5.956665163E0,-2.594057083E0,-1.724830151E0,3.512382746E0,4.694784740E0
5.961690996E0,-2.955655813E0,-1.454277992E0,3.816250086E0,5.041288574E0
5.966710736E0,-3.176047087E0,-1.126599312E0,3.945684910E0,5.188923830E0
5.971736152E0,-3.146996498E0,-8.661346436E-1,3.924929380E0,5.104786658E0
5.976761569E0,-2.893477440E0,-6.488533020E-1,3.668214798E0,4.716886908E0
5.981788079E0,-2.569008350E0,-4.268522263E-1,3.438750505E0,4.313584561E0
5.986813548E0,-2.077788353E0,-3.244762421E-1,3.073940039E0,3.724459240E0
5.991839017E0,-1.558085799E0,-2.315893173E-1,2.640880585E0,3.074982152E0
5.996865840E0,-1.267320514E0,-1.577587128E-1,2.345376968E0,2.670539687E0
6.001891413E0,-1.027940273E0,-1.209449768E-2,2.048720837E0,2.292174633E0
6.006916986E0,-6.914713383E-1,8.571052551E-2,1.632051468E0,1.774562171E0
6.011942559E0,-7.502384186E-1,1.548185349E-1,1.296749592E0,1.506116187E0
6.017004746E0,-6.108607054E-1,2.239408493E-1,7.513908744E-1,9.939258280E-1
6.022032090E0,-5.992689729E-1,2.930479050E-1,2.215468884E-1,7.029106630E-1
6.027052663E0,-5.432715416E-1,3.574151993E-1,-2.694164515E-1,7.038997208E-1
6.032079277E0,-4.958778620E-1,5.079746246E-1,-7.985294461E-1,1.068448571E0
6.037105892E0,-7.493014336E-1,6.155805588E-1,-1.395133495E0,1.699055482E0
6.042148600E0,-1.041072607E0,8.382492065E-1,-2.146326780E0,2.528480285E0
6.047176309E0,-1.315163851E0,1.022991180E0,-2.780762672E0,3.241729160E0
6.052204017E0,-1.596899033E0,1.227434158E0,-2.907758236E0,3.537193675E0
6.057213652E0,-1.987708926E0,1.418080330E0,-2.671003819E0,3.618867226E0
6.062240163E0,-1.976472378E0,1.446581841E0,-2.351789236E0,3.395578698E0
6.067266673E0,-1.563763022E0,1.308136940E0,-1.828667641E0,2.738722765E0
6.072291309E0,-9.113275409E-1,1.079169273E0,-1.635175109E0,2.160768809E0
6.077317663E0,-2.517934740E-1,8.121519089E-1,-1.582811236E0,1.796742076E0
6.082344017E0,1.391882449E-1,5.882873535E-1,-1.551124573E0,1.664765094E0
6.087370371E0,3.684101105E-1,4.312973022E-1,-1.405628800E0,1.515762414E0
6.092375944E0,4.368194640E-1,2.691974640E-1,-1.246173620E0,1.347674742E0
6.097401257E0,3.587301970E-1,1.832647324E-1,-1.044222951E0,1.119229596E0
6.102445111E0,2.630576193E-1,1.553249359E-2,-7.184592485E-1,7.652609106E-1
6.107472246E0,1.586994082E-1,-6.178092957E-2,-3.359117508E-1,3.766153074E-1
6.112499382E0,7.861151546E-2,-1.348419189E-1,8.861613274E-2,1.794851873E-1
6.117503861E0,-3.019335307E-2,-2.324142456E-1,5.696548223E-1,6.159826595E-1
6.122529486E0,-1.250195056E-1,-3.544597626E-1,1.068682671E0,1.132852263E0
6.127555111E0,-2.971477807E-1,-4.722871780E-1,1.547530413E0,1.645053908E0
6.132580736E0,-4.368160665E-1,-5.810976028E-1,2.039482117E0,2.165172050E0
6.137627246E0,-6.353059411E-1,-6.808986664E-1,2.558798075E0,2.722991777E0
6.142653913E0,-6.727906466E-1,-7.525959015E-1,3.057742119E0,3.220067501E0
6.147680579E0,-6.500729322E-1,-8.199911118E-1,3.631145477E0,3.778914886E0
6.152707246E0,-5.915609598E-1,-7.825021744E-1,4.062806129E0,4.179551132E0
6.157712819E0,-4.351669848E-1,-7.166280746E-1,4.189456940E0,4.272525664E0
6.162738392E0,-3.192609549E-1,-7.227201462E-1,4.226058483E0,4.299281599E0
6.167755944E0,-2.767789364E-1,-6.474800110E-1,4.042613506E0,4.103481559E0
6.172780736E0,-2.117775530E-1,-5.865087509E-1,3.657664061E0,3.710437795E0
6.177823236E0,-3.054503798E-1,-4.726572037E-1,3.261674404E0,3.309867775E0
6.182849798E0,-4.760073423E-1,-3.775873184E-1,2.863361835E0,2.927113967E0
6.187876361E0,-6.995591521E-1,-2.438039780E-1,2.376132011E0,2.488940884E0
6.192902923E0,-8.037904501E-1,-1.717472076E-1,1.799845457E0,1.978640912E0
6.197918288E0,-9.317933917E-1,-8.967685699E-2,1.340702415E0,1.635164771E0
6.202944277E0,-1.140305161E0,-1.205158234E-2,7.408758402E-1,1.359903714E0
6.207961517E0,-1.495642662E0,8.978176117E-2,2.542562485E-1,1.519754578E0
6.212986621E0,-1.864087462E0,1.823129654E-1,-2.244497538E-1,1.886382193E0
6.218011725E0,-2.145813465E0,3.278026581E-1,-5.330439806E-1,2.235197060E0
6.223036829E0,-2.365725040E0,3.827505112E-1,-7.196542025E-1,2.502210042E0
6.228058132E0,-2.529320002E0,3.568735123E-1,-8.132002354E-1,2.680692634E0
6.233083027E0,-2.483680725E0,3.363170624E-1,-7.895565033E-1,2.627770649E0
6.238107923E0,-2.372335911E0,2.922620773E-1,-6.385315657E-1,2.474089197E0
6.243132819E0,-2.300135612E0,2.198209763E-1,-3.594775200E-1,2.338411680E0
6.248157715E0,-2.257143497E0,1.618442535E-1,-6.607067585E-2,2.263902751E0
6.253199642E0,-2.233503819E0,1.180877686E-1,2.859025002E-1,2.254822447E0
6.258225215E0,-2.195739031E0,7.396507263E-2,6.162198782E-1,2.281768538E0
6.263250788E0,-2.086447716E0,5.323314667E-2,8.347851038E-1,2.247879892E0
6.268328600E0,-1.991906404E0,3.185081482E-2,1.090442896E0,2.271072722E0
6.273357663E0,-1.978774309E0,-5.248546600E-2,1.302443743E0,2.369527842E0
6.278358548E0,-1.946631432E0,-6.102943420E-2,1.461344719E0,2.434877186E0
6.283384798E0,-1.996339083E0,-7.041168213E-2,1.505182147E0,2.501179888E0
6.288411048E0,-2.051214457E0,-9.493064880E-2,1.601253867E0,2.603940576E0
6.293461829E0,-2.235942602E0,-5.318737030E-2,1.548332453E0,2.720220874E0
6.298489694E0,-2.402117729E0,2.610778809E-2,1.413301110E0,2.787161859E0
6.303530059E0,-2.636310577E0,7.609176636E-2,1.133572221E0,2.870698416E0
6.308559225E0,-2.804454088E0,1.735219955E-1,7.657378912E-1,2.912288985E0
6.313588392E0,-3.059702873E0,3.136968613E-1,2.997193336E-1,3.090310514E0
6.318604225E0,-3.339532375E0,5.015316010E-1,-7.882654667E-2,3.377902316E0
6.323632454E0,-3.596155882E0,6.079626083E-1,-4.327794313E-1,3.672771936E0
6.328660684E0,-3.805579185E0,7.144966125E-1,-7.053467035E-1,3.935791193E0
6.333688913E0,-4.097001076E0,8.642635345E-1,-8.779948950E-1,4.278229109E0
6.338649642E0,-4.345433712E0,1.009484291E0,-9.946572185E-1,4.570688751E0
6.343674538E0,-4.623421669E0,1.250575066E0,-1.064626694E0,4.906464707E0
6.348699434E0,-4.896990776E0,1.549163818E0,-1.040359735E0,5.240493829E0
6.353763340E0,-5.094594955E0,1.895578384E0,-8.499602675E-1,5.501867649E0
6.358790892E0,-5.344738007E0,2.174920082E0,-6.609631777E-1,5.808043909E0
6.363797611E0,-5.455813408E0,2.358410835E0,-3.815836906E-1,5.955972441E0
6.368823027E0,-5.437553406E0,2.412541389E0,-2.166345119E-1,5.952669444E0
6.373848444E0,-5.394534111E0,2.375580788E0,-3.146052361E-2,5.894520516E0
6.378894121E0,-5.345283508E0,2.343161583E0,1.648819447E-1,5.838634091E0
6.383920892E0,-5.293658257E0,2.099920273E0,2.102651596E-1,5.698832716E0
6.388947663E0,-5.234687328E0,1.736886978E0,2.680432796E-1,5.521827143E0
6.393974434E0,-5.091507912E0,1.234996796E0,3.003311157E-1,5.247748915E0
6.398957194E0,-4.916323662E0,7.521915436E-1,3.647487164E-1,4.986890022E0
6.403981725E0,-4.666002274E0,2.883138657E-1,3.809632063E-1,4.690398178E0
6.409003184E0,-4.378282547E0,-8.021068573E-2,3.255555630E-1,4.391102167E0
6.414027402E0,-4.076286793E0,-3.105401993E-1,2.660737038E-1,4.096748033E0
6.419051621E0,-3.850000620E0,-4.794178009E-1,1.647002697E-1,3.883229633E0
6.424110527E0,-3.621718884E0,-6.013441086E-1,3.662800789E-2,3.671485261E0
6.429137090E0,-3.457662106E0,-6.809940338E-1,-1.474940777E-1,3.527170908E0
6.434162402E0,-3.280399799E0,-7.422513962E-1,-5.117125511E-1,3.402030234E0
6.439188809E0,-3.175090313E0,-8.327960968E-1,-7.642726302E-1,3.370290861E0
6.444215215E0,-3.174681187E0,-8.805532455E-1,-1.221789837E0,3.513793543E0
6.449213652E0,-3.308105230E0,-8.947229385E-1,-1.646340847E0,3.801911037E0
6.454238236E0,-3.422157288E0,-9.133062363E-1,-1.995246649E0,4.065254970E0
6.459262819E0,-3.517910957E0,-9.501934052E-1,-2.265642881E0,4.290886001E0
6.464285996E0,-3.635032415E0,-9.906377792E-1,-2.368336678E0,4.450150839E0
6.469310475E0,-3.774773121E0,-9.626331329E-1,-2.323838711E0,4.536055667E0
6.474334954E0,-3.790422916E0,-9.091272354E-1,-2.080460787E0,4.418386052E0
6.479368392E0,-3.845846415E0,-7.726879120E-1,-1.628740311E0,4.247396409E0
6.484393444E0,-3.794242859E0,-5.199031830E-1,-1.121702790E0,3.990588345E0
6.489418496E0,-3.712967157E0,-1.700506210E-1,-4.440218210E-1,3.743287019E0
6.494441829E0,-3.511886597E0,3.054323196E-1,2.371263504E-1,3.533109859E0
6.499466777E0,-3.449978352E0,1.073753357E0,1.080244303E0,3.771236488E0
6.504495163E0,-3.350534916E0,1.890632629E0,2.004519939E0,4.338049809E0
6.509520475E0,-3.243069410E0,2.689036369E0,2.972457409E0,5.155959546E0
6.514545788E0,-3.137670040E0,3.473762512E0,3.960839272E0,6.131904028E0
6.519571100E0,-2.939528942E0,4.139573097E0,4.998695374E0,7.124875526E0
6.524632871E0,-2.696630001E0,4.724935532E0,6.139862537E0,8.203337194E0
6.529660007E0,-2.515967369E0,5.134074211E0,6.961927891E0,9.008731862E0
6.534683027E0,-2.325652122E0,5.362388611E0,7.694853306E0,9.663055252E0
6.539709746E0,-2.054145813E0,5.400426865E0,7.965115070E0,9.840080458E0
6.544736465E0,-1.615785718E0,5.095177650E0,7.838938713E0,9.487916469E0
6.549763184E0,-1.254526496E0,4.547248840E0,7.496750832E0,8.857346204E0
6.554790736E0,-8.930778503E-1,4.048418045E0,7.128258228E0,8.246171359E0
6.559817454E0,-7.028162479E-1,3.736996651E0,6.980089664E0,7.948631729E0
6.564840059E0,-3.576563597E-1,3.272797585E0,7.308001995E0,8.015361206E0
6.569866361E0,3.302541971E-1,2.727544785E0,7.081853867E0,7.596132080E0
6.574889590E0,7.502872944E-1,2.220732689E0,6.601993084E0,7.005776001E0
6.579915579E0,1.109907985E0,1.756912231E0,6.202060699E0,6.540962715E0
6.584945007E0,1.491395950E0,1.307260513E0,6.063260078E0,6.379366325E0
6.589971309E0,1.890970469E0,8.909664154E-1,5.726181030E0,6.095796885E0
6.594998496E0,2.113500834E0,6.468486786E-1,5.420825958E0,5.854114199E0
6.600024902E0,2.188392401E0,5.701532364E-1,5.578256607E0,6.019226095E0
6.605048079E0,2.455515385E0,4.791555405E-1,5.772795200E0,6.291606334E0
6.610074173E0,2.747403145E0,3.263502121E-1,5.737292290E0,6.369556603E0
6.615101413E0,2.958967924E0,1.983938217E-1,5.698438644E0,6.423943825E0
6.620127611E0,3.056463718E0,5.260562897E-2,5.681690216E0,6.451847916E0
6.625156100E0,3.072845936E0,-1.203002930E-1,5.635513783E0,6.419958715E0
6.630182507E0,3.098140240E0,-3.105773926E-1,5.446150780E0,6.273395379E0
6.635208913E0,3.055211544E0,-4.128599167E-1,5.171719074E0,6.020917627E0
6.640235319E0,2.866822004E0,-4.894161224E-1,4.903488636E0,5.701087383E0
6.645277871E0,2.804865360E0,-5.738554001E-1,4.555222988E0,5.380207819E0
6.650305059E0,2.762403011E0,-5.851449966E-1,4.141691685E0,5.012671451E0
6.655332246E0,2.500094175E0,-6.620960236E-1,3.222583532E0,4.132055984E0
6.660332663E0,2.294827461E0,-7.238683701E-1,2.421782732E0,3.413978631E0
6.665358027E0,2.644400120E0,-8.565130234E-1,1.402185321E0,3.113292506E0
6.670383392E0,3.153961658E0,-9.547634125E-1,-3.480306864E-1,3.313634361E0
6.675381048E0,3.596961260E0,-1.152671337E0,-2.345032215E0,4.445892217E0
6.680404590E0,3.864161968E0,-1.239433765E0,-4.142100334E0,5.798701489E0
6.685431777E0,3.992462397E0,-1.239593029E0,-5.415771961E0,6.841559238E0
6.690455684E0,4.148216248E0,-1.273324490E0,-5.761885643E0,7.213070044E0
6.695479590E0,4.272871971E0,-1.212084293E0,-5.384902000E0,6.980240166E0
6.700503496E0,4.456669331E0,-1.190430164E0,-4.872348309E0,6.709605319E0
6.705566465E0,4.714046478E0,-1.313834667E0,-3.942750931E0,6.284399783E0
6.710592350E0,4.905671120E0,-1.357923985E0,-2.942005873E0,5.879197670E0
6.715618236E0,4.880013943E0,-1.513835430E0,-2.063622475E0,5.510423896E0
6.720649121E0,4.671342373E0,-1.642771244E0,-1.194383740E0,5.093789301E0
6.725675319E0,4.437343597E0,-1.692541599E0,-5.463606119E-1,4.780504700E0
6.730701517E0,4.211223602E0,-1.768785000E0,-8.241856098E-2,4.568347340E0
6.735722663E0,4.164907455E0,-1.910030842E0,2.438444495E-1,4.588478184E0
6.740748496E0,4.174137115E0,-2.025344849E0,3.740347326E-1,4.654604644E0
6.745759590E0,4.210498333E0,-2.133818626E0,3.748233914E-1,4.735184338E0
6.750784017E0,4.336947441E0,-2.220827103E0,5.182000399E-1,4.899971164E0
6.755808444E0,4.410651684E0,-2.357850075E0,7.507444620E-1,5.057363196E0
6.760832871E0,4.418216705E0,-2.439267159E0,8.993539810E-1,5.126353549E0
6.765845788E0,4.364927769E0,-2.541511536E0,8.774919510E-1,5.126584383E0
6.770869590E0,4.332623005E0,-2.606963158E0,7.568733692E-1,5.112801219E0
6.775898600E0,4.221018791E0,-2.554267883E0,4.707722068E-1,4.956098317E0
6.780922923E0,4.083150387E0,-2.502920151E0,7.271653414E-2,4.789782256E0
6.785947246E0,3.823495865E0,-2.318900108E0,-3.455112576E-1,4.485063697E0
6.790971569E0,3.499478817E0,-2.126701355E0,-6.060888767E-1,4.139632154E0
6.796020892E0,3.173312187E0,-1.921437740E0,-9.799146056E-1,3.836934435E0
6.801046465E0,2.778374195E0,-1.803225994E0,-1.521338344E0,3.644922154E0
6.806072038E0,2.448999405E0,-1.699876308E0,-2.437444925E0,3.850755161E0
6.811081986E0,1.789256573E0,-1.577200413E0,-4.351132393E0,4.961990863E0
6.816106517E0,7.619781494E-1,-1.348824978E0,-6.171391010E0,6.362861504E0
6.821135371E0,-6.030800343E-1,-1.014740467E0,-7.523620129E0,7.615659104E0
6.826160371E0,-2.199725389E0,-6.228237152E-1,-8.411654472E0,8.716801715E0
6.831185371E0,-4.127376080E0,-9.660053253E-2,-9.165493011E0,1.005240405E1
6.836210371E0,-6.165142536E0,6.926250458E-1,-9.274365425E0,1.115807179E1
6.841235371E0,-8.068056107E0,1.600905418E0,-7.946070194E0,1.143662796E1
6.846311673E0,-9.790629387E0,2.691118240E0,-4.835558414E0,1.124638459E1
6.851338704E0,-1.122573757E1,3.586448669E0,-8.595561385E-1,1.181603296E1
6.856365736E0,-1.197922039E1,3.973233223E0,2.869522572E0,1.294304691E1
6.861375788E0,-1.178224277E1,3.604881287E0,5.775248051E0,1.360771487E1
6.866401673E0,-1.165742874E1,2.981035233E0,7.173710823E0,1.400872381E1
6.871426309E0,-9.823749542E0,2.277922630E0,6.000950336E0,1.173483666E1
6.876452090E0,-6.917648315E0,1.047414780E0,3.373485804E0,7.767325306E0
6.881477507E0,-4.731965542E0,1.207971573E-1,1.050058246E0,4.848578365E0
6.886503236E0,-3.256415367E0,-5.551986694E-1,-6.664830446E-1,3.369968287E0
6.891528965E0,-2.070201397E0,-1.057910442E0,-1.332827806E0,2.679801912E0
6.896554694E0,-1.283861637E0,-1.450225353E0,-1.180292010E0,2.268158616E0
6.901547819E0,-7.499408722E-1,-1.814408779E0,-9.670709372E-1,2.188542147E0
6.906571934E0,-2.294793129E-1,-2.165150642E0,-6.166383624E-1,2.262914256E0
6.911599902E0,1.568512917E-1,-2.412248611E0,-1.529364586E-1,2.422175727E0
6.916624382E0,6.661593914E-1,-2.523168564E0,-3.077423573E-2,2.609807462E0
6.921648861E0,1.651299953E0,-2.503565788E0,-2.367416024E-1,3.008434772E0
6.926673340E0,2.777884483E0,-2.052008629E0,-5.420825481E-1,3.495888314E0
6.931707819E0,3.855924129E0,-8.096270561E-1,-1.909845471E-1,3.944632044E0
6.936732819E0,4.486061573E0,1.147330284E0,5.102884769E-1,4.658487904E0
6.941757819E0,4.269286156E0,3.771244049E0,1.412473202E0,5.868915275E0
6.946808704E0,3.632997513E0,6.372759819E0,2.235364676E0,7.668610948E0
6.951835423E0,3.055181503E0,8.559144020E0,2.503209591E0,9.426512538E0
6.956862663E0,2.912518978E0,9.837506294E0,1.892676950E0,1.043271407E1
6.961889434E0,3.007818222E0,9.648907661E0,1.155904770E0,1.017273343E1
6.966919538E0,3.239242077E0,7.808299065E0,8.947691917E-1,8.500754991E0
6.971946673E0,3.284167290E0,5.412640572E0,2.926817536E-1,6.337830493E0
6.976976152E0,3.408581257E0,3.107953072E0,-1.519820929E0,4.856712276E0
6.982003496E0,4.194187641E0,1.276202202E0,-4.183525562E0,6.059850506E0
6.987030840E0,5.138107777E0,-4.013442993E-2,-6.540627956E0,8.317546294E0
6.992054225E0,5.786759853E0,-5.687222481E-1,-7.331503868E0,9.357402608E0
6.997081309E0,5.964224815E0,-5.159425735E-1,-6.164939404E0,8.593291118E0
7.002108392E0,5.398710251E0,3.143119812E-2,-3.570283651E0,6.472556345E0
7.007129017E0,4.784492016E0,8.000936508E-1,-1.034133315E0,4.959934013E0
7.012155684E0,4.264370918E0,1.674646378E0,8.580316305E-1,4.661064052E0
7.017182350E0,3.852369070E0,2.587995529E0,2.009435654E0,5.057301648E0
7.022209017E0,3.629961014E0,3.401701927E0,2.682355881E0,5.651833865E0
7.027203809E0,3.530878544E0,4.092583656E0,2.985743284E0,6.175030950E0
7.032228861E0,3.544977903E0,4.555534363E0,2.832698822E0,6.429925682E0
7.037253913E0,3.730561495E0,4.925374985E0,2.484529018E0,6.659526428E0
7.042278965E0,4.040541649E0,5.092749596E0,2.144771099E0,6.845591160E0
7.047308496E0,4.236929417E0,5.063323975E0,1.821034789E0,6.848721651E0
7.052333757E0,4.311804771E0,4.771082878E0,1.474147081E0,6.597575451E0
7.057359850E0,4.184758186E0,4.221471786E0,1.041917682E0,6.034783971E0
7.062385215E0,3.884975910E0,3.400588036E0,5.153669715E-1,5.188703106E0
7.067410319E0,3.513059616E0,2.409217834E0,-5.194377899E-2,4.260119317E0
7.072435632E0,2.977682114E0,1.472190857E0,-5.919328332E-1,3.374065970E0
7.077460944E0,2.402548075E0,5.461511612E-1,-1.055822134E0,2.680537021E0
7.082486257E0,1.844742060E0,-3.546180725E-1,-1.381073952E0,2.331564390E0
7.087510996E0,1.366510987E0,-1.134402275E0,-1.491392732E0,2.319153527E0
7.092536257E0,7.672781944E-1,-1.802772999E0,-1.302062154E0,2.352460874E0
7.097561517E0,-5.279135704E-2,-2.331049442E0,-8.247632980E-1,2.473219143E0
7.102602975E0,-8.926451206E-1,-2.681201935E0,-2.337577939E-1,2.835542599E0
7.107629329E0,-1.770463467E0,-2.924941063E0,3.776543736E-1,3.439831963E0
7.112643288E0,-2.460583448E0,-3.028740883E0,1.039678335E0,4.038399842E0
7.117668392E0,-2.656522274E0,-3.045247078E0,1.924685240E0,4.476053354E0
7.122693496E0,-2.428605318E0,-2.978671074E0,2.829256773E0,4.772347331E0
7.127718600E0,-2.062112570E0,-2.880898476E0,4.260524750E0,5.541114998E0
7.132780684E0,-1.379115105E0,-2.727460861E0,5.679371834E0,6.449516699E0
7.137807663E0,-8.597822189E-1,-2.450479984E0,6.959187508E0,7.427945098E0
7.142834642E0,-4.844460487E-1,-2.184051037E0,8.135415077E0,8.437401578E0
7.147858704E0,-4.872837067E-1,-1.770746708E0,8.803914070E0,8.993436066E0
7.152885475E0,-7.015048265E-1,-1.374214172E0,8.880159378E0,9.013201662E0
7.157912246E0,-9.184868336E-1,-9.524822235E-1,8.415908813E0,8.519293492E0
7.162939694E0,-1.360369921E0,-6.117382050E-1,7.350187302E0,7.500005555E0
7.167966517E0,-1.588880181E0,-2.139196396E-1,6.051315308E0,6.260089360E0
7.172993340E0,-1.485985756E0,1.257438660E-1,4.833359718E0,5.058194476E0
7.178015996E0,-1.325011015E0,3.882026672E-1,3.707488060E0,3.956238519E0
7.183042507E0,-1.097116590E0,4.492807388E-1,2.559911728E0,2.821110783E0
7.188063965E0,-6.350293159E-1,3.955469131E-1,1.334578514E0,1.529973661E0
7.193089954E0,9.458291531E-2,1.461124420E-1,3.823454976E-1,4.200986231E-1
7.198115944E0,8.958582878E-1,-2.410926819E-1,-2.755602002E-1,9.677919079E-1
7.203141934E0,1.501975536E0,-5.599822998E-1,-6.498906016E-1,1.729701848E0
7.208135684E0,1.818498969E0,-8.487939835E-1,-8.215788007E-1,2.168497510E0
7.213160059E0,1.922395468E0,-9.784765244E-1,-8.333646059E-1,2.312469937E0
7.218184434E0,1.794997811E0,-9.540939331E-1,-7.368558049E-1,2.162237002E0
7.223208809E0,1.498038173E0,-7.808856964E-1,-5.116588473E-1,1.765133313E0
7.228275163E0,1.040056229E0,-6.171483994E-1,-1.332008839E-1,1.216688777E0
7.233301673E0,5.588229299E-1,-4.010400772E-1,1.750087738E-1,7.097494497E-1
7.238310215E0,3.064780235E-1,-3.146152496E-1,2.364246845E-1,4.988067418E-1
7.243334902E0,-2.893924713E-2,-4.220485687E-2,2.617483139E-1,2.667037866E-1
7.248359590E0,-2.471002340E-1,1.145982742E-1,2.986410856E-1,4.042001832E-1
7.253405632E0,-5.260314941E-1,4.045524597E-1,3.274781704E-1,7.400093091E-1
7.258431725E0,-9.475259781E-1,6.600894928E-1,3.479542732E-1,1.206066248E0
7.263457819E0,-1.335576177E0,8.811855316E-1,2.975369692E-1,1.627507270E0
7.268469225E0,-1.781710029E0,1.024881363E0,-2.981674671E-2,2.055665701E0
7.273494329E0,-1.894690633E0,9.239101410E-1,-5.099326968E-1,2.168753997E0
7.278519434E0,-1.784977436E0,7.317352295E-1,-9.418449402E-1,2.146777302E0
7.283544538E0,-1.480612278E0,4.821548462E-1,-1.311077356E0,2.035585873E0
7.288616100E0,-1.277253389E0,1.849527359E-1,-1.468760490E0,1.955208714E0
7.293643548E0,-9.233697653E-1,-2.265834808E-1,-1.810728908E0,2.045162823E0
7.298670996E0,-7.625954151E-1,-6.087055206E-1,-2.049893856E0,2.270272891E0
7.303664486E0,-7.212907672E-1,-8.608207703E-1,-2.267990589E0,2.530820832E0
7.308689642E0,-7.855188251E-1,-1.093053818E0,-2.226572037E0,2.601812735E0
7.313719694E0,-8.206749558E-1,-1.276649475E0,-2.179775953E0,2.656080660E0
7.318745319E0,-8.457428217E-1,-1.383012772E0,-2.199054718E0,2.732004191E0
7.323766986E0,-9.369009733E-1,-1.440931320E0,-2.284337997E0,2.858717648E0
7.328792194E0,-9.603501558E-1,-1.512562752E0,-2.407576561E0,3.001090368E0
7.333818913E0,-9.544141293E-1,-1.569149494E0,-2.569158554E0,3.158118450E0
7.338844277E0,-9.810533524E-1,-1.462367058E0,-2.630990505E0,3.165927057E0
7.343869642E0,-1.087808967E0,-1.369335175E0,-2.655710936E0,3.179812532E0
7.348895007E0,-1.264927149E0,-1.232615471E0,-2.638919830E0,3.175417998E0
7.353924798E0,-1.483781219E0,-1.042701721E0,-2.686017990E0,3.240914412E0
7.358950371E0,-1.729870677E0,-8.187990189E-1,-2.672614098E0,3.287210140E0
7.363975944E0,-2.075058937E0,-5.131254196E-1,-2.522389889E0,3.306299750E0
7.369038184E0,-2.529715061E0,-1.975059509E-1,-2.426876545E0,3.511153180E0
7.374066257E0,-2.978758335E0,1.518955231E-1,-2.275583744E0,3.751580313E0
7.379094329E0,-3.380238056E0,4.824657440E-1,-2.149900913E0,4.034954330E0
7.384122402E0,-3.691758156E0,7.942752838E-1,-2.188492775E0,4.364567806E0
7.389150475E0,-3.679403543E0,9.583663940E-1,-2.056958437E0,4.322910431E0
7.394119538E0,-3.643844128E0,9.844903946E-1,-1.932418942E0,4.240408510E0
7.399145215E0,-3.495468616E0,9.113826752E-1,-1.777781487E0,4.026093174E0
7.404171829E0,-3.405010223E0,8.156223297E-1,-1.554544330E0,3.830919273E0
7.409197611E0,-3.103994370E0,6.302566528E-1,-1.248267412E0,3.404434759E0
7.414223392E0,-2.859578133E0,3.457384109E-1,-9.926318526E-1,3.046644078E0
7.419277350E0,-2.532428741E0,1.390380859E-1,-6.198074818E-1,2.610878824E0
7.424305059E0,-2.264429092E0,-8.120822906E-2,-2.099500895E-1,2.275590677E0
7.429332767E0,-2.026390553E0,-2.530479431E-1,1.276246309E-1,2.046113384E0
7.434333600E0,-1.936938286E0,-3.242950439E-1,4.179050922E-1,2.007869982E0
7.439359486E0,-1.871961355E0,-2.712812424E-1,5.991048813E-1,1.984126883E0
7.444385371E0,-1.993886471E0,-1.278886795E-1,7.294371128E-1,2.126973736E0
7.449451725E0,-2.102505684E0,4.838275909E-2,8.424701691E-1,2.265530187E0
7.454480267E0,-2.259731293E0,2.906513214E-1,9.343769550E-1,2.462503604E0
7.459499746E0,-2.466114044E0,5.748691559E-1,1.019715309E0,2.729837420E0
7.464527402E0,-2.655135393E0,8.626508713E-1,1.098765850E0,3.000199473E0
7.469555059E0,-2.908185959E0,1.230336189E0,1.286821604E0,3.409865474E0
7.474582715E0,-3.167910576E0,1.624986649E0,1.421925545E0,3.833811586E0
7.479610371E0,-3.405817509E0,1.917240143E0,1.480957985E0,4.179550122E0
7.484566413E0,-3.659974337E0,2.231363297E0,1.469309330E0,4.531364498E0
7.489591152E0,-4.122476578E0,2.510061264E0,1.377292633E0,5.019178785E0
7.494615892E0,-4.654701710E0,2.825126648E0,1.319843054E0,5.602639938E0
7.499648861E0,-5.113865376E0,3.210055351E0,1.297071934E0,6.175635193E0
7.504674173E0,-5.692081928E0,3.774833679E0,1.309099913E0,6.954344582E0
7.509705319E0,-6.255704880E0,4.332716942E0,1.164964199E0,7.698273912E0
7.514731204E0,-6.775970936E0,4.792900085E0,7.021665573E-1,8.329388407E0
7.519748809E0,-7.262786388E0,5.318450928E0,5.395078659E-2,9.002049604E0
7.524773861E0,-7.410756588E0,5.627532959E0,-1.062716126E0,9.365778450E0
7.529804486E0,-7.062350273E0,5.682760239E0,-2.554145813E0,9.417760676E0
7.534830059E0,-6.571361542E0,5.489934921E0,-3.878281116E0,9.400172465E0
7.539855632E0,-6.199391365E0,5.001934052E0,-4.450185776E0,9.124469902E0
7.544881204E0,-5.929887772E0,4.242877007E0,-4.037531853E0,8.334700819E0
7.549906777E0,-5.540435791E0,3.255329132E0,-3.275762558E0,7.212781492E0
7.554955632E0,-5.312226295E0,2.038665771E0,-1.042883396E0,5.784765520E0
7.559982142E0,-4.969778061E0,6.112699509E-1,3.230292797E0,5.958786494E0
7.565017715E0,-4.811945438E0,-1.019563675E0,7.767418385E0,9.193863026E0
7.570045163E0,-3.820153236E0,-2.660793781E0,4.955347061E0,6.799180744E0
7.575072611E0,-2.812680006E0,-4.159565926E0,-2.616491556E0,5.662083147E0
7.580100059E0,-2.454525948E0,-4.924854755E0,-1.158343506E1,1.282399547E1
7.585090892E0,-2.646454334E0,-5.168449879E0,-1.457372379E1,1.568789406E1
7.590116465E0,-2.290419102E0,-5.343338490E0,-1.395219231E1,1.511492494E1
7.595138965E0,-1.302314997E0,-5.482066631E0,-1.224937153E1,1.348318144E1
7.600164225E0,-4.949939251E-1,-5.397943020E0,-1.050610542E1,1.182205815E1
7.605189486E0,6.030242443E-1,-5.205890179E0,-8.030447006E0,9.589213206E0
7.610214746E0,1.330342770E0,-4.657350063E0,-6.229481697E0,7.890954550E0
7.615240007E0,2.026483059E0,-3.943984985E0,-4.341567516E0,6.205711857E0
7.620285267E0,2.587100744E0,-2.817113400E0,-2.696471691E0,4.679762574E0
7.625311309E0,2.963341475E0,-1.181056023E0,-1.643767118E0,3.588628758E0
7.630355736E0,3.204535723E0,6.820859909E-1,-1.011655450E0,3.428955708E0
7.635383704E0,2.954906464E0,2.610449791E0,1.485663056E-1,3.945629515E0
7.640432507E0,1.511750698E0,4.059786797E0,1.073576093E0,4.463163075E0
7.645462559E0,-9.821479321E-1,5.777456284E0,1.960192204E0,6.179479682E0
7.650480579E0,-3.495088100E0,7.763226509E0,3.094795704E0,9.058757482E0
7.655509538E0,-5.527665615E0,9.470938683E0,4.035178661E0,1.168488055E1
7.660538496E0,-6.896476269E0,1.092821026E1,4.570876122E0,1.370693521E1
7.665567454E0,-7.314814568E0,1.190404320E1,4.663609505E0,1.472963035E1
7.670596413E0,-6.541449547E0,1.220599461E1,4.041599751E0,1.442606651E1
7.675625371E0,-4.920010090E0,1.209672356E1,2.896178484E0,1.337628760E1
7.680585163E0,-3.152768135E0,1.167104244E1,1.155525684E0,1.214448098E1
7.685611725E0,-4.661083221E-2,1.047105598E1,3.598145545E-1,1.047733995E1
7.690638288E0,2.034260035E0,9.157917023E0,-4.271482229E-1,9.390852660E0
7.695664850E0,3.106256962E0,7.808906555E0,-1.255669594E0,8.497326640E0
7.700709746E0,2.967394352E0,6.797161102E0,-1.519591451E0,7.570732228E0
7.705737194E0,2.310544968E0,6.063901901E0,-1.156991601E0,6.591521363E0
7.710769329E0,1.678853750E0,5.191843987E0,3.514230251E-2,5.456649968E0
7.715797246E0,1.466653705E0,4.290252686E0,1.728163838E0,4.852204803E0
7.720825163E0,1.476827025E0,3.387457848E0,3.516088486E0,5.100859435E0
7.725840475E0,1.537003875E0,2.464159966E0,5.088964462E0,5.859353594E0
7.730867559E0,1.877215624E0,1.434477806E0,6.118977547E0,6.559234048E0
7.735894642E0,2.420982361E0,4.469699860E-1,6.670701981E0,7.110499467E0
7.740910632E0,3.121031284E0,-6.991147995E-1,7.027206421E0,7.720830775E0
7.745936986E0,3.735055447E0,-1.620564938E0,7.111436844E0,8.194473985E0
7.750963340E0,4.604246140E0,-2.632902145E0,7.047440529E0,8.820298987E0
7.755989694E0,5.514916420E0,-3.415036201E0,6.930302143E0,9.492410820E0
7.760991100E0,6.315801144E0,-4.215284824E0,6.678392410E0,1.011231405E1
7.766016204E0,6.679369926E0,-4.745723248E0,6.358683586E0,1.037153454E1
7.771041309E0,6.826259136E0,-5.130815029E0,6.062646866E0,1.047276294E1
7.776130527E0,6.987004280E0,-5.465916634E0,5.632810593E0,1.050823623E1
7.781159694E0,6.667164803E0,-5.612977028E0,5.117682934E0,1.010679357E1
7.786188861E0,6.708935738E0,-5.730002403E0,4.713339806E0,1.000291549E1
7.791189017E0,6.249785900E0,-5.573639870E0,4.146578789E0,9.344485050E0
7.796216152E0,5.882785797E0,-5.517532349E0,3.684632778E0,8.867178281E0
7.801243288E0,5.581993103E0,-5.395016670E0,3.035301208E0,8.335340743E0
7.806235944E0,5.278509140E0,-5.240552902E0,2.370479822E0,7.806742474E0
7.811260684E0,5.177739620E0,-5.063992977E0,1.703157187E0,7.440010541E0
7.816285423E0,5.105935574E0,-4.875545025E0,9.518629909E-1,7.123732205E0
7.821310840E0,5.105125427E0,-4.704411983E0,2.834503055E-1,6.947959543E0
7.826335632E0,5.102857113E0,-4.488574505E0,-9.119570255E-2,6.796673337E0
7.831363236E0,5.213372707E0,-4.199419498E0,-4.910188913E-1,6.712337794E0
7.836388288E0,5.283317566E0,-3.966001987E0,-8.513604403E-1,6.660888144E0
7.841413340E0,5.465764523E0,-3.711585522E0,-1.155722857E0,6.707171104E0
7.846438392E0,5.540947437E0,-3.421583176E0,-1.187019587E0,6.619542690E0
7.851467350E0,5.581113815E0,-3.148443222E0,-1.159174562E0,6.511928425E0
7.856492611E0,5.658123016E0,-2.863452911E0,-1.118212104E0,6.439263697E0
7.861521309E0,5.767292500E0,-2.643173218E0,-1.038627744E0,6.428590438E0
7.866546934E0,5.823005676E0,-2.415664673E0,-9.907299280E-1,6.381565381E0
7.871572559E0,5.950039864E0,-2.262216568E0,-8.730181456E-1,6.425166057E0
7.876632194E0,6.153447151E0,-2.044028282E0,-6.851339340E-1,6.520151223E0
7.881660059E0,6.400270462E0,-1.722760201E0,-5.074704289E-1,6.647472522E0
7.886680371E0,6.681240559E0,-1.308047771E0,-3.788177371E-1,6.818611827E0
7.891707454E0,7.020629406E0,-7.138009071E-1,-6.152549982E-1,7.083592853E0
7.896734538E0,7.164954185E0,-1.677227020E-2,-1.131195545E0,7.253719953E0
7.901761621E0,7.195689201E0,1.065022469E0,-1.831205606E0,7.501035256E0
7.906753184E0,7.222536087E0,2.377757072E0,-2.712167501E0,8.073079263E0
7.911778496E0,7.598208427E0,3.131272316E0,-3.709387779E0,9.016495734E0
7.916803809E0,7.215024948E0,3.236501694E0,-5.390635490E0,9.570291490E0
7.921831413E0,5.737619400E0,3.265281677E0,-7.178891659E0,9.752888098E0
7.926856882E0,3.617658377E0,3.448078156E0,-8.954291344E0,1.025456135E1
7.931882350E0,7.733135223E-1,4.453853607E0,-1.099615002E1,1.188907654E1
7.936940475E0,-2.180583000E0,5.227988243E0,-1.225670719E1,1.350235811E1
7.941968184E0,-4.289216042E0,5.291481018E0,-1.187369537E1,1.368874674E1
7.946994277E0,-5.597255707E0,4.716499329E0,-1.074696064E1,1.300276126E1
7.952021777E0,-6.763989925E0,4.308000565E0,-7.922641277E0,1.127291770E1
7.957050007E0,-7.341992378E0,3.474144936E0,-3.038813114E0,8.672307666E0
7.962077611E0,-7.982650757E0,2.619441032E0,3.070814133E0,8.945059187E0
7.967101361E0,-8.566934586E0,1.722133636E0,9.430134773E0,1.285634296E1
7.972128548E0,-9.197566986E0,9.604835510E-1,1.211727810E1,1.524290640E1
7.977151569E0,-8.687366486E0,5.717658997E-2,1.153937817E1,1.444405947E1
7.982178340E0,-8.367134094E0,-9.305567741E-1,9.661201477E0,1.281458867E1
7.987202611E0,-6.840557098E0,-2.462115288E0,6.803803921E0,9.957257700E0
7.992229121E0,-5.486660480E0,-3.393927574E0,4.342901230E0,7.777080345E0
7.997255632E0,-4.953197002E0,-3.469374657E0,2.906223774E0,6.709460312E0
8.002282142E0,-4.745596886E0,-3.241066933E0,1.912701130E0,6.056701270E0
8.007271882E0,-4.465712547E0,-2.993273735E0,9.409637451E-1,5.457809907E0
8.012296569E0,-3.795176268E0,-2.855916023E0,2.332859635E-1,4.755422334E0
8.017321257E0,-2.951153517E0,-2.805570602E0,-5.555682182E-1,4.109645913E0
8.022350944E0,-2.038949490E0,-2.665142059E0,-1.052489996E0,3.516821350E0
8.027375944E0,-1.091700792E0,-2.520677567E0,-1.281451464E0,3.031129141E0
8.032401569E0,-1.808850765E-1,-1.984716415E0,-1.591541290E0,2.550455320E0
8.037426621E0,6.412260532E-1,-7.037472725E-1,-1.891633391E0,2.117712908E0
8.042451673E0,1.355937481E0,1.828290939E0,-1.793645620E0,2.897995656E0
8.047476725E0,7.880659103E-1,4.529253006E0,-1.874400496E0,4.964731402E0
8.052509277E0,-1.419611931E0,6.164550781E0,-2.087281704E0,6.661360918E0
8.057534694E0,-2.275016785E0,8.449979782E0,-2.087705135E0,8.996464440E0
8.062560111E0,-2.718808174E0,1.064708900E1,-1.395470500E0,1.107699237E1
8.067587090E0,-2.455562115E0,1.252612782E1,-8.628197312E-1,1.279367505E1
8.072612611E0,-1.672763348E0,1.367645168E1,-6.448110342E-1,1.379344950E1
8.077642038E0,1.419050694E-1,1.318683529E1,-9.808403254E-1,1.322402396E1
8.082667923E0,2.091303110E0,1.091827869E1,-1.562073231E0,1.122597128E1
8.087694069E0,1.745303154E0,8.124242783E0,-2.684540272E0,8.732477332E0
8.092720007E0,5.466599464E-1,5.557704926E0,-1.054784775E0,5.683264208E0
8.097745944E0,5.277776718E-2,3.121781349E0,6.920785904E-1,3.198011423E0
8.102771882E0,3.224151134E-1,7.051095963E-1,1.789260387E0,1.950021482E0
8.107796204E0,1.807194710E0,-1.080632687E0,1.521313190E0,2.597713138E0
8.112822038E0,3.983394861E0,-1.700893879E0,-5.945969224E-1,4.371958384E0
8.117846725E0,5.536578178E0,-1.692773342E0,-3.347712517E0,6.687776806E0
8.122872454E0,5.743681908E0,-1.200218678E0,-4.730416298E0,7.537058119E0
8.127896934E0,5.430315971E0,-2.724170685E-1,-4.866217613E0,7.296753831E0
8.132922507E0,5.090484619E0,5.483179092E-1,-4.251420021E0,6.654942403E0
8.137948079E0,5.007547855E0,1.079339981E0,-3.345296860E0,6.118130548E0
8.142973652E0,4.952301502E0,1.310879707E0,-2.155923367E0,5.558030347E0
8.148035736E0,4.909945965E0,1.372248650E0,-1.067898273E0,5.208746726E0
8.153063184E0,4.740583420E0,1.196353912E0,-6.901265383E-1,4.937678451E0
8.158090632E0,4.739455700E0,8.072137833E-1,-7.179269791E-1,4.861013636E0
8.163080684E0,5.177913666E0,3.056974411E-1,-6.466138363E-1,5.227078563E0
8.168105632E0,5.791643143E0,-1.307744980E-1,-2.828849554E-1,5.800022083E0
8.173130579E0,6.437153816E0,-3.389673233E-1,-6.965851784E-2,6.446448666E0
8.178155996E0,7.330280781E0,-4.522924423E-1,-8.789300919E-3,7.344226442E0
8.183180996E0,7.817022324E0,-5.033721924E-1,-1.971681118E-1,7.835693769E0
8.188205996E0,7.899661064E0,-6.061525345E-1,-4.534429312E-1,7.935847549E0
8.193230996E0,7.521498680E0,-6.310911179E-1,-4.679800272E-1,7.562421814E0
8.198262715E0,6.983254433E0,-4.828262329E-1,-4.338310957E-1,7.013356761E0
8.203288027E0,6.355507851E0,-3.149271011E-1,-2.328289747E-1,6.367563777E0
8.208313079E0,5.661299229E0,-1.995067596E-1,7.709717751E-2,5.665338108E0
8.213338392E0,5.071063042E0,-5.577945709E-2,3.321738243E-1,5.082236827E0
8.218363704E0,4.755379200E0,1.158800125E-1,9.850548506E-1,4.857714748E0
8.223389017E0,4.613000393E0,4.683570862E-1,2.264013767E0,5.159931136E0
8.228418652E0,4.385024071E0,7.621278763E-1,3.527174473E0,5.678929015E0
8.233444173E0,4.238234043E0,1.073570251E0,4.386554718E0,6.193306321E0
8.238469694E0,4.124150276E0,1.364265442E0,4.942520618E0,6.580147852E0
8.243495215E0,3.980666399E0,1.605587959E0,5.401227474E0,6.899048913E0
8.248509017E0,3.612071991E0,1.850321770E0,5.634047031E0,6.943575496E0
8.253533913E0,3.396151781E0,1.978815079E0,5.808917999E0,7.013778180E0
8.258575736E0,3.260891199E0,1.972289085E0,5.704761505E0,6.860585943E0
8.263602402E0,3.226012707E0,1.998634338E0,5.274205685E0,6.497610546E0
8.268629069E0,3.115636110E0,1.957549095E0,4.324242592E0,5.677874675E0
8.273686934E0,2.925919771E0,1.868333817E0,3.445885658E0,4.891401203E0
8.278715684E0,2.749731541E0,1.607176781E0,2.635880709E0,4.134236067E0
8.283744434E0,2.673599482E0,1.418340683E0,2.324699402E0,3.816287697E0
8.288767559E0,2.621286392E0,1.268486023E0,1.961061358E0,3.510834771E0
8.293795944E0,2.549729347E0,1.047738075E0,1.701634288E0,3.239511393E0
8.298824329E0,2.172019482E0,8.902311325E-1,1.588377476E0,2.834276469E0
8.303806673E0,1.899805188E0,6.142177582E-1,1.357615471E0,2.414465360E0
8.308831986E0,1.707082033E0,2.291297913E-1,9.311530590E-1,1.957977413E0
8.313862611E0,1.660787225E0,-3.982353210E-2,4.943217039E-1,1.733249568E0
8.318888444E0,1.655648589E0,-3.456840515E-1,2.526416779E-1,1.710116233E0
8.323914277E0,1.524510980E0,-5.879011154E-1,4.872643948E-2,1.634666851E0
8.328969850E0,1.363177776E0,-8.144025803E-1,-1.501864195E-1,1.595011340E0
8.333997663E0,1.048468113E0,-9.676790237E-1,-7.488310337E-2,1.428739149E0
8.339025371E0,3.748043776E-1,-1.105489731E0,8.963513374E-2,1.170734950E0
8.344053184E0,-1.548635960E-1,-1.151734352E0,1.692881584E-1,1.174365033E0
8.349077559E0,-6.982289553E-1,-1.087762833E0,1.761246920E-1,1.304519667E0
8.354105007E0,-1.125831962E0,-9.809627533E-1,2.554137707E-1,1.514932911E0
8.359132454E0,-1.403856158E0,-9.751091003E-1,2.937974930E-1,1.734349111E0
8.364151621E0,-1.483920932E0,-1.027100563E0,2.824269533E-1,1.826669615E0
8.369178496E0,-1.456415057E0,-1.007652283E0,1.207085848E-1,1.775127743E0
8.374203184E0,-1.755862236E0,-9.596385956E-1,-1.252868176E-1,2.004907782E0
8.379229850E0,-1.922934890E0,-9.068717957E-1,-4.424597025E-1,2.171604391E0
8.384257246E0,-2.129766226E0,-7.391147614E-1,-4.926759005E-1,2.307579760E0
8.389283965E0,-2.357584000E0,-5.281009674E-1,-5.503331423E-1,2.477894169E0
8.394310684E0,-2.549606085E0,-2.498559952E-1,-7.029256821E-1,2.656505923E0
8.399338548E0,-3.017353535E0,1.452064514E-2,-9.956372380E-1,3.177408805E0
8.404365371E0,-3.848287582E0,3.848295212E-1,-2.373136759E0,4.537531174E0
8.409387923E0,-4.442356110E0,6.751546860E-1,-3.061203003E0,5.437032783E0
8.414414277E0,-4.802562237E0,8.385372162E-1,-4.022718430E0,6.320602207E0
8.419440632E0,-4.614780426E0,8.901815414E-1,-4.198871613E0,6.302312621E0
8.424466986E0,-4.262016773E0,7.589826584E-1,-3.504735470E0,5.569920319E0
8.429493027E0,-3.598904133E0,5.023965836E-1,-2.529760122E0,4.427662991E0
8.434519382E0,-2.918882608E0,2.060747147E-1,-1.497147799E0,3.286912533E0
8.439540840E0,-2.380880356E0,-7.337856293E-2,-7.639834881E-1,2.501528823E0
8.444566673E0,-1.824300528E0,-2.745923996E-1,-2.252088785E-1,1.858545786E0
8.449592507E0,-1.471586943E0,-4.844570160E-1,1.510100365E-1,1.556621586E0
8.454619954E0,-1.158905268E0,-5.696191788E-1,4.570457935E-1,1.369824181E0
8.459645892E0,-1.086839437E0,-5.545425415E-1,7.985267639E-1,1.458212051E0
8.464671829E0,-1.126684308E0,-4.206094742E-1,1.113409042E0,1.638904987E0
8.469710163E0,-1.241317749E0,-2.591943741E-1,1.344467402E0,1.848146117E0
8.474736882E0,-1.393732786E0,-5.635643005E-2,1.535175085E0,2.074229898E0
8.479763600E0,-1.480060577E0,4.890155792E-2,1.695212364E0,2.250936613E0
8.484790319E0,-1.687974572E0,1.617355347E-1,1.700260639E0,2.401312720E0
8.489817038E0,-1.875021338E0,2.150821686E-1,1.550324678E0,2.442431569E0
8.494795475E0,-2.018242359E0,2.233400345E-1,1.383977175E0,2.457351381E0
8.499820163E0,-1.913370967E0,1.149787903E-1,1.190853596E0,2.256621560E0
8.504848184E0,-1.488761663E0,-1.242341995E-1,1.009313822E0,1.802930897E0
8.509873184E0,-1.059472799E0,-3.554773331E-1,8.586707115E-1,1.409312647E0
8.514902454E0,-8.774778843E-1,-5.069942474E-1,6.480515003E-1,1.202905379E0
8.519927871E0,-9.511983991E-1,-6.027536392E-1,4.300920963E-1,1.205433348E0
8.524953288E0,-1.036224008E0,-6.379861832E-1,1.377384663E-1,1.224646255E0
8.529978704E0,-1.218917131E0,-5.647029877E-1,-1.292254925E-1,1.349573142E0
8.535036465E0,-1.509140253E0,-4.449625015E-1,-3.859148026E-1,1.620008076E0
8.540063548E0,-1.830741405E0,-2.115068436E-1,-7.291439772E-1,1.981918308E0
8.545090632E0,-2.208652258E0,1.023483276E-1,-1.078502893E0,2.460038306E0
8.550119017E0,-2.639044762E0,3.964557648E-1,-1.449671865E0,3.036985832E0
8.555146152E0,-2.936145067E0,6.998395920E-1,-1.767207146E0,3.497677001E0
8.560173288E0,-3.158082724E0,9.601287842E-1,-2.046478987E0,3.883736605E0
8.565200423E0,-3.391385317E0,1.153716087E0,-2.235932827E0,4.222789455E0
8.570220475E0,-3.688728571E0,1.218674660E0,-2.379421711E0,4.555604688E0
8.575247246E0,-3.844169378E0,1.222054482E0,-2.376393080E0,4.681698349E0
8.580273079E0,-3.867161751E0,1.178148270E0,-2.379565239E0,4.690981142E0
8.585299746E0,-3.838334084E0,1.158627510E0,-2.565373898E0,4.759870742E0
8.590326413E0,-3.914584160E0,1.268691063E0,-2.924119711E0,5.048170187E0
8.595353079E0,-4.071042061E0,1.603917122E0,-3.307805538E0,5.485208389E0
8.600344642E0,-3.890531063E0,1.872539520E0,-3.665013790E0,5.663476167E0
8.605369538E0,-3.668905497E0,2.337829590E0,-3.834123135E0,5.798863246E0
8.610397090E0,-3.835129261E0,2.817984581E0,-3.811670780E0,6.097383675E0
8.615422246E0,-3.632724762E0,3.021356583E0,-3.699071169E0,6.000700985E0
8.620451829E0,-3.545058489E0,2.905336380E0,-3.200563908E0,5.590351375E0
8.625477454E0,-3.572002649E0,2.484609604E0,-2.369079113E0,4.954293457E0
8.630503079E0,-3.589018822E0,1.706536293E0,-1.332196951E0,4.191428269E0
8.635528704E0,-3.653329849E0,9.009599686E-1,3.670871258E-1,3.780648200E0
8.640557975E0,-3.517299414E0,1.437025070E-1,2.430323124E0,4.277676479E0
8.645583757E0,-3.321293831E0,-6.618604660E-1,4.254250526E0,5.437618921E0
8.650609538E0,-3.126673222E0,-1.301540375E0,4.869056225E0,5.931087700E0
8.655662975E0,-2.495276451E0,-1.919684887E0,2.639885664E0,4.108599634E0
8.660690579E0,-1.829830170E0,-2.338338375E0,-2.815895557E0,4.092111020E0
8.665718184E0,-1.073542833E0,-2.129332066E0,-1.077959251E1,1.104020670E1
8.670745788E0,2.316530049E-1,-1.304134369E0,-1.911366081E1,1.915950049E1
8.675764538E0,1.490801096E0,-1.049776077E-1,-1.897706223E1,1.903581884E1
8.680791673E0,3.282783747E0,8.127088547E-1,-1.570662308E1,1.606658561E1
8.685818809E0,4.792736530E0,1.591852188E0,-1.164023685E1,1.268855511E1
8.690880267E0,5.701040268E0,1.939978600E0,-7.265146732E0,9.436510698E0
8.695909642E0,6.081330299E0,2.033112526E0,-3.961171627E0,7.537042219E0
8.700939017E0,6.004187107E0,1.975800514E0,-1.665105462E0,6.536560769E0
8.705968392E0,5.600587845E0,1.801168442E0,-6.814278364E-1,5.922426518E0
8.710981517E0,4.507936478E0,1.763014793E0,-1.238971949E-1,4.842010219E0
8.716010059E0,2.623733282E0,2.292525291E0,9.972119331E-2,3.485626610E0
8.721038600E0,6.984992027E-1,3.245531082E0,2.301316261E-1,3.327812150E0
8.726060475E0,-1.274275541E0,4.405359268E0,4.564865828E-1,4.608616760E0
8.731088600E0,-2.558418989E0,5.311353683E0,4.659724236E-1,5.913807232E0
8.736116725E0,-2.738173485E0,5.723249435E0,2.471083403E-1,6.349349625E0
8.741084590E0,-2.674511909E0,5.826755524E0,-1.172733307E-1,6.412319933E0
8.746108548E0,-2.177111149E0,5.273450851E0,-6.082774401E-1,5.737516735E0
8.751125371E0,-2.022751331E0,5.100904465E0,-1.763140440E0,5.763628503E0
8.756148600E0,-2.133106232E0,4.944968224E0,-2.424470425E0,5.906006245E0
8.761171829E0,-1.212935209E0,4.173403740E0,-3.134488583E0,5.358500655E0
8.766198600E0,6.951808929E-3,3.241567612E0,-3.788757086E0,4.986229955E0
8.771222090E0,1.218559504E0,2.308203697E0,-4.153045177E0,4.905147889E0
8.776251569E0,2.094854832E0,1.598851204E0,-4.237084389E0,4.989752104E0
8.781275632E0,2.590384722E0,9.559192657E-1,-4.088901997E0,4.933861995E0
8.786299694E0,2.725713968E0,4.512100220E-1,-3.359115601E0,4.349340725E0
8.791330527E0,2.836114168E0,-7.818603516E-2,-2.541037083E0,3.808743374E0
8.796355059E0,2.882897854E0,-4.364624023E-1,-1.639968872E0,3.345309756E0
8.801379590E0,2.894673347E0,-8.200883865E-1,-8.143948317E-1,3.116876272E0
8.806404121E0,2.723177195E0,-1.128669262E0,-3.143642247E-1,2.964525797E0
8.811467715E0,2.426016331E0,-1.434088230E0,2.510823607E-1,2.829347388E0
8.816494173E0,2.184281826E0,-1.679354191E0,6.792020798E-1,2.837716170E0
8.821523236E0,2.079347610E0,-1.984152317E0,1.084437370E0,3.071897022E0
8.826549954E0,2.078088284E0,-2.257408142E0,1.466551423E0,3.400752198E0
8.831576673E0,2.033172607E0,-2.527499199E0,1.730733633E0,3.676612838E0
8.836597350E0,1.983996391E0,-2.712734222E0,2.002516270E0,3.912191209E0
8.841623652E0,1.716731310E0,-2.855710983E0,2.172899723E0,3.977907090E0
8.846649954E0,1.390259504E0,-3.023124695E0,2.448453665E0,4.131226181E0
8.851673809E0,9.336271286E-1,-3.205063820E0,2.790996790E0,4.351293691E0
8.856699954E0,7.733595371E-1,-3.458572388E0,2.956699848E0,4.615396183E0
8.861727038E0,4.985616207E-1,-3.759363174E0,2.851367474E0,4.744646629E0
8.866753288E0,3.779127598E-1,-4.111913204E0,2.290184498E0,4.721820972E0
8.871779538E0,2.684724331E-1,-4.372410297E0,1.178834915E0,4.536485535E0
8.876809277E0,8.001947403E-2,-4.535939693E0,-1.132028103E-1,4.538057613E0
8.881835736E0,-1.153111458E-1,-4.650323391E0,-1.557020664E0,4.905417174E0
8.886862194E0,-2.597639561E-1,-4.624631405E0,-2.936849594E0,5.484503485E0
8.891882350E0,-5.015153885E-1,-4.463797092E0,-4.013154507E0,6.023488297E0
8.896908392E0,-7.210154533E-1,-4.301983356E0,-4.910247326E0,6.567910846E0
8.901938079E0,-8.517320156E-1,-4.058113575E0,-5.288035393E0,6.719899667E0
8.906964486E0,-1.013870478E0,-3.780406952E0,-5.332820415E0,6.615011992E0
8.911990892E0,-1.026424408E0,-3.440597534E0,-4.939074993E0,6.106203423E0
8.917017298E0,-1.019557953E0,-3.177906990E0,-4.421849728E0,5.539977100E0
8.922030684E0,-9.461083412E-1,-2.801264763E0,-3.799893618E0,4.814706302E0
8.927056413E0,-6.108338833E-1,-2.473731041E0,-3.040053844E0,3.966659889E0
8.932082142E0,-2.108914852E-1,-2.095078468E0,-2.282071590E0,3.105105433E0
8.937116934E0,1.815209389E-1,-1.588968754E0,-1.784873486E0,2.396569405E0
8.942143288E0,2.984268665E-1,-9.843163490E-1,-1.447831750E0,1.775993819E0
8.947173132E0,3.550186157E-1,-4.440574646E-1,-1.250587702E0,1.373752106E0
8.952199798E0,5.134203434E-1,1.082038879E-1,-1.269705296E0,1.373848634E0
8.957226465E0,6.438724995E-1,4.810056686E-1,-1.376422286E0,1.593887248E0
8.962253132E0,8.129973412E-1,9.183912277E-1,-1.303406715E0,1.789769871E0
8.967277142E0,1.349783182E0,1.152074814E0,-1.552543402E0,2.357876593E0
8.972303704E0,1.904196978E0,1.516897202E0,-1.868632317E0,3.068994947E0
8.977327559E0,2.236889362E0,2.003090858E0,-2.393425465E0,3.839860995E0
8.982353809E0,2.376887321E0,2.409793854E0,-3.197239161E0,4.656075387E0
8.987380788E0,2.158263683E0,2.580022812E0,-4.442512989E0,5.572301275E0
8.992407142E0,1.387967587E0,2.682782173E0,-5.599720955E0,6.362440490E0
8.997433496E0,-2.506263256E-1,2.963531494E0,-5.932287693E0,6.636065833E0
9.002459850E0,-1.989000559E0,3.236449242E0,-5.174129009E0,6.418904729E0
9.007482142E0,-3.308560371E0,3.277382851E0,-3.891262770E0,6.068750780E0
9.012508288E0,-4.637362003E0,3.125759125E0,-2.803824902E0,6.255951609E0
9.017536673E0,-5.566496372E0,2.686883926E0,-2.026220798E0,6.504675074E0
9.022563027E0,-6.100571632E0,2.090375900E0,-1.461183667E0,6.612238906E0
9.027585111E0,-6.425933838E0,1.121466637E0,-1.527581334E0,6.699538629E0
9.032611048E0,-6.581197739E0,-3.760528564E-2,-1.997760296E0,6.877835708E0
9.037637038E0,-5.899719238E0,-9.762406349E-1,-2.930410385E0,6.659357168E0
9.042662975E0,-4.577834129E0,-1.839666843E0,-4.034936905E0,6.373512002E0
9.047686517E0,-3.416246414E0,-2.508841515E0,-5.037098408E0,6.583113676E0
9.052712194E0,-2.668614864E0,-2.816724777E0,-5.841423988E0,7.012679800E0
9.057737871E0,-2.119932890E0,-2.921841621E0,-6.013843060E0,7.014098820E0
9.062768704E0,-1.694740534E0,-2.786717415E0,-5.929895878E0,6.767688272E0
9.067794694E0,-1.293909311E0,-2.512710571E0,-5.658268452E0,6.324865026E0
9.072822975E0,-5.937762260E-1,-2.115043640E0,-5.151586056E0,5.600430224E0
9.077849225E0,4.429090023E-1,-1.407660961E0,-4.638816833E0,4.867884487E0
9.082875475E0,1.600900888E0,-3.419876099E-3,-4.323950291E0,4.610796186E0
9.087900371E0,2.742436409E0,2.355535507E0,-4.119136333E0,5.480582918E0
9.092926517E0,3.438621521E0,5.123513222E0,-3.669356823E0,7.179044866E0
9.097952663E0,2.848860264E0,6.626417160E0,-2.768059969E0,7.725772788E0
9.102978809E0,1.380488396E0,6.894154549E0,-9.695885777E-1,7.097550082E0
9.108003288E0,-8.848810196E-2,6.519783974E0,1.487947464E0,6.688004251E0
9.113029329E0,-1.160021782E0,5.918293953E0,3.604421377E0,7.025931064E0
9.118057298E0,-1.416846275E0,5.035724640E0,4.822625160E0,7.115032639E0
9.123083548E0,-6.466937065E-1,3.632240295E0,4.986123562E0,6.202645443E0
9.128107767E0,6.661083698E-1,1.866233826E0,4.666576862E0,5.069858841E0
9.133133809E0,2.196437120E0,2.167854309E-1,4.550791264E0,5.057769575E0
9.138159850E0,3.366301537E0,-1.224821568E0,4.224071026E0,5.538497083E0
9.143185892E0,4.104476452E0,-2.759954453E0,2.686509609E0,5.628624113E0
9.148232454E0,4.383104801E0,-4.120420933E0,6.196204424E-1,6.047595047E0
9.153259486E0,4.334229946E0,-5.257493973E0,-1.669995904E0,7.015388686E0
9.158286517E0,4.209644318E0,-5.715926170E0,-3.061155796E0,7.730691565E0
9.163313548E0,4.322748184E0,-5.390260696E0,-3.159967184E0,7.597792761E0
9.168317454E0,4.301366329E0,-4.309601307E0,-2.207930803E0,6.476833652E0
9.173343340E0,4.016042709E0,-2.814587593E0,-9.495863914E-1,4.995219382E0
9.178369225E0,3.260629654E0,-1.188141346E0,7.607968152E-2,3.471191973E0
9.183393444E0,2.670068264E0,3.585186005E-1,5.365934372E-1,2.746949697E0
9.188419173E0,2.156737804E0,1.868107796E0,9.171521664E-1,2.997084048E0
9.193444902E0,2.021084785E0,3.230504036E0,1.124146104E0,3.972989366E0
9.198469382E0,2.114631653E0,4.527431488E0,1.242439508E0,5.149073590E0
9.203495059E0,2.208434582E0,5.587299347E0,1.376506925E0,6.163592184E0
9.208523965E0,2.504421234E0,6.401368141E0,1.258278251E0,6.988054375E0
9.213549954E0,2.396419525E0,7.075795174E0,1.232174039E0,7.571522749E0
9.218575944E0,2.062249422E0,7.500933647E0,1.312887907E0,7.889268212E0
9.223570007E0,1.622048259E0,7.548097610E0,1.466930270E0,7.858543282E0
9.228593861E0,1.265867472E0,7.112065315E0,1.436359644E0,7.365257805E0
9.233617715E0,1.108592987E0,5.992717743E0,1.279062986E0,6.227170022E0
9.238641569E0,1.193403482E0,4.516296387E0,8.373246193E-1,4.745762051E0
9.243668809E0,1.291225076E0,3.070924759E0,5.271806121E-1,3.372797128E0
9.248692819E0,1.264539599E0,1.728692055E0,5.198472142E-1,2.204014007E0
9.253716829E0,1.162050128E0,5.614137650E-1,7.424466014E-1,1.488883095E0
9.258785371E0,9.692264795E-1,-4.216775894E-1,1.117028117E0,1.537843871E0
9.263812350E0,6.784927845E-1,-1.172456741E0,1.695464015E0,2.170162550E0
9.268838288E0,2.991127968E-1,-1.724849224E0,2.262501001E0,2.860678957E0
9.273865163E0,5.597877502E-2,-2.150850773E0,2.808667183E0,3.538065010E0
9.278892038E0,-2.325460911E-1,-2.417070866E0,3.080103636E0,3.922161096E0
9.283913861E0,-4.131534100E-1,-2.552330494E0,3.440136194E0,4.303443241E0
9.288940371E0,-5.818102360E-1,-2.599840641E0,3.629989862E0,4.502721500E0
9.293966882E0,-6.427736282E-1,-2.564396381E0,4.008162498E0,4.801526148E0
9.298959694E0,-4.714908600E-1,-2.436391354E0,4.412478924E0,5.062437823E0
9.303984017E0,-2.983169556E-1,-2.177715778E0,4.695014477E0,5.184071754E0
9.309012611E0,-5.576527119E-2,-1.893640995E0,4.963496208E0,5.312746991E0
9.314037350E0,2.751599550E-1,-1.694320202E0,5.010430336E0,5.296304948E0
9.319061048E0,7.281819582E-1,-1.598899364E0,4.838681221E0,5.147772732E0
9.324085684E0,1.322866917E0,-1.597829342E0,4.551227093E0,5.001670075E0
9.329110319E0,1.830318332E0,-1.648079395E0,4.188139915E0,4.858677479E0
9.334134954E0,2.069451332E0,-1.654113293E0,3.783939362E0,4.619190047E0
9.339193288E0,2.011801004E0,-1.597063541E0,3.395927429E0,4.257966456E0
9.344219590E0,1.786750674E0,-1.438982010E0,2.967056513E0,3.750542834E0
9.349247715E0,1.488576651E0,-1.266421318E0,2.539578438E0,3.204550209E0
9.354274225E0,1.121058226E0,-1.012663841E0,2.084087372E0,2.574039583E0
9.359305371E0,7.881753445E-1,-7.066850662E-1,1.723891973E0,2.022974961E0
9.364332298E0,5.942376256E-1,-4.299640656E-1,1.419972301E0,1.598220507E0
9.369359121E0,4.381139278E-1,-8.686065674E-2,1.238631129E0,1.316698774E0
9.374386048E0,2.334122658E-1,2.316722870E-1,1.102759480E0,1.150752713E0
9.379412975E0,2.270889282E-2,4.156160355E-1,8.972564936E-1,9.891014094E-1
9.384437194E0,-2.185435295E-1,6.324691772E-1,7.223221064E-1,9.846460074E-1
9.389463965E0,-4.476491213E-1,7.674045563E-1,4.867902994E-1,1.013047030E0
9.394487819E0,-7.221913338E-1,8.635540009E-1,3.964486122E-1,1.193506321E0
9.399514277E0,-9.756652117E-1,9.113464355E-1,2.264279127E-1,1.354158237E0
9.404540736E0,-1.112629890E0,8.342733383E-1,-4.662108421E-2,1.391449173E0
9.409567194E0,-1.247851729E0,6.899299622E-1,-2.933710217E-1,1.455748552E0
9.414590319E0,-1.342527986E0,4.785194397E-1,-5.474418998E-1,1.526779251E0
9.419616621E0,-1.650008440E0,3.484382629E-1,-6.127690673E-1,1.794275064E0
9.424643288E0,-1.969442129E0,3.235464096E-1,-7.242216468E-1,2.123177235E0
9.429669590E0,-1.924007416E0,1.359252930E-1,-8.201751709E-1,2.095940727E0
9.434692663E0,-1.844238043E0,-1.231746674E-1,-9.780254364E-1,2.091152723E0
9.439718652E0,-1.767996073E0,-2.908897400E-1,-1.121585846E0,2.113854717E0
9.444744642E0,-1.804405570E0,-3.863496780E-1,-1.308076382E0,2.261903923E0
9.449770632E0,-1.747038603E0,-6.056413651E-1,-1.647289753E0,2.476390291E0
9.454770736E0,-1.695292711E0,-8.480873108E-1,-1.818468094E0,2.626803318E0
9.459795423E0,-1.792485118E0,-9.032058716E-1,-2.242691994E0,3.009726088E0
9.464820111E0,-1.922673464E0,-9.338226318E-1,-2.369322777E0,3.190985487E0
9.469845996E0,-2.037843943E0,-9.638929367E-1,-2.581269264E0,3.427075801E0
9.474870788E0,-2.147341490E0,-1.031695366E0,-2.734863758E0,3.626975403E0
9.479895579E0,-2.160094023E0,-1.108442307E0,-2.821047068E0,3.721956084E0
9.484920371E0,-2.209798098E0,-1.218028069E0,-2.978755951E0,3.903816981E0
9.489945632E0,-2.410920143E0,-1.226429939E0,-3.108172894E0,4.120364677E0
9.494970423E0,-2.701110840E0,-1.138478279E0,-3.205370903E0,4.343562499E0
9.499995215E0,-3.090391636E0,-9.829187393E-1,-3.419350147E0,4.712600677E0
9.505056465E0,-3.522262573E0,-7.740774155E-1,-3.722080708E0,5.182606899E0
9.510083704E0,-3.896121502E0,-5.023307800E-1,-3.884770393E0,5.524811307E0
9.515110944E0,-4.327819347E0,-2.488994598E-1,-4.181049347E0,6.022719061E0
9.520139329E0,-4.631512642E0,5.818367004E-2,-4.291340828E0,6.314261698E0
9.525166673E0,-4.750495434E0,3.568840027E-1,-4.245314598E0,6.381008470E0
9.530194017E0,-4.651559830E0,5.995550156E-1,-4.034001350E0,6.186246193E0
9.535212090E0,-4.386729717E0,8.005981445E-1,-3.680876255E0,5.782145364E0
9.540238809E0,-4.122792244E0,8.595685959E-1,-3.094386578E0,5.226040791E0
9.545256465E0,-3.714722157E0,8.576889038E-1,-2.584172249E0,4.605728734E0
9.550282246E0,-3.467561245E0,8.664989471E-1,-2.010094166E0,4.100643848E0
9.555308027E0,-3.226662636E0,7.995452881E-1,-1.571716905E0,3.677080154E0
9.560322090E0,-2.919203997E0,6.996192932E-1,-1.320407867E0,3.279435327E0
9.565347090E0,-2.745754004E0,4.661951065E-1,-1.203245401E0,3.033859328E0
9.570363600E0,-2.442802429E0,1.853952408E-1,-1.153081179E0,2.707628355E0
9.575387767E0,-1.862251282E0,-1.857528687E-1,-1.084218502E0,2.162871639E0
9.580411934E0,-1.152351975E0,-6.567106247E-1,-9.636715651E-1,1.639465402E0
9.585442507E0,-4.945858717E-1,-9.548473358E-1,-6.815679073E-1,1.273139204E0
9.590467090E0,-1.700830460E-2,-1.190745354E0,-1.941443682E-1,1.206588503E0
9.595491673E0,3.815143108E-1,-1.293117523E0,4.324662685E-1,1.415886002E0
9.600537559E0,4.573432207E-1,-1.257787704E0,1.046520948E0,1.698940501E0
9.605563548E0,2.632730007E-1,-1.119003296E0,1.621557474E0,1.987694567E0
9.610589538E0,-1.919103265E-1,-8.580446243E-1,2.020217180E0,2.203258407E0
9.615615527E0,-6.989045739E-1,-5.757064819E-1,2.473434210E0,2.633967036E0
9.620645215E0,-1.149588585E0,-7.602119446E-2,2.915097237E0,3.134505549E0
9.625671413E0,-1.512108445E0,3.679456711E-1,3.250751257E0,3.604058782E0
9.630697611E0,-1.993561745E0,9.140863419E-1,3.456984997E0,4.093969655E0
9.635732402E0,-2.246133804E0,1.438038826E0,3.385799885E0,4.310071182E0
9.640759173E0,-2.572493076E0,1.992719650E0,3.065603018E0,4.470634641E0
9.645785944E0,-2.839381456E0,2.540205956E0,2.576954842E0,4.599503191E0
9.650777298E0,-3.128842115E0,2.956759453E0,1.942106485E0,4.722695951E0
9.655801725E0,-3.508841515E0,3.281299591E0,1.198199272E0,4.951219777E0
9.660826152E0,-3.966078758E0,3.581531525E0,5.540053844E-1,5.372529269E0
9.665857298E0,-4.309771538E0,3.714350700E0,-1.062636375E-1,5.690502947E0
9.670882142E0,-4.596985817E0,3.790087700E0,-4.770196676E-1,5.977005198E0
9.675910111E0,-4.989671230E0,4.076472282E0,-6.824228764E-1,6.479208766E0
9.680935267E0,-5.156138897E0,4.434270859E0,-7.841765881E-1,6.845689103E0
9.685961986E0,-5.339139938E0,4.719635010E0,-1.001627922E0,7.196153723E0
9.690987298E0,-5.484366894E0,4.879876137E0,-1.444478512E0,7.481843991E0
9.696012611E0,-5.432795525E0,4.690440178E0,-2.108407974E0,7.480700533E0
9.701039850E0,-5.331674099E0,4.218927383E0,-3.396432877E0,7.600121923E0
9.706065319E0,-5.199816704E0,3.609768867E0,-5.110059261E0,8.135184736E0
9.711090788E0,-5.142393589E0,2.849600792E0,-6.406651497E0,8.695379227E0
9.716118184E0,-4.972425938E0,1.958216667E0,-7.070067406E0,8.862589088E0
9.721143757E0,-4.780237675E0,1.217969894E0,-6.394742012E0,8.076314029E0
9.726166934E0,-4.564632416E0,5.754528046E-1,-5.131570816E0,6.892026847E0
9.731192246E0,-4.491934776E0,1.157112122E-1,-4.181552410E0,6.138098051E0
9.736217559E0,-4.408969879E0,-6.260643005E-1,-1.163899660E0,4.602785496E0
9.741242871E0,-3.967975616E0,-1.708368778E0,5.946048737E0,7.349751693E0
9.746272350E0,-3.028715611E0,-3.225715637E0,8.986627579E0,1.001687750E1
9.751297871E0,-2.243560076E0,-4.463528633E0,4.591632843E0,6.785259158E0
9.756334173E0,-1.962323070E0,-5.258231640E0,-3.182265759E0,6.451862302E0
9.761360788E0,-1.584102869E0,-5.830380917E0,-9.189370155E0,1.099760189E1
9.766387402E0,-1.158694267E0,-6.061883926E0,-1.108226395E1,1.268485646E1
9.771414017E0,-6.037448049E-1,-6.118894577E0,-1.048986530E1,1.215905641E1
9.776461204E0,2.053397894E-2,-5.733422756E0,-9.156037331E0,1.080303558E1
9.781488861E0,6.203157306E-1,-5.030110836E0,-7.691886425E0,9.211510376E0
9.786516465E0,1.233097315E0,-4.042811394E0,-5.960040092E0,7.306636084E0
9.791544069E0,1.710341930E0,-2.618688107E0,-4.263113976E0,5.287432050E0
9.796571673E0,1.884269953E0,-9.922761917E-1,-3.247692585E0,3.883631345E0
9.801599277E0,1.989021778E0,7.314901352E-1,-2.292719841E0,3.122154660E0
9.806589225E0,1.448574066E0,2.294941902E0,-1.185979962E0,2.961701138E0
9.811614954E0,4.879119992E-2,3.565026283E0,-7.242082059E-2,3.566095590E0
9.816640684E0,-1.985949516E0,4.896601677E0,9.390004873E-1,5.366789113E0
9.821665579E0,-4.432100296E0,6.562284470E0,2.073766470E0,8.185816872E0
9.826691257E0,-5.771373749E0,7.910689354E0,3.622399330E0,1.044076328E1
9.831716934E0,-6.450510025E0,8.907715797E0,4.031754971E0,1.171373247E1
9.836772611E0,-6.514780045E0,9.724953651E0,4.677058220E0,1.260523527E1
9.841800319E0,-5.293469429E0,9.911589622E0,5.362378597E0,1.245052335E1
9.846828027E0,-3.612133503E0,9.443950653E0,5.183232307E0,1.136228892E1
9.851855944E0,-1.409549713E0,8.705306053E0,4.808722496E0,1.004455056E1
9.856883652E0,3.623913527E-1,7.892401695E0,4.305487156E0,8.997697020E0
9.861905996E0,1.871245265E0,7.268786430E0,4.045964241E0,8.526818964E0
9.866933184E0,2.938907146E0,6.327726364E0,3.891062737E0,7.988595958E0
9.871960371E0,3.122851133E0,5.356816292E0,3.051615000E0,6.910863484E0
9.876987559E0,2.964610815E0,4.575933456E0,2.307073593E0,5.920360871E0
9.881981882E0,2.385793209E0,3.935895920E0,1.385907412E0,4.806664673E0
9.887007402E0,2.365870953E0,3.210886955E0,-3.256464005E-1,4.001647908E0
9.892029225E0,2.480589867E0,2.619603157E0,-1.810279489E0,4.036428943E0
9.897054382E0,2.198477268E0,1.864766121E0,-2.140886068E0,3.590828336E0
9.902081100E0,1.675958395E0,1.204174042E0,-2.153823376E0,2.982922526E0
9.907106413E0,1.676436424E0,5.509700775E-1,-1.445384741E0,2.281040149E0
9.912131725E0,1.615175843E0,-6.642341614E-2,9.066963196E-2,1.619081856E0
9.917157038E0,1.803280115E0,-6.765069962E-1,1.772537589E0,2.617512253E0
9.922210840E0,2.189102888E0,-1.226063251E0,3.167585135E0,4.040915507E0
9.927237559E0,2.653671980E0,-1.700546741E0,4.277224541E0,5.313048463E0
9.932264277E0,3.280222416E0,-2.271686077E0,5.077540398E0,6.457695659E0
9.937290996E0,3.807037354E0,-2.857771873E0,5.797317505E0,7.501285473E0
9.942331621E0,4.178668976E0,-3.305395126E0,5.640984535E0,7.759356795E0
9.947359017E0,4.740464687E0,-3.781829834E0,6.905045033E0,9.189879719E0
9.952386413E0,4.838755608E0,-3.880195618E0,6.644092560E0,9.089193573E0
9.957368236E0,5.043280602E0,-4.342073917E0,4.779143333E0,8.193198163E0
9.962392611E0,5.133817673E0,-4.506117344E0,4.326579571E0,8.085818956E0
9.967416986E0,4.932955265E0,-4.377413273E0,4.301565170E0,7.873960727E0
9.972441361E0,4.598377705E0,-4.234163761E0,3.955615997E0,7.397304792E0
9.977527559E0,4.349890709E0,-3.981039524E0,3.579602003E0,6.898099403E0
9.982555059E0,4.013242245E0,-3.604685783E0,3.159003258E0,6.251333817E0
9.987561152E0,3.812749863E0,-3.263504028E0,2.520361423E0,5.616025442E0
9.992586465E0,3.651993513E0,-2.953045845E0,1.911731958E0,5.070725339E0
9.997611777E0,3.597285986E0,-2.620962143E0,1.533622265E0,4.707643388E0
1.000264688E1,3.686470270E0,-2.458699226E0,1.184861660E0,4.586846639E0
1.000767282E1,3.761147738E0,-2.408674240E0,9.338129759E-1,4.562888402E0
1.001269876E1,3.950514317E0,-2.417978287E0,7.292489409E-1,4.688815029E0
1.001767772E1,4.316801071E0,-2.505438805E0,6.493654847E-1,5.033256463E0
1.002270042E1,4.550325394E0,-2.632136345E0,6.600455046E-1,5.298043318E0
1.002772313E1,4.785744190E0,-2.735539436E0,7.284529805E-1,5.560320783E0
1.003279022E1,4.942266941E0,-2.858527184E0,7.585085630E-1,5.759558613E0
1.003781589E1,5.135142803E0,-2.948249817E0,6.172232032E-1,5.953388369E0
1.004284157E1,5.293015003E0,-2.999835014E0,4.810261428E-1,6.102983212E0
1.004787449E1,5.244080067E0,-3.056242943E0,3.209500015E-1,6.078158074E0
1.005290063E1,5.165425301E0,-3.002748489E0,9.395632148E-2,5.975528832E0
1.005792225E1,5.104400158E0,-2.911458969E0,-7.541626692E-2,5.876834345E0
1.006294792E1,4.993725777E0,-2.710829735E0,-1.537770927E-1,5.684148342E0
1.006797360E1,5.210412502E0,-2.453983307E0,-2.598981857E-1,5.765238901E0
1.007297105E1,5.811007500E0,-2.112493515E0,-4.976960719E-1,6.203074914E0
1.007799490E1,6.383961201E0,-1.772483349E0,-9.868223071E-1,6.698542834E0
1.008301876E1,6.704636097E0,-1.233067036E0,-1.745688558E0,7.037046827E0
1.008807407E1,6.959329128E0,-3.895530701E-1,-2.721413612E0,7.482653644E0
1.009310011E1,6.984778404E0,9.533882141E-1,-3.485323906E0,7.864067724E0
1.009812615E1,7.061032295E0,2.162673950E0,-4.071825027E0,8.432976624E0
1.010315641E1,6.632125854E0,2.180898666E0,-6.438707829E0,9.497282287E0
1.010818272E1,5.028573036E0,2.135475159E0,-8.487391472E0,1.009369184E1
1.011320943E1,2.388901711E0,2.645235062E0,-1.071903992E1,1.129610272E1
1.011823579E1,-6.507842541E-1,3.780903816E0,-1.342430973E1,1.396176370E1
1.012326214E1,-3.652524233E0,5.530936241E0,-1.545283699E1,1.681434982E1
1.012828850E1,-5.603797913E0,6.850998878E0,-1.483211613E1,1.727224379E1
1.013331063E1,-7.330963135E0,7.072530746E0,-1.159208107E1,1.543178717E1
1.013833678E1,-8.576293945E0,6.255907059E0,-5.383358479E0,1.190250980E1
1.014336292E1,-9.272725105E0,4.519547462E0,2.541106701E0,1.062388646E1
1.014837954E1,-9.983356476E0,3.072797775E0,1.041583061E1,1.475123792E1
1.015340501E1,-1.116253090E1,2.281054497E0,1.313114643E1,1.738482995E1
1.015844027E1,-1.199262905E1,1.483578682E0,1.235548401E1,1.728242293E1
1.016346673E1,-1.122022629E1,1.384496689E-1,9.227811813E0,1.452808167E1
1.016849318E1,-8.562738419E0,-1.376828671E0,5.074139118E0,1.004803634E1
1.017351964E1,-6.406156063E0,-2.187638283E0,1.648406148E0,6.967197398E0
1.017854350E1,-5.015231133E0,-2.601819992E0,-6.226024032E-1,5.684157311E0
1.018356980E1,-4.166136742E0,-2.634908676E0,-2.412956238E0,5.488332797E0
1.018859610E1,-3.654724121E0,-2.575158119E0,-3.462217808E0,5.654679468E0
1.019359183E1,-3.234862328E0,-2.466990471E0,-4.097254276E0,5.773895467E0
1.019861610E1,-2.764799118E0,-2.292161942E0,-4.261405945E0,5.572943671E0
1.020364037E1,-2.064982891E0,-2.137886047E0,-4.112014771E0,5.073793114E0
1.020869433E1,-1.126780987E0,-2.023674965E0,-3.605599165E0,4.285468597E0
1.021372058E1,-9.002542496E-2,-1.978696823E0,-2.646094561E0,3.305323300E0
1.021874683E1,8.592782021E-1,-1.878321648E0,-1.448957086E0,2.523079047E0
1.022378152E1,2.051453352E0,-1.598278522E0,-2.908236682E-1,2.616779222E0
1.022880834E1,3.247524261E0,-1.196090221E0,3.705189526E-1,3.480564601E0
1.023383022E1,4.414989471E0,-1.310997009E-1,5.026308298E-1,4.445442263E0
1.023885652E1,4.985498905E0,2.083942413E0,5.132017136E-1,5.427834864E0
1.024388282E1,4.257750034E0,5.251803398E0,9.503457546E-1,6.827373678E0
1.024890829E1,1.337935925E0,7.787400246E0,1.655459523E0,8.073055268E0
1.025393454E1,-1.480373859E0,9.100516319E0,2.292512655E0,9.500869345E0
1.025896079E1,-2.429181099E0,1.036095047E1,2.496111155E0,1.093072671E1
1.026398985E1,-2.378945827E0,1.084539700E1,2.640075207E0,1.141280055E1
1.026901626E1,-1.311676979E0,1.033053970E1,2.186374187E0,1.064052532E1
1.027404266E1,1.352180004E0,8.690285683E0,1.034794331E0,8.855521177E0
1.027906667E1,4.621410847E0,6.465147972E0,-4.429767430E-1,7.959384707E0
1.028409292E1,5.466318607E0,5.004092216E0,-4.905116081E0,8.887167254E0
1.028911636E1,2.828736305E0,4.462248802E0,-5.128882885E0,7.363345239E0
1.029414230E1,-8.309602737E-2,3.623835564E0,6.058882475E-1,3.675076831E0
1.029916824E1,-1.472821712E0,1.981393814E0,4.175294876E0,4.850588886E0
1.030421615E1,-1.230592728E0,1.421890259E-1,5.653603554E0,5.787729203E0
1.030924355E1,8.508653641E-1,-1.281972408E0,5.385032654E0,5.600535850E0
1.031427094E1,2.876191616E0,-2.081673622E0,2.502780914E0,4.343933193E0
1.031931584E1,4.359619141E0,-2.343485832E0,-7.723349333E-1,5.009461662E0
1.032434443E1,5.203409195E0,-2.182454109E0,-2.822596073E0,6.309169659E0
1.032937303E1,5.271684647E0,-1.589455128E0,-4.162425518E0,6.902377330E0
1.033440162E1,4.809923172E0,-6.515645981E-1,-4.292975426E0,6.479933283E0
1.033943022E1,4.328926086E0,2.520313263E-1,-3.738056898E0,5.725049364E0
1.034443350E1,3.769180775E0,1.139430046E0,-2.771860600E0,4.815416464E0
1.034946105E1,3.635330200E0,1.679489136E0,-1.595555663E0,4.310696846E0
1.035446803E1,3.681848049E0,1.852899551E0,-7.775809765E-1,4.194505213E0
1.035949350E1,4.103939056E0,1.545178413E0,-4.470807910E-1,4.407921658E0
1.036450495E1,4.758000851E0,1.278662682E0,-4.232594371E-1,4.944967027E0
1.036952902E1,5.247891426E0,9.632921219E-1,-4.112797379E-1,5.351396748E0
1.037455308E1,5.598424435E0,5.759334564E-1,-7.004091740E-1,5.671386824E0
1.037958209E1,5.833981514E0,1.315956116E-1,-1.101749778E0,5.938561297E0
1.038460647E1,5.949908257E0,-1.444692612E-1,-1.393422842E0,6.112602297E0
1.038962610E1,5.659111023E0,-1.805438995E-1,-1.855685115E0,5.958330380E0
1.039465001E1,5.353152275E0,-1.684379578E-1,-1.892930984E0,5.680475186E0
1.039967391E1,4.964110374E0,-1.467027664E-1,-1.589303493E0,5.214383866E0
1.040469782E1,4.390924931E0,-3.429126740E-2,-7.409716845E-1,4.453137846E0
1.040974188E1,3.857859612E0,1.205167770E-1,3.885469139E-1,3.879249126E0
1.041476678E1,3.254752159E0,3.319091797E-1,1.517336249E0,3.606367232E0
1.041979167E1,2.394515991E0,5.851869583E-1,2.564972162E0,3.557419402E0
1.042481605E1,1.768807411E0,7.412014008E-1,3.784989834E0,4.243136483E0
1.042984089E1,1.481612086E0,8.572349548E-1,5.133392334E0,5.411260759E0
1.043487110E1,1.436837792E0,8.138713837E-1,6.236650467E0,6.451565587E0
1.043989646E1,1.515230894E0,7.599086761E-1,6.945497990E0,7.149358585E0
1.044492183E1,1.588316679E0,7.005596161E-1,7.449541092E0,7.649130417E0
1.044994719E1,1.685779572E0,7.510356903E-1,7.546952724E0,7.769324475E0
1.045494219E1,1.832977176E0,8.543310165E-1,7.171618938E0,7.451295526E0
1.045996605E1,2.063423872E0,8.143854141E-1,6.267703056E0,6.648687335E0
1.046498990E1,2.230558157E0,7.753772736E-1,5.344525814E0,5.842992023E0
1.047001376E1,2.211422205E0,8.620119095E-1,4.493561268E0,5.081884057E0
1.047507751E1,2.087740183E0,8.924531937E-1,3.748381138E0,4.382407207E0
1.048010339E1,1.861476898E0,8.289213181E-1,3.277089119E0,3.858953211E0
1.048513183E1,1.546422482E0,7.813720703E-1,2.973209858E0,3.441212237E0
1.049015798E1,1.434067249E0,4.724283218E-1,2.418372393E0,2.851010772E0
1.049518412E1,1.212835670E0,1.989345551E-1,1.913111210E0,2.273882103E0
1.050017402E1,9.836134315E-1,4.709053040E-2,1.447771788E0,1.750930053E0
1.050519772E1,7.161682844E-1,-2.368745804E-1,1.055293322E0,1.297170217E0
1.051022120E1,5.350748301E-1,-5.188255310E-1,1.077212334E0,1.309912752E0
1.051524485E1,3.442901373E-1,-7.463130951E-1,1.080954552E0,1.357932869E0
1.052026850E1,-1.331576109E-1,-8.525314331E-1,9.687525630E-1,1.297313502E0
1.052529214E1,-6.915235519E-1,-8.139877319E-1,9.536557794E-1,1.431865984E0
1.053033053E1,-1.125990272E0,-7.555665970E-1,1.013414025E0,1.692850543E0
1.053535495E1,-1.379176259E0,-7.253618240E-1,9.394044876E-1,1.819548768E0
1.054037938E1,-1.508943200E0,-6.852922440E-1,7.086529732E-1,1.802421726E0
1.054540381E1,-1.548717022E0,-7.023944855E-1,5.748975277E-1,1.795101556E0
1.055046688E1,-1.489192009E0,-7.957487106E-1,2.600908279E-1,1.708378204E0
1.055549324E1,-1.452990532E0,-9.316644669E-1,-2.497830391E-1,1.744010244E0
1.056051787E1,-1.497263670E0,-1.023819923E0,-6.454872489E-1,1.925268688E0
1.056554402E1,-1.516151428E0,-1.086487770E0,-9.712857008E-1,2.102989953E0
1.057057016E1,-1.495235443E0,-1.100475311E0,-1.118325949E0,2.167355040E0
1.057556344E1,-1.429613590E0,-1.065837860E0,-1.292809486E0,2.202535296E0
1.058058740E1,-1.521321654E0,-9.491138458E-1,-1.414468288E0,2.283847019E0
1.058562089E1,-1.650330544E0,-8.413028717E-1,-1.483185410E0,2.373019255E0
1.059064579E1,-1.744526863E0,-6.850681305E-1,-1.570421815E0,2.445182406E0
1.059567068E1,-1.856559277E0,-4.949064255E-1,-1.680626988E0,2.552695006E0
1.060069558E1,-2.139218807E0,-2.279081345E-1,-1.736902833E0,2.764964859E0
1.060572048E1,-2.434505701E0,1.529788971E-2,-1.949434996E0,3.118869801E0
1.061074537E1,-2.795408487E0,2.490329742E-1,-2.303680420E0,3.630877237E0
1.061582084E1,-3.108159542E0,3.729820251E-1,-2.542047024E0,4.032589044E0
1.062084745E1,-3.415014744E0,4.494724274E-1,-2.813075542E0,4.447217689E0
1.062587407E1,-3.736249447E0,4.787321091E-1,-3.026844978E0,4.832239117E0
1.063085178E1,-4.004670620E0,4.178466797E-1,-3.169389248E0,5.124159524E0
1.063587511E1,-4.193609715E0,3.532810211E-1,-3.184547424E0,5.277547936E0
1.064089844E1,-4.192877769E0,2.563810349E-1,-3.086705685E0,5.212840608E0
1.064598313E1,-3.950647593E0,1.081571579E-1,-2.928680420E0,4.918992109E0
1.065101063E1,-3.732198954E0,4.699897766E-2,-2.723309278E0,4.620382166E0
1.065603813E1,-3.355363607E0,-7.560920715E-2,-2.565684795E0,4.224561535E0
1.066104225E1,-2.947626591E0,-2.120609283E-1,-2.392779112E0,3.802481326E0
1.066606818E1,-2.656326532E0,-2.668895721E-1,-2.271245718E0,3.505118800E0
1.067106167E1,-2.704302549E0,-2.309942245E-1,-2.195617437E0,3.491038032E0
1.067608433E1,-2.637367725E0,-2.670497894E-1,-2.199874878E0,3.444774824E0
1.068110699E1,-2.512636662E0,-3.464317322E-1,-2.283837557E0,3.413102976E0
1.068612964E1,-2.253644228E0,-4.594745636E-1,-2.299824715E0,3.252571736E0
1.069121146E1,-2.004710197E0,-6.011781693E-1,-2.282261372E0,3.096610265E0
1.069623709E1,-1.382132769E0,-7.956447601E-1,-2.135315418E0,2.665129173E0
1.070126272E1,-7.495267391E-1,-9.854574203E-1,-1.845080137E0,2.221989508E0
1.070628834E1,-3.400928378E-1,-1.094458580E0,-1.458840013E0,1.855186488E0
1.071135907E1,-2.150389552E-1,-1.046592712E0,-9.901454449E-1,1.456703834E0
1.071638688E1,-4.501494169E-1,-8.856315613E-1,-5.712658167E-1,1.146002789E0
1.072141469E1,-8.689497709E-1,-6.309947968E-1,-1.056969166E-1,1.079073666E0
1.072644251E1,-1.381795049E0,-2.924642563E-1,1.778564453E-1,1.423560962E0
1.073140230E1,-1.966305733E0,1.058683395E-1,4.431650639E-1,2.018405711E0
1.073642647E1,-2.456359386E0,4.970884323E-1,6.329784393E-1,2.584852036E0
1.074145063E1,-2.882337570E0,9.243574142E-1,7.476408482E-1,3.117895658E0
1.074647699E1,-3.255013943E0,1.378197670E0,7.490019798E-1,3.613246262E0
1.075150131E1,-3.523060322E0,1.758458138E0,6.269865036E-1,3.987134451E0
1.075653761E1,-3.725885391E0,2.032105446E0,4.095540047E-1,4.263731813E0
1.076156318E1,-3.773667574E0,2.223654747E0,1.671280861E-1,4.383279502E0
1.076658876E1,-3.709980011E0,2.304854393E0,-8.232879639E-2,4.368418877E0
1.077163579E1,-3.449131727E0,2.252333641E0,-3.116525412E-1,4.131179469E0
1.077666277E1,-3.201704264E0,2.047473907E0,-4.315108061E-1,3.824821717E0
1.078168829E1,-2.909633160E0,1.652263641E0,-3.756500483E-1,3.367054087E0
1.078671511E1,-2.744057655E0,1.363295555E0,-3.019343615E-1,3.078894533E0
1.079171912E1,-2.579590797E0,1.204222679E0,-2.150274515E-1,2.854939185E0
1.079674365E1,-2.515620947E0,1.313281059E0,-2.193430662E-1,2.846254955E0
1.080176818E1,-2.727816105E0,1.756788254E0,-4.048110247E-1,3.269733573E0
1.080679272E1,-2.890186548E0,2.261665344E0,-5.224046707E-1,3.706914492E0
1.081186636E1,-2.892591953E0,2.698649406E0,-9.354819059E-1,4.065085881E0
1.081689334E1,-2.667426109E0,2.962655067E0,-1.433829188E0,4.236549686E0
1.082192032E1,-2.242321491E0,3.082609177E0,-2.085015059E0,4.344855901E0
1.082694730E1,-1.965607285E0,2.991874695E0,-3.521321774E0,5.021417452E0
1.083192542E1,-1.927732468E0,2.700897217E0,-4.587629795E0,5.661920644E0
1.083694990E1,-2.238709688E0,2.239111900E0,-5.387240410E0,6.248824082E0
1.084197438E1,-2.517065525E0,1.702919960E0,-5.406038761E0,6.201678026E0
1.084699204E1,-2.616011620E0,1.154757500E0,-4.769537926E0,5.561067676E0
1.085201605E1,-2.555359602E0,7.378253937E-1,-3.878505707E0,4.702877367E0
1.085704006E1,-2.263733625E0,4.323587418E-1,-2.864510059E0,3.676525791E0
1.086212110E1,-1.860381246E0,1.898727417E-1,-1.820779681E0,2.610039978E0
1.086714870E1,-1.537214756E0,-1.242227554E-1,-6.626876593E-1,1.678575418E0
1.087217631E1,-1.356343389E0,-3.812780380E-1,1.774601340E0,2.265888401E0
1.087720391E1,-1.683481216E0,-6.876678467E-1,7.671680927E0,7.884268154E0
1.088218912E1,-1.742300987E0,-1.280525208E0,1.134351254E1,1.154775451E1
1.088721443E1,-1.729227066E0,-2.091178417E0,9.499241829E0,9.879212962E0
1.089220850E1,-1.495846510E0,-2.851279259E0,1.542212009E0,3.570121577E0
1.089723068E1,-1.158294678E0,-3.231778145E0,-8.084351540E0,8.783096057E0
1.090225287E1,-7.474824190E-1,-2.888341904E0,-1.590253830E1,1.617998681E1
1.090729454E1,-1.529094428E-1,-2.301994801E0,-1.718667030E1,1.734082459E1
1.091231803E1,9.812495112E-1,-1.625441074E0,-1.507686424E1,1.519594501E1
1.091734152E1,2.370988607E0,-8.212156296E-1,-1.254679203E1,1.279523241E1
1.092241751E1,3.558041573E0,2.247543335E-1,-9.776639938E0,1.040638568E1
1.092744449E1,4.539637566E0,1.105656624E0,-7.378519058E0,8.733460327E0
1.093247146E1,4.915640831E0,1.711790085E0,-5.049376011E0,7.251892730E0
1.093751818E1,4.389994144E0,2.177887917E0,-2.913578987E0,5.701244327E0
1.094254647E1,3.097806931E0,2.758091927E0,-1.302717328E0,4.347476428E0
1.094757475E1,1.719243526E0,3.514837265E0,-6.594011188E-1,3.967957804E0
1.095260303E1,-9.053742886E-2,4.730258942E0,1.692187786E-1,4.734150576E0
1.095763131E1,-1.715521932E0,5.810369492E0,7.129314542E-1,6.100137735E0
1.096259303E1,-2.543334484E0,6.753945351E0,1.552332163E0,7.382009431E0
1.096761865E1,-2.668986320E0,7.297742844E0,2.242335796E0,8.087558866E0
1.097263881E1,-2.322849989E0,7.646474838E0,3.515774965E0,8.730686292E0
1.097766391E1,-1.773367643E0,7.589090347E0,4.704976559E0,9.103621780E0
1.098267079E1,-1.044367075E0,7.287913322E0,4.210446835E0,8.481287976E0
1.098769402E1,1.011922359E-1,6.867506981E0,4.190194130E0,8.045534093E0
1.099271725E1,1.296722174E0,6.136632919E0,4.163663387E0,7.528336123E0
1.099774975E1,2.406624079E0,5.239459038E0,3.690020084E0,6.845437801E0
1.100277355E1,3.170183182E0,4.238574982E0,3.276023865E0,6.224782056E0
1.100780459E1,3.475474119E0,3.359273911E0,2.786473274E0,5.579253970E0
1.101282912E1,3.232625961E0,2.543857574E0,1.880232930E0,4.522870531E0
1.101785365E1,2.976823568E0,1.715105057E0,2.469484210E-1,3.444422656E0
1.102287818E1,2.917252541E0,9.202213287E-1,-1.250103831E0,3.304531626E0
1.102790990E1,2.875873566E0,2.495412827E-1,-2.475306988E0,3.802639123E0
1.103293480E1,2.957037210E0,-3.980169296E-1,-3.417903662E0,4.537020165E0
1.103795969E1,3.226965666E0,-1.018098831E0,-3.722879887E0,5.030871424E0
1.104298459E1,3.451078415E0,-1.520059109E0,-3.227397442E0,4.963528600E0
1.104801199E1,3.692000389E0,-1.975786686E0,-2.295138597E0,4.775171315E0
1.105303699E1,4.098418236E0,-2.385345459E0,-1.419782400E0,4.950018895E0
1.105806563E1,4.528079510E0,-2.834448814E0,-6.976213455E-1,5.387418646E0
1.106309100E1,4.977524281E0,-3.198243141E0,-5.693382025E-2,5.916734624E0
1.106811636E1,5.165989876E0,-3.447576523E0,5.458557010E-1,6.234676714E0
1.107313870E1,4.984584332E0,-3.477026939E0,1.025849700E0,6.163453975E0
1.107816386E1,4.758805752E0,-3.411256790E0,1.360349059E0,6.011110932E0
1.108318902E1,4.478932381E0,-3.365250587E0,1.621953011E0,5.832364731E0
1.108825344E1,4.082462311E0,-3.190917969E0,1.724963546E0,5.461131315E0
1.109328120E1,3.520247459E0,-2.956074715E0,1.688374758E0,4.897053116E0
1.109832100E1,2.983013153E0,-2.637325287E0,1.424625158E0,4.228877981E0
1.110334995E1,2.527004719E0,-2.374055862E0,1.252613783E0,3.686588582E0
1.110837891E1,2.295077324E0,-2.142574310E0,1.237765551E0,3.374917504E0
1.111337423E1,2.205285072E0,-1.981252193E0,1.284763575E0,3.230984362E0
1.111840094E1,2.248398781E0,-1.918422222E0,1.255553365E0,3.211238881E0
1.112342766E1,2.357761860E0,-1.886733532E0,1.075881004E0,3.205670654E0
1.112845438E1,2.409996033E0,-1.914321423E0,6.956794262E-1,3.155420297E0
1.113348652E1,2.482503414E0,-2.024646759E0,2.604181767E-1,3.214006118E0
1.113851355E1,2.466002464E0,-2.116858482E0,-3.097934127E-1,3.264694465E0
1.114354058E1,2.442808628E0,-2.181035042E0,-8.418296576E-1,3.381257905E0
1.114853396E1,2.423081875E0,-2.269591331E0,-1.296720147E0,3.564246586E0
1.115355881E1,2.435944080E0,-2.411024094E0,-1.498217583E0,3.740523582E0
1.115858839E1,2.472502232E0,-2.552352905E0,-1.561980367E0,3.881694901E0
1.116361376E1,2.480480671E0,-2.688640594E0,-1.460241914E0,3.938766184E0
1.116863912E1,2.474472046E0,-2.800663948E0,-1.304228306E0,3.958249857E0
1.117366449E1,2.440025806E0,-2.878936768E0,-1.171342254E0,3.951461188E0
1.117868985E1,2.386533737E0,-2.890117645E0,-1.080872774E0,3.900847246E0
1.118371146E1,2.141700268E0,-2.805666924E0,-1.037623644E0,3.679036525E0
1.118873667E1,2.077955723E0,-2.559112549E0,-1.084915519E0,3.470446471E0
1.119376188E1,1.888151884E0,-2.241902351E0,-1.155356884E0,3.150570301E0
1.119878709E1,1.820356131E0,-1.758806705E0,-1.287013888E0,2.839630648E0
1.120380141E1,1.859340191E0,-1.201214314E0,-1.608406544E0,2.736244394E0
1.120882605E1,1.913817167E0,-6.601905823E-1,-1.879732966E0,2.762597289E0
1.121385068E1,1.916541696E0,6.027030945E-2,-2.009636641E0,2.777661608E0
1.121891969E1,1.766378164E0,9.452686310E-1,-2.245145798E0,3.009037098E0
1.122394719E1,1.492734194E0,1.636113167E0,-2.314293146E0,3.203291188E0
1.122897469E1,1.029903650E0,2.209973335E0,-4.573111057E0,5.182473195E0
1.123400594E1,-4.273738861E-1,2.830857277E0,-7.591046333E0,8.112976383E0
1.123903370E1,-2.455772877E0,3.494748116E0,-1.037777519E1,1.122240183E1
1.124406147E1,-4.280430794E0,4.029429436E0,-1.214279175E1,1.349095181E1
1.124908922E1,-6.130697250E0,4.143539429E0,-1.238835239E1,1.443002574E1
1.125413282E1,-6.886425972E0,3.550866127E0,-1.022808075E1,1.283141258E1
1.125916136E1,-6.758045197E0,2.855124474E0,-5.619768143E0,9.241466584E0
1.126419381E1,-6.546220303E0,2.100782394E0,-4.919891953E-1,6.892629417E0
1.126922272E1,-6.270448208E0,1.461707115E0,3.636686563E0,7.394633025E0
1.127425162E1,-6.334736824E0,8.956546783E-1,5.282275677E0,8.296597149E0
1.127928053E1,-5.997847557E0,1.919898987E-1,5.674151897E0,8.258755063E0
1.128423693E1,-4.604926109E0,-4.594669342E-1,5.236551285E0,6.988413532E0
1.128926225E1,-2.414705515E0,-1.308868885E0,3.718991041E0,4.623292641E0
1.129428756E1,-8.635416031E-1,-2.026161671E0,1.984379172E0,2.964590345E0
1.129937438E1,-7.889199257E-2,-2.491553307E0,1.473999918E-1,2.497156099E0
1.130440360E1,2.299196720E-1,-2.768308640E0,-1.812645078E0,3.316938039E0
1.130943282E1,3.300693035E-1,-2.708914757E0,-3.490976810E0,4.431036447E0
1.131446204E1,4.972088337E-1,-2.505933762E0,-4.449680805E0,5.130943374E0
1.131941594E1,8.481829166E-1,-2.318495750E0,-4.900694370E0,5.487407595E0
1.132444115E1,1.306137800E0,-2.046236515E0,-4.548267841E0,5.155562063E0
1.132950183E1,1.974940658E0,-1.575023174E0,-3.421637058E0,4.253079914E0
1.133453063E1,3.111873627E0,-4.128408432E-1,-3.003906727E0,4.344841845E0
1.133959292E1,4.225106239E0,2.147789001E0,-3.658317804E0,5.987304025E0
1.134462511E1,4.293659210E0,5.675751686E0,-3.606011868E0,7.978282284E0
1.134965730E1,3.832300425E0,7.028622627E0,-1.901142955E0,8.228147247E0
1.135468949E1,4.121507645E0,8.374869347E0,-1.013374090E0,9.388939710E0
1.135972167E1,4.365859032E0,9.771649361E0,-9.824019074E-1,1.074760298E1
1.136475386E1,3.978255033E0,1.080330086E1,-7.368758917E-1,1.153606556E1
1.136973594E1,3.146211624E0,1.106387138E1,-2.137170732E-1,1.150450227E1
1.137476646E1,2.209255219E0,1.020970631E1,-1.572315097E-1,1.044718303E1
1.137975995E1,1.902204752E0,8.112161636E0,-8.023295403E-1,8.370739634E0
1.138478678E1,1.749565363E0,5.365117073E0,-1.356956124E0,5.804032227E0
1.138982100E1,1.596830130E0,3.063846588E0,-1.331438899E0,3.702668216E0
1.139484855E1,1.806125879E0,1.379271507E0,-6.256935596E-1,2.357111158E0
1.139986761E1,2.108546495E0,1.190242767E-1,1.896017343E-1,2.120397114E0
1.140489428E1,2.111731768E0,-7.795848846E-1,8.688611984E-1,2.412899383E0
1.140992094E1,2.174622536E0,-1.513049603E0,1.396123886E0,2.994572453E0
1.141499506E1,2.354358673E0,-2.028945446E0,1.847526670E0,3.615657503E0
1.142002490E1,2.790381193E0,-2.370046616E0,2.106351852E0,4.223750264E0
1.142505475E1,3.306207418E0,-2.469141006E0,2.109254837E0,4.634287515E0
1.143004678E1,3.735821962E0,-2.144040108E0,2.376387119E0,4.919399299E0
1.143507407E1,3.721267939E0,-1.461878300E0,2.653568983E0,4.798578079E0
1.144008131E1,3.498223782E0,-7.479076385E-1,2.466175318E0,4.344992078E0
1.144510657E1,3.157084942E0,1.266860962E-1,2.057629347E0,3.770553438E0
1.145013183E1,3.046791077E0,1.109004974E0,2.149108171E0,3.889922085E0
1.145515334E1,3.214721680E0,1.892822266E0,1.983813047E0,4.225248610E0
1.146017834E1,3.293029785E0,2.512227058E0,1.681626916E0,4.470257156E0
1.146520266E1,3.278075218E0,2.996575356E0,1.175949812E0,4.594355119E0
1.147022761E1,3.165736914E0,3.250641823E0,5.679428577E-1,4.572867979E0
1.147525266E1,3.128454685E0,3.116976738E0,-4.651804268E-2,4.416439361E0
1.148027761E1,2.970621586E0,2.720637321E0,-4.426201582E-1,4.052452670E0
1.148530256E1,2.688249826E0,2.143484116E0,-4.150411487E-1,3.463159026E0
1.149032751E1,2.344052315E0,1.462375641E0,-3.631606698E-2,2.763049516E0
1.149532386E1,2.048420906E0,7.014331818E-1,6.642018557E-1,2.264773901E0
1.150034740E1,1.619410992E0,6.153869629E-2,1.963274837E0,2.545727215E0
1.150537620E1,1.143709302E0,-4.956121445E-1,3.223625898E0,3.456221390E0
1.151040027E1,6.928453445E-1,-9.893531799E-1,4.258867264E0,4.426827844E0
1.151542433E1,2.808287144E-1,-1.328962803E0,4.970112324E0,5.152380363E0
1.152044839E1,-1.691565514E-1,-1.581635952E0,5.334639549E0,5.566737406E0
1.152551704E1,-4.188904762E-1,-1.766892910E0,5.591443062E0,5.878912765E0
1.153054334E1,-9.503009319E-1,-1.559266567E0,5.020989418E0,5.342725786E0
1.153556459E1,-1.050219059E0,-1.475738049E0,5.175335884E0,5.483143658E0
1.154059037E1,5.828982592E-1,-1.716714382E0,4.968019485E0,5.288487143E0
1.154561615E1,2.247935295E0,-1.836026669E0,4.788215637E0,5.599215660E0
1.155065605E1,2.790834188E0,-1.761109829E0,5.025167942E0,6.011869605E0
1.155568272E1,2.917165279E0,-1.472539425E0,5.619098186E0,6.500191540E0
1.156070938E1,2.751198769E0,-1.219240189E0,6.352147102E0,7.028898499E0
1.156573605E1,2.186551332E0,-8.867874146E-1,6.355718136E0,6.779568694E0
1.157076272E1,1.628036976E0,-6.386375427E-1,6.363361835E0,6.599298156E0
1.157574386E1,9.738562107E-1,-3.702106476E-1,6.069614887E0,6.158382638E0
1.158076870E1,3.371013403E-1,-9.666252136E-2,5.476268291E0,5.487485340E0
1.158579272E1,-1.495130062E-1,1.574888229E-1,4.675474167E0,4.680514454E0
1.159081745E1,-6.070129871E-1,4.301080704E-1,3.871490479E0,3.942321175E0
1.159584219E1,-6.824290752E-1,6.205701828E-1,2.937243223E0,3.078670906E0
1.160086990E1,-3.147940636E-1,6.237993240E-1,1.601249337E0,1.747060485E0
1.160589485E1,4.571188688E-1,3.877639771E-1,7.107583284E-1,9.297827507E-1
1.161092126E1,1.261145473E0,5.683231354E-2,-2.015900612E-2,1.262586314E0
1.161594636E1,1.777906656E0,-1.437282562E-1,-3.821875155E-1,1.824192201E0
1.162097146E1,1.865064144E0,-2.138671875E-1,-4.233703315E-1,1.924433910E0
1.162600329E1,1.762038231E0,-2.112340927E-1,-3.820950985E-1,1.815322350E0
1.163102881E1,1.458966970E0,-2.031412125E-1,-2.756507397E-1,1.498610791E0
1.163605433E1,1.055571318E0,-1.468877792E-1,-1.505507231E-1,1.076323532E0
1.164107985E1,7.613756657E-1,-2.856540680E-2,6.155800819E-2,7.643940575E-1
1.164613636E1,5.037038326E-1,5.102634430E-2,2.562501431E-1,5.674375513E-1
1.165116344E1,2.868586779E-1,1.346445084E-1,3.969576359E-1,5.079295319E-1
1.165618933E1,2.153939009E-1,1.216220856E-1,5.224878788E-1,5.780830803E-1
1.166121626E1,2.121675014E-1,-7.241249084E-3,4.611675739E-1,5.076839722E-1
1.166624318E1,2.535468340E-1,-7.005596161E-2,4.094872475E-1,4.866966618E-1
1.167126938E1,2.536562681E-1,-1.481781006E-1,2.908821106E-1,4.134134179E-1
1.167629626E1,1.937621832E-1,-1.267604828E-1,8.630883694E-2,2.471056838E-1
1.168132313E1,4.045152664E-2,-1.493835449E-1,-1.469417810E-1,2.134095980E-1
1.168635001E1,-1.870330572E-1,-5.340671539E-2,-3.609051704E-1,4.099831506E-1
1.169137063E1,-4.261784554E-1,6.543827057E-2,-4.887432456E-1,6.517516423E-1
1.169639719E1,-5.240728855E-1,1.688747406E-1,-9.085121751E-1,1.062339607E0
1.170142813E1,-6.720277071E-1,2.856874466E-1,-1.227804065E0,1.428545196E0
1.170645511E1,-7.450211048E-1,3.873510361E-1,-1.600139618E0,1.807081644E0
1.171148209E1,-8.049044609E-1,4.596986771E-1,-2.121532917E0,2.315188110E0
1.171650907E1,-8.462412357E-1,5.221424103E-1,-2.553418159E0,2.740200946E0
1.172149876E1,-9.588334560E-1,5.797929764E-1,-2.901623011E0,3.110456170E0
1.172652386E1,-1.181347728E0,6.470470428E-1,-3.166968346E0,3.441502700E0
1.173154896E1,-1.451146603E0,7.671461105E-1,-3.312393665E0,3.696794748E0
1.173660422E1,-1.678009629E0,8.540077209E-1,-3.726489544E0,4.175137102E0
1.174163136E1,-1.900062561E0,9.222974777E-1,-3.683678627E0,4.246216975E0
1.174665001E1,-2.103074074E0,9.051284790E-1,-3.730143547E0,4.376773812E0
1.175167631E1,-2.229763031E0,7.930803299E-1,-3.765660763E0,4.447585925E0
1.175670261E1,-2.327410460E0,6.628894806E-1,-3.728267908E0,4.444799602E0
1.176173907E1,-2.410027742E0,3.806943893E-1,-3.704069614E0,4.435458674E0
1.176676605E1,-2.280649424E0,-6.704330444E-4,-3.597099066E0,4.259164699E0
1.177179303E1,-2.254174709E0,-2.561988831E-1,-3.498529911E0,4.169730570E0
1.177681589E1,-2.411193132E0,-5.868272781E-1,-3.408711433E0,4.216341093E0
1.178184256E1,-2.665746927E0,-7.963542938E-1,-3.112935305E0,4.175015336E0
1.178686922E1,-2.712370872E0,-1.071427345E0,-2.769781113E0,4.022014386E0
1.179189636E1,-2.676373005E0,-1.273307800E0,-2.283654213E0,3.741572100E0
1.179692308E1,-2.098853588E0,-1.473864555E0,-1.616056323E0,3.031353023E0
1.180194980E1,-1.591852665E0,-1.568046093E0,-8.948137164E-1,2.406959710E0
1.180697652E1,-9.291428328E-1,-1.618444920E0,-1.702953577E-1,1.873945269E0
1.181199969E1,-5.734023452E-1,-1.572879314E0,6.173342466E-1,1.784332133E0
1.181702620E1,-3.321987391E-1,-1.427184105E0,1.365442872E0,2.002909061E0
1.182205272E1,-2.482224703E-1,-1.378016472E0,1.990018964E0,2.433252816E0
1.182707922E1,-2.019034028E-1,-1.339563370E0,2.502329826E0,2.845496365E0
1.183210245E1,-2.414298058E-1,-1.307362556E0,2.822436333E0,3.119876930E0
1.183712865E1,-6.206982136E-1,-1.300726891E0,2.998975754E0,3.327313073E0
1.184215485E1,-1.187453747E0,-1.133251190E0,3.161570072E0,3.562278763E0
1.184718261E1,-1.670438528E0,-9.773473740E-1,3.080562353E0,3.638054037E0
1.185220891E1,-1.918071866E0,-8.567914963E-1,2.860704184E0,3.549185791E0
1.185723449E1,-1.893305302E0,-6.947355270E-1,2.586828947E0,3.280083295E0
1.186226068E1,-1.630283237E0,-6.533918381E-1,2.237784386E0,2.844718489E0
1.186728688E1,-1.248306274E0,-5.935611725E-1,1.864811420E0,2.321229212E0
1.187231308E1,-9.283277392E-1,-5.148677826E-1,1.624092340E0,1.940246674E0
1.187730501E1,-7.935777307E-1,-4.791107178E-1,1.446716309E0,1.718226054E0
1.188232949E1,-7.715376616E-1,-3.856792450E-1,1.356023669E0,1.607115128E0
1.188735396E1,-8.285744786E-1,-2.870187759E-1,1.407858491E0,1.658608144E0
1.189239954E1,-9.600784183E-1,-1.113319397E-1,1.500944972E0,1.785211802E0
1.189742542E1,-1.094825029E0,9.835433960E-2,1.504956365E0,1.863654764E0
1.190245131E1,-1.128089905E0,3.084974289E-1,1.376637816E0,1.806346914E0
1.190746110E1,-1.199004173E0,4.473009109E-1,1.297904253E0,1.822702544E0
1.191248589E1,-1.231082678E0,5.769166946E-1,1.164004207E0,1.789777423E0
1.191750975E1,-1.263080835E0,6.685266495E-1,9.899636507E-1,1.738484716E0
1.192253443E1,-1.194567442E0,8.655433655E-1,8.147774935E-1,1.685235608E0
1.192755912E1,-8.485208154E-1,1.234711647E0,6.295408010E-1,1.625060628E0
1.193258381E1,-4.443719983E-1,1.742388725E0,3.052432537E-1,1.823885519E0
1.193764501E1,-1.386926174E-1,2.331129074E0,4.530310631E-3,2.335255645E0
1.194267157E1,-5.014467239E-2,2.867122650E0,-3.359586596E-1,2.887174224E0
1.194769813E1,-1.778997183E-1,3.259748459E0,-6.503891945E-1,3.328755688E0
1.195272600E1,-4.405747652E-1,3.581074715E0,-8.829085231E-1,3.714529539E0
1.195775261E1,-7.383928299E-1,3.702110291E0,-1.077722311E0,3.925854041E0
1.196277922E1,-8.136392832E-1,3.546600342E0,-1.053766012E0,3.788245725E0
1.196780370E1,-7.959140539E-1,3.205739021E0,-9.212577343E-1,3.429133661E0
1.197283016E1,-5.848787427E-1,2.660548210E0,-6.554632187E-1,2.801826539E0
1.197785662E1,-3.239970803E-1,1.982943535E0,-4.944361448E-1,2.069180097E0
1.198288089E1,-7.975769043E-2,1.350026131E0,-3.461844325E-1,1.395985496E0
1.198790719E1,1.338401437E-1,8.908843994E-1,-2.196035385E-1,9.272615118E-1
1.199293334E1,3.406875134E-1,5.192279816E-1,-1.669547558E-1,6.430704231E-1
1.199795964E1,4.930049181E-1,3.832235336E-1,-7.777768373E-2,6.292563024E-1
1.200298594E1,6.291443706E-1,2.722215652E-1,-2.390921116E-2,6.859292019E-1
1.200801225E1,6.915494800E-1,2.962226868E-1,-5.788731575E-2,7.545458930E-1
1.201300376E1,7.034428120E-1,4.167871475E-1,2.576756477E-2,8.180509052E-1
1.201802829E1,6.030796766E-1,5.861539841E-1,-4.628038406E-2,8.422727963E-1
1.202305589E1,4.993678927E-1,7.372131348E-1,-3.011131287E-2,8.909310801E-1
1.202808074E1,4.825645685E-1,8.651580811E-1,-1.075499058E-1,9.964607620E-1
1.203310558E1,3.607447147E-1,9.603548050E-1,-5.478858948E-3,1.025888941E0
1.203812261E1,1.864367723E-1,1.204310417E0,-2.530180216E-1,1.244644676E0
1.204314693E1,9.853589535E-2,1.448257446E0,-1.574053049E0,2.141215065E0
1.204817126E1,2.119911909E-1,1.701613426E0,-3.745978355E0,4.119803679E0
1.205319558E1,5.845990181E-1,2.155721664E0,-7.776497364E0,8.090908673E0
1.205821990E1,1.289684653E0,2.762915611E0,-1.123403358E1,1.164046819E1
1.206332318E1,2.229185820E0,3.207764626E0,-1.156384468E1,1.220579891E1
1.206835063E1,3.367360592E0,3.231068611E0,-1.083955669E1,1.180147919E1
1.207337808E1,4.604760647E0,2.871422768E0,-9.584426880E0,1.101408770E1
1.207840553E1,5.286615372E0,2.244349480E0,-7.994570732E0,9.843707019E0
1.208343298E1,5.256142139E0,1.685668945E0,-6.039322853E0,8.181804844E0
1.208843777E1,4.837542057E0,1.401184082E0,-4.530282497E0,6.774111712E0
1.209346433E1,4.268828392E0,1.237595558E0,-3.262921810E0,5.513728080E0
1.209848272E1,3.618611813E0,1.299657822E0,-2.211611748E0,4.435615902E0
1.210350844E1,3.434806347E0,1.376334190E0,-1.349444628E0,3.938678871E0
1.210853475E1,3.299071074E0,1.371646881E0,-7.359224558E-1,3.647857861E0
1.211356053E1,3.043627739E0,1.338269234E0,-1.959597468E-1,3.330620750E0
1.211858631E1,3.069625378E0,1.275910378E0,4.034745693E-1,3.348632404E0
1.212361079E1,3.017828226E0,1.126992226E0,8.368673325E-1,3.328324745E0
1.212863647E1,2.883381367E0,9.679222107E-1,1.256727457E0,3.290915589E0
1.213366079E1,2.933836937E0,7.123146057E-1,1.514364719E0,3.377586679E0
1.213868631E1,2.934707880E0,3.601160049E-1,1.614583135E0,3.368838461E0
1.214371183E1,3.063555241E0,-3.115367889E-2,1.485695839E0,3.404942494E0
1.214876610E1,3.306868076E0,-2.986612320E-1,1.903029084E0,3.827021649E0
1.215379350E1,3.368113279E0,-5.669851303E-1,2.052580833E0,3.984814585E0
1.215882089E1,3.448865414E0,-8.217334747E-1,2.035447359E0,4.088149275E0
1.216381850E1,3.501518250E0,-1.048598766E0,1.804429054E0,4.076291653E0
1.216884386E1,3.512434959E0,-1.190084934E0,1.389664412E0,3.960387440E0
1.217386688E1,3.500756025E0,-1.294204235E0,8.634109497E-1,3.830892301E0
1.217889199E1,3.490300179E0,-1.365891933E0,3.315862417E-1,3.762685948E0
1.218391709E1,3.567215681E0,-1.496081829E0,-1.333549470E-1,3.870538993E0
1.218894922E1,3.697878838E0,-1.507802486E0,-7.462167740E-1,4.062587317E0
1.219397480E1,3.848804712E0,-1.520758152E0,-1.411060810E0,4.372310108E0
1.219900193E1,3.704610825E0,-1.353116512E0,-1.821756244E0,4.344405767E0
1.220402766E1,3.451817989E0,-1.029163837E0,-2.022017717E0,4.130711959E0
1.220905350E1,3.075303555E0,-7.120599747E-1,-1.983717203E0,3.728224149E0
1.221407922E1,2.665260315E0,-3.973436356E-1,-1.535204291E0,3.101345954E0
1.221910235E1,2.273757219E0,-1.187105179E-1,-9.688920379E-1,2.474432432E0
1.222412782E1,1.962367177E0,8.897781372E-3,-3.995915651E-1,2.002657616E0
1.222915329E1,1.697402596E0,4.783439636E-2,2.458042279E-2,1.698254369E0
1.223417949E1,1.435800076E0,1.740741730E-2,3.563123941E-1,1.479453750E0
1.223920501E1,1.067623138E0,-5.351734161E-2,5.475073457E-1,1.201019386E0
1.224423053E1,6.409974098E-1,-1.838884354E-1,6.787704825E-1,9.515366541E-1
1.224927798E1,2.707986832E-1,-3.161630630E-1,7.155896425E-1,8.278644489E-1
1.225430495E1,1.971738338E-1,-5.933465958E-1,6.662664413E-1,9.137005386E-1
1.225933193E1,2.200355530E-1,-9.239339828E-1,7.920315862E-1,1.236682531E0
1.226434042E1,3.554697037E-1,-1.259337902E0,1.234990597E0,1.799303320E0
1.226936615E1,5.375077724E-1,-1.656486988E0,1.560499549E0,2.338380335E0
1.227439188E1,5.574188232E-1,-2.062064648E0,1.845937848E0,2.823174259E0
1.227941480E1,5.410761833E-1,-2.446915627E0,2.249757290E0,3.367724363E0
1.228444032E1,4.702668190E-1,-2.729483604E0,2.810938835E0,3.946214485E0
1.228947011E1,4.363353252E-1,-3.034126282E0,3.157458305E0,4.400665150E0
1.229449605E1,8.465716839E-1,-3.322334290E0,3.367521048E0,4.805703565E0
1.229952199E1,9.314473867E-1,-3.450409889E0,3.513635874E0,5.011841946E0
1.230454365E1,9.260786772E-1,-3.413727760E0,3.653741121E0,5.085369516E0
1.230956933E1,6.147286892E-1,-3.241456985E0,3.631505966E0,4.906400955E0
1.231459501E1,2.837789059E-1,-3.020217896E0,3.415254831E0,4.567954922E0
1.231962068E1,-5.379843712E-2,-2.707497597E0,3.024669647E0,4.059810831E0
1.232463048E1,-3.226172924E-1,-2.408977985E0,2.330267191E0,3.367105884E0
1.232965537E1,-3.661181927E-1,-2.263638020E0,1.369190097E0,2.670726706E0
1.233468027E1,-4.189913273E-1,-2.075203419E0,4.134035408E-1,2.157064081E0
1.233972032E1,-2.276992798E-1,-1.924938679E0,-4.863152504E-1,1.998433987E0
1.234474626E1,9.776425362E-2,-1.731326580E0,-1.331509590E0,2.186313647E0
1.234977870E1,2.661001682E-1,-1.479809284E0,-2.004060507E0,2.505374889E0
1.235480527E1,1.344485283E-1,-1.093750954E0,-2.609791279E0,2.832909825E0
1.235983454E1,-2.108707428E-1,-6.975851059E-1,-3.077751637E0,3.162854184E0
1.236486136E1,-7.700726986E-1,-2.626247406E-1,-3.470748425E0,3.564839175E0
1.236988818E1,-1.461897850E0,1.250610352E-1,-3.750917196E0,4.027674937E0
1.237491501E1,-2.200897694E0,4.319963455E-1,-4.042727947E0,4.623226228E0
1.237994183E1,-2.810634851E0,6.726274490E-1,-4.058914661E0,4.982658345E0
1.238495808E1,-3.382293224E0,7.897415161E-1,-3.684522390E0,5.063526870E0
1.238998449E1,-3.920631886E0,7.405452728E-1,-2.880746365E0,4.921225589E0
1.239502422E1,-4.382249832E0,6.065778732E-1,-1.650808334E0,4.721993061E0
1.240005199E1,-4.733257771E0,3.112459183E-1,-3.314726353E-1,4.755047555E0
1.240507975E1,-5.107318878E0,-3.079032898E-2,1.266750455E0,5.262158386E0
1.241011230E1,-5.322685242E0,-5.156316757E-1,2.849898338E0,6.059601864E0
1.241514037E1,-5.001974106E0,-1.124592781E0,4.238807201E0,6.652213193E0
1.242016844E1,-4.710361958E0,-1.857981205E0,4.899292469E0,7.045755504E0
1.242517256E1,-4.371173382E0,-2.438675404E0,4.881301880E0,6.991523618E0
1.243019902E1,-4.262228966E0,-2.723722458E0,4.525265694E0,6.786994135E0
1.243522548E1,-4.211285114E0,-2.450702667E0,3.908116341E0,6.246137943E0
1.244024730E1,-4.544341564E0,-1.213903904E0,2.899688959E0,5.525649193E0
1.244527344E1,-5.290886402E0,9.093933105E-1,8.170002699E-1,5.430282180E0
1.245029959E1,-5.739756584E0,3.569886208E0,-2.417572498E0,7.178687203E0
1.245532574E1,-5.179924965E0,5.476946831E0,-5.696017265E0,9.448448651E0
1.246031938E1,-3.925764084E0,6.431791306E0,-7.839161873E0,1.087345492E1
1.246534391E1,-2.452556849E0,6.823639870E0,-8.411473274E0,1.110540314E1
1.247036844E1,-1.057677746E0,6.806406021E0,-8.960215569E0,1.130182765E1
1.247539594E1,3.675072193E-1,6.505008698E0,-9.171375275E0,1.125008107E1
1.248042068E1,1.849743009E0,5.666487694E0,-9.191642761E0,1.095522381E1
1.248544542E1,3.716186523E0,3.837269783E0,-8.292974472E0,9.864487177E0
1.249047678E1,5.002851963E0,1.740937233E0,-6.623353004E0,8.481049182E0
1.249550193E1,5.137022018E0,3.100156784E-1,-4.702847958E0,6.971505135E0
1.250052709E1,4.481022835E0,-3.520097733E-1,-3.032198429E0,5.421964943E0
1.250555225E1,3.619658709E0,-6.346998215E-1,-1.590631485E0,4.004357820E0
1.251065308E1,2.975061417E0,-6.494750977E-1,-7.790325880E-1,3.143199025E0
1.251568204E1,2.575370789E0,-5.370149612E-1,-1.620435715E-2,2.630814009E0
1.252071100E1,2.198274374E0,-3.458337784E-1,3.629426956E-1,2.254714755E0
1.252570074E1,1.631294131E0,-1.053142548E-1,6.792271137E-1,1.770186744E0
1.253072709E1,1.366683722E0,6.958389282E-2,1.003975153E0,1.697242593E0
1.253572225E1,1.215147972E0,8.287048340E-2,1.087393761E0,1.632751451E0
1.254074537E1,1.042834759E0,1.739683151E-1,1.216241598E0,1.611525034E0
1.254576850E1,1.011508942E0,2.615003586E-1,1.279315233E0,1.651720389E0
1.255078672E1,1.240082026E0,4.126424789E-1,1.375691175E0,1.897525614E0
1.255580954E1,1.436565161E0,5.320310593E-1,1.030463457E0,1.846247937E0
1.256084011E1,1.769228816E0,6.297616959E-1,3.149216175E-1,1.904191698E0
1.256586370E1,2.067027092E0,7.590446472E-1,-5.465244055E-1,2.268796752E0
1.257088824E1,2.317567348E0,8.822097778E-1,-1.137962699E0,2.728437577E0
1.257591193E1,2.666286945E0,9.472589493E-1,-1.966912270E0,3.446030973E0
1.258093563E1,2.795195341E0,1.170129776E0,-2.812898159E0,4.134575763E0
1.258595933E1,2.788020849E0,1.412528992E0,-3.460704803E0,4.663129437E0
1.259102990E1,2.793880224E0,1.598112106E0,-3.575846434E0,4.811071266E0
1.259605594E1,2.765004635E0,1.703443527E0,-3.552869320E0,4.813507129E0
1.260108199E1,2.595720768E0,1.699930191E0,-3.406975269E0,4.608145988E0
1.260610933E1,2.476826668E0,1.582922935E0,-2.909681797E0,4.136008163E0
1.261113542E1,2.374096870E0,1.476836205E0,-1.937772393E0,3.401814659E0
1.261615969E1,2.281838417E0,1.376677513E0,-7.600232363E-1,2.771220463E0
1.262118563E1,2.323951721E0,1.200936317E0,8.579120636E-1,2.753000681E0
1.262621157E1,2.332493305E0,1.202876091E0,2.806314707E0,3.842243894E0
1.263123751E1,2.392665386E0,1.185672760E0,4.536091805E0,5.263724575E0
1.263626022E1,2.546144724E0,1.043707848E0,5.890030861E0,6.501126254E0
1.264128600E1,2.672418118E0,9.682645798E-1,6.887381554E0,7.450864350E0
1.264631178E1,3.105455637E0,6.531200409E-1,7.408148766E0,8.059223823E0
1.265134068E1,3.443616390E0,3.331050873E-1,7.696438789E0,8.438283171E0
1.265636667E1,3.740080833E0,-2.026653290E-2,7.790374279E0,8.641674999E0
1.266139266E1,3.995150089E0,-3.157644272E-1,7.813200951E0,8.781061468E0
1.266641803E1,4.070257187E0,-4.527788162E-1,7.778175831E0,8.790450585E0
1.267144396E1,3.974956274E0,-5.460634232E-1,7.650498390E0,8.638783957E0
1.267647292E1,3.842780590E0,-6.816282272E-1,7.371653557E0,8.341034460E0
1.268149917E1,3.611783981E0,-7.829437256E-1,6.918699265E0,7.843875567E0
1.268652542E1,3.267832518E0,-8.502111435E-1,6.489223003E0,7.315162578E0
1.269155167E1,2.854069233E0,-7.975273132E-1,5.916840553E0,6.617458964E0
1.269657391E1,2.398792744E0,-8.355827332E-1,5.010792732E0,5.617868718E0
1.270159995E1,1.997538805E0,-8.400030136E-1,4.149923325E0,4.681626848E0
1.270662600E1,1.454668164E0,-8.204231262E-1,3.622214079E0,3.988682540E0
1.271162537E1,9.041357040E-1,-6.862096786E-1,3.165331602E0,3.362687801E0
1.271664964E1,4.119991064E-1,-4.807138443E-1,2.755387545E0,2.827187575E0
1.272167438E1,6.995439529E-3,-3.380918503E-1,2.364785433E0,2.388841807E0
1.272669870E1,-3.395725489E-1,-1.531696320E-1,1.980044603E0,2.014782143E0
1.273172303E1,-5.891864300E-1,8.825874329E-2,1.869876862E0,1.962490696E0
1.273674735E1,-8.563756943E-1,2.521848679E-1,1.675892591E0,1.898839781E0
1.274177167E1,-1.045275688E0,4.631261826E-1,1.637320518E0,1.996974112E0
1.274680298E1,-1.136708021E0,5.871820450E-1,1.462267876E0,1.942965573E0
1.275182756E1,-1.373689175E0,6.531677246E-1,1.290417194E0,1.994699617E0
1.275685214E1,-1.836772203E0,7.328872681E-1,1.093525887E0,2.259790862E0
1.276187672E1,-2.692657709E0,8.932743073E-1,8.240685463E-1,2.954222994E0
1.276693089E1,-3.639792442E0,1.067123413E0,7.407765388E-1,3.864659271E0
1.277195699E1,-4.103587627E0,1.177823067E0,5.953278542E-1,4.310581613E0
1.277695568E1,-4.089210033E0,1.278255463E0,5.497691631E-1,4.319470090E0
1.278197896E1,-3.889223099E0,1.330473900E0,5.836293697E-1,4.151727394E0
1.278700225E1,-3.732733488E0,1.268008232E0,3.943231106E-1,3.961897889E0
1.279203422E1,-3.734440804E0,1.191813469E0,5.725789070E-2,3.920426753E0
1.279705808E1,-3.802502871E0,1.078575134E0,-2.665934563E-1,3.961492708E0
1.280208433E1,-3.850728273E0,9.669532776E-1,-5.068581104E-1,4.002500721E0
1.280710844E1,-3.926372051E0,9.193801880E-1,-4.635660648E-1,4.059131793E0
1.281213256E1,-4.215993881E0,8.163681030E-1,-5.824619532E-1,4.333627027E0
1.281715667E1,-4.398967266E0,7.967529297E-1,-2.945508957E-1,4.480233082E0
1.282221745E1,-4.614912987E0,6.929559708E-1,-2.792823315E-1,4.674998232E0
1.282724339E1,-4.729001522E0,5.385103226E-1,-1.771607399E-1,4.762859928E0
1.283225574E1,-4.875578403E0,4.242410660E-1,5.510950089E-2,4.894311219E0
1.283728027E1,-5.094012260E0,3.164272308E-1,2.888050079E-1,5.111995250E0
1.284230480E1,-5.279530048E0,2.243576050E-1,4.435966015E-1,5.302881463E0
1.284732933E1,-5.547616959E0,1.143636703E-1,5.011060238E-1,5.571376869E0
1.285242334E1,-5.273606300E0,-9.000682831E-2,5.617520809E-1,5.304204940E0
1.285745131E1,-5.288729668E0,-9.241104126E-2,6.077637672E-1,5.324338278E0
1.286247928E1,-5.494022369E0,-4.611492157E-2,5.770101547E-1,5.524432016E0
1.286750730E1,-5.574657917E0,-6.606864929E-2,4.080443382E-1,5.589962088E0
1.287253527E1,-5.440118313E0,-9.953689575E-2,1.491072178E-1,5.443071542E0
1.287756324E1,-5.320232868E0,-1.176223755E-1,-2.572319508E-1,5.327746341E0
1.288259120E1,-5.161962986E0,-6.277942657E-2,-6.865625381E-1,5.207799079E0
1.288761917E1,-5.137265205E0,5.549907684E-2,-8.472061157E-1,5.206950369E0
1.289263053E1,-5.216302395E0,2.801666260E-1,-1.155268192E0,5.350041926E0
1.289765782E1,-5.111846447E0,4.962911606E-1,-1.280232310E0,5.293040127E0
1.290268511E1,-4.956162930E0,8.230943680E-1,-1.345786691E0,5.201170747E0
1.290768313E1,-4.551311016E0,1.011177063E0,-1.192974091E0,4.812493969E0
1.291270839E1,-4.007176876E0,1.165657997E0,-1.156362534E0,4.330519529E0
1.291771662E1,-3.544994831E0,1.319252014E0,-1.115350008E0,3.943528860E0
1.292274006E1,-3.115362167E0,1.409345627E0,-1.146294594E0,3.606345494E0
1.292777438E1,-2.812228441E0,1.449845314E0,-1.248944283E0,3.401549950E0
1.293279891E1,-2.901868582E0,1.569560051E0,-1.461696982E0,3.608450926E0
1.293782344E1,-3.226038456E0,1.658404350E0,-1.656038404E0,3.987491981E0
1.294284798E1,-3.656419754E0,1.687811852E0,-1.885032892E0,4.446511359E0
1.294784522E1,-4.275446415E0,1.691623688E0,-2.111102343E0,5.059425447E0
1.295286839E1,-4.717576981E0,1.541374207E0,-2.358897209E0,5.495067157E0
1.295789157E1,-4.875094414E0,1.314304352E0,-2.858602524E0,5.802202156E0
1.296295053E1,-5.027391434E0,1.092408180E0,-3.046458483E0,5.979040855E0
1.296797615E1,-5.088867188E0,8.807067871E-1,-3.258043528E0,6.106313235E0
1.297300178E1,-4.998676777E0,7.175874710E-1,-3.378311157E0,6.075745845E0
1.297803282E1,-4.795041561E0,6.220302582E-1,-3.402400017E0,5.912332119E0
1.298305881E1,-4.582599640E0,5.124607086E-1,-3.478510618E0,5.776060211E0
1.298808402E1,-4.480046749E0,5.703287125E-1,-3.419712305E0,5.664850039E0
1.299310990E1,-4.410206318E0,6.421470642E-1,-3.460188866E0,5.642267240E0
1.299813417E1,-4.434533119E0,8.184432983E-1,-3.537222385E0,5.731219383E0
1.300315990E1,-4.346890450E0,9.267787933E-1,-3.841983080E0,5.874964638E0
1.300818511E1,-4.333133698E0,1.182424545E0,-4.078165531E0,6.066762691E0
1.301321079E1,-4.474526405E0,1.547041893E0,-4.136208534E0,6.286727782E0
1.301823647E1,-4.657062054E0,2.006254196E0,-4.140454292E0,6.546498653E0
1.302326214E1,-4.576170921E0,2.450053215E0,-4.157261848E0,6.650332859E0
1.302825678E1,-4.634551048E0,2.930967331E0,-4.152427673E0,6.878392872E0
1.303328089E1,-4.450680733E0,3.372486115E0,-4.072631359E0,6.911479419E0
1.303830501E1,-4.674862385E0,3.731200218E0,-3.457871914E0,6.908912473E0
1.304332912E1,-4.770715714E0,4.035252571E0,-2.675297022E0,6.797073332E0
1.304839381E1,-4.910436630E0,3.996592522E0,-2.037380695E0,6.651019454E0
1.305341995E1,-4.675843716E0,3.705492020E0,-1.786137104E0,6.227717986E0
1.305843459E1,-4.347758293E0,3.352827072E0,-2.130299568E0,5.889195854E0
1.306345959E1,-3.957258701E0,3.120073318E0,-2.892561197E0,5.810478829E0
1.306848459E1,-3.941129208E0,3.337238312E0,-4.031881332E0,6.551772742E0
1.307352709E1,-4.125055790E0,3.440136909E0,-5.110813141E0,7.414245625E0
1.307855329E1,-4.742567062E0,3.301064491E0,-5.999671936E0,8.329767851E0
1.308357949E1,-5.201215744E0,2.682238579E0,-6.284842491E0,8.587566253E0
1.308857245E1,-4.905633926E0,1.575637817E0,-5.992057323E0,7.902697623E0
1.309359641E1,-4.120259285E0,3.831310272E-1,-5.373323441E0,6.782029988E0
1.309862412E1,-3.494762182E0,-8.097667694E-1,-4.628392220E0,5.855860267E0
1.310364844E1,-2.960460424E0,-1.855412006E0,-4.124169350E0,5.405150549E0
1.310867511E1,-2.582885265E0,-2.696841240E0,-4.093965530E0,5.541191454E0
1.311369969E1,-2.116828442E0,-3.367445946E0,-4.767924309E0,6.209167179E0
1.311872740E1,-1.700414658E0,-3.952666283E0,-5.134329796E0,6.698979266E0
1.312375230E1,-1.290712595E0,-4.413391590E0,-5.110479355E0,6.874660978E0
1.312877626E1,-7.827676535E-1,-4.653586864E0,-4.540249825E0,6.548470384E0
1.313380105E1,-3.826082945E-1,-4.721030712E0,-3.969561815E0,6.179962872E0
1.313882584E1,-1.809109449E-1,-4.520090580E0,-3.412209034E0,5.666314332E0
1.314385063E1,3.295576572E-2,-4.151250839E0,-2.939243317E0,5.086562777E0
1.314887735E1,3.975913525E-1,-3.533130646E0,-2.439368725E0,4.311799024E0
1.315390225E1,7.504405975E-1,-2.503106594E0,-1.906687260E0,3.234835393E0
1.315892714E1,6.659018993E-1,-1.233474731E0,-1.549797654E0,2.089678928E0
1.316395204E1,-7.075304985E-1,2.043590546E-1,-4.390859604E-1,8.574138500E-1
1.316902141E1,-2.528447390E0,1.581225395E0,6.105169654E-1,3.044018876E0
1.317404855E1,-3.657222748E0,2.759817123E0,1.179683208E0,4.731122621E0
1.317907131E1,-4.843929291E0,3.932046890E0,1.495784998E0,6.415763125E0
1.318409798E1,-6.020521164E0,5.079183578E0,1.573277593E0,8.032433211E0
1.318912277E1,-6.741803646E0,6.005388260E0,1.558524728E0,9.162183358E0
1.319414928E1,-6.977425098E0,6.796859741E0,9.749086499E-1,9.789392740E0
1.319917579E1,-6.906440735E0,7.233344078E0,1.139056683E0,1.006566641E1
1.320420537E1,-6.199169159E0,7.582439423E0,1.148311973E0,9.861120943E0
1.320923204E1,-5.423973083E0,7.680972099E0,1.391513348E0,9.505426124E0
1.321425428E1,-4.066708088E0,7.418597221E0,1.415840745E0,8.577779691E0
1.321928053E1,-2.760529995E0,6.914843559E0,1.339771271E0,7.565089184E0
1.322430334E1,-1.674109697E0,6.442273140E0,1.525779486E0,6.828874690E0
1.322932922E1,-6.606362462E-1,5.914560318E0,1.399036407E0,6.113572350E0
1.323435464E1,1.770582795E-1,5.269535065E0,1.548489571E0,5.495195118E0
1.323938048E1,7.687519789E-1,4.717791557E0,1.879139900E0,5.136117556E0
1.324440631E1,1.153597236E0,4.130187035E0,2.258375168E0,4.846595704E0
1.324943657E1,1.231289506E0,3.635952950E0,2.491170406E0,4.576260230E0
1.325446266E1,1.316984415E0,3.072175026E0,2.753914833E0,4.330906862E0
1.325948860E1,1.338164806E0,2.591802597E0,2.567948341E0,3.886191508E0
1.326451469E1,1.480426073E0,2.065386772E0,2.335352421E0,3.451283067E0
1.326953704E1,1.513323307E0,1.636238098E0,2.117990017E0,3.074622620E0
1.327456272E1,1.613032103E0,1.069713593E0,1.811033964E0,2.650661003E0
1.327958839E1,1.562954426E0,6.574459076E-1,1.439206481E0,2.224045178E0
1.328461407E1,1.816322327E0,3.797292709E-1,1.442590475E0,2.350380478E0
1.328961272E1,2.227613449E0,3.034114838E-2,1.329250336E0,2.594241453E0
1.329463704E1,2.601663589E0,-3.569555283E-1,1.353315234E0,2.954239802E0
1.329966412E1,2.832574606E0,-7.201137543E-1,1.721423149E0,3.391952296E0
1.330468870E1,2.719326019E0,-8.392009735E-1,1.884808183E0,3.413428505E0
1.330971329E1,2.744511127E0,-8.965778351E-1,2.092939854E0,3.566032862E0
1.331473787E1,2.807044268E0,-9.835271835E-1,2.249819517E0,3.729411629E0
1.331976245E1,3.093104124E0,-1.138492584E0,2.475312471E0,4.121969228E0
1.332485485E1,3.274051428E0,-1.313113689E0,2.760346889E0,4.479195828E0
1.332988219E1,3.410461426E0,-1.474359989E0,2.934829712E0,4.734787213E0
1.333490954E1,3.470119476E0,-1.588391781E0,2.923524857E0,4.807464531E0
1.333994193E1,3.553594589E0,-1.731807232E0,2.957177877E0,4.936809880E0
1.334496959E1,3.655872822E0,-1.828130245E0,3.041835546E0,5.095118230E0
1.334999964E1,3.767492056E0,-1.920428753E0,3.063939333E0,5.222046268E0
1.335502751E1,3.812148094E0,-1.975224018E0,3.119745731E0,5.307240002E0
1.336005537E1,3.981076717E0,-2.078802586E0,3.027583838E0,5.416332330E0
1.336508324E1,4.140284538E0,-2.173793316E0,3.127110958E0,5.625491657E0
1.337011110E1,4.213697433E0,-2.274509430E0,3.254964828E0,5.789942594E0
1.337513897E1,4.235211849E0,-2.165714741E0,3.267136097E0,5.770746747E0
1.338007881E1,4.118323326E0,-2.149295330E0,3.148441792E0,5.611839551E0
1.338510365E1,3.835858107E0,-2.081284046E0,2.797225475E0,5.183630104E0
1.339015469E1,3.592737436E0,-2.048511028E0,2.368623018E0,4.765976786E0
1.339518219E1,3.565707207E0,-2.089575291E0,2.098848104E0,4.635273039E0
1.340020969E1,3.668863773E0,-2.151842117E0,1.880214214E0,4.650396905E0
1.340524266E1,3.836007595E0,-2.211145401E0,1.161183834E0,4.577386389E0
1.341027053E1,4.139849663E0,-2.334201813E0,1.226505041E0,4.908275456E0
1.341529839E1,4.409203529E0,-2.448709488E0,1.051068425E0,5.151892735E0
1.342028735E1,4.616231441E0,-2.558938980E0,1.071221113E0,5.385654658E0
1.342531261E1,4.833462715E0,-2.654886246E0,1.004521132E0,5.605340801E0
1.343033219E1,4.840975761E0,-2.578464508E0,8.329228759E-1,5.547728009E0
1.343535688E1,4.854148865E0,-2.497117043E0,5.087366700E-1,5.482441767E0
1.344038157E1,4.800639153E0,-2.257841110E0,3.546863794E-3,5.305091454E0
1.344540626E1,4.780470371E0,-1.884705067E0,-7.206380367E-1,5.188865901E0
1.345043094E1,4.797758579E0,-1.440047741E0,-1.534352541E0,5.238937163E0
1.345546610E1,4.789819717E0,-8.330092430E-1,-2.700695515E0,5.561477644E0
1.346049120E1,4.694007874E0,-1.402111053E-1,-4.453100681E0,6.471744336E0
1.346552006E1,4.423377514E0,9.107313156E-1,-6.949298859E0,8.287849829E0
1.347054553E1,3.612827063E0,2.715800285E0,-9.874888420E0,1.086008802E1
1.347557100E1,1.685650587E0,5.243222237E0,-5.676314354E0,7.909067073E0
1.348059647E1,1.371111870E-1,5.680567741E0,-7.033260345E0,9.041814001E0
1.348570308E1,-1.214591026E0,5.125501633E0,-6.898239136E0,8.679383706E0
1.349073266E1,-2.175356388E0,4.237380028E0,-7.726493835E0,9.076688378E0
1.349576225E1,-3.959532976E0,4.170583725E0,-7.595917702E0,9.527309994E0
1.350079183E1,-5.927201748E0,4.182595253E0,-6.524600029E0,9.756855495E0
1.350571475E1,-6.435584068E0,3.507274628E0,-5.455300808E0,9.136630917E0
1.351073891E1,-5.385003090E0,2.368914604E0,-4.903367996E0,7.658526777E0
1.351577943E1,-3.792300701E0,1.214571953E0,-4.657837391E0,6.127983257E0
1.352080522E1,-2.561463594E0,5.438871384E-1,-4.119339466E0,4.881174715E0
1.352583865E1,-2.361228228E0,1.047105789E-1,-3.599514246E0,4.306142805E0
1.353086522E1,-3.061535597E0,-6.290435791E-3,-2.776374102E0,4.132952084E0
1.353589178E1,-4.577713966E0,-1.096754074E-1,-1.281430125E0,4.754950790E0
1.354091834E1,-5.434328556E0,-6.503362656E-1,6.077824235E-1,5.506747097E0
1.354597162E1,-5.731377602E0,-1.670691013E0,2.518280029E0,6.479323420E0
1.355099954E1,-5.820141792E0,-2.164871693E0,3.119385719E0,6.949193276E0
1.355602745E1,-6.053636074E0,-2.367541790E0,2.933262348E0,7.131324691E0
1.356101699E1,-5.670745850E0,-2.728481293E0,2.800573587E0,6.888046245E0
1.356604230E1,-4.614281654E0,-3.261674881E0,2.732930899E0,6.276864624E0
1.357110037E1,-3.380301714E0,-3.932760239E0,2.884758949E0,5.934212413E0
1.357612902E1,-2.312306404E0,-4.349068165E0,3.662188530E0,6.137815543E0
1.358115766E1,-1.965563059E0,-4.190560341E0,5.213507652E0,6.971721176E0
1.358614667E1,-2.248086214E0,-3.679095268E0,6.133703232E0,7.497462834E0
1.359117266E1,-2.231142759E0,-3.304155350E0,6.377185822E0,7.520900185E0
1.359619865E1,-1.938549280E0,-3.076357841E0,6.176028252E0,7.166957224E0
1.360122235E1,-1.430323601E0,-2.843200684E0,5.645472527E0,6.480815981E0
1.360624818E1,-7.226147652E-1,-2.600479126E0,5.080954552E0,5.753326250E0
1.361127725E1,9.264755249E-2,-2.291136265E0,4.644673347E0,5.179853227E0
1.361630339E1,7.849388123E-1,-1.862969875E0,4.269602299E0,4.724012011E0
1.362132839E1,9.666156769E-1,-9.624271393E-1,3.883805513E0,4.116376699E0
1.362635443E1,1.086853266E0,1.012021065E0,3.696499348E0,3.983659635E0
1.363137798E1,7.049050331E-1,3.389056206E0,3.696353436E0,5.064150649E0
1.363640376E1,-2.032806873E-1,5.010478020E0,3.161163330E0,5.927829841E0
1.364142954E1,-8.553783894E-1,6.493205070E0,2.208757162E0,6.911728617E0
1.364646891E1,-7.519166470E-1,7.788716316E0,1.051972151E0,7.895323040E0
1.365149558E1,1.021480560E-2,8.662722588E0,-2.190957069E-1,8.665498826E0
1.365652225E1,1.341135502E0,9.164110184E0,-1.220129132E0,9.341749033E0
1.366154579E1,2.568757534E0,9.279936790E0,-1.710989356E0,9.779735512E0
1.366657225E1,3.653150320E0,8.872898102E0,-3.288501740E0,1.014337575E1
1.367159870E1,3.985078812E0,8.321812630E0,-5.612065315E0,1.079947664E1
1.367661193E1,2.061717987E0,7.588649750E0,-8.374639511E0,1.148794468E1
1.368163751E1,-2.884275913E-1,6.677381516E0,-8.748270988E0,1.100921703E1
1.368666558E1,-1.514262199E0,5.238576889E0,-5.173164845E0,7.516469407E0
1.369169141E1,-1.873866081E0,3.106503487E0,-7.602090836E-1,3.706704177E0
1.369671475E1,-1.211660147E0,9.862298965E-1,7.203333855E0,7.370806492E0
1.370174032E1,6.477503777E-1,-3.372745514E-1,1.014254379E1,1.016880176E1
1.370676589E1,3.027486086E0,-1.219453335E0,9.135299683E0,9.700847320E0
1.371179636E1,5.234160423E0,-1.972558498E0,4.952857971E0,7.471159512E0
1.371682225E1,6.946604729E0,-2.562920570E0,7.022819519E-1,7.437545230E0
1.372184542E1,7.496055126E0,-2.592696190E0,-2.347622395E0,8.271895000E0
1.372687105E1,6.821419716E0,-2.128355503E0,-4.236099243E0,8.306997104E0
1.373189667E1,5.709571362E0,-1.395018101E0,-5.017479897E0,7.727896554E0
1.373692230E1,4.728074551E0,-7.906360626E-1,-3.797571182E0,6.115663596E0
1.374194792E1,3.907394886E0,-3.160047531E-1,-2.239175558E0,4.514587576E0
1.374702355E1,3.526476622E0,-1.297750473E-1,-1.169735193E0,3.717681986E0
1.375205115E1,3.373406410E0,-2.366132736E-1,-5.170218349E-1,3.420989364E0
1.375706100E1,3.236871243E0,-3.731594086E-1,-8.563891053E-2,3.259435136E0
1.376208667E1,3.288130522E0,-4.342546463E-1,2.334204018E-1,3.324885639E0
1.376711235E1,3.283165455E0,-6.350049973E-1,5.783916712E-1,3.393662281E0
1.377213803E1,3.112494469E0,-8.266429901E-1,7.802676558E-1,3.313574817E0
1.377716245E1,2.890999794E0,-9.325046539E-1,8.998268843E-1,3.168143488E0
1.378218808E1,2.756948233E0,-9.861707687E-1,9.125612974E-1,3.066930789E0
1.378721370E1,2.762811899E0,-9.971418381E-1,5.694350004E-1,2.991935436E0
1.379224219E1,2.115397930E0,-9.316482544E-1,-3.787455559E0,4.437081978E0
1.379726803E1,2.351986647E0,-7.893590927E-1,1.122643232E0,2.723096912E0
1.380229386E1,1.944149017E0,-5.275821686E-1,1.144763947E0,2.317011618E0
1.380728870E1,1.384079576E0,-3.236331940E-1,7.700845003E-1,1.616615246E0
1.381231245E1,6.799257994E-1,-1.347255707E-1,1.068327546E0,1.273488837E0
1.381734386E1,1.795196533E-2,5.354213715E-2,1.260478258E0,1.261742633E0
1.382236839E1,-2.200586796E-1,1.120815277E-1,1.281347990E0,1.304929409E0
1.382739199E1,-1.782764196E-1,7.952785492E-2,1.141400099E0,1.157972947E0
1.383241641E1,-7.636225224E-2,-1.058292389E-1,8.443387747E-1,8.543646691E-1
1.383744084E1,6.781482697E-2,-3.238515854E-1,4.218689203E-1,5.361455829E-1
1.384246527E1,3.132227659E-1,-4.928789139E-1,-1.330956817E-2,5.841363449E-1
1.384749772E1,1.780910492E-1,-4.645395279E-1,-2.478622198E-1,5.558318764E-1
1.385252256E1,-1.820403337E-1,-3.345890045E-1,-1.407444477E-1,4.060757129E-1
1.385754751E1,-6.083197594E-1,-4.107475281E-2,1.484870613E-1,6.275256746E-1
1.386257235E1,-1.052185535E0,1.956005096E-1,1.197940111E-1,1.076895801E0
1.386759719E1,-1.632787108E0,3.800487518E-1,-1.713251472E-1,1.685165601E0
1.387262782E1,-2.374025106E0,5.408697128E-1,-5.003895164E-1,2.485744339E0
1.387765303E1,-2.835580826E0,6.493215561E-1,-1.355970860E0,3.209485017E0
1.388267824E1,-3.041619301E0,5.188436508E-1,-1.290901661E0,3.344708329E0
1.388770344E1,-3.221347809E0,2.933492661E-1,-1.105766773E0,3.418458081E0
1.389273225E1,-2.929531813E0,-9.367752075E-2,-6.130211353E-1,2.994449370E0
1.389775766E1,-2.524277210E0,-5.172538757E-1,3.805491924E-1,2.604677464E0
1.390278308E1,-2.037981987E0,-9.434242249E-1,1.337589502E0,2.613917658E0
1.390780850E1,-1.551483393E0,-1.357538223E0,2.286651134E0,3.078763414E0
1.391289147E1,-1.122246742E0,-1.716474056E0,3.001125813E0,3.634897121E0
1.391791975E1,-9.867653251E-1,-1.829051495E0,3.506303787E0,4.075941784E0
1.392294803E1,-1.054355383E0,-1.915848255E0,3.870959997E0,4.445949967E0
1.392798558E1,-1.325465918E0,-1.895905972E0,4.240256310E0,4.830227005E0
1.393301449E1,-1.690594554E0,-1.889269352E0,4.482093811E0,5.149428469E0
1.393804339E1,-1.883326292E0,-1.862737179E0,4.568389893E0,5.280804288E0
1.394302318E1,-1.918560386E0,-1.926649570E0,4.500216484E0,5.257832341E0
1.394804860E1,-1.740857244E0,-2.052294254E0,4.276080608E0,5.052460887E0
1.395307402E1,-1.622990251E0,-2.153726101E0,3.925235748E0,4.762363820E0
1.395808756E1,-1.450091362E0,-2.221587658E0,3.538679361E0,4.422721821E0
1.396311219E1,-1.313406467E0,-2.213014126E0,3.082818508E0,4.015748750E0
1.396813683E1,-1.227052808E0,-2.185653210E0,2.634420872E0,3.636332201E0
1.397320001E1,-1.104933858E0,-2.173072338E0,2.192903519E0,3.279016325E0
1.397822714E1,-1.123456717E0,-2.065403461E0,1.691387892E0,2.896349332E0
1.398325428E1,-1.187141061E0,-1.857970715E0,1.143454194E0,2.483716282E0
1.398825964E1,-1.296007156E0,-1.617859364E0,5.868727565E-1,2.154419435E0
1.399328527E1,-1.426395059E0,-1.416759491E0,2.529096603E-2,2.010584480E0
1.399831089E1,-1.674211383E0,-1.158889771E0,-5.135326385E-1,2.099934529E0
1.400333652E1,-1.829310656E0,-8.920202255E-1,-9.255465865E-1,2.235780410E0
1.400839324E1,-1.954530001E0,-6.734199524E-1,-1.211895704E0,2.396324927E0
1.401342037E1,-2.064550400E0,-4.168682098E-1,-1.392460704E0,2.524894903E0
1.401844751E1,-2.197882175E0,-1.223373413E-1,-1.482276797E0,2.653826857E0
1.402344298E1,-2.340721846E0,1.049537659E-1,-1.529312849E0,2.797997827E0
1.402846782E1,-2.244874716E0,2.508172989E-1,-1.576972842E0,2.754853018E0
1.403349365E1,-2.226366043E0,4.205951691E-1,-1.458019376E0,2.694332302E0
1.403851860E1,-2.093845844E0,4.707584381E-1,-1.354077339E0,2.537583371E0
1.404354355E1,-1.928686380E0,4.253940582E-1,-1.274890065E0,2.350773476E0
1.404856850E1,-1.663714290E0,3.276529312E-1,-1.115244865E0,2.029549899E0
1.405361152E1,-1.518867254E0,2.923984528E-1,-1.258081198E0,1.993796101E0
1.405863735E1,-1.417329669E0,2.191686630E-1,-1.564747334E0,2.122567434E0
1.406365126E1,-1.373273849E0,1.893844604E-1,-1.676992655E0,2.175787651E0
1.406867589E1,-1.248059273E0,7.399082184E-2,-1.701071620E0,2.111106640E0
1.407370053E1,-1.199481606E0,3.571605682E-2,-1.747190833E0,2.119600804E0
1.407874574E1,-9.884061813E-1,-5.936717987E-2,-1.657851577E0,1.931047149E0
1.408377167E1,-8.155767918E-1,-1.251354218E-1,-1.600390434E0,1.800575996E0
1.408879761E1,-7.477333546E-1,-1.472587585E-1,-1.479174376E0,1.663955271E0
1.409382355E1,-8.610633612E-1,2.725601196E-2,-1.064712882E0,1.369593561E0
1.409883209E1,-9.308021665E-1,1.637420654E-1,-5.907342434E-1,1.114527291E0
1.410385714E1,-8.571546078E-1,3.099956512E-1,-1.566702127E-1,9.248550594E-1
1.410888219E1,-7.738040686E-1,4.466142654E-1,2.295143604E-1,9.224499337E-1
1.411390725E1,-6.176714897E-1,5.494251251E-1,4.350372553E-1,9.341538689E-1
1.411893230E1,-4.552781582E-1,6.852273941E-1,6.521431208E-1,1.049812094E0
1.412397079E1,-4.535514116E-1,9.064865112E-1,6.848313808E-1,1.223282755E0
1.412899641E1,-5.977794528E-1,1.222631454E0,6.527481079E-1,1.509386644E0
1.413402204E1,-8.451977968E-1,1.581054688E0,5.219309330E-1,1.867218557E0
1.413904766E1,-1.129924774E0,2.000979424E0,4.262156487E-1,2.337158195E0
1.414407329E1,-1.572771072E0,2.429984093E0,3.887152672E-1,2.920536097E0
1.414907032E1,-1.796973228E0,2.777341843E0,3.662384748E-1,3.328193371E0
1.415409480E1,-2.004960775E0,3.009850502E0,1.769170761E-1,3.620824134E0
1.415911928E1,-2.039399862E0,3.199457169E0,3.708976507E-1,3.812249079E0
1.416415615E1,-2.158983231E0,3.245762825E0,6.276196241E-1,3.948428966E0
1.416918141E1,-2.363172293E0,3.110352516E0,1.048999548E0,4.044660197E0
1.417420667E1,-2.737589836E0,3.036979675E0,1.588759780E0,4.386547765E0
1.417928193E1,-3.100346565E0,3.096952438E0,2.186403990E0,4.897307999E0
1.418431037E1,-3.541328430E0,3.404251099E0,2.657882929E0,5.585183458E0
1.418933881E1,-4.131547928E0,3.896016121E0,2.909220219E0,6.380610643E0
1.419432704E1,-4.750393391E0,4.433058739E0,2.979838371E0,7.148264395E0
1.419935256E1,-5.350441933E0,4.823965073E0,2.746537447E0,7.709820740E0
1.420437808E1,-5.568102837E0,4.892164230E0,2.209144115E0,7.734168202E0
1.420937157E1,-5.431746483E0,4.657538414E0,1.485878348E0,7.307829253E0
1.421439495E1,-5.041913509E0,4.316872597E0,4.083414078E-1,6.650039365E0
1.421941834E1,-4.770382881E0,4.018999100E0,-1.045214891E0,6.324664479E0
1.422444172E1,-4.860103130E0,3.802768707E0,-2.194531202E0,6.549627430E0
1.422946511E1,-5.075598717E0,3.486723900E0,-2.722597122E0,6.732865733E0
1.423449969E1,-5.296436310E0,3.008774757E0,-2.573706627E0,6.612785262E0
1.423952355E1,-5.545044899E0,2.406922340E0,-2.001212835E0,6.367546694E0
1.424458131E1,-5.925741196E0,1.666435242E0,-1.591446638E0,6.357996346E0
1.424960860E1,-6.227716923E0,8.016281128E-1,-1.228178740E0,6.398084769E0
1.425460298E1,-6.384290695E0,-3.118972778E-1,7.359495163E-1,6.434133142E0
1.425962699E1,-6.409193993E0,-1.406859398E0,2.254145861E0,6.938169396E0
1.426465407E1,-5.951339722E0,-2.522286892E0,2.113876820E0,6.800650767E0
1.426967839E1,-5.242527008E0,-3.586437225E0,-1.172196865E-2,6.351909855E0
1.427470272E1,-4.294497013E0,-4.545968056E0,-3.063895464E0,6.963905914E0
1.427973141E1,-3.134802341E0,-5.237265110E0,-5.610512257E0,8.290583775E0
1.428475600E1,-1.758855820E0,-5.707543850E0,-6.765650272E0,9.024613798E0
1.428978058E1,-6.408684254E-1,-6.013967514E0,-6.683560371E0,9.013794808E0
1.429480516E1,-5.853295326E-3,-6.127791405E0,-5.988282204E0,8.567927726E0
1.429989381E1,2.288189530E-1,-5.924810886E0,-5.204188347E0,7.889189978E0
1.430492162E1,3.651171923E-1,-5.567214489E0,-4.149977684E0,6.953380653E0
1.430994943E1,4.508945346E-1,-4.959228992E0,-3.343238592E0,5.997874821E0
1.431494975E1,3.982096314E-1,-3.827976227E0,-2.776808262E0,4.745802043E0
1.431997568E1,2.745629847E-1,-2.350512981E0,-1.863613367E0,3.012200340E0
1.432500162E1,-2.424947470E-1,-5.504465103E-1,-1.080197215E0,1.236374169E0
1.433002787E1,-1.226195335E0,1.605985641E0,-1.429139614E0,2.474911093E0
1.433505386E1,-2.200299501E0,3.583182335E0,-3.997187018E-1,4.223776578E0
1.434008943E1,-3.588683367E0,5.443827629E0,8.251011372E-1,6.572267451E0
1.434511636E1,-5.257481575E0,7.130671501E0,2.441967249E0,9.189711237E0
1.435014589E1,-6.317179203E0,8.342210770E0,2.982129812E0,1.088082404E1
1.435517308E1,-6.873310566E0,9.436590195E0,3.471414089E0,1.217958737E1
1.436020027E1,-6.579446316E0,1.033609772E1,3.666898966E0,1.278945573E1
1.436522745E1,-5.666900635E0,1.063327026E1,4.179017067E0,1.275321069E1
1.437023568E1,-4.063418388E0,1.066266155E1,4.632417679E0,1.231515383E1
1.437526183E1,-2.267385006E0,1.017071819E1,5.025178909E0,1.156879278E1
1.438028798E1,-4.708553553E-1,9.334497452E0,5.837054729E0,1.101933552E1
1.438531412E1,7.369650006E-1,8.398355484E0,6.555498123E0,1.067942170E1
1.439036839E1,1.637304664E0,7.310098648E0,7.018733025E0,1.026552103E1
1.439539594E1,2.384351254E0,6.055017471E0,6.354574203E0,9.095547305E0
1.440042350E1,2.984508991E0,5.135375023E0,5.085014343E0,7.818998748E0
1.440545225E1,3.055087090E0,4.253968239E0,3.526212692E0,6.313792747E0
1.441047990E1,2.804778337E0,3.424366951E0,3.323321342E0,5.535118362E0
1.441550756E1,2.384580851E0,2.703508377E0,4.103134155E0,5.461766498E0
1.442053522E1,2.266336441E0,1.852099419E0,4.829219818E0,5.646938743E0
1.442556464E1,2.339075565E0,9.039649963E-1,5.589959621E0,6.126669224E0
1.443059235E1,2.602635860E0,-3.994560242E-2,6.258563042E0,6.778268246E0
1.443562006E1,2.990380287E0,-8.930463791E-1,6.870824814E0,7.546399123E0
1.444064777E1,3.340272427E0,-1.688458920E0,7.318552017E0,8.220067946E0
1.444560985E1,3.829768181E0,-2.464375496E0,7.487588882E0,8.763803865E0
1.445063428E1,4.260498524E0,-3.067024231E0,7.622459412E0,9.255288909E0
1.445565870E1,4.637561321E0,-3.510682106E0,7.623865604E0,9.589326911E0
1.446068313E1,5.009700775E0,-3.910028458E0,7.477863312E0,9.813453220E0
1.446573610E1,5.268178940E0,-4.173996449E0,7.241372108E0,9.879950694E0
1.447076199E1,5.522902489E0,-4.427245617E0,6.904415607E0,9.888069100E0
1.447578261E1,5.621458530E0,-4.478353024E0,6.500133991E0,9.690623495E0
1.448080798E1,5.664797783E0,-4.447150707E0,5.879483223E0,9.297064392E0
1.448583298E1,5.580766201E0,-4.381749630E0,5.343621254E0,8.882509179E0
1.449085829E1,5.388054848E0,-4.315944195E0,4.781836510E0,8.397884837E0
1.449588360E1,5.090652943E0,-4.097054958E0,4.246385098E0,7.793099070E0
1.450088370E1,4.730091095E0,-3.816759109E0,3.512217760E0,7.019763918E0
1.450590730E1,4.377633572E0,-3.566383362E0,2.511751175E0,6.179940124E0
1.451093089E1,4.122585297E0,-3.232051849E0,1.133568645E0,5.359743143E0
1.451595480E1,3.868169785E0,-2.905621529E0,-8.826175928E-1,4.917762475E0
1.452097839E1,3.670957088E0,-2.611989021E0,-2.425399780E0,5.116734964E0
1.452600855E1,3.573344231E0,-2.399497032E0,-2.608213425E0,5.032807593E0
1.453103282E1,3.574129343E0,-2.196114540E0,-2.534915924E0,4.901338427E0
1.453605709E1,3.658169985E0,-2.116087914E0,-1.991624236E0,4.671894990E0
1.454108136E1,3.844256163E0,-2.029409885E0,-1.395173669E0,4.565448444E0
1.454611959E1,4.080074310E0,-1.963991642E0,-8.753474951E-1,4.611995532E0
1.455114454E1,4.117551327E0,-1.799613476E0,-3.762251139E-1,4.509366134E0
1.455616969E1,4.191803932E0,-1.674772739E0,2.284324169E-2,4.514045386E0
1.456119469E1,4.226696014E0,-1.589231968E0,3.713420630E-1,4.530840140E0
1.456622152E1,4.260823250E0,-1.365969181E0,6.174931526E-1,4.516833444E0
1.457124667E1,4.351833344E0,-1.167794704E0,7.616083026E-1,4.569709523E0
1.457627183E1,4.485360146E0,-9.995732307E-1,7.416059971E-1,4.654844974E0
1.458129699E1,4.585162640E0,-7.273588181E-1,3.468777239E-1,4.655436761E0
1.458632167E1,4.588929176E0,-4.662532806E-1,-2.075135708E-1,4.617220483E0
1.459134683E1,4.548920155E0,1.306915283E-2,-7.830830216E-1,4.615849260E0
1.459637199E1,4.330301762E0,6.429395676E-1,-1.428484321E0,4.604937794E0
1.460139725E1,4.156610012E0,1.408363342E0,-2.004322767E0,4.824749097E0
1.460642240E1,4.232170582E0,2.089102745E0,-2.545033455E0,5.362164992E0
1.461145136E1,4.365360260E0,2.250749588E0,-3.627549648E0,6.105846408E0
1.461647688E1,4.185239315E0,2.019875526E0,-5.340775013E0,7.079548220E0
1.462150240E1,2.892501831E0,2.125960350E0,-8.360174179E0,9.098284814E0
1.462654735E1,7.298569679E-1,3.019047737E0,-1.207240582E1,1.246556547E1
1.463157417E1,-1.698700905E0,3.960589409E0,-1.385350132E1,1.450832010E1
1.463660100E1,-4.230080605E0,5.120801926E0,-1.375662994E1,1.527615991E1
1.464162782E1,-6.370747566E0,5.378797531E0,-1.173297787E1,1.439377147E1
1.464663266E1,-7.555939198E0,4.347750664E0,-8.280179024E0,1.202316587E1
1.465165834E1,-7.981112957E0,3.474404335E0,-3.734863758E0,9.472003843E0
1.465668579E1,-8.162626266E0,2.660615921E0,1.210094333E0,8.670159914E0
1.466171167E1,-8.189237595E0,2.105212212E0,5.547035694E0,1.011262260E1
1.466673756E1,-8.288921356E0,1.523266792E0,8.267851830E0,1.180609727E1
1.467175938E1,-8.147146225E0,7.297687531E-1,8.436964035E0,1.175120914E1
1.467678495E1,-8.659658432E0,3.182353973E-1,7.185785770E0,1.125728542E1
1.468181266E1,-7.926043510E0,-6.260976791E-1,5.076033592E0,9.432935973E0
1.468683844E1,-6.494145870E0,-1.415630817E0,3.770376444E0,7.641575736E0
1.469186891E1,-5.074437141E0,-1.985588551E0,2.638997078E0,6.054484270E0
1.469689516E1,-3.986349583E0,-2.284802914E0,1.589447618E0,4.861856752E0
1.470192141E1,-2.973510027E0,-2.338226795E0,9.652595520E-1,3.903945751E0
1.470696318E1,-2.018436193E0,-2.424066544E0,5.459790230E-1,3.201292921E0
1.471199048E1,-1.084686041E0,-2.557120323E0,5.910757780E-1,2.839855407E0
1.471701777E1,-8.716392517E-2,-2.579836845E0,1.473757029E0,2.972392215E0
1.472202443E1,1.126019001E0,-2.559683800E0,2.576955557E0,3.802709545E0
1.472705032E1,2.096549511E0,-2.175967693E0,3.135326862E0,4.354380529E0
1.473207620E1,2.653043747E0,-1.113580227E0,3.362720013E0,4.425673726E0
1.473710209E1,2.479995251E0,7.841491699E-1,3.583675385E0,4.428091646E0
1.474217084E1,1.806697965E0,3.214484215E0,3.703926563E0,5.226484314E0
1.474719891E1,6.112079620E-1,5.429319382E0,3.959428072E0,6.747455430E0
1.475222699E1,-1.170899391E0,6.700659752E0,4.135389328E0,7.960608732E0
1.475728251E1,-2.251547337E0,7.816920280E0,4.031115532E0,9.078744435E0
1.476231240E1,-2.089822531E0,8.312735558E0,3.350532055E0,9.202988412E0
1.476734230E1,-3.472445011E-1,7.968811989E0,2.083085537E0,8.243894020E0
1.477237219E1,2.940130711E0,6.883239746E0,-4.781681895E-1,7.500133520E0
1.477740209E1,6.429280758E0,5.666934013E0,-5.129025936E0,9.987827553E0
1.478235563E1,7.121526718E0,4.772481918E0,-4.376149178E0,9.625144575E0
1.478738251E1,5.139122963E0,3.760890961E0,-3.517523527E0,7.275153429E0
1.479240938E1,3.410607100E0,2.937748909E0,-1.853723764E0,4.868151727E0
1.479744501E1,2.806769371E0,2.516298294E0,-1.575147629E0,4.085437732E0
1.480247245E1,3.369748831E0,2.150492668E0,-2.154126644E0,4.540934650E0
1.480749990E1,3.959797859E0,1.830303192E0,-2.781501770E0,5.173660306E0
1.481248975E1,4.554922104E0,1.675491333E0,-3.192297459E0,5.809074767E0
1.481751469E1,4.779322624E0,1.581068993E0,-2.684047699E0,5.704894035E0
1.482255792E1,4.521013737E0,1.676898003E0,-1.425250411E0,5.028209508E0
1.482758464E1,4.446534157E0,1.451496124E0,-6.592119932E-1,4.723670973E0
1.483261136E1,4.067828178E0,1.364433289E0,-1.780040860E-1,4.294250778E0
1.483765183E1,3.967796326E0,1.152233124E0,3.645124435E-1,4.147760622E0
1.484267954E1,3.696148634E0,8.819580078E-1,8.886721134E-1,3.902448305E0
1.484770725E1,3.405613661E0,8.214378357E-1,1.665935040E0,3.879214364E0
1.485273376E1,3.521082878E0,5.685930252E-1,2.299051285E0,4.243460790E0
1.485776136E1,3.688914061E0,1.241083145E-1,2.619919300E0,4.526308315E0
1.486278897E1,3.652074337E0,-3.295183182E-1,2.909036398E0,4.680675384E0
1.486778042E1,3.536514997E0,-6.962385178E-1,2.952699900E0,4.659412313E0
1.487280563E1,3.456397295E0,-1.167783737E0,2.691642761E0,4.533799937E0
1.487782657E1,3.010627270E0,-1.519046307E0,3.594005585E0,4.928311514E0
1.488285131E1,-4.602780342E-1,-1.530385494E0,6.778576374E0,6.964411913E0
1.488787605E1,-2.235981226E0,-1.370523930E0,6.711306095E0,7.205524088E0
1.489290079E1,-3.045017004E0,-7.488613129E-1,6.473549604E-1,3.201872931E0
1.489798568E1,3.037379503E0,-2.516829967E0,-1.504329920E0,4.221743223E0
1.490301344E1,7.149199963E0,-3.420373917E0,-2.185138226E0,8.221000359E0
1.490806147E1,6.873341560E0,-2.932369232E0,5.365950465E-1,7.491965547E0
1.491309131E1,6.072858810E0,-2.661366463E0,-1.331900954E0,6.762872595E0
1.491812115E1,2.526000977E0,-1.403286457E0,2.858845949E0,4.064836279E0
1.492315100E1,3.259884119E-1,-3.895702362E-1,1.403897405E0,1.492970642E0
1.492812146E1,-1.283974528E0,3.839015961E-1,1.436286330E0,1.964405622E0
1.493314829E1,-2.071353197E0,6.390037537E-1,1.988380671E0,2.941511101E0
1.493819985E1,-2.534589291E0,9.934587479E-1,2.447064400E0,3.660495504E0
1.494322912E1,-2.658338547E0,1.103091240E0,2.638853550E0,3.904756352E0
1.494825839E1,-2.399344444E0,1.107089043E0,2.591839314E0,3.701368792E0
1.495328766E1,-2.047953606E0,1.101659775E0,2.521223783E0,3.429918016E0
1.495824870E1,-1.543039799E0,1.073101044E0,2.149695873E0,2.855470192E0
1.496327459E1,-1.067527413E0,1.045223236E0,1.835449219E0,2.366639015E0
1.496830048E1,-7.945784330E-1,1.118963242E0,1.588235855E0,2.099029955E0
1.497332313E1,-4.586575627E-1,1.088697433E0,9.051698446E-1,1.488274608E0
1.497834881E1,1.430505514E-1,7.871017456E-1,7.930927277E-1,1.126493983E0
1.498337449E1,3.422006965E-1,4.250116348E-1,1.159258604E0,1.281255914E0
1.498841068E1,4.122432470E-1,7.447624207E-2,1.784839988E0,1.833342572E0
1.499343704E1,2.907983065E-1,-2.450942993E-1,2.663857460E0,2.690868157E0
1.499844975E1,3.895121813E-2,-4.522533417E-1,3.499623299E0,3.528939432E0
1.500347469E1,-4.503261149E-1,-5.328054428E-1,4.124075890E0,4.182663887E0
1.500850568E1,-7.003220916E-1,-6.448707581E-1,4.704072952E0,4.799438682E0
1.501353126E1,-8.510867357E-1,-7.217102051E-1,4.975041866E0,5.098652354E0
1.501855683E1,-1.051779270E0,-8.258666992E-1,4.939063072E0,5.116897446E0
1.502358240E1,-1.327026367E0,-8.811159134E-1,4.711631298E0,4.973613749E0
1.502865506E1,-1.692161202E0,-8.351688385E-1,4.411714554E0,4.798347823E0
1.503368298E1,-2.023051739E0,-8.605728149E-1,3.844059706E0,4.428331393E0
1.503871089E1,-2.254106760E0,-9.286670685E-1,3.122121096E0,3.961194257E0
1.504373881E1,-2.352386475E0,-1.039483070E0,2.383839369E0,3.506698920E0
1.504876495E1,-2.442543983E0,-1.183438301E0,1.695249915E0,3.200065562E0
1.505379277E1,-2.524432421E0,-1.303133011E0,1.189602256E0,3.079946139E0
1.505882058E1,-2.516532898E0,-1.446448326E0,6.654219627E-1,2.977908154E0
1.506384839E1,-2.480736732E0,-1.512964249E0,1.704639196E-1,2.910699830E0
1.506881777E1,-2.430114985E0,-1.579361916E0,-3.002502918E-1,2.913759279E0
1.507384261E1,-2.322158098E0,-1.616891384E0,-6.856850982E-1,2.911515076E0
1.507886745E1,-2.165390730E0,-1.649555683E0,-1.158321738E0,2.958320506E0
1.508392704E1,-2.016779184E0,-1.682127476E0,-1.709452868E0,3.133557121E0
1.508895422E1,-1.865521431E0,-1.633358479E0,-2.119604588E0,3.262016820E0
1.509394923E1,-1.792446852E0,-1.512911797E0,-2.404271603E0,3.358911990E0
1.509897324E1,-1.807223201E0,-1.311271667E0,-2.650602341E0,3.465715201E0
1.510399725E1,-1.833076954E0,-1.124201775E0,-2.926011562E0,3.631190495E0
1.510902126E1,-1.870075703E0,-8.751192093E-1,-3.150046349E0,3.766405284E0
1.511405235E1,-1.942440510E0,-6.501150131E-1,-3.323585749E0,3.904093607E0
1.511907673E1,-1.940449715E0,-4.108772278E-1,-3.466013670E0,3.993421585E0
1.512410110E1,-1.902948380E0,-2.530050278E-1,-3.611197472E0,4.089739754E0
1.512917928E1,-1.825801134E0,-1.284589767E-1,-3.726331472E0,4.151577740E0
1.513420725E1,-1.742076874E0,-5.160522461E-2,-3.724935770E0,4.112498197E0
1.513922480E1,-1.642465472E0,-2.710628510E-2,-3.569118261E0,3.928998949E0
1.514425172E1,-1.804542542E0,1.268577576E-1,-3.268468142E0,3.735686104E0
1.514927865E1,-2.032481194E0,2.857913971E-1,-2.942075491E0,3.587264239E0
1.515429089E1,-2.235971451E0,4.831686020E-1,-2.694432259E0,3.534541756E0
1.515931683E1,-2.224541664E0,5.611381531E-1,-2.319115162E0,3.262170562E0
1.516434490E1,-2.228126526E0,6.202039719E-1,-1.777122736E0,2.916738933E0
1.516937105E1,-2.189254999E0,6.411056519E-1,-1.354328036E0,2.652933911E0
1.517439719E1,-2.126870632E0,8.054533005E-1,-8.103965521E-1,2.414348002E0
1.517938626E1,-2.007213354E0,8.928670883E-1,-4.169055223E-1,2.236051721E0
1.518440990E1,-1.806552410E0,9.416217804E-1,-6.325316429E-2,2.038206111E0
1.518943355E1,-1.586688042E0,9.754714966E-1,2.562280893E-1,1.880100108E0
1.519445719E1,-1.495405674E0,1.037316322E0,5.468266010E-1,1.900337500E0
1.519948084E1,-1.422221065E0,1.083916664E0,8.234863281E-1,1.968684288E0
1.520455501E1,-1.319454670E0,1.110463142E0,9.381349087E-1,1.963208120E0
1.520958068E1,-1.263383627E0,1.159895897E0,1.006167769E0,1.988434123E0
1.521458709E1,-1.153658032E0,1.217869759E0,9.461040497E-1,1.925940414E0
1.521961084E1,-1.090933800E0,1.274860382E0,8.056323528E-1,1.861303048E0
1.522462756E1,-1.008243322E0,1.378778458E0,6.704034805E-1,1.834945628E0
1.522965058E1,-1.025033951E0,1.543945312E0,5.257943869E-1,1.926375214E0
1.523467360E1,-1.122109652E0,1.727355957E0,3.042378426E-1,2.082174185E0
1.523969662E1,-1.328351736E0,1.972162247E0,2.252821922E-1,2.388450194E0
1.524474501E1,-1.625029802E0,2.187558174E0,2.883845568E-1,2.740309887E0
1.524976928E1,-2.074447393E0,2.344995499E0,4.451458454E-1,3.162355246E0
1.525479355E1,-2.653282166E0,2.435093880E0,5.281084776E-1,3.639847115E0
1.525983756E1,-3.189963818E0,2.505864143E0,5.375456810E-1,4.091965252E0
1.526486324E1,-3.704318523E0,2.428364754E0,5.067014694E-1,4.458214607E0
1.526989167E1,-4.044113159E0,2.236434937E0,3.205294609E-1,4.632410993E0
1.527491761E1,-4.247983932E0,2.064245224E0,1.843883991E-1,4.726571159E0
1.527993824E1,-4.387478828E0,1.854446411E0,1.310904026E-1,4.765094611E0
1.528496360E1,-4.605821609E0,1.702733994E0,1.508812904E-1,4.912805809E0
1.528999391E1,-4.840144157E0,1.522884369E0,3.491443992E-1,5.086066661E0
1.529501980E1,-5.056609154E0,1.477481842E0,7.212842107E-1,5.317189073E0
1.530004568E1,-5.168475628E0,1.628345490E0,1.187184572E0,5.547436936E0
1.530507157E1,-5.227324486E0,2.022816658E0,1.537795305E0,5.812187446E0
1.531011912E1,-5.385108948E0,2.564736366E0,1.655172110E0,6.190061851E0
1.531514605E1,-5.549378872E0,3.048174858E0,1.544327974E0,6.517048774E0
1.532017298E1,-5.600002766E0,3.310630798E0,1.205541253E0,6.616164823E0
1.532519990E1,-5.617261887E0,3.390642166E0,6.238562465E-1,6.590848353E0
1.533022683E1,-5.638447762E0,3.178473473E0,-6.787592173E-2,6.472974117E0
1.533522516E1,-5.619425297E0,2.679300308E0,-8.672233820E-1,6.285592033E0
1.534025089E1,-5.587964535E0,1.826456070E0,-1.502489567E0,6.067846761E0
1.534527662E1,-5.261067390E0,6.968479156E-1,-2.090585709E0,5.703943873E0
1.535033782E1,-4.877110481E0,-4.989023209E-1,-2.478986502E0,5.493676751E0
1.535536589E1,-4.459421158E0,-1.732085705E0,-2.660227776E0,5.473880686E0
1.536039396E1,-3.830473423E0,-2.983596802E0,-2.600811720E0,5.508048486E0
1.536538048E1,-2.875842094E0,-4.019001007E0,-2.305789709E0,5.453393717E0
1.537040579E1,-1.933761477E0,-4.876909733E0,-1.974354744E0,5.605511453E0
1.537542542E1,-9.468247890E-1,-5.581235409E0,-1.620577455E0,5.888373048E0
1.538045016E1,1.000051498E-1,-6.021943092E0,-1.243183970E0,6.149740321E0
1.538548891E1,1.164475918E0,-6.213384628E0,-6.785678864E-1,6.357877561E0
1.539051506E1,2.055401325E0,-6.174501419E0,4.057785869E-2,6.507748377E0
1.539554120E1,2.888149738E0,-5.928841114E0,5.192018151E-1,6.615295639E0
1.540056678E1,3.686896563E0,-5.361117840E0,1.012529373E0,6.584831546E0
1.540559287E1,4.375538826E0,-4.470799446E0,1.436353564E0,6.418449912E0
1.541061506E1,4.772620678E0,-3.151993752E0,1.902221441E0,6.027554990E0
1.541564074E1,4.305082321E0,-1.542676926E0,2.358838081E0,5.145648937E0
1.542066641E1,2.847910643E0,3.725423813E-1,2.692534924E0,3.936893086E0
1.542569209E1,1.830153316E-1,2.637589455E0,3.104577541E0,4.077839434E0
1.543070355E1,-4.102201462E0,5.319528580E0,4.114499569E0,7.877470904E0
1.543572855E1,-8.044054031E0,8.140100479E0,4.614470482E0,1.233942377E1
1.544075355E1,-1.017551422E1,1.051825142E1,4.302000523E0,1.525391461E1
1.544577855E1,-1.078225517E1,1.218380928E1,2.851331711E0,1.651763687E1
1.545079094E1,-1.023229122E1,1.328278542E1,2.146901846E0,1.690388593E1
1.545581527E1,-8.363007545E0,1.321093655E1,1.409183502E0,1.569887059E1
1.546084501E1,-5.230404854E0,1.211652374E1,5.267100334E-1,1.320775174E1
1.546586990E1,-1.840073705E0,1.050263023E1,2.077034712E-1,1.066462628E1
1.547089620E1,7.765376568E-1,8.676439285E0,9.302668571E-1,8.760650993E0
1.547592120E1,2.052608728E0,6.997539520E0,1.722448587E0,7.493036171E0
1.548094782E1,2.475427389E0,5.447272301E0,2.342154503E0,6.425434148E0
1.548597298E1,2.672607660E0,4.126243591E0,2.672117472E0,5.595438291E0
1.549099803E1,2.481928587E0,3.153944969E0,2.761766672E0,4.871826509E0
1.549602318E1,2.285838366E0,2.243124962E0,3.148389101E0,4.490993271E0
1.550104834E1,2.130728960E0,1.379411697E0,3.766422987E0,4.541885583E0
1.550607350E1,1.953291893E0,6.441736221E-1,4.669950485E0,5.102817497E0
1.551110407E1,1.757905126E0,-2.931785583E-2,5.454283714E0,5.730645758E0
1.551612949E1,1.682717443E0,-5.977630615E-1,6.121695518E0,6.376834222E0
1.552115683E1,1.741670728E0,-1.190053463E0,6.373023987E0,6.713052875E0
1.552618245E1,1.772025466E0,-1.777317524E0,6.630507469E0,7.089609378E0
1.553120969E1,1.979910970E0,-2.187544346E0,7.142070770E0,7.727520469E0
1.553623548E1,2.294011831E0,-2.569302559E0,7.260962486E0,8.036503104E0
1.554126126E1,2.667521238E0,-2.894128799E0,7.201026917E0,8.206487660E0
1.554628704E1,3.058425188E0,-3.171945572E0,7.232815742E0,8.469287273E0
1.555133282E1,3.477211952E0,-3.311835289E0,7.312500000E0,8.748251951E0
1.555635959E1,3.747203112E0,-3.351968765E0,7.368858337E0,8.920610907E0
1.556138636E1,3.983740807E0,-3.335140228E0,7.297611237E0,8.958151646E0
1.556642631E1,4.062139511E0,-3.275491714E0,7.148230553E0,8.850255556E0
1.557145397E1,4.015176296E0,-3.211194038E0,6.836452961E0,8.553975504E0
1.557648162E1,3.904187441E0,-2.994037628E0,6.531088829E0,8.176922538E0
1.558150928E1,3.819040775E0,-2.796687126E0,6.155966759E0,7.765465734E0
1.558652501E1,3.720718384E0,-2.557325363E0,5.729924202E0,7.294908475E0
1.559155204E1,3.551343679E0,-2.219111443E0,5.357058525E0,6.799600986E0
1.559657980E1,3.511149645E0,-1.907024860E0,5.069784164E0,6.455046640E0
1.560160688E1,3.575920820E0,-1.673923016E0,4.694930553E0,6.134460113E0
1.560663396E1,3.669404507E0,-1.491020679E0,4.361148834E0,5.891289439E0
1.561166032E1,3.715569258E0,-1.339035511E0,4.115795612E0,5.704230407E0
1.561668735E1,3.700690508E0,-1.189127445E0,3.781305313E0,5.422859411E0
1.562171438E1,3.740192175E0,-1.112795353E0,3.391301632E0,5.169939822E0
1.562673620E1,3.820141792E0,-1.057227612E0,3.098439932E0,5.031057895E0
1.563176287E1,3.926886320E0,-9.934420586E-1,2.878456116E0,4.969192380E0
1.563678610E1,4.099644184E0,-9.878306389E-1,2.622133255E0,4.965730018E0
1.564181245E1,4.491960526E0,-9.826512337E-1,2.353586912E0,5.165528450E0
1.564683881E1,4.937181950E0,-9.057226181E-1,2.077922821E0,5.432666225E0
1.565188407E1,5.364749908E0,-8.332614899E-1,1.742181540E0,5.701759624E0
1.565691162E1,5.613244057E0,-6.500701904E-1,1.308071136E0,5.800185358E0
1.566193917E1,5.669432640E0,-4.278306961E-1,9.569406509E-2,5.686357614E0
1.566696673E1,5.644054413E0,-1.189327240E-1,-8.682204485E-1,5.711681185E0
1.567196735E1,5.326498985E0,2.761354446E-1,-2.265834093E0,5.794984587E0
1.567699350E1,5.075074673E0,5.655384064E-1,-4.065946579E0,6.527490958E0
1.568201964E1,4.979411602E0,8.541917801E-1,-6.653427124E0,8.354177158E0
1.568701292E1,4.823011875E0,1.280526161E0,-9.920140266E0,1.110452042E1
1.569203693E1,4.121560574E0,1.992402077E0,-1.721641159E1,1.781465003E1
1.569706600E1,1.924065590E0,3.219251633E0,-1.507732677E1,1.553677547E1
1.570209048E1,8.999562263E-1,3.146580696E0,-8.273568153E0,8.897349115E0
1.570711766E1,-1.546511889E0,3.528918266E0,-6.180558205E0,7.283149241E0
1.571214240E1,-4.452768326E0,4.239026070E0,-4.545936108E0,7.646046225E0
1.571716714E1,-6.359694481E0,4.512849808E0,-2.804889917E0,8.287275471E0
1.572219725E1,-7.100799561E0,4.458632469E0,-5.893563032E-1,8.405242337E0
1.572722235E1,-6.507071018E0,3.779136658E0,8.311123848E-1,7.570640324E0
1.573224745E1,-5.229973793E0,2.699997902E0,1.728448510E0,6.134341758E0
1.573727256E1,-3.535649061E0,1.590940475E0,1.778868675E0,4.265709747E0
1.574233334E1,-2.105655193E0,4.387664795E-1,1.118391991E0,2.424273182E0
1.574736027E1,-1.557969570E0,-2.482213974E-1,-3.796014190E-1,1.622646074E0
1.575238719E1,-1.933515072E0,-6.996536255E-1,-1.468802691E0,2.526930366E0
1.575741501E1,-2.546750307E0,-1.116539955E0,-1.982398868E0,3.415040830E0
1.576244199E1,-3.344226837E0,-1.379430294E0,-1.650831223E0,3.976421104E0
1.576746896E1,-3.421040535E0,-1.784987926E0,-8.214126229E-1,3.945176667E0
1.577249110E1,-3.321476936E0,-2.232141972E0,-1.362709999E-1,4.004152420E0
1.577751772E1,-2.976714134E0,-2.658053398E0,6.822568178E-1,4.048647832E0
1.578254501E1,-2.609966755E0,-3.052645683E0,1.265758872E0,4.211023350E0
1.578757173E1,-2.324522734E0,-3.434481621E0,2.121759176E0,4.658425909E0
1.579259844E1,-2.114212751E0,-3.793539047E0,3.150212765E0,5.365135089E0
1.579762318E1,-2.346854925E0,-3.622564316E0,4.496511936E0,6.232922256E0
1.580264975E1,-2.749977112E0,-3.256909370E0,5.478667736E0,6.941587205E0
1.580767631E1,-2.867083311E0,-3.113481522E0,6.309834003E0,7.597890434E0
1.581270287E1,-2.362265587E0,-3.111512184E0,6.953857422E0,7.976085495E0
1.581769245E1,-1.592935562E0,-3.088950157E0,6.910397530E0,7.735156805E0
1.582271714E1,-7.900557518E-1,-2.916915894E0,6.535906315E0,7.200740085E0
1.582774183E1,-2.713854313E-1,-2.443170547E0,5.726731777E0,6.232029302E0
1.583280209E1,1.152651310E-1,-1.252436161E0,4.994969845E0,5.150884015E0
1.583782922E1,3.588082790E-1,5.532779694E-1,4.659581184E0,4.706012825E0
1.584285636E1,-1.102223396E-1,2.800899506E0,4.476645947E0,5.281812751E0
1.584788350E1,-1.192393303E0,5.039762497E0,4.417975903E0,6.807313632E0
1.585290662E1,-2.210810184E0,6.991438866E0,4.774480820E0,8.750060924E0
1.585793355E1,-2.809252024E0,8.593214035E0,4.956176281E0,1.031013616E1
1.586296115E1,-3.032752752E0,9.782723427E0,4.793950081E0,1.130845809E1
1.586798813E1,-2.293861866E0,1.050269604E1,4.595384598E0,1.169127820E1
1.587301511E1,-7.490041256E-1,1.077304649E1,1.742337942E0,1.093870556E1
1.587802615E1,8.576450348E-1,1.077138329E1,-3.557821274E0,1.137613050E1
1.588305204E1,1.963747025E0,9.914322853E0,-6.848260880E0,1.220855344E1
1.588807792E1,3.463003874E0,7.204380035E0,-4.357389450E0,9.103973327E0
1.589311235E1,4.109916687E0,4.211292267E0,4.690664113E-1,5.903085721E0
1.589813881E1,3.048333883E0,2.258831024E0,2.860409737E0,4.751484076E0
1.590316527E1,2.158762932E0,9.871559143E-1,6.486453056E0,6.907156249E0
1.590816058E1,1.997826099E0,5.900526047E-1,3.594603300E0,4.154593131E0
1.591318501E1,2.221803904E0,3.846912384E-1,-1.562967777E0,2.743586741E0
1.591820923E1,3.600555897E0,-2.534370422E-1,-6.581530094E0,7.506315440E0
1.592323360E1,5.231842518E0,-8.266735077E-1,-1.044212055E1,1.170869108E1
1.592826298E1,6.309852123E0,-1.357519627E0,-1.167248154E1,1.333806277E1
1.593328787E1,6.526746750E0,-1.777331829E0,-6.376948357E0,9.296386497E0
1.593831277E1,5.691240788E0,-1.927493572E0,-2.124122381E0,6.373174175E0
1.594333766E1,3.995309353E0,-1.913911343E0,1.409603655E-2,4.430096179E0
1.594841167E1,2.951805592E0,-1.982051373E0,1.177965522E0,3.745568937E0
1.595343902E1,2.738867283E0,-2.017700672E0,1.376645684E0,3.669831513E0
1.595846636E1,2.923017740E0,-1.868117809E0,1.359443307E0,3.725853320E0
1.596348006E1,3.264563799E0,-1.843971729E0,1.318789959E0,3.974520788E0
1.596850652E1,3.314538240E0,-1.839251995E0,1.160021305E0,3.964172181E0
1.597353136E1,3.126246929E0,-1.896596432E0,5.918111205E-1,3.704151494E0
1.597855766E1,2.928253174E0,-1.896596432E0,5.549384654E-2,3.489244079E0
1.598358397E1,3.140516996E0,-1.882595539E0,-4.524258077E-1,3.689404028E0
1.598861042E1,3.648253441E0,-1.888082981E0,-5.440038443E-1,4.143736321E0
1.599363673E1,3.908003092E0,-1.644995213E0,-4.253886342E-1,4.261390959E0
1.599866303E1,3.463411808E0,-1.081740379E0,-3.971745968E-1,3.650086473E0
1.600368933E1,2.530709505E0,-1.942176819E-1,-2.251890898E-1,2.548121118E0
1.600867829E1,1.166265726E0,7.921571732E-1,2.770639062E-1,1.436820496E0
1.601370272E1,-1.646666527E-1,1.517990112E0,1.252809286E0,1.975079795E0
1.601872714E1,-1.382812500E0,2.102919579E0,2.406111479E0,3.481926710E0
1.602378772E1,-2.237420082E0,2.336441994E0,3.427123070E0,4.712768013E0
1.602881459E1,-2.542120218E0,2.190677643E0,4.177405357E0,5.358372818E0
1.603383907E1,-2.230638027E0,1.676025391E0,4.576197624E0,5.359700721E0
1.603886568E1,-1.478966594E0,9.992551804E-1,4.647616386E0,4.978573207E0
1.604389230E1,-7.770323753E-1,3.765583038E-1,4.453461647E0,4.536396820E0
1.604891891E1,-3.079293966E-1,-4.330921173E-2,4.241379738E0,4.252763605E0
1.605393464E1,-7.285034657E-2,-2.316150665E-1,3.751153231E0,3.759002962E0
1.605896074E1,-1.367380619E-1,-1.696853638E-1,3.415664196E0,3.422608993E0
1.606399714E1,-9.102231264E-2,-6.319999695E-3,3.480976582E0,3.482172162E0
1.606902422E1,-7.721406221E-2,5.728816986E-2,3.418428898E0,3.419780706E0
1.607405131E1,-1.655719280E-1,1.596822739E-1,3.427210331E0,3.434921126E0
1.607907839E1,-3.695321083E-1,1.954278946E-1,3.315135479E0,3.341387329E0
1.608406756E1,-5.636394024E-1,9.293651581E-2,3.255373478E0,3.305114681E0
1.608909277E1,-7.968024015E-1,-9.032249451E-2,2.405898333E0,2.536020309E0
1.609411949E1,-1.092746735E0,-3.540792465E-1,2.585769892E0,2.829429885E0
1.609914485E1,-1.376581430E0,-6.022272110E-1,2.936534882E0,3.298619584E0
1.610417022E1,-1.544849396E0,-6.718463898E-1,3.318382263E0,3.721504813E0
1.610919558E1,-1.617999792E0,-8.115863800E-1,3.453055382E0,3.898741752E0
1.611425089E1,-1.774576187E0,-9.065122604E-1,3.410173178E0,3.949704574E0
1.611927772E1,-1.938132048E0,-1.023606300E0,3.389205217E0,4.036190989E0
1.612430454E1,-2.085631132E0,-1.086451530E0,3.328717709E0,4.075609860E0
1.612930495E1,-2.236659765E0,-1.186120033E0,3.216066360E0,4.092995294E0
1.613433001E1,-2.430418015E0,-1.260560989E0,2.945549726E0,4.021468503E0
1.613935636E1,-2.538118839E0,-1.376901627E0,2.527466774E0,3.837446237E0
1.614438152E1,-2.368959904E0,-1.540015221E0,2.062722683E0,3.498348578E0
1.614941126E1,-2.009179354E0,-1.706910610E0,1.555507064E0,3.061037035E0
1.615443688E1,-1.510832071E0,-1.877691746E0,1.091538429E0,2.645712755E0
1.615946251E1,-9.162557125E-1,-1.990280628E0,6.605780125E-1,2.288472159E0
1.616448652E1,-4.684633613E-1,-2.097464085E0,3.003866673E-1,2.170033561E0
1.616951204E1,-1.806056350E-1,-2.031992435E0,2.979898453E-2,2.040220486E0
1.617453610E1,5.798789859E-2,-1.937692165E0,-1.702664196E-1,1.946022656E0
1.617956147E1,1.237612069E-1,-1.704753399E0,-2.615566254E-1,1.729136448E0
1.618459053E1,1.078363061E-1,-1.443505287E0,-4.875219762E-1,1.527420656E0
1.618961626E1,1.477712393E-2,-1.154079437E0,-7.523034811E-1,1.377707603E0
1.619463912E1,-1.842585206E-1,-8.222112656E-1,-9.988774061E-1,1.306804744E0
1.619966454E1,-3.317274749E-1,-4.718875885E-1,-1.328052163E0,1.447910067E0
1.620469298E1,-6.624548435E-1,-6.965351105E-2,-1.639703274E0,1.769837523E0
1.620971870E1,-1.057668090E0,2.266578674E-1,-1.996382713E0,2.270590125E0
1.621474443E1,-1.685765743E0,5.990247726E-1,-2.327046633E0,2.935265380E0
1.621977042E1,-2.017303467E0,8.035964966E-1,-2.718326569E0,3.479163684E0
1.622479615E1,-2.307390928E0,9.555168152E-1,-3.787728310E0,4.536953937E0
1.622982188E1,-2.389266491E0,1.059835434E0,-4.110663414E0,4.871283118E0
1.623484761E1,-2.320759773E0,1.073664665E0,-4.138101578E0,4.864418404E0
1.623990006E1,-2.178701639E0,8.249282837E-1,-3.611585140E0,4.297766249E0
1.624492714E1,-2.019760609E0,5.289525986E-1,-2.965528488E0,3.626786867E0
1.624995422E1,-1.953718424E0,3.243360519E-1,-2.237160444E0,2.987824695E0
1.625498902E1,-1.956156254E0,1.724882126E-1,-1.520739079E0,2.483736463E0
1.626001662E1,-1.730090141E0,-3.684329987E-2,-1.130784035E0,2.067182106E0
1.626504422E1,-1.586006880E0,-1.650018692E-1,-9.279979467E-1,1.844945427E0
1.627006381E1,-1.757809401E0,-1.546945572E-1,-7.547886372E-1,1.919252506E0
1.627509084E1,-1.791223526E0,-1.398639679E-1,-7.219253182E-1,1.936290220E0
1.628011532E1,-1.763388515E0,-7.732391357E-2,-5.335485339E-1,1.843960975E0
1.628514209E1,-1.756216526E0,8.085632324E-2,-3.340789080E-1,1.789537076E0
1.629016886E1,-1.692981243E0,2.102832794E-1,-7.626736164E-2,1.707694720E0
1.629519563E1,-1.783946872E0,4.736213684E-1,2.729986906E-1,1.865827411E0
1.630022240E1,-1.966442227E0,6.889209747E-1,5.798829794E-1,2.162815622E0
1.630529662E1,-2.087640762E0,8.419570923E-1,8.395556211E-1,2.402496480E0
1.631032532E1,-2.270798922E0,1.152636528E0,1.013983130E0,2.741032743E0
1.631535402E1,-2.377101183E0,1.386501312E0,1.011770964E0,2.932008937E0
1.632038272E1,-2.401591539E0,1.591547966E0,1.138376832E0,3.097832898E0
1.632541141E1,-2.306024313E0,1.763147354E0,1.287450790E0,3.175526139E0
1.633040105E1,-2.252699137E0,1.954138756E0,1.744038820E0,3.454704486E0
1.633542824E1,-2.142295361E0,1.987943649E0,2.314880848E0,3.728273421E0
1.634045542E1,-2.146694422E0,2.113387108E0,2.837412834E0,4.138310476E0
1.634552922E1,-2.342399120E0,2.292065620E0,3.345698833E0,4.683385435E0
1.635055959E1,-2.675674438E0,2.423150063E0,3.783813953E0,5.229544718E0
1.635558995E1,-3.069952965E0,2.520794868E0,4.062864304E0,5.682066906E0
1.636062032E1,-3.409978867E0,2.493768692E0,4.228254318E0,5.977037120E0
1.636555600E1,-3.814575672E0,2.475658417E0,4.004717827E0,6.059507986E0
1.637058141E1,-4.251840591E0,2.390129089E0,3.794793844E0,6.179913090E0
1.637560928E1,-4.540186405E0,2.208420753E0,3.207294941E0,5.981400811E0
1.638063490E1,-4.785573959E0,2.117252350E0,2.634832621E0,5.858909333E0
1.638562844E1,-5.050198078E0,2.231351852E0,2.033876896E0,5.883883662E0
1.639065094E1,-5.377748489E0,2.521960258E0,1.671871901E0,6.170544385E0
1.639567344E1,-5.734456539E0,3.027078629E0,1.405106306E0,6.634871555E0
1.640070469E1,-6.134470463E0,3.459459305E0,1.109239101E0,7.129515967E0
1.640572777E1,-6.175551414E0,3.718622208E0,7.464573383E-1,7.247260514E0
1.641075693E1,-5.933853626E0,3.665968895E0,3.358677626E-1,6.983033292E0
1.641578063E1,-5.369877815E0,3.363816261E0,-1.611585617E-1,6.338518729E0
1.642080756E1,-4.793527126E0,2.970123291E0,-8.456069827E-1,5.702156245E0
1.642583157E1,-4.375331879E0,2.432196617E0,-1.694360495E0,5.284880975E0
1.643085558E1,-4.094861031E0,1.979758263E0,-2.354946136E0,5.121825938E0
1.643587959E1,-4.060884476E0,1.531251907E0,-2.670549870E0,5.095817082E0
1.644092459E1,-3.985716581E0,1.009913445E0,-2.377649069E0,4.749639663E0
1.644594964E1,-4.064535141E0,4.105367661E-1,-5.038494468E-1,4.116169410E0
1.645097469E1,-4.205080986E0,-1.913404465E-1,1.186199546E0,4.373372455E0
1.645602464E1,-3.960849762E0,-1.040637970E0,1.685958266E0,4.428737235E0
1.646105136E1,-3.120026350E0,-2.180311680E0,6.119809151E-1,3.855235931E0
1.646607954E1,-2.292958736E0,-3.442280769E0,-1.839120030E0,4.526512913E0
1.647110636E1,-1.970707536E0,-4.251327515E0,-4.103390217E0,6.228586124E0
1.647613183E1,-2.048834324E0,-4.721115589E0,-5.198464870E0,7.315100239E0
1.648115855E1,-2.204531670E0,-4.874540806E0,-5.369944572E0,7.580066798E0
1.648618527E1,-2.091428041E0,-5.026653767E0,-4.951678276E0,7.359377493E0
1.649121084E1,-1.607070684E0,-5.052515507E0,-4.246294975E0,6.792761600E0
1.649623745E1,-1.173859954E0,-4.985497952E0,-3.564652443E0,6.240183015E0
1.650126042E1,-7.971107960E-1,-4.820753574E0,-3.126198769E0,5.800704215E0
1.650628667E1,-4.383682013E-1,-4.543937683E0,-2.509352446E0,5.209259645E0
1.651131292E1,-1.029351354E-1,-4.049758911E0,-2.254320383E0,4.636065495E0
1.651634115E1,1.663218737E-1,-3.218758583E0,-1.996640205E0,3.791390496E0
1.652136751E1,2.502662539E-1,-1.845516682E0,-1.066733837E0,2.146272606E0
1.652639183E1,-1.328158379E-2,2.465038300E-1,-9.572300315E-2,2.647705270E-1
1.653141798E1,-6.049245596E-1,2.688515663E0,8.649221063E-1,2.888276379E0
1.653644042E1,-2.071080208E0,4.825239182E0,1.934796929E0,5.596047314E0
1.654146620E1,-3.730521441E0,6.461257935E0,2.775085688E0,7.960260353E0
1.654649199E1,-4.943291664E0,7.783663750E0,3.190577984E0,9.757117490E0
1.655149902E1,-5.150456905E0,8.486241341E0,3.309806108E0,1.046414425E1
1.655652355E1,-4.779884815E0,8.899064064E0,3.341868401E0,1.063995886E1
1.656154298E1,-3.962247849E0,8.969069481E0,3.428304195E0,1.038734254E1
1.656656699E1,-2.988326311E0,8.815832138E0,3.315945625E0,9.881522444E0
1.657159266E1,-2.009579897E0,8.491877556E0,3.167086601E0,9.283363255E0
1.657661683E1,-1.392691970E0,7.954021454E0,2.894564390E0,8.578143810E0
1.658164100E1,-9.409146309E-1,7.183175087E0,3.307457209E0,7.963830602E0
1.658666516E1,-2.951980829E-1,6.222530365E0,3.812893867E0,7.303778864E0
1.659172532E1,5.892658830E-1,5.215809822E0,3.774518490E0,6.465206587E0
1.659675131E1,1.181824803E0,4.468671799E0,3.692804575E0,5.916294714E0
1.660177938E1,1.504009366E0,3.889910698E0,3.734230518E0,5.598028847E0
1.660680558E1,1.805399299E0,3.215991974E0,3.782505512E0,5.282936584E0
1.661183553E1,2.110677004E0,2.542503357E0,3.473148823E0,4.793959061E0
1.661686209E1,2.181213856E0,1.998389244E0,3.532668114E0,4.607710652E0
1.662188865E1,2.160918713E0,1.463712692E0,3.739796162E0,4.560493379E0
1.662691313E1,2.011452913E0,9.575262070E-1,4.094616890E0,4.661403945E0
1.663193954E1,2.019161940E0,4.415025711E-1,4.664956093E0,5.102328371E0
1.663696594E1,2.183282852E0,-1.730823517E-2,5.241555691E0,5.678109690E0
1.664199235E1,2.279066086E0,-5.143814087E-1,5.835227966E0,6.285587950E0
1.664698048E1,2.291438103E0,-9.730415344E-1,6.466962814E0,6.929581982E0
1.665200495E1,2.407878876E0,-1.292357922E0,7.066984177E0,7.576960804E0
1.665703610E1,2.580029249E0,-1.630196095E0,7.383347988E0,7.989237620E0
1.666206126E1,2.745836020E0,-1.962390423E0,7.460690022E0,8.188558311E0
1.666708641E1,2.976997614E0,-2.293671131E0,7.362119198E0,8.265847878E0
1.667211157E1,3.312055111E0,-2.518735886E0,7.078415394E0,8.210828460E0
1.667713672E1,3.569704056E0,-2.699842453E0,6.613986015E0,7.986034518E0
1.668221329E1,3.822999001E0,-2.860782623E0,6.173449993E0,7.804542485E0
1.668724053E1,3.998881340E0,-2.906483650E0,5.645926476E0,7.504344405E0
1.669226777E1,4.141344547E0,-2.860944748E0,5.178328991E0,7.221553202E0
1.669729501E1,4.336474419E0,-2.714879036E0,4.582942486E0,6.868692772E0
1.670226766E1,4.305928230E0,-2.483156204E0,3.945280313E0,6.346047542E0
1.670729219E1,4.247162819E0,-2.232691288E0,3.340044498E0,5.846297944E0
1.671231672E1,4.120473862E0,-1.968802929E0,2.647336483E0,5.278530124E0
1.671737943E1,3.997316599E0,-1.725226879E0,1.794367313E0,4.709002212E0
1.672240652E1,3.937910080E0,-1.545647144E0,9.200744033E-1,4.329283751E0
1.672743209E1,4.008789539E0,-1.468416691E0,1.337053776E-1,4.271360237E0
1.673245902E1,4.094676018E0,-1.440826893E0,-4.259854555E-1,4.361630135E0
1.673747917E1,4.228721619E0,-1.457946301E0,-8.779202700E-1,4.558337191E0
1.674250542E1,4.353452206E0,-1.524247646E0,-1.058130026E0,4.732390109E0
1.674753167E1,4.464061260E0,-1.534150600E0,-1.256197572E0,4.884618034E0
1.675256006E1,4.541402817E0,-1.501884937E0,-1.417430162E0,4.988898293E0
1.675758641E1,4.633479118E0,-1.408214092E0,-1.511516452E0,5.073152635E0
1.676261277E1,4.807344913E0,-1.243564129E0,-1.575284243E0,5.209466125E0
1.676763532E1,4.885637760E0,-1.022498608E0,-1.468047023E0,5.202895520E0
1.677266141E1,4.973021984E0,-8.123888969E-1,-1.422043920E0,5.235755178E0
1.677768751E1,4.958979130E0,-5.944442749E-1,-1.348861814E0,5.173419198E0
1.678274881E1,5.297137737E0,-3.740072250E-1,-1.294417977E0,5.465808953E0
1.678777709E1,5.440940857E0,-6.079101562E-2,-1.288907170E0,5.591852524E0
1.679280537E1,5.667279243E0,3.158740997E-1,-1.598206282E0,5.896786734E0
1.679783365E1,6.060705662E0,6.499423981E-1,-1.952253938E0,6.400458865E0
1.680282355E1,6.409841061E0,8.837423325E-1,-2.158465385E0,6.820999615E0
1.680784980E1,6.958125114E0,9.647293091E-1,-2.736665249E0,7.538935232E0
1.681286995E1,7.424693108E0,7.505664825E-1,-3.276869774E0,8.150294062E0
1.681789558E1,7.209724426E0,4.055776596E-1,-3.799890280E0,8.159888828E0
1.682292120E1,6.340714931E0,1.750879288E-1,-4.679792881E0,7.882625390E0
1.682794683E1,4.949052811E0,2.413520813E-1,-5.842268944E0,7.660514406E0
1.683300777E1,3.451991796E0,5.373182297E-1,-7.044220924E0,7.862951524E0
1.683803511E1,1.841641068E0,1.001013756E0,-7.829683304E0,8.105406282E0
1.684305042E1,1.235945225E-1,1.570009232E0,-8.375435829E0,8.522213910E0
1.684807652E1,-1.404524803E0,2.167448997E0,-8.118574142E0,8.519493599E0
1.685310261E1,-3.138156652E0,2.726208687E0,-7.124349594E0,8.248430040E0
1.685812870E1,-4.874547482E0,3.102847099E0,-5.268784523E0,7.819780280E0
1.686315480E1,-6.526223183E0,2.824513435E0,-2.614559174E0,7.576634137E0
1.686817480E1,-7.861954689E0,2.308983803E0,1.266198635E0,8.291260261E0
1.687320063E1,-8.808193207E0,1.146489143E0,5.319499493E0,1.035353948E1
1.687822646E1,-9.524970055E0,2.433805466E-1,7.781955242E0,1.230215900E1
1.688326917E1,-1.018306351E1,-2.609281540E-1,8.168621063E0,1.305715267E1
1.688829620E1,-1.015222740E1,-5.965347290E-1,7.203555584E0,1.246253537E1
1.689332324E1,-8.965800285E0,-1.414374828E0,5.458194733E0,1.059140787E1
1.689835027E1,-6.689459801E0,-2.217174053E0,3.898229361E0,8.053628086E0
1.690333745E1,-5.364718437E0,-2.475060463E0,3.459902525E0,6.846681947E0
1.690836245E1,-4.562536240E0,-2.629534721E0,2.999144316E0,6.060202671E0
1.691338745E1,-3.491801500E0,-2.801510811E0,2.555704355E0,5.154877815E0
1.691841245E1,-2.503567457E0,-2.862487793E0,2.273077726E0,4.430414058E0
1.692343745E1,-1.751465082E0,-2.832061768E0,2.059571266E0,3.915359190E0
1.692846251E1,-1.025786877E0,-2.768196106E0,1.849127769E0,3.483449713E0
1.693348751E1,-1.073994637E-1,-2.604435921E0,1.738660455E0,3.133298787E0
1.693850943E1,8.116450310E-1,-2.054294109E0,1.542211175E0,2.693938984E0
1.694353412E1,1.630713940E0,-6.019611359E-1,1.733560205E0,2.454957463E0
1.694855881E1,1.756639957E0,1.995096207E0,2.217413425E0,3.461663634E0
1.695359938E1,3.147697449E-1,4.333915710E0,2.607857943E0,5.067822849E0
1.695862511E1,-1.533913612E0,6.073756218E0,2.576549292E0,6.773626194E0
1.696365522E1,-2.300869942E0,7.701209068E0,2.258946419E0,8.348979730E0
1.696868136E1,-2.591876268E0,8.890307426E0,1.655362487E0,9.407210728E0
1.697370751E1,-2.068490505E0,9.435748100E0,9.466782212E-1,9.706090605E0
1.697869782E1,-5.490517616E-1,9.233692169E0,5.319429934E-2,9.250154515E0
1.698372157E1,1.963490009E0,8.133591652E0,-2.325328588E0,8.684339884E0
1.698876542E1,3.168242455E0,7.162557602E0,-8.039071083E0,1.122348678E1
1.699379126E1,2.928497076E0,6.246131897E0,-9.457494736E0,1.170617211E1
1.699881709E1,2.251800060E0,5.040626526E0,-7.562020779E0,9.362834909E0
1.700384292E1,1.252621174E0,3.809621811E0,-4.434451103E0,5.978848947E0
1.700885100E1,-2.185986042E-1,2.347347260E0,-1.645211935E0,2.874812484E0
1.701387594E1,-1.461870670E-1,9.928579330E-1,2.116437197E0,2.342315935E0
1.701890324E1,1.321912289E0,3.236589432E-1,2.858026743E0,3.165521138E0
1.702392839E1,2.874002934E0,2.232904434E-1,2.633068085E0,3.904202738E0
1.702895355E1,4.119950294E0,2.555093765E-1,1.274781227E0,4.320224838E0
1.703401438E1,5.187233925E0,2.719612122E-1,-2.929568589E-1,5.202613037E0
1.703904199E1,5.754826546E0,3.550043106E-1,-1.329121590E0,5.916977339E0
1.704406954E1,5.700398445E0,6.343765259E-1,-1.863929033E0,6.030854620E0
1.704909709E1,5.258433819E0,8.659448624E-1,-1.529390574E0,5.544368518E0
1.705412464E1,4.843285561E0,1.073081970E0,-8.124721646E-1,5.026831105E0
1.705915219E1,4.515649319E0,1.002054214E0,-1.269302964E-1,4.627235970E0
1.706414162E1,4.470465183E0,7.918024063E-1,3.531035781E-1,4.553755828E0
1.706916730E1,4.753525734E0,4.995412827E-1,8.127954602E-1,4.848317735E0
1.707419298E1,5.077543736E0,2.530670166E-2,1.278335810E0,5.236051304E0
1.707921865E1,5.476312160E0,-4.771833420E-1,1.736997604E0,5.764968300E0
1.708425969E1,5.691961765E0,-9.931459427E-1,1.960953116E0,6.101647706E0
1.708928615E1,5.687158585E0,-1.474353313E0,1.636529207E0,6.098829257E0
1.709429386E1,5.562666416E0,-1.758195400E0,9.821574688E-1,5.916007270E0
1.709931844E1,5.289078712E0,-1.878725529E0,4.796748161E-1,5.633298427E0
1.710434303E1,4.832584381E0,-2.032482624E0,8.528599143E-2,5.243293919E0
1.710936761E1,4.322075844E0,-2.028403759E0,-1.945078373E-1,4.778346441E0
1.711443131E1,3.708808422E0,-1.733173847E0,-1.045882478E-1,4.095130059E0
1.711945787E1,3.289014578E0,-1.295545101E0,1.347633451E-1,3.537543662E0
1.712448511E1,2.817782164E0,-8.259277344E-1,7.922803760E-1,3.041341996E0
1.712951172E1,2.409458160E0,-3.723020554E-1,1.648163915E0,2.942879837E0
1.713453527E1,2.015647411E0,-3.515529633E-2,2.457871437E0,3.178868098E0
1.713956157E1,1.860494733E0,2.429647446E-1,2.985771418E0,3.526372566E0
1.714458787E1,1.614178419E0,4.528083801E-1,3.379632473E0,3.772601629E0
1.714961417E1,1.492131472E0,6.089382172E-1,3.635029793E0,3.976267556E0
1.715465943E1,1.484951735E0,6.877088547E-1,3.886786699E0,4.217242697E0
1.715968667E1,1.450239658E0,7.231225967E-1,4.145326138E0,4.450823535E0
1.716471391E1,1.555935264E0,7.154521942E-1,4.378208637E0,4.701225081E0
1.716971475E1,1.564288497E0,8.469324112E-1,4.432736874E0,4.776342660E0
1.717474016E1,1.489799380E0,8.878803253E-1,4.233108521E0,4.574608334E0
1.717976558E1,1.453302860E0,8.913097382E-1,3.951441526E0,4.303534871E0
1.718476522E1,1.312129378E0,8.909339905E-1,3.797289848E0,4.115198303E0
1.718978891E1,1.228298903E0,8.626928329E-1,3.597465992E0,3.898040364E0
1.719481261E1,1.059286475E0,7.829132080E-1,3.246210575E0,3.503273330E0
1.719983631E1,7.571750283E-1,6.898546219E-1,2.840125322E0,3.019192818E0
1.720492568E1,4.737983942E-1,5.880670547E-1,2.355666161E0,2.473756423E0
1.720995261E1,3.210777044E-1,4.157314301E-1,1.954992294E0,2.024331590E0
1.721497954E1,2.929670811E-1,1.918945312E-1,1.598689437E0,1.636600482E0
1.722000646E1,1.217615604E-1,6.494045258E-2,1.262329817E0,1.269850269E0
1.722500563E1,-2.394906282E-1,-8.195877075E-3,9.512006044E-1,9.809207528E-1
1.723003115E1,-6.004273891E-1,5.734443665E-3,6.705970168E-1,9.001368187E-1
1.723505667E1,-1.099754691E0,2.532863617E-2,3.638464212E-1,1.158657041E0
1.724011553E1,-1.743188024E0,5.047607422E-2,-1.505319774E-1,1.750403438E0
1.724514329E1,-2.133307934E0,8.125305176E-2,-4.850749373E-1,2.189269854E0
1.725017105E1,-2.515315294E0,5.069637299E-2,-8.752576113E-1,2.663729911E0
1.725519881E1,-2.875182152E0,3.549098969E-2,-1.254567862E0,3.137175885E0
1.726015475E1,-3.226363897E0,-7.239341736E-3,-1.546750426E0,3.577976144E0
1.726517891E1,-3.304232359E0,-1.444063187E-1,-1.653357625E0,3.697620330E0
1.727020308E1,-3.064894438E0,-2.991380692E-1,-1.564169645E0,3.453938068E0
1.727527001E1,-2.527594805E0,-5.621223450E-1,-1.379026413E0,2.933671910E0
1.728029704E1,-1.904496431E0,-7.179450989E-1,-1.128631353E0,2.327307576E0
1.728528162E1,-1.380108118E0,-8.768091202E-1,-8.782719374E-1,1.856031855E0
1.729030438E1,-1.068844795E0,-9.097099304E-1,-7.516787648E-1,1.592175342E0
1.729534219E1,-8.968495727E-1,-9.844408035E-1,-6.227186918E-1,1.470116125E0
1.730036646E1,-1.106445074E0,-9.051685333E-1,-6.672790051E-1,1.577596921E0
1.730539074E1,-1.448520184E0,-8.349390030E-1,-8.610002398E-1,1.880599711E0
1.731041204E1,-1.875636816E0,-7.117080688E-1,-1.127758265E0,2.301386657E0
1.731543610E1,-2.378926516E0,-5.738134384E-1,-1.478251815E0,2.858982626E0
1.732046016E1,-2.892425060E0,-4.977302551E-1,-1.774941325E0,3.429908868E0
1.732548422E1,-3.159181595E0,-5.167694092E-1,-1.970984221E0,3.759289530E0
1.733055376E1,-3.276872396E0,-6.258497238E-1,-1.967064857E0,3.872844527E0
1.733558011E1,-3.263912201E0,-7.437438965E-1,-1.814997792E0,3.807951526E0
1.734060954E1,-3.163982630E0,-8.656749725E-1,-1.562625885E0,3.633452751E0
1.734563620E1,-3.110673189E0,-9.297027588E-1,-1.323553324E0,3.506055948E0
1.735065495E1,-3.141768932E0,-9.504919052E-1,-1.096677542E0,3.460758373E0
1.735568084E1,-3.151975393E0,-9.378700256E-1,-9.384462237E-1,3.419828999E0
1.736070672E1,-3.145772457E0,-9.112491608E-1,-8.766484857E-1,3.390394070E0
1.736572917E1,-3.070319414E0,-8.516683578E-1,-8.630927205E-1,3.301080026E0
1.737075480E1,-3.001795292E0,-7.880039215E-1,-9.024437070E-1,3.232047308E0
1.737578120E1,-2.853919506E0,-7.633857727E-1,-9.469277263E-1,3.102303419E0
1.738080693E1,-2.645604610E0,-7.922010422E-1,-9.871152043E-1,2.932780707E0
1.738583615E1,-2.400469780E0,-8.696861267E-1,-1.004045725E0,2.743486275E0
1.739086219E1,-2.122917891E0,-9.097690582E-1,-1.041023731E0,2.533414794E0
1.739588824E1,-1.802876472E0,-1.056056976E0,-1.093462229E0,2.358236536E0
1.740091428E1,-1.492527962E0,-1.145898819E0,-1.147154093E0,2.203789085E0
1.740593860E1,-1.258336067E0,-1.165052414E0,-1.259890199E0,2.127928593E0
1.741096454E1,-1.128474712E0,-1.147130013E0,-1.340979934E0,2.094657400E0
1.741599084E1,-1.016585350E0,-1.015667915E0,-1.433712363E0,2.029915818E0
1.742101683E1,-9.657776356E-1,-7.802886963E-1,-1.447687507E0,1.907190606E0
1.742604282E1,-8.086771369E-1,-5.989274979E-1,-1.426069975E0,1.745379166E0
1.743107240E1,-6.696621180E-1,-2.993631363E-1,-1.364047647E0,1.548771004E0
1.743609865E1,-7.064444423E-1,2.262783051E-2,-1.338226080E0,1.513414950E0
1.744112183E1,-8.999786377E-1,4.340324402E-1,-1.271961451E0,1.617476936E0
1.744614777E1,-1.207774162E0,8.535566330E-1,-1.155616522E0,1.876892884E0
1.745117475E1,-1.578367949E0,1.204855919E0,-1.041757107E0,2.242360594E0
1.745620079E1,-2.051342487E0,1.588638306E0,-8.824662566E-1,2.740533590E0
1.746122683E1,-2.479798317E0,1.861554146E0,-7.158340216E-1,3.182326488E0
1.746624870E1,-2.803107023E0,2.133939743E0,-5.132919550E-1,3.560137138E0
1.747127443E1,-3.104242802E0,2.324681282E0,-3.037054539E-1,3.890077562E0
1.747630016E1,-3.255404472E0,2.395787239E0,-5.386447906E-2,4.042320640E0
1.748132589E1,-3.415517330E0,2.467087746E0,1.928294897E-1,4.217755776E0
1.748632438E1,-3.547105789E0,2.643935204E0,4.884198904E-1,4.450944487E0
1.749134876E1,-3.621295929E0,2.978774071E0,8.519212008E-1,4.765778940E0
1.749637751E1,-3.671724319E0,3.457084656E0,1.216078162E0,5.187662276E0
1.750140230E1,-3.707618952E0,4.040470123E0,1.446415305E0,5.671327388E0
1.750642709E1,-3.580097675E0,4.379767418E0,1.499011397E0,5.852050681E0
1.751145188E1,-3.097061157E0,4.427448273E0,1.426064014E0,5.588179005E0
1.751648282E1,-2.218780279E0,4.083329201E0,1.217725873E0,4.804104453E0
1.752150792E1,-1.315838337E0,3.596342087E0,9.792193174E-1,3.952717724E0
1.752653032E1,-9.207592607E-1,3.076288223E0,7.400032282E-1,3.295292343E0
1.753155516E1,-8.827301264E-1,2.561178207E0,3.098220825E-1,2.726689570E0
1.753658001E1,-1.195528269E0,2.031761169E0,-5.353928208E-1,2.417433921E0
1.754160485E1,-1.663342357E0,1.545664787E0,-1.753072739E0,2.868632332E0
1.754667100E1,-2.129731417E0,1.079418182E0,-2.556535482E0,3.498109946E0
1.755169792E1,-2.367174149E0,6.717004776E-1,-2.877080202E0,3.785800506E0
1.755671745E1,-2.395917654E0,3.560781479E-1,-2.568058491E0,3.530175274E0
1.756174360E1,-2.068100929E0,5.587196350E-2,-1.691966295E0,2.672622883E0
1.756676975E1,-1.584705710E0,-2.770185471E-1,-4.766842723E-1,1.677873463E0
1.757179589E1,-8.730503321E-1,-5.233745575E-1,5.498535633E-1,1.156925560E0
1.757682824E1,-3.144532442E-1,-8.749818802E-1,1.970022321E0,2.178408152E0
1.758185469E1,1.351194084E-1,-1.265107155E0,3.710754633E0,3.922811914E0
1.758688115E1,3.568859100E-1,-1.660628796E0,4.978042603E0,5.259844456E0
1.759190761E1,6.482100487E-1,-2.224402905E0,4.954567432E0,5.469541388E0
1.759693896E1,1.087134600E0,-2.836505413E0,4.031175137E0,5.047573435E0
1.760196568E1,1.666276336E0,-3.424474716E0,1.834245205E0,4.227050908E0
1.760699240E1,1.818265557E0,-3.585504532E0,-8.746206760E-1,4.114230634E0
1.761203318E1,1.616161823E0,-3.184952736E0,-3.690835953E0,5.135968555E0
1.761706079E1,1.245339870E0,-2.284634113E0,-5.416471958E0,6.009042594E0
1.762208839E1,9.626827240E-1,-1.018523216E0,-7.113265991E0,7.250013837E0
1.762711600E1,9.380261898E-1,2.975835800E-1,-7.836520672E0,7.898069724E0
1.763211022E1,1.000588536E0,1.386260986E0,-7.301064014E0,7.498562041E0
1.763713615E1,9.639574289E-1,2.128262520E0,-6.208309650E0,6.633387068E0
1.764219183E1,6.256365776E-1,2.801343918E0,-4.986001968E0,5.753187334E0
1.764722074E1,-1.234035492E-1,3.405220032E0,-3.732240200E0,5.053747996E0
1.765224964E1,-6.585576534E-1,3.839204788E0,-2.812529564E0,4.804530584E0
1.765727855E1,-1.246193409E0,4.251211166E0,-2.034065723E0,4.874753097E0
1.766223459E1,-1.460664749E0,4.659338951E0,-1.555336595E0,5.124651490E0
1.766725990E1,-1.654193521E0,4.915326118E0,-9.785290956E-1,5.277717901E0
1.767231850E1,-1.537790060E0,4.831945419E0,-2.193720490E-1,5.075491986E0
1.767734714E1,-6.215736866E-1,4.442096710E0,1.121814251E0,4.623531577E0
1.768237579E1,1.345937252E-1,3.923132896E0,1.992190242E0,4.402034661E0
1.768739261E1,8.477469683E-1,3.447463036E0,2.009238720E0,4.079303438E0
1.769242048E1,1.075077295E0,2.981722832E0,2.154104471E0,3.832313702E0
1.769744834E1,1.238782883E0,2.425325394E0,2.185469151E0,3.491856484E0
1.770247584E1,1.444188595E0,1.787646294E0,2.226429224E0,3.199741717E0
1.770750365E1,1.380478144E0,1.298170090E0,2.000206947E0,2.755320910E0
1.771252709E1,1.344132423E0,8.368997574E-1,1.991087914E0,2.543919074E0
1.771755449E1,1.387612104E0,4.610548019E-1,1.951362371E0,2.438412186E0
1.772258188E1,1.553718328E0,4.608345032E-2,9.163782597E-1,1.804414986E0
1.772760376E1,1.803750753E0,-4.272193909E-1,-2.076014280E-1,1.865243025E0
1.773263074E1,1.927384377E0,-8.583478928E-1,-9.417300820E-1,2.310503665E0
1.773765386E1,1.891344309E0,-1.280925274E0,-1.401594520E0,2.680003741E0
1.774268048E1,1.834644794E0,-1.675839901E0,-1.453398824E0,2.878667927E0
1.774770709E1,1.695329189E0,-1.861478329E0,-1.538524866E0,2.950644233E0
1.775273370E1,1.507093072E0,-2.125223637E0,-1.314057708E0,2.917987781E0
1.775776042E1,1.035979748E0,-2.161099911E0,-4.763962030E-1,2.443472980E0
1.776278704E1,5.027081966E-1,-2.113046169E0,5.987848043E-1,2.253047467E0
1.776781365E1,-9.250283241E-2,-1.995736599E0,1.646682978E0,2.589031899E0
1.777283829E1,-3.909955025E-1,-1.885933399E0,2.537843704E0,3.185949299E0
1.777786475E1,-4.883744717E-1,-1.816959858E0,3.249026299E0,3.754467291E0
1.778288907E1,-4.413166046E-1,-1.673560619E0,3.881897449E0,4.250258028E0
1.778791532E1,-1.824340820E-1,-1.579842091E0,4.279730797E0,4.565663032E0
1.779294490E1,5.048251152E-2,-1.487379551E0,4.146303654E0,4.405301397E0
1.779797146E1,2.925128937E-1,-1.434017658E0,4.428260803E0,4.663846500E0
1.780299803E1,3.342061043E-1,-1.294985294E0,4.541960716E0,4.734774311E0
1.780802459E1,3.916320801E-1,-1.165726185E0,4.674898148E0,4.833938965E0
1.781304839E1,3.981671333E-1,-1.127247810E0,4.809156895E0,4.955523658E0
1.781807485E1,2.535753250E-1,-1.074091911E0,4.902351856E0,5.025040060E0
1.782309995E1,7.265233994E-2,-1.068438530E0,4.978893757E0,5.092761755E0
1.782812626E1,-1.448307037E-1,-1.081528664E0,4.934318542E0,5.053531405E0
1.783315120E1,-3.658933640E-1,-1.156403065E0,4.727069855E0,4.880198297E0
1.783817735E1,-5.145173073E-1,-1.269223690E0,4.324003220E0,4.535709501E0
1.784320350E1,-3.663156033E-1,-1.439185619E0,3.892583609E0,4.166251255E0
1.784822964E1,-7.466340065E-2,-1.647119999E0,3.465856791E0,3.838064904E0
1.785321912E1,2.936513424E-1,-1.792468548E0,2.966952562E0,3.478790323E0
1.785824344E1,7.961711884E-1,-1.942216396E0,2.510296345E0,3.272259285E0
1.786326777E1,1.356560588E0,-2.048371792E0,2.177618504E0,3.283002585E0
1.786829209E1,1.798256636E0,-2.144333363E0,1.839426517E0,3.348937505E0
1.787336037E1,2.112129211E0,-2.120036602E0,1.476368666E0,3.336961108E0
1.787838688E1,2.274343491E0,-2.004291058E0,1.179976940E0,3.253024214E0
1.788341173E1,2.337493896E0,-1.792513371E0,8.398008943E-1,3.063045452E0
1.788843808E1,2.325059175E0,-1.532801151E0,4.942898750E-1,2.828374448E0
1.789346120E1,2.226972103E0,-1.187139988E0,1.433583200E-1,2.527698104E0
1.789848725E1,2.056884289E0,-8.228483200E-1,-1.319352388E-1,2.219292509E0
1.790351053E1,1.938536882E0,-4.114656448E-1,-5.996187925E-1,2.070452105E0
1.790853626E1,1.918891907E0,3.235721588E-2,-1.020511866E0,2.173623152E0
1.791356199E1,1.853884459E0,5.371332169E-1,-1.390095472E0,2.378605705E0
1.791858772E1,1.743319988E0,1.045336723E0,-1.612949371E0,2.594898673E0
1.792361870E1,1.596568346E0,1.628670692E0,-1.803457618E0,2.907586299E0
1.792864469E1,1.513460636E0,2.023886681E0,-2.022263527E0,3.236700506E0
1.793366985E1,1.240191817E0,2.518166542E0,-2.281141758E0,3.617021730E0
1.793869574E1,9.058942795E-1,2.704865456E0,-2.199240685E0,3.601888556E0
1.794372162E1,6.017444134E-1,2.766248703E0,-1.499120951E0,3.203371950E0
1.794874751E1,2.904009819E-1,2.650309563E0,-1.453589797E0,3.036675288E0
1.795377292E1,-2.658984661E-1,2.410372734E0,-2.115437746E0,3.218023550E0
1.795879881E1,-6.557116508E-1,2.190049171E0,-2.408237219E0,3.320524002E0
1.796382469E1,-8.364408016E-1,2.003681183E0,-2.390156031E0,3.229120213E0
1.796882016E1,-9.225299358E-1,1.808431625E0,-2.027937651E0,2.869497786E0
1.797384402E1,-8.470528126E-1,1.680932045E0,-1.664081097E0,2.512408586E0
1.797886787E1,-6.766045094E-1,1.506449699E0,-1.292386055E0,2.097008840E0
1.798389172E1,-6.211578846E-1,1.313796997E0,-9.204624295E-1,1.720218228E0
1.798895563E1,-2.790691853E-1,1.045460701E0,-4.922280908E-1,1.188762458E0
1.799398152E1,2.495059967E-1,5.867109299E-1,-1.776359081E-1,6.618439948E-1
1.799900943E1,5.675909519E-1,2.007532120E-1,-1.156929135E-1,6.130629585E-1
1.800403548E1,7.949873209E-1,-9.826946259E-2,-5.043268204E-3,8.010537824E-1
1.800905933E1,8.838721514E-1,-3.536205292E-1,-1.040127873E-1,9.576513554E-1
1.801408516E1,1.063540697E0,-5.894775391E-1,-3.360197544E-1,1.261551370E0
1.801911100E1,1.214307785E0,-8.299694061E-1,-4.389162064E-1,1.534939754E0
1.802413683E1,1.211842537E0,-9.174289703E-1,-4.804362059E-1,1.594069383E0
1.802916235E1,1.022803068E0,-9.000587463E-1,-3.179122210E-1,1.399035397E0
1.803418818E1,6.614323854E-1,-6.969347000E-1,-5.751180649E-2,9.625582499E-1
1.803921855E1,4.527539015E-1,-5.571870804E-1,5.441885591E-1,9.008799729E-1
1.804424480E1,3.587745428E-1,-4.472141266E-1,1.410124898E0,1.522225961E0
1.804927105E1,2.890701294E-1,-4.243068695E-1,2.295713902E0,2.352424319E0
1.805429730E1,1.962461472E-1,-4.595260620E-1,3.067404270E0,3.107836178E0
1.805931803E1,3.630305529E-1,-5.907545090E-1,3.545026302E0,3.612200653E0
1.806434402E1,1.143547297E0,-9.514312744E-1,3.835869551E0,4.114221324E0
1.806937511E1,1.853984594E0,-1.378208637E0,4.023626328E0,4.639642955E0
1.807440157E1,2.208517551E0,-1.770074368E0,4.067687988E0,4.955481673E0
1.807942803E1,2.250970364E0,-2.016849995E0,4.089295864E0,5.084967271E0
1.808445449E1,2.191826344E0,-2.176108837E0,4.098890305E0,5.132295210E0
1.808947834E1,2.145248413E0,-2.271969318E0,4.212022781E0,5.244527743E0
1.809450469E1,2.096141815E0,-2.352437496E0,4.400497437E0,5.412222314E0
1.809953105E1,2.158973694E0,-2.431945324E0,4.458712578E0,5.518663182E0
1.810452074E1,2.228226900E0,-2.520066738E0,4.525814533E0,5.639036147E0
1.810954464E1,2.155422688E0,-2.573804379E0,4.659099102E0,5.742605714E0
1.811457600E1,1.940463424E0,-2.507217884E0,4.805473804E0,5.757092869E0
1.811960063E1,1.644897580E0,-2.368471622E0,4.849844933E0,5.642370224E0
1.812462527E1,1.535747886E0,-2.205721378E0,4.547878265E0,5.282700548E0
1.812964990E1,1.391988993E0,-1.937968731E0,4.018593788E0,4.673590931E0
1.813470756E1,1.533362627E0,-1.417384624E0,3.347059250E0,3.944995024E0
1.813973386E1,1.691251993E0,-8.932905197E-1,2.718090057E0,3.323599678E0
1.814476016E1,1.736446381E0,-5.990600586E-2,2.129477024E0,2.748364452E0
1.814979131E1,1.807650447E0,1.129909515E0,1.383046627E0,2.541085127E0
1.815481792E1,2.047983408E0,2.804696083E0,-6.675744057E-2,3.473472717E0
1.815984454E1,2.189726353E0,4.657744408E0,-1.870709896E0,5.476224975E0
1.816486626E1,1.960948825E0,6.526106834E0,-3.327326775E0,7.583303645E0
1.816989251E1,1.572874308E0,8.299532890E0,-3.884983778E0,9.297810427E0
1.817491876E1,9.633880854E-1,9.628932953E0,-3.923847437E0,1.044227203E1
1.817994501E1,3.277813196E-1,1.041922092E1,-3.324542046E0,1.094167195E1
1.818493818E1,-1.910845041E-1,1.058525753E1,-2.392336845E0,1.085391477E1
1.818996282E1,-9.244728088E-2,9.898425102E0,-1.284110069E0,9.981798669E0
1.819499022E1,1.355615854E-1,8.527812958E0,-2.169808149E-1,8.531649985E0
1.820001511E1,-6.777633429E-1,6.809722900E0,9.508101344E-1,6.909104793E0
1.820503860E1,-2.886118174E0,5.270888329E0,1.734951973E0,6.254758207E0
1.821006334E1,-4.780158997E0,3.848492622E0,2.378438473E0,6.581624804E0
1.821509303E1,-5.508455276E0,2.465505600E0,3.238780737E0,6.849196891E0
1.822011829E1,-4.915837288E0,1.112467766E0,3.577931404E0,6.180989719E0
1.822514355E1,-3.963470459E0,-1.049432755E-1,2.967866421E0,4.952609642E0
1.823016865E1,-3.107232094E0,-1.148099899E0,1.847612619E0,3.792979970E0
1.823519386E1,-2.721031666E0,-2.055119038E0,1.016280890E0,3.558139181E0
1.824021907E1,-2.978278637E0,-2.792530537E0,6.591691971E-1,4.135562171E0
1.824525313E1,-3.001857758E0,-3.384469986E0,-3.333129883E-1,4.536175110E0
1.825027891E1,-2.909821749E0,-3.964968681E0,-5.534814000E-1,4.949179822E0
1.825530469E1,-2.021626472E0,-4.309146881E0,2.829524279E-1,4.768205377E0
1.826032600E1,-1.411698580E0,-4.440891266E0,8.150550723E-1,4.730615487E0
1.826535152E1,-1.216229677E0,-4.436864853E0,1.122659087E0,4.735540917E0
1.827037704E1,-1.428578138E0,-4.321209908E0,1.805997729E0,4.896459778E0
1.827540824E1,-1.570039153E0,-4.132508278E0,2.589868784E0,5.123482012E0
1.828043412E1,-1.649944425E0,-3.985841751E0,3.109132767E0,5.317514234E0
1.828546001E1,-1.988695979E0,-3.714050293E0,3.419167757E0,5.425844582E0
1.829048428E1,-2.261164427E0,-3.293674469E0,3.660515785E0,5.418535954E0
1.829551006E1,-2.443952799E0,-2.859075069E0,3.695338488E0,5.272830556E0
1.830053584E1,-2.126202106E0,-2.506132603E0,3.567067862E0,4.850299903E0
1.830556105E1,-1.485415936E0,-2.273157597E0,3.217974424E0,4.210589668E0
1.831058678E1,-1.009062886E0,-1.997503757E0,2.910519361E0,3.671423719E0
1.831561172E1,-8.637962937E-1,-1.621897221E0,2.705739260E0,3.270736855E0
1.832063735E1,-9.686366916E-1,-1.189529419E0,2.473760366E0,2.910795017E0
1.832566730E1,-1.305250287E0,-7.482872009E-1,2.295493841E0,2.744613638E0
1.833069339E1,-1.549464226E0,-3.268394470E-1,2.151330233E0,2.671307766E0
1.833571949E1,-1.870209217E0,1.750373840E-2,2.002513647E0,2.740082080E0
1.834074558E1,-2.144476414E0,2.944631577E-1,1.877158523E0,2.865172204E0
1.834577792E1,-2.326004267E0,4.946079254E-1,1.726989865E0,2.938949956E0
1.835080433E1,-2.378104925E0,5.702571869E-1,1.584596038E0,2.914021431E0
1.835583074E1,-2.383048296E0,4.833326340E-1,1.382375598E0,2.797050573E0
1.836088042E1,-2.207369328E0,4.396982193E-1,1.234246492E0,2.566939477E0
1.836590839E1,-2.176748514E0,4.345197678E-1,1.119688869E0,2.486110353E0
1.837093636E1,-2.161803961E0,4.151268005E-1,1.052047729E0,2.439780943E0
1.837596433E1,-2.215297699E0,4.436855316E-1,1.054478407E0,2.493255995E0
1.838098292E1,-2.365701199E0,5.822696686E-1,9.822025895E-1,2.626842602E0
1.838601042E1,-2.579668522E0,7.732992172E-1,1.011107087E0,2.876633258E0
1.839103298E1,-2.962760687E0,1.078816414E0,1.230736256E0,3.384746294E0
1.839606001E1,-3.371872187E0,1.316864967E0,1.509676933E0,3.922088707E0
1.840108704E1,-3.344072104E0,1.339204788E0,1.832430840E0,4.041545556E0
1.840611532E1,-3.406063318E0,1.399580002E0,2.080261230E0,4.229370910E0
1.841114240E1,-3.065015078E0,1.273194313E0,2.421288729E0,4.108281915E0
1.841616949E1,-2.507514715E0,9.220762253E-1,2.655579567E0,3.766955992E0
1.842119334E1,-1.942797661E0,4.852752686E-1,2.913712263E0,3.535487801E0
1.842622022E1,-1.689345956E0,2.068710327E-1,3.105628252E0,3.541413873E0
1.843124136E1,-1.597870231E0,-4.719924927E-2,3.183997631E0,3.562759879E0
1.843626766E1,-1.524429083E0,-3.438854218E-1,3.322605848E0,3.671763995E0
1.844129396E1,-1.483089685E0,-6.113796234E-1,3.445841789E0,3.800942738E0
1.844632068E1,-1.550242424E0,-7.062397003E-1,3.462867260E0,3.859206622E0
1.845134699E1,-1.481973648E0,-8.295383453E-1,3.326171398E0,3.734674809E0
1.845637329E1,-1.197233438E0,-9.908037186E-1,3.346872568E0,3.690069905E0
1.846139959E1,-1.054343462E0,-1.079983711E0,3.414999247E0,3.733661046E0
1.846641902E1,-9.858756065E-1,-1.144996643E0,3.401899099E0,3.722349461E0
1.847144495E1,-8.342182636E-1,-1.205001831E0,3.317016363E0,3.626368304E0
1.847646105E1,-7.430244684E-1,-1.212166786E0,3.341775656E0,3.631652270E0
1.848148600E1,-6.932023764E-1,-1.190454483E0,3.408762932E0,3.676598446E0
1.848651094E1,-5.559629202E-1,-1.139900208E0,3.470371246E0,3.694853697E0
1.849155610E1,-4.173657596E-1,-1.074891090E0,3.584325790E0,3.765232583E0
1.849658240E1,-1.245660111E-1,-9.906997681E-1,3.684545517E0,3.817443960E0
1.850161084E1,-2.184112370E-2,-8.777952194E-1,3.862170696E0,3.960727707E0
1.850663735E1,5.847376585E-2,-7.410249710E-1,3.873645544E0,3.944320853E0
1.851165933E1,1.449401081E-1,-5.374088287E-1,3.853462458E0,3.893454610E0
1.851668537E1,2.565307021E-1,-3.244323730E-1,3.725082874E0,3.747973691E0
1.852171016E1,3.402680755E-1,-1.738395691E-1,3.569600582E0,3.589993158E0
1.852673605E1,3.576776981E-1,-7.597351074E-2,3.453564644E0,3.472868276E0
1.853176449E1,3.420495987E-1,3.138828278E-2,3.305225849E0,3.323025890E0
1.853679063E1,3.118819892E-1,1.243333817E-1,3.157592058E0,3.175392381E0
1.854181678E1,1.565279514E-1,1.693849564E-1,2.991454124E0,3.000331655E0
1.854684146E1,1.001761556E-1,1.761445999E-1,2.825867414E0,2.833123511E0
1.855186751E1,1.613353193E-1,1.637716293E-1,2.665504932E0,2.675400302E0
1.855689355E1,2.679034472E-1,7.964611053E-2,2.510591269E0,2.526100607E0
1.856191959E1,4.294328094E-1,2.906322479E-2,2.365874529E0,2.404707778E0
1.856692589E1,4.978238940E-1,3.108024597E-2,2.217308044E0,2.272718543E0
1.857195094E1,5.499533415E-1,3.301811218E-2,2.017136812E0,2.091023623E0
1.857697600E1,5.714043975E-1,1.113872528E-1,1.851457119E0,1.940825486E0
1.858202605E1,5.573802590E-1,1.704826355E-1,1.628856421E0,1.730002983E0
1.858705277E1,5.794988871E-1,2.485666275E-1,1.402150273E0,1.537410068E0
1.859207480E1,6.569596529E-1,2.739286423E-1,1.180427074E0,1.378419735E0
1.859710105E1,6.609001160E-1,3.183841705E-1,9.397397637E-1,1.192169563E0
1.860212730E1,6.299781799E-1,3.484430313E-1,7.136499882E-1,1.013696877E0
1.860716980E1,5.549709797E-1,4.167518616E-1,5.689779520E-1,8.974468298E-1
1.861219709E1,3.930138648E-1,5.997676849E-1,4.675716162E-1,8.560399465E-1
1.861722438E1,1.729240865E-1,7.633981705E-1,4.480122328E-1,9.018838434E-1
1.862225167E1,-1.911246479E-1,1.008079529E0,3.765077591E-1,1.092936897E0
1.862727897E1,-5.080367923E-1,1.151929855E0,2.773593664E-1,1.289174927E0
1.863230626E1,-7.876845598E-1,1.285926819E0,2.223888636E-1,1.524306910E0
1.863732620E1,-9.440869093E-1,1.371835709E0,1.540573835E-1,1.672413520E0
1.864235324E1,-1.068216801E0,1.366702080E0,1.103861332E-1,1.738144645E0
1.864738027E1,-1.140907764E0,1.318465233E0,1.105142832E-1,1.747064539E0
1.865238438E1,-1.219353557E0,1.203216553E0,1.166259050E-1,1.717019153E0
1.865740985E1,-1.293834686E0,1.011441231E0,1.911789179E-1,1.653351426E0
1.866241058E1,-1.411881566E0,8.388175964E-1,3.203105927E-1,1.673207516E0
1.866743360E1,-1.592713475E0,7.426195145E-1,4.233418703E-1,1.807605681E0
1.867245808E1,-1.735780239E0,5.744123459E-1,5.727168322E-1,1.915955937E0
1.867748126E1,-1.821931005E0,4.442033768E-1,6.255424023E-1,1.976879491E0
1.868250443E1,-1.851322770E0,2.705507278E-1,6.305427551E-1,1.974380374E0
1.868753923E1,-1.742555261E0,1.252431870E-1,5.544363260E-1,1.832916892E0
1.869256318E1,-1.638624907E0,-4.430198669E-2,3.444187641E-1,1.675015981E0
1.869758714E1,-1.548870087E0,-1.853866577E-1,1.724919081E-1,1.569433088E0
1.870261110E1,-1.492205024E0,-4.127130508E-1,-4.818856716E-2,1.548977093E0
1.870763506E1,-1.592839837E0,-6.304225922E-1,-1.891473532E-1,1.723469789E0
1.871270225E1,-1.755443573E0,-7.954330444E-1,-2.937840223E-1,1.949514021E0
1.871772792E1,-2.018111944E0,-9.650840759E-1,-2.816842794E-1,2.254663861E0
1.872275370E1,-2.295286417E0,-1.058078766E0,-1.766216159E-1,2.533587497E0
1.872777938E1,-2.597370625E0,-1.050606728E0,-2.236187458E-3,2.801805428E0
1.873280506E1,-2.824341774E0,-9.332447052E-1,1.702277660E-1,2.979400884E0
1.873783074E1,-2.985761166E0,-4.765548706E-1,2.119548917E-1,3.030973302E0
1.874286256E1,-3.134030819E0,3.668870926E-1,1.616695523E-1,3.159571546E0
1.874788855E1,-3.483835220E0,1.510595322E0,1.914709806E-2,3.797284909E0
1.875290959E1,-3.823992968E0,2.763001442E0,-1.445017457E-1,4.719955502E0
1.875793511E1,-4.231083393E0,3.889719963E0,-1.050780416E-1,5.748306661E0
1.876296063E1,-4.786248684E0,4.747539520E0,-7.389187813E-3,6.741465906E0
1.876798615E1,-5.193545341E0,5.312951088E0,-5.285608768E-2,7.429882653E0
1.877297672E1,-5.606697083E0,5.524250031E0,-1.613568664E-1,7.872637843E0
1.877800042E1,-5.744576454E0,5.329337120E0,-3.812735081E-1,7.845212697E0
1.878302412E1,-5.545269489E0,4.523152351E0,-6.713462472E-1,7.187463161E0
1.878804782E1,-5.209242344E0,3.426870346E0,-7.839931250E-1,6.284448376E0
1.879307152E1,-4.984218597E0,2.294237137E0,-6.624638438E-1,5.526736597E0
1.879814428E1,-4.874315262E0,1.149115562E0,-5.122680068E-1,5.034067377E0
1.880316995E1,-4.878071308E0,1.587963104E-1,-3.623889089E-1,4.894090485E0
1.880819563E1,-4.880582809E0,-7.343883514E-1,-1.974978745E-1,4.939475703E0
1.881322678E1,-4.943732262E0,-1.444554329E0,-4.556362331E-2,5.150660339E0
1.881825282E1,-5.062275410E0,-1.919390202E0,8.409403265E-2,5.414587969E0
1.882327886E1,-5.202553749E0,-2.345756054E0,1.010510027E-1,5.707832188E0
1.882826365E1,-5.316168785E0,-2.561180592E0,4.400275648E-2,5.901121319E0
1.883328693E1,-5.384045601E0,-2.685522556E0,2.862675786E-1,6.023448145E0
1.883831022E1,-5.362393856E0,-2.652030468E0,9.045397043E-1,6.050349209E0
1.884333350E1,-5.131074429E0,-2.609258175E0,1.536769271E0,5.958004096E0
1.884839230E1,-4.814033985E0,-2.432965755E0,2.137225151E0,5.801894253E0
1.885341735E1,-4.941092014E0,-2.271681309E0,2.908436537E0,6.167165423E0
1.885845678E1,-4.779457092E0,-2.139775753E0,3.823321581E0,6.483798137E0
1.886348329E1,-4.103555202E0,-2.175953388E0,4.199376583E0,6.261685247E0
1.886850980E1,-3.165650606E0,-2.198318958E0,4.258721828E0,5.743749787E0
1.887354610E1,-2.303429365E0,-2.202094555E0,4.351528168E0,5.393589219E0
1.887857329E1,-1.462621212E0,-2.110644817E0,4.329370499E0,5.033639962E0
1.888360048E1,-1.015206218E0,-2.072072506E0,4.173174858E0,4.768596914E0
1.888863589E1,-1.080106258E0,-1.765473843E0,4.112257004E0,4.603714270E0
1.889366360E1,-1.448071957E0,-1.329310417E0,4.432543278E0,4.848857441E0
1.889869131E1,-1.786520600E0,-6.914072037E-1,4.798709869E0,5.166944570E0
1.890371928E1,-2.203343153E0,2.898502350E-2,4.928486347E0,5.398660839E0
1.890874699E1,-2.332529306E0,7.221822739E-1,4.997816086E0,5.562410074E0
1.891378339E1,-2.453356028E0,1.555866241E0,4.899918556E0,5.696391614E0
1.891881199E1,-2.347106457E0,2.104248047E0,4.388038635E0,5.402929911E0
1.892384058E1,-1.880645275E0,2.563576698E0,3.947103024E0,5.068369996E0
1.892886917E1,-1.604149461E0,2.852295876E0,3.109425545E0,4.514134964E0
1.893384225E1,-1.566581607E0,3.098988533E0,2.449060917E0,4.249212543E0
1.893886803E1,-1.536885738E0,3.150294304E0,1.921398401E0,3.997267040E0
1.894389381E1,-7.999610305E-1,3.000889778E0,1.609529018E0,3.497979527E0
1.894895183E1,-2.982625961E-1,2.865803719E0,1.627049327E0,3.308939565E0
1.895397975E1,-1.573817134E-1,2.758815765E0,2.030117512E0,3.428878905E0
1.895897386E1,1.530008912E-1,2.684485435E0,2.484736204E0,3.661118044E0
1.896399839E1,4.801399708E-1,2.485254288E0,3.333473921E0,4.185579010E0
1.896902683E1,6.222038269E-1,2.323962212E0,4.348502159E0,4.969648779E0
1.897405178E1,6.843240261E-1,2.162414551E0,5.440549850E0,5.894397233E0
1.897907860E1,7.861423492E-1,2.000753403E0,6.343309402E0,6.697656915E0
1.898410370E1,1.018333912E0,1.705266953E0,6.839071751E0,7.121646000E0
1.898912881E1,1.376078725E0,1.462750435E0,6.963023186E0,7.246856103E0
1.899415391E1,2.017268658E0,9.766931534E-1,6.768968105E0,7.130373873E0
1.899918131E1,2.650944710E0,5.297689438E-1,6.367791176E0,6.917870153E0
1.900420652E1,3.164070845E0,1.747398376E-1,5.816403389E0,6.623626401E0
1.900923173E1,3.515242100E0,-1.696720123E-1,5.276167393E0,6.342212387E0
1.901428537E1,3.696368456E0,-4.315576553E-1,4.607089043E0,5.922385602E0
1.901931245E1,3.740749359E0,-5.489425659E-1,4.099945545E0,5.577104731E0
1.902433152E1,3.615624428E0,-6.079282761E-1,3.638779163E0,5.165561982E0
1.902935777E1,3.516970158E0,-5.750904083E-1,3.251341820E0,4.824005773E0
1.903438402E1,3.362878084E0,-4.792156219E-1,2.903579473E0,4.468710147E0
1.903941027E1,3.281846046E0,-4.159669876E-1,2.624251127E0,4.222586410E0
1.904443672E1,3.091413736E0,-2.178544998E-1,1.958992004E0,3.666326383E0
1.904946298E1,2.815619707E0,3.373050690E-2,1.422756791E0,3.154851656E0
1.905448922E1,2.702470064E0,1.092996597E-1,6.190930009E-1,2.774629166E0
1.905951548E1,2.716529846E0,1.670074463E-1,-1.320365310E0,3.025027346E0
1.906448917E1,2.458523512E0,2.017745972E-1,-3.152303934E0,4.002757917E0
1.906951282E1,1.910602570E0,2.138147354E-1,-5.513377190E0,5.838959407E0
1.907454193E1,1.315040469E0,3.792009354E-1,-7.278704643E0,7.406258574E0
1.907956610E1,1.053038120E0,4.481229782E-1,-8.183197021E0,8.262833472E0
1.908459027E1,1.410356522E0,4.056406021E-1,-7.996528149E0,8.130074554E0
1.908962938E1,1.894097686E0,2.851476669E-1,-6.921248436E0,7.181406210E0
1.909465459E1,2.299259901E0,2.206497192E-1,-5.654631615E0,6.108202771E0
1.909967980E1,2.717879772E0,-1.247787476E-2,-4.372268677E0,5.148180216E0
1.910472610E1,2.653472900E0,-1.842222214E-1,-3.382678986E0,4.303181774E0
1.910975266E1,2.618355274E0,-2.660245895E-1,-2.572587013E0,3.680320280E0
1.911477922E1,2.277531147E0,-3.681144714E-1,-2.196918011E0,3.185766020E0
1.911980719E1,2.085398197E0,-3.758955002E-1,-1.545068502E0,2.622483507E0
1.912483386E1,2.122612000E0,-4.045543671E-1,-7.678000927E-1,2.293177472E0
1.912985511E1,2.274024487E0,-5.976905823E-1,-1.826684773E-1,2.358344583E0
1.913488120E1,2.348932266E0,-6.727323532E-1,3.769078255E-1,2.472268416E0
1.913990459E1,2.429100037E0,-7.493114471E-1,8.243335485E-1,2.672362332E0
1.914493042E1,2.533935070E0,-9.278035164E-1,1.092452526E0,2.911202299E0
1.914995626E1,2.654407263E0,-1.083602428E0,1.553507805E0,3.260898441E0
1.915498209E1,2.675982952E0,-1.250223637E0,1.899932027E0,3.511934739E0
1.916003495E1,2.842870712E0,-1.532891750E0,2.083199501E0,3.843356758E0
1.916506214E1,3.016584873E0,-1.764006138E0,2.093150616E0,4.073423800E0
1.917008933E1,3.039684772E0,-1.895659924E0,1.949327946E0,4.078368485E0
1.917508975E1,3.122914314E0,-1.980503559E0,1.576044083E0,4.019813816E0
1.918011511E1,3.161065578E0,-2.028096676E0,9.166623354E-1,3.865977439E0
1.918514048E1,3.063525200E0,-2.024014950E0,2.351252735E-1,3.679280780E0
1.919017053E1,2.973940849E0,-1.915635586E0,-5.201493502E-1,3.575547401E0
1.919519620E1,2.662999868E0,-1.736363888E0,-1.108708143E0,3.366862278E0
1.920022225E1,2.270031691E0,-1.634267330E0,-1.825549603E0,3.340135466E0
1.920524792E1,1.695132732E0,-1.403330326E0,-2.965610027E0,3.692919417E0
1.921027360E1,1.048564196E0,-1.034147739E0,-3.619935751E0,3.908053641E0
1.921530063E1,4.068329334E-1,-6.608667374E-1,-4.086040974E0,4.159085082E0
1.922032641E1,-1.199111938E-1,-3.934249878E-1,-4.239881516E0,4.259783701E0
1.922535282E1,-8.706486225E-1,2.909660339E-3,-4.192306519E0,4.281760320E0
1.923037865E1,-1.533481359E0,4.373741150E-1,-4.030228615E0,4.334236252E0
1.923540094E1,-2.132023335E0,8.622226715E-1,-3.476837635E0,4.168615043E0
1.924042641E1,-2.631959438E0,1.263464928E0,-2.709801674E0,3.983287489E0
1.924545188E1,-3.208750010E0,1.675248146E0,-1.714973688E0,4.005454746E0
1.925047735E1,-3.631534338E0,2.002421379E0,-6.978191137E-1,4.205316224E0
1.925547433E1,-4.090628624E0,2.274301529E0,2.801379859E-1,4.688727682E0
1.926049839E1,-4.360887527E0,2.309419632E0,9.135056734E-1,5.018490976E0
1.926552245E1,-4.662404060E0,2.285181046E0,1.347205639E0,5.364235926E0
1.927055579E1,-4.512561798E0,2.024642944E0,1.367114782E0,5.131412658E0
1.927558048E1,-4.170978546E0,1.575649261E0,9.736158848E-1,4.563733178E0
1.928060745E1,-3.567566872E0,1.133978844E0,-6.741118431E-2,3.744060052E0
1.928563235E1,-2.847935200E0,6.988611221E-1,-1.354268074E0,3.230043929E0
1.929065714E1,-2.180669069E0,2.745742798E-1,-2.361694336E0,3.226191061E0
1.929568204E1,-1.619219065E0,-1.585025787E-1,-2.962265968E0,3.379646892E0
1.930070672E1,-1.169117689E0,-4.430170059E-1,-3.253330946E0,3.485292309E0
1.930573157E1,-7.547135353E-1,-7.901148796E-1,-3.341371059E0,3.515484974E0
1.931075641E1,-2.428011894E-1,-1.118842602E0,-3.232178211E0,3.428955697E0
1.931578126E1,2.704248428E-1,-1.453428745E0,-3.008091450E0,3.351745647E0
1.932084907E1,7.562949657E-1,-1.707875729E0,-2.454971075E0,3.084753565E0
1.932587610E1,1.319553852E0,-1.963876247E0,-1.688532591E0,2.906746393E0
1.933090058E1,1.888692617E0,-2.135220528E0,-7.763191462E-1,2.954487760E0
1.933592735E1,2.511675835E0,-2.212338448E0,2.339387238E-1,3.355247268E0
1.934095412E1,3.274794579E0,-2.137700081E0,9.800045490E-1,4.031680801E0
1.934597693E1,3.996722460E0,-1.595430851E0,1.114876986E0,4.445462936E0
1.935100344E1,4.233378410E0,-3.572654724E-2,9.134384990E-1,4.330951286E0
1.935602985E1,4.549506664E0,2.186182022E0,1.564121842E-1,5.049937375E0
1.936105631E1,4.524330616E0,4.739557266E0,-4.909711480E-1,6.570694276E0
1.936608277E1,3.728154898E0,7.045445442E0,-5.892809629E-1,7.992790031E0
1.937110922E1,2.246647835E0,8.610902786E0,3.204819560E-2,8.899219088E0
1.937613251E1,7.145218849E-1,9.096271515E0,1.251346707E0,9.209699538E0
1.938115881E1,-2.389836311E-1,8.320212364E0,2.339049816E0,8.646051180E0
1.938618318E1,-2.806930542E-1,6.374905586E0,2.692838430E0,6.926008131E0
1.939120928E1,7.296252251E-2,4.085132599E0,2.649742603E0,4.869781078E0
1.939623537E1,1.062176228E-1,1.796778679E0,2.428196192E0,3.022553978E0
1.940126146E1,-1.791019440E-1,-1.403293610E-1,1.940820456E0,1.954112043E0
1.940628756E1,-3.853356838E-1,-1.669147968E0,1.310539603E0,2.156861744E0
1.941135454E1,-2.356348038E-1,-2.713974953E0,7.071421146E-1,2.814468649E0
1.941638230E1,5.516052246E-2,-3.284770966E0,1.714803278E-1,3.289706443E0
1.942141006E1,2.529840469E-1,-3.334213257E0,-3.063850403E-1,3.357804456E0
1.942643782E1,2.627055645E-1,-2.891503334E0,-7.953180671E-1,3.010371501E0
1.943145402E1,2.376356125E-1,-2.014589787E0,-1.269485474E0,2.393039085E0
1.943648120E1,3.154973984E-1,-9.004464149E-1,-1.444638252E0,1.731277573E0
1.944150839E1,5.575065613E-1,1.108102798E-1,-1.183838367E0,1.313227233E0
1.944647074E1,9.254832268E-1,9.764394760E-1,-6.503310800E-1,1.494283697E0
1.945149350E1,1.188652754E0,1.705816269E0,-1.648592949E-1,2.085637337E0
1.945651626E1,1.371691465E0,2.318522453E0,2.643830180E-1,2.706839896E0
1.946155787E1,1.551231861E0,2.719089508E0,7.530270815E-1,3.219754311E0
1.946658188E1,1.665531754E0,3.080148697E0,1.076902151E0,3.663472432E0
1.947160589E1,1.776929975E0,3.263141632E0,1.212427497E0,3.908395308E0
1.947662990E1,1.809223294E0,3.225398064E0,1.294307709E0,3.918126343E0
1.948170214E1,1.809854388E0,2.928798676E0,1.280022740E0,3.673131199E0
1.948672860E1,1.765771866E0,2.398070335E0,9.835649729E-1,3.136254402E0
1.949171292E1,1.878176689E0,1.705380440E0,2.906090617E-1,2.553492461E0
1.949673511E1,2.002898932E0,9.656019211E-1,-3.920050263E-1,2.257799624E0
1.950174912E1,2.136623859E0,2.128419876E-1,-1.275467515E0,2.497454826E0
1.950677048E1,2.098242760E0,-4.904518127E-1,-1.992189407E0,2.934618254E0
1.951179183E1,1.950869203E0,-1.053213120E0,-2.533916950E0,3.366880401E0
1.951682636E1,1.560912132E0,-1.461176395E0,-2.945974588E0,3.640089205E0
1.952184860E1,1.129964232E0,-1.781344891E0,-2.834078789E0,3.532989013E0
1.952687084E1,7.055042982E-1,-1.846576214E0,-2.081471205E0,2.870557856E0
1.953193740E1,2.961788177E-1,-1.600072384E0,-5.521333814E-1,1.718372718E0
1.953696266E1,8.426165581E-2,-1.300343513E0,1.125317574E0,1.721723823E0
1.954198792E1,1.451964378E-1,-1.072052002E0,2.621280670E0,2.835752079E0
1.954698594E1,2.160995007E-1,-8.672037125E-1,3.880882502E0,3.982460328E0
1.955200938E1,2.392203808E-1,-6.141471863E-1,4.886906624E0,4.931151945E0
1.955703282E1,2.678120136E-1,-2.936964035E-1,5.545218468E0,5.559445000E0
1.956209584E1,2.393430471E-1,-4.950428009E-2,5.880666256E0,5.885743061E0
1.956712193E1,3.127509356E-1,1.091728210E-1,5.855769634E0,5.865131700E0
1.957214803E1,4.356745481E-1,1.872844696E-1,5.537663460E0,5.557931664E0
1.957717355E1,5.943099260E-1,2.520217896E-1,5.045138836E0,5.086270259E0
1.958219959E1,9.662306905E-1,2.557334900E-1,4.530056953E0,4.639010387E0
1.958722563E1,1.241414547E0,1.890745163E-1,4.093809128E0,4.282071044E0
1.959221657E1,1.253663540E0,1.048126221E-1,3.589616299E0,3.803682838E0
1.959724027E1,1.079208612E0,1.366472244E-1,3.453798532E0,3.621061722E0
1.960227058E1,1.061607361E0,6.891059875E-2,3.390744448E0,3.553717317E0
1.960729495E1,1.242612600E0,-1.033477783E-1,3.171667337E0,3.407967215E0
1.961231933E1,1.411085486E0,-3.131809235E-1,2.892632961E0,3.233662009E0
1.961738058E1,1.365738273E0,-4.602098465E-1,2.639564037E0,3.007379663E0
1.962240740E1,1.216724873E0,-4.489393234E-1,2.460620165E0,2.781477580E0
1.962743423E1,1.216765881E0,-5.762166977E-1,2.173572540E0,2.556748419E0
1.963245870E1,1.326943517E0,-7.080373764E-1,1.883581042E0,2.410388675E0
1.963748537E1,1.379828811E0,-7.487173080E-1,1.623739004E0,2.258546769E0
1.964251063E1,1.351468086E0,-6.840467453E-1,1.427462459E0,2.081354129E0
1.964753714E1,1.241856813E0,-5.906753540E-1,1.284797192E0,1.881969591E0
1.965256167E1,1.069865346E0,-5.116939545E-1,1.228658199E0,1.707642683E0
1.965758798E1,8.588184118E-1,-4.184408188E-1,1.134147167E0,1.482886233E0
1.966261454E1,6.609514356E-1,-2.918224335E-1,1.005807757E0,1.238412846E0
1.966764089E1,4.231184721E-1,-1.558513641E-1,8.916251659E-1,9.991568073E-1
1.967266725E1,1.546117663E-1,-6.797790527E-2,6.580697298E-1,6.793979417E-1
1.967769360E1,-9.685504436E-2,-7.596683502E-2,4.297495484E-1,4.470307976E-1
1.968268636E1,-4.127175808E-1,-7.548332214E-3,1.496191621E-1,4.390656813E-1
1.968771100E1,-6.740869284E-1,3.669357300E-2,-3.870368004E-2,6.761934488E-1
1.969273563E1,-7.901042104E-1,6.638526917E-2,-2.451445460E-1,8.299201863E-1
1.969779376E1,-9.001064897E-1,9.112071991E-2,-5.223740935E-1,1.044686255E0
1.970282068E1,-8.404592872E-1,9.193420410E-2,-7.412663698E-1,1.124410753E0
1.970784798E1,-7.833460569E-1,3.070831299E-2,-9.406788349E-1,1.224520607E0
1.971287490E1,-7.618204951E-1,1.761913300E-2,-1.044385910E0,1.292835190E0
1.971790183E1,-8.328837752E-1,-5.250740051E-2,-1.143717170E0,1.415818270E0
1.972292876E1,-8.767351508E-1,-1.652212143E-1,-1.329438567E0,1.601052616E0
1.972795011E1,-9.745545387E-1,-3.395519257E-1,-1.376724958E0,1.720588176E0
1.973297678E1,-1.040287495E0,-4.080181122E-1,-1.462674499E0,1.840677468E0
1.973800344E1,-9.109019041E-1,-5.429248810E-1,-1.548406959E0,1.876718896E0
1.974305735E1,-8.157140017E-1,-6.580657959E-1,-1.533495545E0,1.857430621E0
1.974808579E1,-8.060268164E-1,-7.486677170E-1,-1.479941130E0,1.844019611E0
1.975311422E1,-9.296568632E-1,-7.812957764E-1,-1.516992807E0,1.943180936E0
1.975810725E1,-1.080928445E0,-8.277673721E-1,-1.558452606E0,2.069391131E0
1.976313318E1,-1.227335691E0,-8.258905411E-1,-1.566348910E0,2.154506207E0
1.976815865E1,-1.311092615E0,-8.905382156E-1,-1.688666344E0,2.315948225E0
1.977318454E1,-1.494833827E0,-9.020385742E-1,-1.753399611E0,2.474391229E0
1.977821042E1,-1.668603182E0,-8.604249954E-1,-1.947491407E0,2.705049081E0
1.978323782E1,-1.923410058E0,-8.183488846E-1,-1.907482624E0,2.829786407E0
1.978826381E1,-2.144693136E0,-7.040634155E-1,-1.834578276E0,2.908795522E0
1.979329245E1,-2.380557537E0,-5.415544510E-1,-1.762311816E0,3.010992917E0
1.979831870E1,-2.592824221E0,-3.691082001E-1,-1.743431807E0,3.146193377E0
1.980334495E1,-2.748212814E0,-1.723499298E-1,-1.687147975E0,3.229372456E0
1.980836865E1,-2.908963680E0,5.689620972E-3,-1.698886156E0,3.368726204E0
1.981339475E1,-2.998388529E0,2.224779129E-1,-1.735857844E0,3.471747780E0
1.981842084E1,-2.963852406E0,3.824071884E-1,-1.942087412E0,3.564037017E0
1.982344693E1,-2.895998001E0,5.430545807E-1,-2.055221319E0,3.592443092E0
1.982846912E1,-2.822985888E0,6.758241653E-1,-2.301023006E0,3.704145583E0
1.983349501E1,-2.796855450E0,8.525924683E-1,-2.637248039E0,3.937561624E0
1.983852027E1,-2.602137089E0,9.443683624E-1,-2.773304939E0,3.918439654E0
1.984354610E1,-2.338845491E0,8.509044647E-1,-2.705279350E0,3.675972389E0
1.984857193E1,-2.025304556E0,7.493352890E-1,-2.251611471E0,3.119794246E0
1.985359777E1,-1.646257401E0,5.437812805E-1,-1.708103538E0,2.433819879E0
1.985864188E1,-1.358702421E0,3.488197327E-1,-1.049385071E0,1.751843744E0
1.986366860E1,-1.209433794E0,1.591014862E-1,-4.021605253E-1,1.284436247E0
1.986869532E1,-1.169286132E0,2.890586853E-3,2.736834288E-1,1.200891766E0
1.987370365E1,-1.247580290E0,-1.202859879E-1,8.029364347E-1,1.488499989E0
1.987872912E1,-1.372906804E0,-1.868276596E-1,1.215601325E0,1.843221161E0
1.988375459E1,-1.660192609E0,-2.114706039E-1,1.642103672E0,2.344667095E0
1.988878704E1,-1.976115584E0,-1.418676376E-1,2.045105457E0,2.847387497E0
1.989381292E1,-2.369379997E0,-1.185226440E-2,2.511932611E0,3.453101141E0
1.989883881E1,-2.764634609E0,2.214775085E-1,2.737056971E0,3.896631580E0
1.990386162E1,-3.096079111E0,4.814052582E-1,2.869705439E0,4.248842924E0
1.990888730E1,-3.283344746E0,8.253784180E-1,2.728086948E0,4.347880018E0
1.991391298E1,-3.346332788E0,1.167321205E0,2.302640200E0,4.226432753E0
1.991896766E1,-3.333673477E0,1.493247032E0,1.755034447E0,4.052568502E0
1.992399532E1,-3.374296665E0,1.726952553E0,1.007351160E0,3.922116707E0
1.992902298E1,-3.578150272E0,1.912017822E0,3.401129246E-1,4.071197407E0
1.993407594E1,-4.069380760E0,2.177935600E0,2.635762691E-1,4.623065617E0
1.993910527E1,-4.431705475E0,2.639378548E0,5.954139233E-1,5.192383872E0
1.994413459E1,-4.904978275E0,3.219359398E0,7.292714119E-1,5.912268905E0
1.994912813E1,-5.488446236E0,3.869710922E0,7.472707033E-1,6.756931123E0
1.995415506E1,-5.746785164E0,4.255493164E0,4.348686934E-1,7.164068158E0
1.995918199E1,-5.694344044E0,4.472740173E0,-2.079066038E-1,7.243906674E0
1.996420891E1,-5.387684345E0,4.449959755E0,-9.998493195E-1,7.058964732E0
1.996916756E1,-4.930941105E0,4.259386063E0,-2.057538271E0,6.833009114E0
1.997419105E1,-4.529155731E0,3.896655083E0,-3.487545967E0,6.918103016E0
1.997921454E1,-4.166999340E0,3.486839294E0,-4.661663055E0,7.159122447E0
1.998423803E1,-3.824757814E0,2.973060608E0,-5.243773937E0,7.138979396E0
1.998926152E1,-3.616357327E0,2.365083694E0,-4.968228340E0,6.584447891E0
1.999428501E1,-3.526609421E0,1.729651451E0,-4.131645203E0,5.700803472E0
1.999936287E1,-3.459115028E0,1.128366470E0,-3.071571827E0,4.761642695E0
2.000438813E1,-3.624619484E0,5.750064850E-1,-2.081501007E0,4.219140351E0
2.000941339E1,-3.683641434E0,6.903648376E-3,-1.550614357E0,3.996706989E0
2.001443865E1,-3.671533585E0,-6.763439178E-1,3.933155537E-2,3.733516697E0
2.001946391E1,-3.782780647E0,-1.446362972E0,5.757799149E0,7.039435084E0
2.002450532E1,-3.685243368E0,-2.386763096E0,9.905090332E0,1.083459604E1
2.002953126E1,-3.265488625E0,-3.543434143E0,8.409667969E0,9.692360746E0
2.003455719E1,-2.940796137E0,-4.481063843E0,2.166944504E0,5.781337524E0
2.003954740E1,-2.709567547E0,-5.024367809E0,-4.755753040E0,7.429886618E0
2.004457079E1,-2.445044756E0,-5.079612255E0,-1.096444225E1,1.232881578E1
2.004961537E1,-1.980737925E0,-4.888710499E0,-1.315630054E1,1.417430976E1
2.005464089E1,-1.056717157E0,-4.632565022E0,-1.238649940E1,1.326660007E1
2.005970037E1,-2.383814454E-1,-3.995965004E0,-1.093807983E1,1.164758140E1
2.006472928E1,4.912263155E-1,-3.084654808E0,-8.986154556E0,9.513536266E0
2.006975818E1,1.362375498E0,-2.119308949E0,-6.875032425E0,7.322131401E0
2.007478709E1,1.791555285E0,-8.561220169E-1,-5.001331806E0,5.381071927E0
2.007973719E1,2.249922276E0,3.126916885E-1,-3.302986383E0,4.008696220E0
2.008476214E1,2.431770325E0,1.425646782E0,-1.745245814E0,3.315397203E0
2.008978709E1,1.898729086E0,2.440504074E0,-7.742327452E-1,3.187580371E0
2.009487678E1,8.290280104E-1,3.386831284E0,2.505675256E-1,3.495811447E0
2.009990605E1,-4.849087596E-1,4.360872269E0,6.599466801E-1,4.437101877E0
2.010490053E1,-2.090257406E0,5.515794754E0,1.512368798E0,6.089370015E0
2.010992631E1,-2.985156059E0,6.420973778E0,2.273022413E0,7.436846902E0
2.011495209E1,-3.425016642E0,7.171875000E0,2.357001543E0,8.289872513E0
2.011997188E1,-3.260555983E0,7.495484352E0,2.814002037E0,8.644774054E0
2.012499725E1,-3.329894543E0,7.889183998E0,3.621065378E0,9.297286502E0
2.012999688E1,-3.113072157E0,8.351986885E0,3.655419350E0,9.633742461E0
2.013501969E1,-2.321993351E0,8.433822632E0,3.432306051E0,9.396900667E0
2.014004251E1,-1.118942499E0,8.239654541E0,2.702723265E0,8.743491998E0
2.014506532E1,-7.032704353E-2,8.032537460E0,1.903059721E0,8.255194743E0
2.015010443E1,1.343763351E0,7.381718636E0,7.754212618E-1,7.542993311E0
2.015512808E1,2.230279922E0,6.497374535E0,2.142377496E-1,6.872839456E0
2.016015173E1,2.539797306E0,5.762201309E0,-5.714290142E-1,6.322979156E0
2.016521428E1,2.288235188E0,5.003794670E0,-8.567589521E-1,5.568484289E0
2.017024053E1,1.731041908E0,4.326180458E0,-5.163364410E-1,4.688170940E0
2.017526678E1,1.546299934E0,3.503940582E0,6.474347115E-1,3.884303644E0
2.018025636E1,1.674407959E0,2.484004974E0,2.291300297E0,3.771469180E0
2.018528016E1,1.905854464E0,1.568234444E0,3.995564938E0,4.696400715E0
2.019031376E1,2.087629795E0,7.424411774E-1,5.534151077E0,5.961228498E0
2.019533860E1,2.396869659E0,-1.031246185E-1,6.748454571E0,7.162210409E0
2.020036344E1,2.704931498E0,-9.776172638E-1,7.411722183E0,7.950221107E0
2.020539115E1,3.270878077E0,-1.871228695E0,7.644525528E0,8.522846401E0
2.021041615E1,3.756042242E0,-2.597229958E0,7.393683434E0,8.690225054E0
2.021544115E1,4.324710846E0,-3.294264793E0,6.997370720E0,8.861066607E0
2.022046615E1,5.093253136E0,-3.957308769E0,6.290703773E0,9.009687795E0
2.022549115E1,5.551401138E0,-4.504702091E0,5.721653938E0,9.156840029E0
2.023058048E1,5.820874214E0,-4.826049328E0,5.135421276E0,9.140343561E0
2.023560808E1,5.742972374E0,-5.003316402E0,4.732520103E0,8.967254498E0
2.024061141E1,5.523954868E0,-4.979151249E0,4.249220371E0,8.565156059E0
2.024563657E1,5.043997765E0,-4.787232876E0,3.887103081E0,7.966748547E0
2.025066172E1,4.645930767E0,-4.509600163E0,3.388504982E0,7.307744682E0
2.025565449E1,4.385152817E0,-4.075248241E0,2.787699699E0,6.603671938E0
2.026067745E1,4.050874710E0,-3.580099106E0,2.318248272E0,5.882258969E0
2.026570042E1,3.799185753E0,-3.063106537E0,1.669988632E0,5.158032190E0
2.027074683E1,3.590947390E0,-2.658468246E0,9.292913675E-1,4.563544567E0
2.027577136E1,3.611249208E0,-2.419128418E0,2.064877748E-2,4.346691790E0
2.028081475E1,3.788079023E0,-2.263544083E0,-7.501790524E-1,4.476152713E0
2.028584120E1,4.006286621E0,-2.196291924E0,-1.276588440E0,4.743807411E0
2.029086766E1,4.227989674E0,-2.197796822E0,-1.672529459E0,5.050105181E0
2.029589412E1,4.496499538E0,-2.258127213E0,-1.954534411E0,5.397948812E0
2.030094266E1,4.721834183E0,-2.367156029E0,-2.244711876E0,5.739152997E0
2.030597022E1,4.842340946E0,-2.376403809E0,-2.316428661E0,5.870383518E0
2.031099339E1,5.030456066E0,-2.343437195E0,-2.303802729E0,6.008718094E0
2.031602053E1,5.291406631E0,-2.282513618E0,-2.201747417E0,6.168998642E0
2.032104766E1,5.262249947E0,-2.088295937E0,-1.951922297E0,5.988510255E0
2.032607480E1,5.101166248E0,-1.909393311E0,-1.739529610E0,5.717835532E0
2.033110193E1,5.003776073E0,-1.669821262E0,-1.586497188E0,5.508452720E0
2.033613943E1,5.007713318E0,-1.542330265E0,-1.372253537E0,5.416553802E0
2.034116699E1,5.131711960E0,-1.421921253E0,-1.210948467E0,5.461018575E0
2.034619454E1,5.499795914E0,-1.275368214E0,-1.049651146E0,5.742480884E0
2.035122209E1,5.843939781E0,-1.059758663E0,-9.263275862E-1,6.011056761E0
2.035619938E1,6.169113159E0,-7.512803078E-1,-9.843302965E-1,6.292160631E0
2.036122438E1,6.589531422E0,-3.933429718E-1,-1.372584820E0,6.742450010E0
2.036623209E1,6.885417461E0,1.767797470E-1,-1.813564777E0,7.122446342E0
2.037125537E1,7.329064846E0,7.004079819E-1,-2.335826397E0,7.724108221E0
2.037630261E1,7.738925457E0,8.239040375E-1,-3.153548241E0,8.397300257E0
2.038132829E1,7.161449432E0,8.887805939E-1,-4.238117218E0,8.368866499E0
2.038635396E1,5.399142265E0,1.422301292E0,-5.561698914E0,7.880746981E0
2.039140766E1,3.127023697E0,2.218169212E0,-6.916823387E0,7.908286643E0
2.039643522E1,9.464359283E-1,2.974315643E0,-8.423705101E0,8.983379216E0
2.040145167E1,-1.019774199E0,3.709610939E0,-9.513448715E0,1.026191304E1
2.040647813E1,-2.251117706E0,4.060582161E0,-9.459300995E0,1.053727829E1
2.041150532E1,-3.134732485E0,4.028347969E0,-9.008493423E0,1.035408561E1
2.041653183E1,-4.218062401E0,3.662514687E0,-6.868586540E0,8.853448216E0
2.042155834E1,-5.497879028E0,3.514722824E0,-2.368493319E0,6.941880937E0
2.042658485E1,-6.723562241E0,3.260120392E0,2.282530785E0,7.813105718E0
2.043162475E1,-7.974738121E0,2.798899651E0,6.679505348E0,1.077246857E1
2.043665188E1,-8.451028824E0,2.055123329E0,9.160466194E0,1.263160960E1
2.044167902E1,-8.980333328E0,1.358791351E0,9.433379173E0,1.309508852E1
2.044670615E1,-8.266588211E0,3.698768616E-1,8.264613152E0,1.169517508E1
2.045173329E1,-7.186023712E0,-9.733462334E-1,6.133454800E0,9.497663263E0
2.045676157E1,-6.283545017E0,-2.105580807E0,4.261328697E0,7.878789931E0
2.046178876E1,-5.617455482E0,-2.788114548E0,2.926856995E0,6.920684987E0
2.046680011E1,-5.228790283E0,-2.893399239E0,2.228678942E0,6.378010411E0
2.047182568E1,-4.905470848E0,-2.724795341E0,1.520942926E0,5.813898974E0
2.047682808E1,-4.644880295E0,-2.642256737E0,6.991719007E-1,5.389366842E0
2.048185131E1,-4.185422897E0,-2.488329887E0,7.317960262E-2,4.869795243E0
2.048687490E1,-3.619162560E0,-2.320813179E0,-4.773258567E-1,4.325777551E0
2.049189813E1,-2.994521856E0,-2.144694328E0,-1.024147153E0,3.823055362E0
2.049692225E1,-2.124574423E0,-1.787740231E0,-1.317671895E0,3.073449338E0
2.050194558E1,-1.195103168E0,-7.190837860E-1,-1.706044555E0,2.203619998E0
2.050696891E1,-5.448114872E-1,1.940779686E0,-2.055754185E0,2.879161443E0
2.051199225E1,-1.023473024E0,4.741307259E0,-2.395929337E0,5.409987887E0
2.051701860E1,-2.783157349E0,6.318744659E0,-2.475134850E0,7.334765942E0
2.052204209E1,-3.281502485E0,8.288697243E0,-2.244726658E0,9.192908044E0
2.052706558E1,-3.200765848E0,1.034788227E1,-1.054674745E0,1.088282630E1
2.053210865E1,-2.574852705E0,1.197436714E1,-2.272565365E-1,1.225018287E1
2.053713344E1,-1.049521208E0,1.288668537E1,-8.268317580E-1,1.295576340E1
2.054216303E1,7.501430511E-1,1.243208313E1,-2.466924667E0,1.269665794E1
2.054718829E1,2.875326157E0,1.038519001E1,-4.582583427E0,1.170981396E1
2.055221490E1,3.918873787E0,7.601898193E0,-6.017155170E0,1.045717860E1
2.055724032E1,3.353313446E0,5.218202591E0,-6.423353672E0,8.929379695E0
2.056226574E1,1.948480248E0,3.372097015E0,-6.936491966E0,7.955032015E0
2.056729115E1,1.278789282E0,1.554829597E0,-5.923110962E0,6.255880479E0
2.057231751E1,1.440884113E0,7.633113861E-2,-4.779901505E0,4.992938199E0
2.057734298E1,1.993012071E0,-1.021046162E0,-3.488512754E0,4.145401502E0
2.058236844E1,2.876806736E0,-2.057978153E0,-1.109712958E0,3.707122054E0
2.058741329E1,4.248556137E0,-2.556187630E0,5.689002275E-1,4.990788707E0
2.059243995E1,5.858499050E0,-2.497463226E0,2.049154520E0,6.690169500E0
2.059746662E1,6.770930290E0,-2.021364689E0,4.139677048E0,8.189526132E0
2.060249329E1,7.046921730E0,-1.229530811E0,4.805862427E0,8.617839958E0
2.060751995E1,6.665261269E0,-4.771661758E-1,5.565059662E0,8.696164924E0
2.061249553E1,5.927758217E0,2.250843048E-1,5.478746414E0,8.075001096E0
2.061752001E1,4.818730831E0,7.523183823E-1,4.865983486E0,6.889408179E0
2.062255568E1,3.918938160E0,9.794254303E-1,4.025855064E0,5.703057029E0
2.062758126E1,3.339722872E0,1.159371376E0,3.075249672E0,4.685621772E0
2.063260683E1,3.677202463E0,1.062531471E0,2.337125778E0,4.484746145E0
2.063763240E1,4.552798748E0,6.943674088E-1,1.308101535E0,4.787614454E0
2.064268818E1,5.834495544E0,1.377677917E-1,3.893747330E-1,5.849096589E0
2.064771532E1,6.660103798E0,-2.897443771E-1,-3.954316378E-1,6.678121037E0
2.065273782E1,7.128000259E0,-5.203084946E-1,-1.042717218E0,7.222628872E0
2.065776449E1,7.215609550E0,-5.823898315E-1,-1.538991570E0,7.400857663E0
2.066279115E1,7.301003456E0,-5.142993927E-1,-2.153569937E0,7.629352450E0
2.066781782E1,7.125699043E0,-4.548044205E-1,-2.337293148E0,7.513013588E0
2.067282350E1,7.009793282E0,-4.182672501E-1,-2.460153341E0,7.440732747E0
2.067784912E1,6.569637299E0,-3.139324188E-1,-2.069169760E0,6.894936642E0
2.068287475E1,6.258767128E0,-3.335227966E-1,-1.457326889E0,6.434843050E0
2.068788287E1,6.185526848E0,-2.909679413E-1,-8.782207966E-1,6.254332618E0
2.069290730E1,6.105522156E0,-1.483306885E-1,1.377953291E-1,6.108877994E0
2.069793172E1,6.339506626E0,-7.331657410E-2,1.247513294E0,6.461502070E0
2.070295615E1,6.070093155E0,1.637248993E-1,2.342321157E0,6.508402658E0
2.070798678E1,5.703989983E0,5.574264526E-1,3.217674017E0,6.572644221E0
2.071301152E1,5.201971054E0,9.204797745E-1,3.793458700E0,6.503700083E0
2.071804094E1,4.553824902E0,1.290778160E0,4.132754326E0,6.283556939E0
2.072306615E1,3.730211258E0,1.653595924E0,4.303200245E0,5.930125450E0
2.072809136E1,3.174726725E0,1.893828392E0,4.486135006E0,5.812992607E0
2.073315084E1,2.866189241E0,2.083028793E0,4.450973988E0,5.689043783E0
2.073817839E1,2.732816935E0,2.063828468E0,4.111028194E0,5.350535409E0
2.074320594E1,2.707595348E0,2.056758881E0,3.413589954E0,4.818083233E0
2.074826542E1,2.441960096E0,2.071765900E0,2.751125574E0,4.221856817E0
2.075329506E1,2.239122868E0,2.009179115E0,2.151704788E0,3.698689691E0
2.075832469E1,2.075121403E0,1.869266510E0,1.629311562E0,3.233410318E0
2.076335433E1,1.979035974E0,1.724256516E0,1.379167318E0,2.965087926E0
2.076838396E1,1.893857479E0,1.493191719E0,1.056120515E0,2.632813743E0
2.077336074E1,1.815964460E0,1.200557709E0,7.318192720E-1,2.296655216E0
2.077838818E1,1.854219556E0,8.604955673E-1,2.820360661E-1,2.063522989E0
2.078341563E1,1.804785848E0,5.215187073E-1,-2.051067352E-2,1.878737450E0
2.078843969E1,1.520294905E0,3.655433655E-1,-3.192067146E-1,1.595873264E0
2.079346693E1,1.316849232E0,1.245546341E-1,-6.808609962E-1,1.487675184E0
2.079849417E1,1.094009638E0,-6.249141693E-2,-7.712786198E-1,1.340012304E0
2.080348594E1,6.805483103E-1,-2.479257584E-1,-7.252911329E-1,1.025017274E0
2.080851079E1,3.506422043E-3,-3.411483765E-1,-6.152135134E-1,7.034786257E-1
2.081353449E1,-5.392594337E-1,-4.428958893E-1,-5.207720995E-1,8.707244600E-1
2.081855922E1,-7.510873079E-1,-4.625740051E-1,5.757951736E-2,8.839809134E-1
2.082358396E1,-9.946961403E-1,-5.822143555E-1,4.469131231E-1,1.236173656E0
2.082861063E1,-1.178653121E0,-5.721855164E-1,5.618505478E-1,1.425586014E0
2.083363548E1,-1.350453496E0,-6.190996170E-1,5.220491886E-1,1.574656895E0
2.083866032E1,-1.609994411E0,-5.840663910E-1,1.263719797E-1,1.717319257E0
2.084371870E1,-1.808879614E0,-6.011123657E-1,6.846034527E-2,1.907372106E0
2.084874579E1,-1.701969266E0,-6.221055984E-1,-1.117247343E-1,1.815543217E0
2.085376917E1,-1.657919765E0,-5.894384384E-1,-2.290199995E-1,1.774425478E0
2.085879584E1,-1.805874825E0,-5.220994949E-1,-1.415514946E-1,1.885154792E0
2.086382251E1,-2.174467564E0,-4.583511353E-1,-1.085686684E-1,2.224900471E0
2.086882219E1,-2.453019142E0,-3.408641815E-1,6.572687626E-2,2.477460660E0
2.087384709E1,-2.743265152E0,-3.324794769E-1,2.326807976E-1,2.773118578E0
2.087887199E1,-3.122151613E0,-2.752485275E-1,1.288566589E-1,3.136908747E0
2.088393131E1,-3.686483145E0,-1.118078232E-1,-1.691508293E-2,3.688217061E0
2.088895850E1,-4.107825756E0,8.166313171E-2,-1.738297224E0,4.461230609E0
2.089398568E1,-4.523788452E0,2.391471863E-1,-1.864182115E0,4.898676178E0
2.089901287E1,-4.415570736E0,3.900032043E-1,-2.384538412E0,5.033427347E0
2.090406714E1,-4.071925163E0,5.347480774E-1,-2.262284040E0,4.688758804E0
2.090909563E1,-3.290949821E0,6.541118622E-1,-1.537716866E0,3.690905880E0
2.091412412E1,-2.065912724E0,6.279630661E-1,-5.454329252E-1,2.227067594E0
2.091915261E1,-1.024243712E0,5.608310699E-1,3.906586170E-1,1.231349190E0
2.092418725E1,-4.715996981E-2,4.612388611E-1,1.113677502E0,1.206334501E0
2.092921605E1,6.153887510E-1,3.425941467E-1,1.747312307E0,1.883925254E0
2.093424485E1,8.123050928E-1,2.614088058E-1,2.188865662E0,2.349320543E0
2.093927365E1,5.302230120E-1,2.407360077E-1,2.425826311E0,2.494739177E0
2.094425803E1,-1.017773747E-1,2.798194885E-1,2.421179771E0,2.439419822E0
2.094928454E1,-9.763537645E-1,3.114337921E-1,2.217469215E0,2.442831841E0
2.095431756E1,-1.488135338E0,3.115358353E-1,1.962706566E0,2.482703853E0
2.095934475E1,-1.739944458E0,2.037210464E-1,1.603469133E0,2.374873100E0
2.096437193E1,-1.666289210E0,3.137302399E-2,1.267994404E0,2.094114086E0
2.096937089E1,-1.487622857E0,-1.094655991E-1,9.264383316E-1,1.755930655E0
2.097439615E1,-1.208774209E0,-2.711553574E-1,6.113493443E-1,1.381451533E0
2.097942141E1,-1.030074120E0,-4.294843674E-1,3.314502239E-1,1.164203060E0
2.098446563E1,-8.698003888E-1,-4.550790787E-1,1.146302223E-1,9.883267537E-1
2.098949214E1,-8.563207388E-1,-4.338331223E-1,-1.168243885E-1,9.670286053E-1
2.099451865E1,-9.274090528E-1,-3.990764618E-1,-2.439780235E-1,1.038689005E0
2.099953110E1,-1.049575686E0,-3.314332962E-1,-4.065208435E-1,1.173335565E0
2.100455667E1,-1.242189646E0,-2.499065399E-1,-5.619157553E-1,1.386087195E0
2.100958209E1,-1.510236621E0,-9.204006195E-2,-7.542792559E-1,1.690628055E0
2.101460766E1,-1.777685642E0,3.716278076E-2,-9.368627071E-1,2.009790797E0
2.101963324E1,-2.049940825E0,1.475791931E-1,-1.091612577E0,2.327155994E0
2.102467037E1,-2.251003981E0,2.777366638E-1,-1.253018141E0,2.591179468E0
2.102969667E1,-2.510374546E0,3.609027863E-1,-1.417335629E0,2.905352211E0
2.103472298E1,-2.632437706E0,5.023832321E-1,-1.556052566E0,3.098938008E0
2.103974928E1,-2.770382404E0,6.638298035E-1,-1.688345909E0,3.311525416E0
2.104477558E1,-2.732528687E0,7.589673996E-1,-1.837532282E0,3.379240954E0
2.104976355E1,-2.494775057E0,8.118104935E-1,-2.003740072E0,3.301198743E0
2.105478834E1,-2.377671957E0,8.318758011E-1,-2.229623556E0,3.364009882E0
2.105980782E1,-2.537999392E0,1.000986099E0,-2.185462475E0,3.495663072E0
2.106483209E1,-2.607458591E0,1.127533913E0,-2.181955099E0,3.582052636E0
2.106985798E1,-2.662913084E0,1.173109055E0,-2.194260359E0,3.644457363E0
2.107488240E1,-2.599135160E0,1.137635231E0,-2.302901506E0,3.654185662E0
2.107990683E1,-2.530431986E0,1.001946449E0,-2.512061596E0,3.703705737E0
2.108493126E1,-2.613745451E0,9.238100052E-1,-2.663214922E0,3.844190933E0
2.108996553E1,-2.705255747E0,8.456554413E-1,-2.875595093E0,4.037646458E0
2.109499042E1,-2.867016315E0,1.001820564E0,-3.254412174E0,4.451362218E0
2.110001532E1,-3.027466297E0,1.401711464E0,-3.508300543E0,4.841334517E0
2.110505928E1,-3.205726385E0,1.882617950E0,-4.035269260E0,5.486741292E0
2.111008542E1,-3.272812366E0,2.310880661E0,-4.731352806E0,6.199771737E0
2.111511157E1,-3.296180248E0,2.624877930E0,-5.268487930E0,6.746239949E0
2.112013772E1,-3.151714563E0,2.873051643E0,-5.481638908E0,6.945221059E0
2.112519917E1,-2.801347256E0,2.797436714E0,-5.214326859E0,6.546938460E0
2.113022709E1,-2.392149925E0,2.498701096E0,-4.442865849E0,5.630714464E0
2.113524501E1,-1.908691406E0,1.900098801E0,-3.634581804E0,4.523678064E0
2.114027193E1,-1.708116055E0,1.274054527E0,-2.672792196E0,3.418288098E0
2.114529886E1,-1.741189718E0,5.434894562E-1,-1.813671350E0,2.572260910E0
2.115029490E1,-1.926496148E0,-1.294040680E-1,-8.060731888E-1,2.092340031E0
2.115531969E1,-2.039880991E0,-8.264656067E-1,1.298893929E0,2.555637943E0
2.116034449E1,-2.203984022E0,-1.591587543E0,7.933380127E0,8.386251649E0
2.116536928E1,-1.831307650E0,-2.815138817E0,1.522280121E1,1.558885406E1
2.117039407E1,-2.707502127E0,-3.798942566E0,1.269521904E1,1.352520310E1
2.117540647E1,-3.767458439E0,-4.385690689E0,6.718444824E0,8.863719691E0
2.118043079E1,-4.248415470E0,-4.757956982E0,-2.126857281E0,6.723891027E0
2.118548818E1,-4.129306793E0,-4.475241661E0,-1.328984833E1,1.461844831E1
2.119051584E1,-3.094804764E0,-3.628482819E0,-1.839081764E1,1.899910202E1
2.119554350E1,-1.083167553E0,-2.948667526E0,-1.700716400E1,1.729484083E1
2.120054022E1,1.003957033E0,-2.087320805E0,-1.454755688E1,1.473079254E1
2.120556579E1,2.751816273E0,-7.637186050E-1,-1.101009274E1,1.137444069E1
2.121059136E1,4.088616848E0,4.805059433E-1,-7.679501534E0,8.713347089E0
2.121561225E1,4.837895393E0,1.214612007E0,-4.920217037E0,7.006357817E0
2.122063751E1,4.780456543E0,1.549250603E0,-2.231820583E0,5.498542107E0
2.122566277E1,3.656555176E0,1.862977028E0,-3.874728680E-1,4.122040075E0
2.123068803E1,2.050873280E0,2.424198151E0,5.835297108E-1,3.228517432E0
2.123573240E1,3.600504398E-1,3.324058533E0,3.481190205E-1,3.361575271E0
2.124075865E1,-1.687283039E0,4.576714516E0,5.120955706E-1,4.904638793E0
2.124576959E1,-3.298703432E0,5.837072372E0,4.742519855E-1,6.721441301E0
2.125079433E1,-4.130595207E0,6.683461189E0,1.064608812E0,7.928673417E0
2.125582318E1,-4.102260590E0,6.928599358E0,1.405232310E0,8.173659453E0
2.126084834E1,-3.589476109E0,6.815987587E0,1.581012130E0,7.863944613E0
2.126587350E1,-3.060962200E0,6.766285896E0,1.259718060E0,7.532529722E0
2.127091537E1,-2.261843443E0,6.554276466E0,8.173093200E-1,6.981580787E0
2.127594162E1,-1.584052563E0,6.179587364E0,3.956441283E-1,6.391639601E0
2.128096787E1,-7.624502182E-1,5.685235023E0,2.719567418E-1,5.742576780E0
2.128597818E1,-2.985508442E-1,5.013627052E0,1.100167036E-1,5.023713019E0
2.129100334E1,2.019541264E-1,4.112353325E0,-1.768304706E-1,4.121104749E0
2.129602808E1,6.057102680E-1,3.215744019E0,-1.076370239E0,3.444773928E0
2.130105318E1,1.086130619E0,2.256758690E0,-2.587137461E0,3.600822093E0
2.130608157E1,1.362037778E0,1.273732185E0,-3.808320045E0,4.240382313E0
2.131110699E1,1.563923240E0,5.298128128E-1,-4.552181721E0,4.842408072E0
2.131613240E1,1.725751042E0,-1.284275055E-1,-4.778978825E0,5.082651758E0
2.132115782E1,2.039071321E0,-7.585697174E-1,-4.358451366E0,4.871276854E0
2.132621881E1,2.169527769E0,-1.178794384E0,-3.333331823E0,4.148193340E0
2.133124600E1,2.293531179E0,-1.485367298E0,-2.136897087E0,3.468851459E0
2.133626829E1,2.568636656E0,-1.951257229E0,-1.282800913E0,3.471437343E0
2.134129501E1,2.823111057E0,-2.408811569E0,-1.155892372E0,3.886954643E0
2.134632173E1,3.014706850E0,-2.747966766E0,-4.673064351E-1,4.105868245E0
2.135134844E1,3.034328222E0,-2.963972092E0,-1.086177230E-1,4.243121037E0
2.135634172E1,2.815788269E0,-3.076057434E0,1.783218235E-1,4.174037804E0
2.136136678E1,2.747237206E0,-3.065147400E0,6.471345425E-1,4.166680209E0
2.136639183E1,2.666024923E0,-3.089225769E0,1.068453789E0,4.218127338E0
2.137141792E1,2.457740784E0,-2.961607933E0,1.381039023E0,4.088872717E0
2.137644303E1,2.165725231E0,-2.849787712E0,1.753633976E0,3.985835910E0
2.138147235E1,1.986119151E0,-2.653285027E0,2.110936165E0,3.929458259E0
2.138649787E1,1.722975969E0,-2.548994064E0,2.406370401E0,3.905974327E0
2.139152709E1,1.529763222E0,-2.440979958E0,2.578597307E0,3.866228490E0
2.139655298E1,1.392219305E0,-2.453491211E0,2.594596386E0,3.832730635E0
2.140157886E1,1.243820906E0,-2.519201279E0,2.602834702E0,3.829910444E0
2.140660475E1,1.099476576E0,-2.589978218E0,2.631800413E0,3.852688584E0
2.141163063E1,1.017154217E0,-2.727723122E0,2.791491747E0,4.033299183E0
2.141669672E1,8.967664242E-1,-2.826930046E0,2.809880733E0,4.085480785E0
2.142172423E1,9.399800301E-1,-2.992517471E0,2.659966469E0,4.112680985E0
2.142673923E1,1.065779448E0,-3.133332253E0,2.600643635E0,4.209157178E0
2.143176548E1,1.264921665E0,-3.249229431E0,2.364634752E0,4.212958133E0
2.143679053E1,1.375220060E0,-3.273091316E0,2.215708494E0,4.184939798E0
2.144181662E1,1.334411860E0,-3.171643257E0,2.110934973E0,4.036833217E0
2.144684272E1,1.395335913E0,-3.069719315E0,2.007389784E0,3.924251868E0
2.145186881E1,1.686074734E0,-3.001171112E0,1.766263247E0,3.869051810E0
2.145693620E1,2.009618759E0,-2.932732582E0,1.434566975E0,3.833727998E0
2.146196428E1,2.303312778E0,-2.912396431E0,9.640843272E-1,3.836243125E0
2.146699235E1,2.423457861E0,-2.772798538E0,4.592707157E-1,3.711130465E0
2.147202042E1,2.455878258E0,-2.681638718E0,-1.855723709E-1,3.641011032E0
2.147704850E1,2.223134518E0,-2.505159378E0,-7.984755039E-1,3.443212704E0
2.148207657E1,2.097447872E0,-2.310860634E0,-1.340962291E0,3.396696087E0
2.148710464E1,2.010647297E0,-2.127871990E0,-1.817723513E0,3.445962932E0
2.149224787E1,1.923370242E0,-1.875236034E0,-2.315583229E0,3.546517865E0
2.149727933E1,1.811678767E0,-1.620054722E0,-2.712658644E0,3.642152410E0
2.150231079E1,1.779687047E0,-1.314912319E0,-3.114198685E0,3.820276671E0
2.150734225E1,1.808058619E0,-1.007704258E0,-3.644035339E0,4.190887424E0
2.151238798E1,1.882422805E0,-6.170682907E-1,-4.215394497E0,4.657664614E0
2.151742016E1,1.888708234E0,-7.584571838E-2,-4.573792934E0,4.948995168E0
2.152245235E1,1.927866936E0,6.398649216E-1,-4.402987480E0,4.848958320E0
2.152748454E1,1.948209047E0,1.549251556E0,-3.156314373E0,4.019703882E0
2.153251672E1,1.426173568E0,2.590477943E0,-3.383923054E0,4.493938390E0
2.153754891E1,-3.171896935E-1,3.850703239E0,-5.162172318E0,6.447987886E0
2.154236266E1,-2.941383839E0,5.101719856E0,-6.527177811E0,8.791094047E0
2.154738745E1,-5.517267227E0,5.988368988E0,-6.824786186E0,1.062442974E1
2.155241225E1,-7.507910728E0,5.837456703E0,-6.227435112E0,1.136774262E1
2.155741287E1,-8.640931129E0,5.033111572E0,-4.479916573E0,1.095753418E1
2.156243605E1,-9.217688560E0,3.963797569E0,-3.023257732E0,1.047938743E1
2.156750527E1,-9.490159988E0,3.137351990E0,-1.425423861E0,1.009643240E1
2.157253308E1,-9.665424347E0,2.176733017E0,-4.314316511E-1,9.916891030E0
2.157756089E1,-1.014845848E1,1.335947037E0,-1.819348931E-1,1.023762982E1
2.158258693E1,-9.810144424E0,1.222496033E-1,-9.906921387E-1,9.860798624E0
2.158761464E1,-8.455415726E0,-1.463797092E0,-1.952541351E0,8.800521277E0
2.159264146E1,-7.100109577E0,-2.369667530E0,-2.775789976E0,7.983225551E0
2.159766907E1,-6.253998756E0,-2.706978798E0,-3.087717056E0,7.481592830E0
2.160268600E1,-5.427013397E0,-2.840801239E0,-3.793319941E0,7.204991483E0
2.160771251E1,-4.439257622E0,-2.834053040E0,-4.428861618E0,6.881401027E0
2.161273902E1,-3.435639620E0,-2.787617683E0,-4.575083256E0,6.364418178E0
2.161776131E1,-2.493479490E0,-2.644297600E0,-4.464068413E0,5.756531643E0
2.162278756E1,-1.704240561E0,-2.533533096E0,-4.183031082E0,5.178897071E0
2.162779891E1,-9.302630424E-1,-2.326605797E0,-3.790029287E0,4.543435469E0
2.163282360E1,-2.541658878E-1,-2.043310642E0,-3.093986988E0,3.716513711E0
2.163784324E1,6.427736282E-1,-1.761051655E0,-2.128697395E0,2.836514317E0
2.164286740E1,1.678299904E0,-1.542396069E0,-9.460252523E-1,2.467922198E0
2.164786042E1,2.598626852E0,-1.401794910E0,3.496682346E-1,2.973240381E0
2.165288162E1,3.476126671E0,-1.061657429E0,1.466905236E0,3.919487734E0
2.165791985E1,4.195638180E0,-2.164001465E-1,2.367477655E0,4.822360336E0
2.166294282E1,4.713898182E0,1.429668427E0,2.657326221E0,5.596978696E0
2.166796579E1,4.261626720E0,3.411830902E0,3.138673782E0,6.297088654E0
2.167302563E1,2.581051111E0,4.820611000E0,3.931738615E0,6.734885581E0
2.167805105E1,1.051840782E0,5.774391174E0,4.274715424E0,7.261071162E0
2.168307647E1,6.407988071E-1,6.410619736E0,3.754602909E0,7.456789625E0
2.168810188E1,1.297464848E0,6.671749115E0,2.420176983E0,7.214770122E0
2.169315068E1,2.567753792E0,6.372537613E0,5.526822209E-1,6.892608563E0
2.169817725E1,4.325588226E0,5.477227211E0,-1.442401648E0,7.126798295E0
2.170320381E1,5.633064270E0,4.160924911E0,-3.221687078E0,7.708694884E0
2.170819563E1,5.452871799E0,2.976164818E0,-3.953876019E0,7.363728910E0
2.171321980E1,4.404301643E0,2.047306061E0,-3.233786345E0,5.834955801E0
2.171825933E1,2.715712786E0,1.373082161E0,-2.197858572E0,3.753802453E0
2.172328501E1,2.985279560E-1,1.128857613E0,-1.256535053E0,1.715318860E0
2.172831068E1,-2.304687738E0,1.198060989E0,3.048357368E-2,2.597665289E0
2.173333636E1,-4.432016850E0,1.359365463E0,5.785443187E-1,4.671762124E0
2.173840985E1,-4.780198097E0,1.043453217E0,3.232371807E0,5.864069915E0
2.174343798E1,-2.702363968E0,7.117748260E-2,5.034481049E0,5.714353566E0
2.174846610E1,4.742505550E-1,-1.119019985E0,6.652405739E0,6.762515910E0
2.175349422E1,2.942962408E0,-1.926459789E0,6.048554897E0,6.996948721E0
2.175844245E1,4.533422947E0,-2.206964016E0,4.562420368E0,6.799874514E0
2.176346657E1,4.538464546E0,-2.158269405E0,2.663632393E0,5.687769755E0
2.176849068E1,3.490760326E0,-1.542512417E0,9.296232462E-1,3.927970416E0
2.177357042E1,2.573638678E0,-8.736371994E-1,-6.914442778E-2,2.718756876E0
2.177859824E1,1.822375536E0,-5.237388611E-2,-4.017649293E-1,1.866871896E0
2.178362605E1,1.382448077E0,8.006372452E-1,-6.154846549E-1,1.712017536E0
2.178859074E1,1.247575164E0,1.417000771E0,-1.082725286E0,2.176379797E0
2.179361433E1,1.616729736E0,1.715289116E0,-1.651178360E0,2.877919694E0
2.179865995E1,1.811076880E0,1.858800888E0,-1.943057179E0,3.242007311E0
2.180368579E1,2.247836351E0,1.714131355E0,-2.064045429E0,3.500185438E0
2.180871162E1,2.865143299E0,1.477929115E0,-2.047858238E0,3.819298883E0
2.181373745E1,3.606769800E0,1.112512589E0,-1.947448134E0,4.247237560E0
2.181881537E1,4.172402382E0,8.336544037E-1,-1.954634905E0,4.682362535E0
2.182384381E1,4.463746548E0,6.227731705E-1,-1.917044282E0,4.897748303E0
2.182887225E1,4.189898014E0,4.990844727E-1,-2.040695906E0,4.687085497E0
2.183384339E1,3.576237679E0,3.478260040E-1,-2.121178389E0,4.172512027E0
2.183886798E1,2.965057850E0,2.209997177E-1,-2.187543869E0,3.691308319E0
2.184391902E1,2.564868212E0,3.695392609E-2,-2.174590588E0,3.362849797E0
2.184894615E1,2.187869787E0,2.521705627E-2,-2.050533772E0,2.998682853E0
2.185397329E1,1.813974142E0,3.689765930E-3,-1.347663641E0,2.259803773E0
2.185900042E1,1.495100260E0,3.448104858E-2,-3.834059536E-1,1.543863289E0
2.186397454E1,1.201865196E0,1.939764023E-1,3.673553467E-1,1.271635461E0
2.186899902E1,1.114564419E0,2.473230362E-1,9.339078665E-1,1.474993705E0
2.187402344E1,1.194981575E0,2.139539719E-1,1.363460302E0,1.825590661E0
2.187904792E1,1.299925327E0,1.563110352E-1,1.598734260E0,2.066443861E0
2.188407240E1,1.458908200E0,1.798934937E-1,1.759189367E0,2.292492538E0
2.188912006E1,1.404692769E0,1.461038589E-1,1.906602979E0,2.372686880E0
2.189414610E1,1.334512830E0,2.035379410E-1,1.987147212E0,2.402312683E0
2.189917214E1,1.190882206E0,3.042621613E-1,2.090996981E0,2.425498766E0
2.190424157E1,1.054917812E0,4.243183136E-1,1.580646515E0,1.947136623E0
2.190927053E1,1.052395940E0,5.066938400E-1,2.046910763E0,2.356717958E0
2.191429949E1,1.226225853E0,4.509887695E-1,2.049641371E0,2.430648157E0
2.191931037E1,1.347391129E0,3.961849213E-1,2.236067772E0,2.640534875E0
2.192433818E1,1.444936275E0,2.944612503E-1,2.526170254E0,2.925078532E0
2.192936600E1,1.553084612E0,1.220130920E-1,2.759188414E0,3.168608481E0
2.193437714E1,1.571916938E0,-1.401939392E-1,2.941547155E0,3.338154710E0
2.193940370E1,1.510868669E0,-2.578287125E-1,3.007607937E0,3.375634056E0
2.194443027E1,1.308075547E0,-3.411397934E-1,2.968511820E0,3.261824707E0
2.194945360E1,9.871653318E-1,-4.094486237E-1,2.997330904E0,3.182159034E0
2.195447995E1,7.438006997E-1,-4.294710159E-1,2.808077097E0,2.936491413E0
2.195951157E1,3.811386228E-1,-4.253454208E-1,2.750880957E0,2.809542919E0
2.196453844E1,9.502053261E-2,-4.545745850E-1,2.725354433E0,2.764638085E0
2.196956532E1,-1.150170565E-1,-4.980669022E-1,2.731796741E0,2.779210859E0
2.197459219E1,-2.783210278E-1,-5.941171646E-1,2.554788589E0,2.637685072E0
2.197961527E1,-4.665794373E-1,-6.373596191E-1,2.341925621E0,2.471545927E0
2.198464193E1,-5.172659159E-1,-6.850948334E-1,2.062546492E0,2.234058412E0
2.198966860E1,-5.452598929E-1,-7.467403412E-1,1.629186153E0,1.873279747E0
2.199469527E1,-5.978285670E-1,-8.555984497E-1,1.127115011E0,1.536175755E0
2.199972193E1,-6.837649345E-1,-8.919048309E-1,7.181616426E-1,1.333710935E0
2.200476511E1,-8.169953227E-1,-8.843297958E-1,3.965236545E-1,1.267577041E0
2.200979245E1,-9.729492068E-1,-8.328943253E-1,3.057989478E-1,1.316759702E0
2.201481980E1,-1.123116493E0,-6.803369522E-1,2.982292771E-1,1.346547336E0
2.201984714E1,-1.162426353E0,-5.177726746E-1,3.368320465E-1,1.316350787E0
2.202479907E1,-1.133165956E0,-4.409456253E-1,3.607318401E-1,1.268316044E0
2.202982266E1,-1.142563581E0,-3.876447678E-1,3.504425287E-1,1.256395626E0
2.203484626E1,-1.141866565E0,-3.435325623E-1,2.924979329E-1,1.227773967E0
2.203986985E1,-1.126396418E0,-3.229846954E-1,2.111166716E-1,1.190654548E0
2.204495386E1,-1.206837416E0,-3.211860657E-1,1.299823523E-1,1.255592469E0
2.204998042E1,-1.238189459E0,-3.860092163E-1,-6.957530975E-2,1.298829078E0
2.205502803E1,-1.345783949E0,-3.930292130E-1,-2.681986094E-1,1.427423165E0
2.206005678E1,-1.481413007E0,-4.714622498E-1,-5.232109427E-1,1.640308154E0
2.206507667E1,-1.707416892E0,-4.633846283E-1,-7.391453981E-1,1.917376770E0
2.207010454E1,-1.981300712E0,-5.266637802E-1,-9.644584060E-1,2.265636172E0
2.207513240E1,-2.140888214E0,-5.463876724E-1,-1.577244163E0,2.714708268E0
2.208016027E1,-2.306067467E0,-5.846185684E-1,-2.042568445E0,3.135572019E0
2.208514589E1,-2.572199106E0,-5.599002838E-1,-2.337565422E0,3.520498356E0
2.209017162E1,-2.763409376E0,-4.625511169E-1,-2.673864365E0,3.872975027E0
2.209522048E1,-2.961027145E0,-2.782287598E-1,-2.822012424E0,4.099859403E0
2.210024834E1,-3.130942345E0,-1.178741455E-2,-2.892170906E0,4.262345769E0
2.210527620E1,-3.220819712E0,2.505960464E-1,-2.750032902E0,4.242541568E0
2.211030407E1,-3.196716309E0,4.849061966E-1,-2.447469473E0,4.055149319E0
2.211533193E1,-3.139506102E0,7.244997025E-1,-2.064845562E0,3.826876739E0
2.212035980E1,-3.177718163E0,8.878421783E-1,-1.777884960E0,3.747936951E0
2.212552407E1,-3.144899130E0,9.607868195E-1,-1.596263409E0,3.655346594E0
2.213055662E1,-3.070775509E0,9.140033722E-1,-1.555352092E0,3.561486280E0
2.213558917E1,-2.918462276E0,7.622051239E-1,-1.593982577E0,3.411621193E0
2.214062173E1,-2.606478691E0,4.577074051E-1,-1.803430319E0,3.202434722E0
2.214565428E1,-2.105833054E0,1.346702576E-1,-1.997885227E0,2.905893031E0
2.215068683E1,-1.483085632E0,-2.690181732E-1,-2.135123730E0,2.613554498E0
2.215551183E1,-9.791644216E-1,-6.629896164E-1,-2.127996206E0,2.434478599E0
2.216053740E1,-6.639818549E-1,-9.699077606E-1,-1.984492302E0,2.306469741E0
2.216552860E1,-4.338288307E-1,-1.195494652E0,-1.716771722E0,2.136520550E0
2.217055074E1,-4.080041647E-1,-1.244337082E0,-1.449135065E0,1.953160160E0
2.217557287E1,-5.426090956E-1,-1.188848495E0,-9.887427092E-1,1.638718255E0
2.218067772E1,-8.523863554E-1,-9.862432480E-1,-6.030718088E-1,1.436291701E0
2.218570542E1,-1.322835922E0,-6.419935226E-1,-3.233790398E-1,1.505531323E0
2.219069110E1,-1.878609776E0,-2.232122421E-1,-1.826144457E-1,1.900617382E0
2.219571449E1,-2.406155586E0,2.462491989E-1,-7.078087330E-2,2.419758935E0
2.220073787E1,-2.820482731E0,7.902574539E-1,-3.530740738E-2,2.929313280E0
2.220576126E1,-3.151568413E0,1.341923714E0,2.365112305E-4,3.425367538E0
2.221082173E1,-3.385973454E0,1.810549736E0,-9.369695187E-2,3.840792326E0
2.221584699E1,-3.438479424E0,2.105507851E0,-2.167338133E-1,4.037731740E0
2.222087225E1,-3.338635445E0,2.265526772E0,-4.605253935E-1,4.060933615E0
2.222589751E1,-3.120243549E0,2.233595848E0,-7.349236012E-1,3.907042733E0
2.223094188E1,-2.735784531E0,2.058019638E0,-9.117569923E-1,3.542776121E0
2.223596808E1,-2.347496033E0,1.767769814E0,-9.680107832E-1,3.093992989E0
2.224099798E1,-2.040916443E0,1.525580406E0,-8.514719009E-1,2.686585175E0
2.224602454E1,-2.011472702E0,1.422119141E0,-5.429122448E-1,2.522538203E0
2.225100574E1,-2.186700583E0,1.720011711E0,-1.182228327E-1,2.784614221E0
2.225602772E1,-2.437339544E0,2.251131058E0,1.989006996E-1,3.323819577E0
2.226105391E1,-2.834789276E0,3.077176094E0,1.941292286E-1,4.188404125E0
2.226607631E1,-3.302566290E0,3.829560280E0,-5.551886559E-2,5.057228330E0
2.227107475E1,-3.405990362E0,4.374689102E0,-5.407451391E-1,5.570554765E0
2.227609475E1,-3.145156860E0,4.588651657E0,-1.262172222E0,5.704455664E0
2.228111475E1,-2.553134441E0,4.376482964E0,-2.101683378E0,5.485359754E0
2.228615245E1,-1.853855133E0,3.853734970E0,-2.994080544E0,5.220399446E0
2.229117360E1,-1.553109527E0,3.126268387E0,-3.429669380E0,4.893703637E0
2.229620542E1,-1.630458832E0,2.352226257E0,-3.357286930E0,4.411659540E0
2.230122766E1,-1.837049127E0,1.684697151E0,-2.796490192E0,3.746106163E0
2.230624990E1,-1.924767733E0,9.511423111E-1,-2.114378929E0,3.013303964E0
2.231127214E1,-1.985722065E0,3.474750519E-1,-1.619927883E0,2.586116273E0
2.231629438E1,-2.125803947E0,-2.031984329E-1,-8.521759510E-1,2.299246807E0
2.232133480E1,-2.456056118E0,-6.964426041E-1,1.673324227E0,3.052418373E0
2.232635777E1,-2.715554714E0,-1.291158676E0,6.463341236E0,7.128541791E0
2.233138074E1,-2.923215151E0,-2.009001255E0,9.565167427E0,1.020165186E1
2.233644824E1,-2.700950146E0,-3.000536919E0,7.646694183E0,8.646981290E0
2.234147417E1,-2.228567600E0,-3.939260483E0,7.971894741E-1,4.595628114E0
2.234646490E1,-2.074350834E0,-4.376833916E0,-6.838396072E0,8.379932419E0
2.235148740E1,-2.010761261E0,-4.310323715E0,-1.277192688E1,1.362879920E1
2.235650990E1,-1.542210102E0,-3.962792397E0,-1.469597244E1,1.529881504E1
2.236153240E1,-5.711588860E-1,-3.563649178E0,-1.346687794E1,1.394211674E1
2.236658464E1,5.038970709E-1,-2.960417747E0,-1.174919891E1,1.212689823E1
2.237160860E1,1.422561288E0,-2.057894230E0,-9.593326569E0,9.914157752E0
2.237663256E1,2.080209017E0,-1.129291534E0,-7.406011105E0,7.775060733E0
2.238169225E1,2.425693035E0,4.060459137E-2,-5.645872116E0,6.145039250E0
2.238671855E1,2.691051483E0,1.117054939E0,-3.974211216E0,4.927872219E0
2.239174485E1,2.221448898E0,2.167562485E0,-2.253510714E0,3.835553789E0
2.239677115E1,1.005925536E0,3.106532097E0,-9.018967152E-1,3.387601738E0
2.240179745E1,-6.818345189E-1,4.130418777E0,1.112660766E-2,4.186332690E0
2.240684532E1,-2.253176212E0,5.310804367E0,1.581760406E0,5.981923775E0
2.241187251E1,-2.984251022E0,6.316710472E0,2.947150230E0,7.582366374E0
2.241689969E1,-3.070435047E0,7.018486977E0,3.618359566E0,8.472263969E0
2.242189766E1,-2.677643776E0,7.358198166E0,3.884427309E0,8.740802707E0
2.242692272E1,-2.120055437E0,7.637288094E0,3.988600731E0,8.873090796E0
2.243193824E1,-1.269116282E0,7.730779648E0,4.157807827E0,8.869215074E0
2.243696230E1,2.043747902E-2,7.404384613E0,3.850498438E0,8.345757450E0
2.244198636E1,1.305415630E0,7.036312103E0,3.538643599E0,7.983470204E0
2.244700704E1,2.100804806E0,6.550203323E0,3.138636351E0,7.561056973E0
2.245203089E1,3.112264395E0,5.984500885E0,3.064960003E0,7.409076888E0
2.245706579E1,3.805945396E0,5.243753433E0,3.052226305E0,7.162280073E0
2.246209074E1,3.929742336E0,4.385443687E0,2.782772064E0,6.512972557E0
2.246711568E1,3.393843889E0,3.677375793E0,2.107884645E0,5.429958264E0
2.247214063E1,2.756114721E0,3.046766281E0,1.191444993E0,4.277673936E0
2.247721938E1,2.259112358E0,2.397387505E0,1.888388991E-1,3.299502330E0
2.248224699E1,1.979176760E0,1.608043671E0,-6.970849037E-1,2.643647567E0
2.248726079E1,2.034812450E0,8.124542236E-1,-1.004670858E0,2.410374889E0
2.249228704E1,2.367591619E0,8.681392670E-2,-6.414127350E-1,2.454472862E0
2.249731329E1,3.005934477E0,-7.508115768E-1,-7.504540682E-2,3.099192139E0
2.250233954E1,3.601888418E0,-1.508506298E0,6.003048420E-1,3.950893232E0
2.250738063E1,4.071456909E0,-2.176163197E0,9.451026917E-1,4.712288904E0
2.251240761E1,4.463894367E0,-2.887520790E0,8.870794177E-1,5.389901588E0
2.251743459E1,4.761775017E0,-3.441244125E0,7.456532121E-1,5.922217587E0
2.252246157E1,4.975907326E0,-3.803822517E0,5.906943083E-1,6.291076158E0
2.252743605E1,5.078046799E0,-4.075890064E0,4.451653957E-1,6.526684559E0
2.253246027E1,4.988722324E0,-4.185232639E0,3.124369085E-1,6.519289800E0
2.253750933E1,4.755638599E0,-4.127479076E0,1.098963022E-1,6.297956749E0
2.254253605E1,4.363904953E0,-3.979723454E0,3.620740175E-1,5.917175238E0
2.254758204E1,3.947003126E0,-3.594002724E0,9.534252882E-1,5.422610906E0
2.255261068E1,3.661193609E0,-3.128842354E0,1.259685755E0,4.978031872E0
2.255762761E1,3.362162590E0,-2.689690590E0,1.536165953E0,4.571474443E0
2.256265506E1,3.350605488E0,-2.362770081E0,1.817354202E0,4.484642225E0
2.256768251E1,3.420159578E0,-2.076236725E0,2.114977837E0,4.525636058E0
2.257270995E1,3.470342398E0,-1.935117245E0,2.049757957E0,4.470957704E0
2.257769204E1,3.467727900E0,-1.786164761E0,1.735642791E0,4.269423525E0
2.258271719E1,3.503519773E0,-1.720245838E0,1.193033695E0,4.081326493E0
2.258774235E1,3.491563559E0,-1.718262196E0,5.671867728E-1,3.932574461E0
2.259276751E1,3.480129957E0,-1.627053738E0,-1.315136254E-1,3.843943836E0
2.259781959E1,3.426237583E0,-1.604647160E0,-9.026360512E-1,3.889569169E0
2.260284610E1,3.430393696E0,-1.646265507E0,-1.521197438E0,4.097783873E0
2.260784860E1,3.459542513E0,-1.699058056E0,-1.782672644E0,4.246546177E0
2.261287266E1,3.556887388E0,-1.810778141E0,-1.765011668E0,4.364130103E0
2.261789214E1,3.641367674E0,-1.981210232E0,-1.430965781E0,4.385477806E0
2.262291574E1,3.818549871E0,-2.248374939E0,-1.011575818E0,4.545305119E0
2.262793933E1,3.959590197E0,-2.463695526E0,-6.226789355E-1,4.704878237E0
2.263296292E1,4.007623672E0,-2.693949699E0,-3.420462012E-1,4.841013126E0
2.263801146E1,4.010742188E0,-2.824251175E0,-1.798392683E-1,4.908644391E0
2.264303631E1,3.945409536E0,-2.931077957E0,-1.704116911E-1,4.917978705E0
2.264804662E1,3.825788498E0,-2.947611809E0,-2.236976922E-1,4.834781656E0
2.265307001E1,3.728008986E0,-2.878930092E0,-2.879697382E-1,4.719027023E0
2.265809339E1,3.737916946E0,-2.806509018E0,-3.397898674E-1,4.686573708E0
2.266313209E1,3.692598820E0,-2.644313812E0,-4.417579174E-1,4.563204098E0
2.266815652E1,3.826513767E0,-2.445006371E0,-7.375646830E-1,4.600463610E0
2.267318094E1,4.058198929E0,-2.132047653E0,-1.121803164E0,4.719433025E0
2.267820537E1,4.254100323E0,-1.729244709E0,-1.633388042E0,4.873973053E0
2.268322980E1,4.357071877E0,-1.207888126E0,-2.325559378E0,5.084416926E0
2.268826063E1,4.299943447E0,-5.203876495E-1,-3.083033085E0,5.316522356E0
2.269328532E1,4.063588142E0,2.469234467E-1,-2.588161945E0,4.824137439E0
2.269831001E1,3.549152374E0,9.079046249E-1,-2.701584816E0,4.551849503E0
2.270335282E1,9.914937019E-1,2.415814400E0,-6.591295719E0,7.089738940E0
2.270837870E1,-2.091039896E0,4.367846489E0,-1.074479485E1,1.178563308E1
2.271342756E1,-4.343794823E0,6.054163933E0,-1.306083107E1,1.503684683E1
2.271845568E1,-5.911673546E0,6.838882446E0,-1.253718948E1,1.545636818E1
2.272348381E1,-6.827332497E0,6.513239861E0,-9.970020294E0,1.372720172E1
2.272851193E1,-7.237150669E0,6.016892433E0,-5.223034382E0,1.076380195E1
2.273349626E1,-7.409187317E0,5.017110825E0,6.222417951E-1,8.969651196E0
2.273852209E1,-8.099570274E0,4.338714600E0,5.986089706E0,1.096634638E1
2.274354792E1,-8.462129593E0,3.322656631E0,8.220900536E0,1.225687113E1
2.274854589E1,-9.256733894E0,2.438349724E0,7.736888885E0,1.230821357E1
2.275356990E1,-8.691538811E0,7.762727737E-1,5.667236805E0,1.040495167E1
2.275859391E1,-7.028538704E0,-1.008002281E0,3.490513563E0,7.912023120E0
2.276361792E1,-4.802946568E0,-2.413066864E0,1.772969604E0,5.659912423E0
2.276866636E1,-3.548878908E0,-3.287300110E0,1.288529336E-1,4.839161766E0
2.277369157E1,-2.885004520E0,-3.646506310E0,-1.410225272E0,4.858908794E0
2.277873443E1,-2.381779671E0,-3.707060814E0,-2.701684952E0,5.168585479E0
2.278376141E1,-1.759189129E0,-3.565877914E0,-3.740218878E0,5.458888985E0
2.278878839E1,-1.032844543E0,-3.448451996E0,-4.434269905E0,5.711509311E0
2.279377954E1,-4.476747513E-1,-3.049098015E0,-4.630113602E0,5.561956792E0
2.279880412E1,-1.804304123E-2,-2.573941231E0,-4.462083817E0,5.151280520E0
2.280382870E1,4.888629913E-1,-2.081285477E0,-4.111934185E0,4.634516048E0
2.280885454E1,1.205753565E0,-1.399564266E0,-3.412694693E0,3.880606507E0
2.281387917E1,2.084004879E0,-1.945734024E-1,-3.006742239E0,3.663527540E0
2.281890542E1,2.678826332E0,2.126097679E0,-3.102103233E0,4.617298596E0
2.282393022E1,2.900100708E0,5.489512444E0,-2.936068535E0,6.867738305E0
2.282895501E1,2.820574760E0,9.033782005E0,-2.117532969E0,9.697876323E0
2.283400480E1,2.928668499E0,1.115184402E1,-9.414069653E-1,1.156836079E1
2.283903126E1,2.989634991E0,1.157742405E1,5.200445056E-1,1.196850497E1
2.284405772E1,2.477260590E0,1.142667961E1,1.930074334E0,1.185035923E1
2.284906433E1,2.054777861E0,1.069430542E1,2.827220201E0,1.125093127E1
2.285408949E1,2.265470743E0,8.911400795E0,2.604785681E0,9.556690340E0
2.285911464E1,2.859678268E0,6.060063362E0,1.349012613E0,6.835346574E0
2.286413501E1,3.317664146E0,3.242580414E0,-2.412867695E-1,4.645367847E0
2.286915980E1,3.517051697E0,1.071994781E0,-1.301487565E0,3.900345540E0
2.287418459E1,3.616429567E0,-5.716829300E-1,-1.203733683E0,3.854135307E0
2.287920938E1,3.486986637E0,-1.540686131E0,-3.089960814E-1,3.824691901E0
2.288430199E1,3.028335571E0,-1.974746227E0,1.978714466E-1,3.620717070E0
2.288933022E1,2.489944458E0,-2.161519051E0,1.733566523E-1,3.301823820E0
2.289437964E1,2.344120979E0,-2.255019188E0,-2.363872230E-1,3.261271780E0
2.289941001E1,2.466266155E0,-2.006437778E0,-7.594603300E-1,3.268798143E0
2.290444037E1,2.722190857E0,-1.435020924E0,-8.635693789E-1,3.196147710E0
2.290947074E1,2.399558544E0,-4.116058350E-1,-6.047501564E-1,2.508589907E0
2.291443485E1,2.025507927E0,5.804672241E-1,-5.289197564E-1,2.172413558E0
2.291946188E1,1.918648839E0,1.267831802E0,-6.103303432E-1,2.379309558E0
2.292449824E1,2.051075935E0,1.837924957E0,-6.419866085E-1,2.827901598E0
2.292952615E1,2.437657356E0,2.305672646E0,-5.517842174E-1,3.400406675E0
2.293455407E1,2.911865234E0,2.710040092E0,-2.202440500E-1,3.983940748E0
2.293958199E1,3.202452183E0,3.046956062E0,3.589838743E-3,4.420368097E0
2.294455886E1,3.182378054E0,3.278970718E0,2.495279908E-1,4.576182171E0
2.294958423E1,2.951365948E0,3.372284889E0,2.458762527E-1,4.488131177E0
2.295460959E1,2.581909657E0,3.202964783E0,1.598885953E-1,4.117135562E0
2.295963256E1,2.298396826E0,2.656414986E0,-1.190634370E-1,3.514732514E0
2.296465777E1,2.148104191E0,1.843003273E0,-4.525078535E-1,2.866317504E0
2.296968298E1,2.111980915E0,1.035820961E0,-6.117768288E-1,2.430567699E0
2.297474657E1,1.864400387E0,2.252492905E-1,1.124008536E0,2.188634559E0
2.297977433E1,-1.426832676E-1,3.343105316E-2,8.203335404E-1,8.333206272E-1
2.298479928E1,1.126881242E0,-9.901304245E-1,-1.877511859E0,2.403179222E0
2.298982678E1,1.840023041E0,-1.423390865E0,-1.627836823E-1,2.332000187E0
2.299485428E1,1.392610550E0,-2.026737690E0,1.193813205E0,2.733536130E0
2.299984454E1,1.048853755E0,-1.939144611E0,1.942160606E0,2.938088468E0
2.300486954E1,3.242664337E-1,-1.769284725E0,3.036725760E0,3.529478785E0
2.300989438E1,-5.568015575E-1,-1.441040516E0,3.120944500E0,3.482372800E0
2.301491933E1,-8.061795235E-1,-1.366202831E0,4.077478886E0,4.375187957E0
2.301994761E1,-7.404406071E-1,-1.276644707E0,4.489131927E0,4.725503091E0
2.302497292E1,-2.154552937E-1,-1.219872475E0,4.978642941E0,5.130438126E0
2.302999824E1,7.939481735E-1,-1.290972710E0,5.858027458E0,6.050904886E0
2.303502355E1,1.662828684E0,-1.240563393E0,6.675134659E0,6.990094383E0
2.304008641E1,2.067508936E0,-1.116370201E0,6.553354740E0,6.961848460E0
2.304511360E1,2.340136051E0,-1.181390762E0,6.751951694E0,7.242980916E0
2.305013600E1,2.055200100E0,-1.005263329E0,6.528189182E0,6.917489126E0
2.305516272E1,1.743292570E0,-9.235172272E-1,6.147493839E0,6.456286360E0
2.306018943E1,1.245568037E0,-8.599567413E-1,5.501280308E0,5.705703318E0
2.306521443E1,6.090677977E-1,-8.244562149E-1,4.814334869E0,4.922246628E0
2.307024105E1,1.002774239E-1,-4.873228073E-1,4.482458591E0,4.509986043E0
2.307526568E1,-2.915489674E-2,-3.418416977E-1,4.193211555E0,4.207223420E0
2.308029209E1,3.250169754E-2,-3.066225052E-1,3.595452547E0,3.608649711E0
2.308531626E1,2.557359934E-1,-3.001918793E-1,2.979049683E0,3.005037949E0
2.309034240E1,4.395911694E-1,-3.128461838E-1,2.276069164E0,2.339145992E0
2.309536761E1,6.655106544E-1,-3.731822968E-1,1.662974119E0,1.829659088E0
2.310039365E1,7.327468991E-1,-2.610788345E-1,1.258949280E0,1.479876165E0
2.310541969E1,7.133968472E-1,-5.325603485E-2,1.064169407E0,1.282274461E0
2.311044537E1,4.736120701E-1,1.688280106E-1,8.111038208E-1,9.543063964E-1
2.311547141E1,1.276401281E-1,3.571825027E-1,6.149036884E-1,7.224803725E-1
2.312049745E1,-1.529109478E-1,4.591512680E-1,4.180543423E-1,6.395084659E-1
2.312552886E1,-4.741916656E-1,4.317436218E-1,3.108023405E-1,7.126418354E-1
2.313055527E1,-8.365900517E-1,4.807891846E-1,2.638335824E-1,1.000324604E0
2.313558167E1,-1.278762817E0,5.248622894E-1,1.720294952E-1,1.392949717E0
2.314060808E1,-1.634129882E0,5.303516388E-1,6.003707647E-2,1.719086322E0
2.314563548E1,-1.807687044E0,4.637241364E-1,-8.981227875E-3,1.866240388E0
2.315066193E1,-1.799775124E0,3.824386597E-1,-2.590556145E-1,1.858106465E0
2.315567881E1,-1.681681871E0,1.862182617E-1,-2.783293724E-1,1.714700673E0
2.316070428E1,-1.472186208E0,1.871109009E-2,-4.870552421E-1,1.550775659E0
2.316572975E1,-1.241768479E0,-1.678276062E-1,-6.784001589E-1,1.424914677E0
2.317075990E1,-1.027462125E0,-3.445510864E-1,-9.046485424E-1,1.411659610E0
2.317578568E1,-9.857435226E-1,-4.634599686E-1,-1.080014229E0,1.533921826E0
2.318081235E1,-1.020328283E0,-6.106414795E-1,-1.353152752E0,1.801381468E0
2.318583818E1,-1.130737424E0,-6.473274231E-1,-1.427690387E0,1.932847577E0
2.319086662E1,-1.259644032E0,-7.649879456E-1,-1.586066246E0,2.165067154E0
2.319589272E1,-1.488382578E0,-7.961463928E-1,-1.823537111E0,2.484837897E0
2.320091980E1,-1.745376825E0,-7.600488663E-1,-1.953732491E0,2.727835256E0
2.320594600E1,-1.997413278E0,-7.333021164E-1,-2.139567852E0,3.017472848E0
2.321097068E1,-2.187213421E0,-6.919765472E-1,-2.266332388E0,3.224747522E0
2.321599672E1,-2.353249073E0,-6.408052444E-1,-2.411158085E0,3.429591211E0
2.322102277E1,-2.462121964E0,-5.462846756E-1,-2.564742088E0,3.596995064E0
2.322604881E1,-2.580871105E0,-4.370784760E-1,-2.952401400E0,3.945707450E0
2.323104027E1,-2.737793446E0,-3.608160019E-1,-3.551383018E0,4.498668968E0
2.323606459E1,-2.876521826E0,-1.976041794E-1,-3.741950512E0,4.723941031E0
2.324108891E1,-3.164217949E0,-8.605003357E-2,-4.171350956E0,5.236396531E0
2.324611272E1,-3.433581591E0,1.032810211E-1,-4.462950706E0,5.631880549E0
2.325113699E1,-3.651667595E0,2.844285965E-1,-4.488877296E0,5.793582245E0
2.325617048E1,-3.670373917E0,4.384098053E-1,-4.197092056E0,5.592801585E0
2.326119568E1,-3.383837223E0,4.743118286E-1,-3.749310017E0,5.072736112E0
2.326621865E1,-3.240671635E0,5.546636581E-1,-3.095997810E0,4.516060989E0
2.327124360E1,-3.043077707E0,5.594797134E-1,-2.507632017E0,3.982657130E0
2.327626855E1,-3.081557512E0,5.171680450E-1,-1.972643375E0,3.695237661E0
2.328130089E1,-2.972831964E0,3.461580276E-1,-1.580400586E0,3.384556290E0
2.328632636E1,-3.027236700E0,1.802282333E-1,-1.363299727E0,3.324940661E0
2.329134818E1,-2.881215811E0,-7.160663605E-2,-1.345020056E0,3.180504836E0
2.329637329E1,-2.874686480E0,-3.279275894E-1,-1.353740573E0,3.194365727E0
2.330139839E1,-2.658770800E0,-6.890659332E-1,-1.361548305E0,3.065564844E0
2.330642350E1,-2.478317022E0,-9.921512604E-1,-1.345327258E0,2.989368632E0
2.331149048E1,-2.190736294E0,-1.222758293E0,-1.085721254E0,2.733725296E0
2.331651766E1,-1.704346538E0,-1.453069210E0,-7.156822681E-1,2.351256761E0
2.332153829E1,-1.052756429E0,-1.668929577E0,-2.729600668E-1,1.992016373E0
2.332656480E1,-6.034842730E-1,-1.784676075E0,1.718566418E-1,1.891770775E0
2.333158808E1,-2.353413105E-1,-1.791367054E0,6.440184116E-1,1.918108748E0
2.333661428E1,-4.808306694E-3,-1.742174625E0,1.087247372E0,2.053607166E0
2.334164048E1,1.239448786E-2,-1.561111927E0,1.469432831E0,2.143934914E0
2.334666667E1,-1.260409951E-1,-1.291589737E0,1.786355972E0,2.207976005E0
2.335166438E1,-4.587220550E-1,-1.010355949E0,2.038575411E0,2.320998659E0
2.335668917E1,-9.627183676E-1,-5.545940399E-1,2.096436262E0,2.372645402E0
2.336171396E1,-1.515519738E0,-8.191299438E-2,2.150462389E0,2.632109098E0
2.336675105E1,-2.114056587E0,3.985223770E-1,2.175710440E0,3.059701171E0
2.337177662E1,-2.554314375E0,8.296470642E-1,2.181102991E0,3.459775489E0
2.337680219E1,-2.842730999E0,1.178430557E0,2.084328413E0,3.716751679E0
2.338181959E1,-3.004763365E0,1.469305992E0,1.869928360E0,3.831983174E0
2.338684464E1,-3.132082701E0,1.650017738E0,1.551442146E0,3.865161486E0
2.339186969E1,-3.172195435E0,1.859477997E0,1.248224020E0,3.883110287E0
2.339689485E1,-3.096515179E0,2.126421928E0,9.551560879E-1,3.875874046E0
2.340191990E1,-2.933371544E0,2.627702713E0,6.482458115E-1,3.991204429E0
2.340695006E1,-2.767758369E0,3.200365067E0,2.555718422E-1,4.238884277E0
2.341197563E1,-2.760905743E0,3.916020393E0,-1.275441647E-1,4.793128806E0
2.341700120E1,-2.768515825E0,4.487609863E0,-5.830127001E-1,5.305018941E0
2.342202678E1,-2.646389246E0,4.905754089E0,-9.963623285E-1,5.662379104E0
2.342705303E1,-2.159020901E0,4.998370171E0,-1.554341435E0,5.662248044E0
2.343207860E1,-1.448386908E0,4.799104691E0,-2.280558586E0,5.507284079E0
2.343710417E1,-9.812410474E-1,4.260404587E0,-3.362050533E0,5.515184949E0
2.344212975E1,-1.095534801E0,3.540631294E0,-4.450562954E0,5.791698980E0
2.344718235E1,-1.303557158E0,2.616685867E0,-6.462048054E0,7.092557454E0
2.345220928E1,-1.311172724E0,1.700255394E0,-6.869202614E0,7.196942883E0
2.345723620E1,-1.224916697E0,1.002175331E0,-6.832788944E0,7.013685270E0
2.346226485E1,-1.250691533E0,6.847105026E-1,-5.898314476E0,6.068209904E0
2.346729188E1,-1.259350300E0,6.130056381E-1,-4.680957317E0,4.886010693E0
2.347231891E1,-1.308288097E0,6.330738068E-1,-3.722703934E0,3.996363943E0
2.347731022E1,-1.417025089E0,6.724853516E-1,-2.503489971E0,2.954261107E0
2.348233490E1,-1.567298651E0,7.021961212E-1,-1.523764610E0,2.295944912E0
2.348736980E1,-1.971787333E0,5.257310867E-1,7.450213432E-1,2.172416918E0
2.349239548E1,-2.284615278E0,1.421661377E-1,7.023877144E0,7.387457500E0
2.349741865E1,-1.992346287E0,-6.530675888E-1,1.265318203E1,1.282571466E1
2.350244407E1,-1.817493200E0,-1.678258419E0,1.081152821E1,1.109094112E1
2.350746949E1,-2.088878632E0,-2.508194447E0,2.850248575E0,4.333401696E0
2.351249428E1,-2.487269878E0,-2.965482712E0,-6.313243866E0,7.405244579E0
2.351751964E1,-2.756377459E0,-2.757410049E0,-1.321173382E1,1.377500771E1
2.352254709E1,-2.490511656E0,-2.397605419E0,-1.429303074E1,1.470516534E1
2.352757266E1,-1.449163318E0,-2.033618450E0,-1.345329762E1,1.368308792E1
2.353259824E1,-2.136688828E-1,-1.766268253E0,-1.183192253E1,1.196493831E1
2.353762381E1,6.650713682E-1,-1.409423828E0,-9.847777367E0,9.970331715E0
2.354269105E1,1.355026841E0,-1.116690636E0,-7.831841946E0,8.026259651E0
2.354771876E1,1.881718397E0,-5.724687576E-1,-6.139734745E0,6.447086733E0
2.355274647E1,2.498898745E0,1.462030411E-1,-4.560987473E0,5.202737452E0
2.355776277E1,3.167194843E0,9.865665436E-1,-3.059049129E0,4.512451473E0
2.356278969E1,3.403879404E0,1.762209892E0,-1.588487148E0,4.149104737E0
2.356781662E1,3.313660622E0,2.588339806E0,-3.582600355E-1,4.219976294E0
2.357280745E1,2.582936287E0,3.364685059E0,5.224343538E-1,4.273827683E0
2.357783199E1,1.896246433E0,4.039045334E0,1.739273787E0,4.789019842E0
2.358285594E1,1.387872815E0,4.592354774E0,2.396902800E0,5.362933559E0
2.358788042E1,1.117020726E0,5.019883156E0,3.905042171E0,6.457268506E0
2.359290490E1,4.640542269E-1,5.460165024E0,4.959567070E0,7.390944049E0
2.359792938E1,-4.293640852E-1,5.931772232E0,4.884327412E0,7.695903429E0
2.360296516E1,-8.722896576E-1,6.151615143E0,4.285629272E0,7.547839186E0
2.360799016E1,-8.198328018E-1,6.267194748E0,3.907073021E0,7.430684721E0
2.361301516E1,-1.096370220E-1,6.077136040E0,4.057766438E0,7.308151010E0
2.361807626E1,7.338477373E-1,5.749106407E0,4.114815712E0,7.107915681E0
2.362310370E1,1.753709197E0,5.225329399E0,3.531158209E0,6.545887379E0
2.362812678E1,2.349851131E0,4.573203087E0,2.790299416E0,5.849936550E0
2.363315376E1,2.806660652E0,3.812062263E0,2.130127430E0,5.191012000E0
2.363818074E1,2.708811283E0,3.056650162E0,1.306290388E0,4.288025578E0
2.364320772E1,2.395892620E0,2.306496620E0,-7.253122330E-2,3.326482960E0
2.364822829E1,2.358810902E0,1.512942314E0,-1.573353410E0,3.213786593E0
2.365325495E1,2.442900658E0,7.327890396E-1,-3.089159012E0,4.005951423E0
2.365828329E1,2.723683596E0,-1.445131302E-1,-3.825160265E0,4.697998236E0
2.366331011E1,3.062025309E0,-8.417358398E-1,-4.010456085E0,5.115493742E0
2.366833693E1,3.511074543E0,-1.526435375E0,-3.376557112E0,5.104780831E0
2.367336376E1,3.841977358E0,-2.054986477E0,-2.229642391E0,4.894391140E0
2.367838594E1,4.166253567E0,-2.503701210E0,-1.277711987E0,5.025807045E0
2.368341251E1,4.433003902E0,-2.939084053E0,-6.162761450E-1,5.354393986E0
2.368843907E1,4.566746712E0,-3.279534340E0,-5.366730690E-2,5.622579586E0
2.369343449E1,4.477191448E0,-3.472425461E0,3.389455676E-1,5.676078395E0
2.369845902E1,4.318328857E0,-3.532034874E0,7.056511641E-1,5.623271115E0
2.370348355E1,4.104261398E0,-3.453875542E0,1.047117710E0,5.465406973E0
2.370854230E1,3.830101013E0,-3.295591354E0,1.325519562E0,5.223753273E0
2.371356912E1,3.557255507E0,-3.071969032E0,1.455675364E0,4.920371047E0
2.371859594E1,3.204296589E0,-2.787956238E0,1.504827499E0,4.506076166E0
2.372361719E1,2.828252316E0,-2.405594826E0,1.367529988E0,3.956770892E0
2.372864365E1,2.596067190E0,-2.001760006E0,1.186910868E0,3.486454558E0
2.373367053E1,2.473898172E0,-1.653098583E0,1.034335732E0,3.150040873E0
2.373869699E1,2.413781881E0,-1.445637226E0,8.758579493E-1,2.946750262E0
2.374372344E1,2.310989380E0,-1.235488415E0,8.499927521E-1,2.754921272E0
2.374874990E1,2.323656082E0,-1.132519245E0,7.751231194E-1,2.698665092E0
2.375374339E1,2.370952845E0,-1.150657177E0,7.524421215E-1,2.740729552E0
2.375876824E1,2.472546339E0,-1.227319241E0,7.342823148E-1,2.856390806E0
2.376379193E1,2.495185375E0,-1.405152798E0,6.449593306E-1,2.935366584E0
2.376881667E1,2.573670149E0,-1.635875225E0,5.661450624E-1,3.101674712E0
2.377384141E1,2.536434889E0,-1.828282833E0,5.171880722E-1,3.169164490E0
2.377887209E1,2.431717396E0,-2.030139446E0,5.747981071E-1,3.219488861E0
2.378389719E1,2.370037556E0,-2.284308434E0,6.003106236E-1,3.345970095E0
2.378892469E1,2.279629707E0,-2.475944519E0,6.418437958E-1,3.426218954E0
2.379395006E1,2.284847736E0,-2.696011543E0,6.277889609E-1,3.589307231E0
2.379897579E1,2.553183556E0,-2.939608574E0,5.003826618E-1,3.925611754E0
2.380400115E1,2.706640720E0,-3.125354767E0,3.788366020E-1,4.151778363E0
2.380902652E1,2.831681490E0,-3.253235817E0,9.054028243E-2,4.313949569E0
2.381405188E1,2.957034588E0,-3.337669373E0,-2.167567462E-1,4.464423130E0
2.381907725E1,2.919861794E0,-3.354884148E0,-6.153187156E-1,4.489928469E0
2.382410261E1,2.944905281E0,-3.266781807E0,-9.336944222E-1,4.496233508E0
2.382912798E1,3.007702112E0,-3.183644295E0,-1.282884240E0,4.563732569E0
2.383417605E1,3.112812519E0,-2.957244873E0,-1.639877558E0,4.596095889E0
2.383920209E1,3.169761419E0,-2.649751663E0,-2.033261299E0,4.604641446E0
2.384425787E1,3.125912189E0,-2.194305897E0,-2.482728958E0,4.555244062E0
2.384928688E1,2.857203960E0,-1.519272327E0,-3.016692638E0,4.424052142E0
2.385429464E1,2.420485020E0,-7.638711929E-1,-3.443863869E0,4.278135724E0
2.385932152E1,1.805195808E0,7.143974304E-2,-3.645344257E0,4.068460433E0
2.386434751E1,1.059251785E0,8.335371017E-1,-3.649855137E0,3.890789247E0
2.386937428E1,7.339477539E-2,1.714056015E0,-3.538304806E0,3.932299037E0
2.387440105E1,-9.165737629E-1,2.713273048E0,-3.276592731E0,4.351783316E0
2.387942563E1,-2.344310284E0,3.788500786E0,-3.514143705E0,5.674304794E0
2.388445225E1,-3.864012718E0,4.748644829E0,-4.082596779E0,7.358520127E0
2.388947886E1,-5.212368488E0,5.283087730E0,-3.834566832E0,8.353664107E0
2.389453344E1,-6.513292313E0,5.191746712E0,-2.537097454E0,8.707127779E0
2.389956193E1,-7.364356995E0,4.738512993E0,-7.051225305E-1,8.785468520E0
2.390458438E1,-7.827423573E0,4.148638725E0,1.812141418E0,9.042323793E0
2.390961225E1,-7.930037022E0,3.121240616E0,3.797237396E0,9.329878991E0
2.391464011E1,-7.962250710E0,1.886743546E0,3.919766903E0,9.073136731E0
2.391966798E1,-7.679194927E0,6.655101776E-1,2.566153049E0,8.123920236E0
2.392467501E1,-6.727704048E0,-3.416681290E-1,1.104766607E0,6.826364195E0
2.392970183E1,-5.364592552E0,-1.169169903E0,-4.328439236E-1,5.507555299E0
2.393472865E1,-4.267052650E0,-1.836954594E0,-2.191701651E0,5.136700948E0
2.393975548E1,-3.578604698E0,-2.263856411E0,-3.929301739E0,5.776752512E0
2.394475495E1,-3.060360193E0,-2.488576889E0,-5.455074787E0,6.731765027E0
2.394978032E1,-2.530879498E0,-2.573666573E0,-6.405763626E0,7.352749030E0
2.395479480E1,-2.029693365E0,-2.471858978E0,-6.954426765E0,7.654658294E0
2.395981907E1,-1.671883106E0,-2.006472111E0,-6.800851822E0,7.285101849E0
2.396484334E1,-1.296270132E0,-9.824051857E-1,-6.324180126E0,6.529983957E0
2.396985902E1,-1.009747028E0,1.086986542E0,-6.139005661E0,6.315735849E0
2.397488272E1,-7.850964069E-1,4.520509720E0,-5.460443020E0,7.132168146E0
2.397990641E1,4.532094002E-1,7.245490074E0,-3.999292135E0,8.288357060E0
2.398493011E1,1.515118122E0,8.139353752E0,-2.622665405E0,8.684643703E0
2.398998626E1,2.182827711E0,9.629520416E0,-1.474433422E0,9.983303771E0
2.399501157E1,2.576550007E0,1.128487682E1,-6.257784367E-1,1.159218071E1
2.400003688E1,2.702139378E0,1.180002403E1,-1.880403161E-1,1.210691883E1
2.400507511E1,2.518505812E0,1.073243332E1,-1.013280153E-1,1.102443939E1
2.401010131E1,2.504987478E0,8.782610893E0,-3.892294168E-1,9.141155064E0
2.401513542E1,3.024955511E0,5.860729218E0,-9.819259644E-1,6.668034298E0
2.402016240E1,3.651636600E0,2.814252853E0,-1.179158449E0,4.758664060E0
2.402518938E1,4.154589176E0,7.094917297E-1,-6.549838185E-1,4.265324553E0
2.403021636E1,4.504060268E0,-6.465721130E-1,2.570458055E-1,4.557486911E0
2.403523542E1,4.698930264E0,-1.580624104E0,9.600391388E-1,5.049751808E0
2.404026199E1,4.585406303E0,-2.050475597E0,1.435332060E0,5.224038597E0
2.404528855E1,4.363640785E0,-2.281804085E0,1.753259659E0,5.227036466E0
2.405031511E1,4.070630074E0,-2.308853149E0,1.787256360E0,5.009502706E0
2.405530245E1,3.963248253E0,-2.433695793E0,1.538487792E0,4.898689275E0
2.406032704E1,3.681673527E0,-2.307493210E0,1.372880936E0,4.556758380E0
2.406535490E1,3.597765684E0,-2.079452991E0,1.176862001E0,4.318917322E0
2.407037980E1,3.873080015E0,-1.568402767E0,1.158690572E0,4.336265661E0
2.407540469E1,4.426342010E0,-1.099769115E0,1.164666057E0,4.707275510E0
2.408045438E1,5.192003250E0,-7.253828049E-1,1.181378961E0,5.373893766E0
2.408548089E1,5.612690926E0,-2.432270050E-1,1.429730058E0,5.797032589E0
2.409050740E1,5.723278046E0,4.569892883E-1,1.766404986E0,6.007073944E0
2.409553391E1,5.644158363E0,1.317831993E0,1.623113394E0,6.018945247E0
2.410061844E1,5.681477070E0,2.162136078E0,1.572120070E0,6.278978868E0
2.410564787E1,5.559280872E0,2.708442688E0,1.615608215E0,6.391514337E0
2.411067730E1,5.085932732E0,3.071720123E0,1.576742291E0,6.147218275E0
2.411570673E1,4.667620182E0,3.165863991E0,1.340924501E0,5.797193415E0
2.412067110E1,4.404662609E0,3.058198929E0,1.406354427E0,5.543596862E0
2.412569709E1,4.104503632E0,2.786891937E0,1.735450029E0,5.255996912E0
2.413072308E1,3.782524347E0,2.395615578E0,2.568227768E0,5.161613924E0
2.413576782E1,3.586696148E0,1.793588638E0,3.379117250E0,5.244023537E0
2.414079506E1,3.469705582E0,1.134401321E0,3.734076023E0,5.221977301E0
2.414582881E1,3.164032936E0,5.426492691E-1,4.193636417E0,5.281302780E0
2.415085672E1,2.808784008E0,9.965991974E-2,4.767049313E0,5.533891836E0
2.415588464E1,2.365305901E0,-2.522354126E-1,5.210192680E0,5.727512765E0
2.416091110E1,2.211148739E0,-6.757965088E-1,5.436610699E0,5.907843562E0
2.416593891E1,2.245453596E0,-9.556579590E-1,5.411677361E0,5.936463243E0
2.417096673E1,2.411218166E0,-1.086942673E0,5.167418480E0,5.804966078E0
2.417599454E1,2.470005274E0,-1.107787132E0,4.731191635E0,5.450898336E0
2.418102235E1,2.537560701E0,-1.051546097E0,4.183038235E0,5.004275410E0
2.418609152E1,2.618873596E0,-8.417358398E-1,3.603239536E0,4.533249750E0
2.419112089E1,2.471991539E0,-5.115261078E-1,2.928013325E0,3.865962126E0
2.419615027E1,1.901036024E0,-3.245162964E-2,1.010903478E0,2.153350161E0
2.420117964E1,1.819977760E0,2.222309113E-1,5.903895497E-1,1.926204934E0
2.420620902E1,1.788676500E0,4.825353622E-1,1.168086380E-1,1.856299614E0
2.421114162E1,2.062514544E0,5.864582062E-1,1.473109573E-1,2.149325473E0
2.421616693E1,2.275985956E0,6.105623245E-1,4.576808810E-1,2.400493744E0
2.422119225E1,2.460106850E0,5.985889435E-1,1.007128358E0,2.724837970E0
2.422621756E1,2.501035929E0,5.458765030E-1,1.515511274E0,2.974884249E0
2.423124287E1,2.265733719E0,4.475536346E-1,1.849429846E0,2.958757221E0
2.423629886E1,1.701768517E0,5.519962311E-1,1.691519618E0,2.462103683E0
2.424132542E1,5.461038351E-1,6.959066391E-1,2.020164967E0,2.205353020E0
2.424631209E1,-4.609831572E-1,8.355388641E-1,1.783984184E0,2.023173308E0
2.425133459E1,-8.727362156E-1,7.263698578E-1,1.580641270E0,1.946203611E0
2.425634287E1,-8.247145414E-1,5.167379379E-1,1.351587772E0,1.665521443E0
2.426136396E1,-7.386929989E-1,2.450771332E-1,6.446726918E-1,1.010610225E0
2.426639313E1,-4.376891851E-1,2.651500702E-2,5.518755317E-1,7.048698255E-1
2.427141501E1,7.858765125E-2,-2.487812042E-1,4.585710168E-1,5.275940522E-1
2.427643688E1,6.197285056E-1,-4.514064789E-1,5.510466695E-1,9.441841249E-1
2.428145876E1,8.425505161E-1,-5.191602707E-1,8.440760374E-1,1.300724074E0
2.428648063E1,8.101147413E-1,-4.236011505E-1,1.252703905E0,1.550803309E0
2.429160672E1,5.266870856E-1,-2.799720764E-1,1.705966115E0,1.807236574E0
2.429663282E1,2.460247278E-1,-1.938772202E-1,1.948276639E0,1.973296330E0
2.430165891E1,-7.157027721E-2,-5.076789856E-2,2.114088535E0,2.115908793E0
2.430664407E1,-2.450470924E-1,7.953643799E-4,2.132490396E0,2.146523702E0
2.431166740E1,-3.427336216E-1,8.572578430E-3,2.094290972E0,2.122167406E0
2.431673443E1,-3.412865400E-1,4.428005219E-2,1.956432939E0,1.986471009E0
2.432176209E1,-4.799273014E-1,5.530643463E-2,1.776158810E0,1.840687136E0
2.432678975E1,-5.291085243E-1,8.475017548E-2,1.600961447E0,1.688258267E0
2.433173652E1,-6.513040066E-1,1.422767639E-1,1.301046729E0,1.461903614E0
2.433675876E1,-7.611972094E-1,1.895303726E-1,9.576193094E-1,1.237892441E0
2.434178100E1,-9.395266771E-1,2.028207779E-1,5.363373756E-1,1.100683617E0
2.434681495E1,-1.056976914E0,2.635746002E-1,1.899533272E-1,1.105782092E0
2.435183798E1,-1.161243796E0,2.618989944E-1,-1.352642775E-1,1.198071226E0
2.435686100E1,-1.295069933E0,2.793226242E-1,-4.880095422E-1,1.411871302E0
2.436187902E1,-1.463013649E0,3.016242981E-1,-8.837251663E-1,1.735614106E0
2.436690167E1,-1.597999215E0,3.336801529E-1,-1.155840278E0,2.000227658E0
2.437192433E1,-1.685660839E0,2.607984543E-1,-1.491962194E0,2.266146396E0
2.437699876E1,-1.740516543E0,1.979064941E-1,-1.801525950E0,2.512779451E0
2.438202501E1,-1.775749683E0,8.300209045E-2,-1.984854698E0,2.664549579E0
2.438701542E1,-1.791270256E0,-5.037403107E-2,-2.123487711E0,2.778558391E0
2.439203813E1,-1.811259866E0,-1.831216812E-1,-2.064268351E0,2.752344396E0
2.439706084E1,-1.792028904E0,-2.482576370E-1,-1.989022255E0,2.688718836E0
2.440208355E1,-1.828900099E0,-3.032875061E-1,-1.863736629E0,2.628758853E0
2.440710626E1,-1.864296198E0,-2.908611298E-1,-1.539989233E0,2.435521987E0
2.441215172E1,-1.931527853E0,-2.876482010E-1,-1.266002774E0,2.327295503E0
2.441717537E1,-1.877339125E0,-2.649812698E-1,-8.882418275E-1,2.093702655E0
2.442219647E1,-1.883685589E0,-1.464328766E-1,-5.450328588E-1,1.966411656E0
2.442721985E1,-1.960070848E0,-6.131076813E-2,-2.023062706E-1,1.971437183E0
2.443225370E1,-2.312430620E0,1.194763184E-1,1.164091825E-1,2.318439359E0
2.443727813E1,-2.572782278E0,2.427291870E-1,2.819646001E-1,2.599544219E0
2.444230256E1,-2.536448956E0,2.510833740E-1,4.235608578E-1,2.583799521E0
2.444737068E1,-2.467293739E0,2.211980820E-1,5.744679570E-1,2.542927530E0
2.445239787E1,-2.331493855E0,9.096622467E-2,8.112824559E-1,2.470286961E0
2.445742506E1,-2.009417534E0,-1.059942245E-1,1.071690798E0,2.279805862E0
2.446245225E1,-1.615430355E0,-3.552713394E-1,1.346639633E0,2.132902074E0
2.446751225E1,-1.120502949E0,-6.377353668E-1,1.569976091E0,2.031516228E0
2.447254115E1,-6.382737160E-1,-9.390735626E-1,1.886537671E0,2.201880305E0
2.447757006E1,-2.777555585E-1,-1.168486595E0,2.153900146E0,2.466129541E0
2.448259896E1,-1.196588576E-1,-1.345288277E0,2.401806116E0,2.755502025E0
2.448762787E1,-1.013162434E-1,-1.455280304E0,2.626341820E0,3.004293111E0
2.449275594E1,-2.374138832E-1,-1.455615997E0,2.838088751E0,3.198426338E0
2.449778881E1,-3.272539973E-1,-1.360722542E0,2.926585674E0,3.244004427E0
2.450282167E1,-4.864785671E-1,-1.218575478E0,2.945019245E0,3.224085288E0
2.450783933E1,-6.343709230E-1,-1.038719177E0,2.902484894E0,3.147345319E0
2.451287115E1,-8.142954707E-1,-7.924194336E-1,2.736506462E0,2.963017599E0
2.451790298E1,-9.600053430E-1,-5.753021240E-1,2.556428909E0,2.790682992E0
2.452293480E1,-1.100639939E0,-3.632831573E-1,2.270313025E0,2.549059465E0
2.452796662E1,-1.250791550E0,-1.753606796E-1,1.944139242E0,2.318384839E0
2.453303022E1,-1.315069318E0,2.923965454E-3,1.692002535E0,2.142962538E0
2.453806334E1,-1.413220882E0,1.286315918E-1,1.393163919E0,1.988628939E0
2.454309646E1,-1.401771426E0,2.448997498E-1,1.143070936E0,1.825253457E0
2.454812959E1,-1.386140585E0,2.800559998E-1,8.498050570E-1,1.649844150E0
2.455313548E1,-1.332876801E0,2.390346527E-1,5.884628296E-1,1.476477780E0
2.455816719E1,-1.184646845E0,7.410526276E-2,3.390766978E-1,1.234444306E0
2.456319891E1,-1.032145500E0,-2.336988449E-1,1.480816901E-1,1.068582084E0
2.456823063E1,-8.463586569E-1,-6.698732376E-1,-7.165837288E-2,1.081752307E0
2.457326235E1,-5.503889322E-1,-1.066903114E0,-1.154773310E-1,1.206045292E0
2.457803928E1,-1.866824031E-1,-1.372241974E0,-1.380760372E-1,1.391748306E0
2.458306068E1,2.502780259E-1,-1.547840118E0,-1.691564620E-1,1.577042178E0
2.458810438E1,7.188668251E-1,-1.574680328E0,-6.138446182E-2,1.732095754E0
2.459312798E1,1.210882425E0,-1.481620789E0,2.005511820E-1,1.923969123E0
2.459816969E1,1.742364645E0,-1.225709915E0,4.555622935E-1,2.178471105E0
2.460319516E1,2.051465034E0,-7.496957779E-1,7.769437432E-1,2.318230818E0
2.460816074E1,1.999961853E0,-1.972684860E-1,9.839205742E-1,2.237601834E0
2.461318022E1,1.808802128E0,2.928915024E-1,1.111240864E0,2.142990160E0
2.461819969E1,1.462523222E0,6.922054291E-1,1.192350268E0,2.009930768E0
2.462327376E1,1.185080647E0,9.912719727E-1,1.097599745E0,1.895194308E0
2.462829688E1,8.253708482E-1,1.390991211E0,9.593333602E-1,1.880535584E0
2.463336824E1,5.169543624E-1,1.829087257E0,8.098225594E-1,2.066062580E0
2.463839631E1,2.861471772E-1,2.305352211E0,6.230353713E-1,2.405140765E0
2.464337214E1,2.515080571E-1,2.762257576E0,6.509803534E-1,2.849052235E0
2.464839527E1,2.604675293E-1,3.147262573E0,8.349546194E-1,3.266535513E0
2.465338548E1,2.497538328E-1,3.484263420E0,1.418305039E0,3.770153544E0
2.465840506E1,1.526338458E-1,3.749437332E0,2.019201517E0,4.261308739E0
2.466344553E1,1.119943857E-1,3.780210495E0,2.467020273E0,4.515387376E0
2.466846725E1,6.460928917E-2,3.686752319E0,2.682253838E0,4.559693265E0
2.467352313E1,1.013712883E-1,3.454851151E0,2.709094763E0,4.391522178E0
2.467854834E1,1.637668610E-1,3.098861694E0,2.562819242E0,4.024649780E0
2.468357355E1,6.110221148E-1,2.633320808E0,2.224943638E0,3.501157051E0
2.468858657E1,1.008157730E0,2.130167007E0,1.776779771E0,2.951430135E0
2.469361094E1,1.279918313E0,1.651778221E0,1.275302529E0,2.448052026E0
2.469862928E1,1.287944674E0,1.284244537E0,8.298156261E-1,1.999169700E0
2.470365308E1,1.219040394E0,8.791875839E-1,3.007459641E-1,1.532800843E0
2.470867969E1,1.230506897E0,5.370216370E-1,-2.507388890E-1,1.365799931E0
2.471370376E1,1.350440145E0,2.289285660E-1,-1.002339482E0,1.697286455E0
2.471872782E1,1.502228618E0,-8.334159851E-2,-1.720091224E0,2.285246258E0
2.472375188E1,1.728703856E0,-3.088922501E-1,-2.787106276E0,3.294205949E0
2.472883881E1,1.910627604E0,-4.667816162E-1,-3.549115181E0,4.057659607E0
2.473386605E1,2.286088467E0,-6.146297455E-1,-4.885582447E0,5.428893630E0
2.473889329E1,2.491883278E0,-6.517820358E-1,-6.491096973E0,6.983454876E0
2.474392053E1,2.685652256E0,-6.643199921E-1,-7.429718971E0,7.928100219E0
2.474896386E1,2.938361406E0,-6.617908478E-1,-7.688240528E0,8.257177320E0
2.475399188E1,3.053300619E0,-4.722557068E-1,-6.598495483E0,7.286001151E0
2.475901990E1,2.834629297E0,-1.347417831E-1,-5.301659584E0,6.013391135E0
2.476400178E1,2.799150229E0,3.390216827E-2,-3.386078119E0,4.393394632E0
2.476902652E1,2.670999527E0,-7.696342468E-2,-1.933343410E0,3.298178071E0
2.477404995E1,2.709764242E0,-3.099536896E-1,-1.151272655E0,2.960459806E0
2.477907454E1,2.758062840E0,-4.065189362E-1,-9.409499168E-1,2.942372345E0
2.478409912E1,2.504601479E0,-3.614358902E-1,-8.210231066E-1,2.660402866E0
2.478913204E1,2.201724529E0,-3.131628036E-1,-7.165071368E-1,2.336459784E0
2.479415719E1,1.853068590E0,-1.275691986E-1,-5.978468657E-1,1.951296486E0
2.479918235E1,1.476853132E0,9.491062164E-2,-5.016237497E-1,1.562603464E0
2.480423360E1,1.325895190E0,2.682399750E-1,-3.149429560E-1,1.388934774E0
2.480926053E1,1.212979913E0,3.543376923E-1,-1.355014741E-1,1.270919399E0
2.481430120E1,1.281566978E0,3.103551865E-1,6.982058287E-2,1.320457941E0
2.481932943E1,1.374165297E0,2.370882034E-1,1.856352687E-1,1.406769893E0
2.482435766E1,1.481946707E0,1.204347610E-1,1.977272928E-1,1.499922217E0
2.482938589E1,1.533979535E0,-6.322956085E-2,1.538424492E-1,1.542970736E0
2.483441412E1,1.530962467E0,-1.892871857E-1,8.232191205E-2,1.544814750E0
2.483944235E1,1.334669352E0,-2.146339417E-1,9.257449210E-2,1.354983411E0
2.484458443E1,1.212752461E0,-1.968717575E-1,1.812052131E-1,1.241918818E0
2.484961652E1,9.507942796E-1,-1.788291931E-1,2.446159273E-1,9.979111154E-1
2.485464860E1,7.203117609E-1,-1.367759705E-1,2.796916068E-1,7.847191178E-1
2.485968068E1,5.643608570E-1,-5.635356903E-2,2.721835375E-1,6.290967968E-1
2.486471277E1,2.962777615E-1,4.806041718E-2,2.457261086E-1,3.879067363E-1
2.486958162E1,2.713084221E-2,1.431074142E-1,2.502894104E-1,2.895869533E-1
2.487460730E1,-2.598111629E-1,2.619199753E-1,1.944711655E-1,4.170407031E-1
2.487964042E1,-5.826430321E-1,3.807430267E-1,9.525205195E-2,7.025034581E-1
2.488466688E1,-7.980048656E-1,3.991165161E-1,-4.498031437E-1,9.992140047E-1
2.488965261E1,-8.961994648E-1,3.506145477E-1,-8.298724294E-1,1.270744778E0
2.489467501E1,-1.068735361E0,2.782964706E-1,-1.041002154E0,1.517672456E0
2.489970162E1,-1.376356721E0,3.257312775E-1,-9.656968713E-1,1.712608868E0
2.490472443E1,-1.665088654E0,2.727041245E-1,-9.407745600E-1,1.931824147E0
2.490975298E1,-2.034997940E0,3.152818680E-1,-8.670702577E-1,2.234374656E0
2.491477636E1,-2.256203175E0,2.714920044E-1,-4.583208561E-1,2.318236114E0
2.491979975E1,-2.453103542E0,1.605339050E-1,1.229145527E-1,2.461421563E0
2.492482313E1,-2.553729057E0,-3.184986115E-2,6.138578057E-1,2.626664790E0
2.492991485E1,-2.472234249E0,-2.673139572E-1,1.144270658E0,2.737289585E0
2.493494167E1,-2.230230808E0,-6.315727234E-1,1.642797709E0,2.841055768E0
2.493996850E1,-2.162425995E0,-8.183097839E-1,2.077145815E0,3.108094565E0
2.494499532E1,-2.095398426E0,-9.997062683E-1,2.448995829E0,3.374564825E0
2.494995912E1,-1.846362233E0,-1.175587654E0,2.645068884E0,3.433285486E0
2.495498277E1,-1.692930460E0,-1.365081787E0,2.833649397E0,3.571978546E0
2.496000641E1,-1.519271135E0,-1.534551620E0,2.972926855E0,3.674415266E0
2.496502433E1,-1.473107576E0,-1.636132717E0,3.030229568E0,3.745566371E0
2.497004756E1,-1.606811285E0,-1.641195774E0,3.106805086E0,3.863625748E0
2.497505735E1,-1.647984982E0,-1.669449329E0,3.131512165E0,3.912708014E0
2.498007922E1,-1.750366211E0,-1.596568584E0,3.123981476E0,3.920723578E0
2.498511173E1,-1.713441968E0,-1.537474632E0,3.075168848E0,3.841402747E0
2.499013469E1,-1.599764585E0,-1.492163658E0,2.918333054E0,3.647254711E0
2.499516730E1,-1.672559738E0,-1.408007622E0,2.730186462E0,3.497693477E0
2.500019126E1,-1.783892512E0,-1.280315399E0,2.367249250E0,3.228830908E0
2.500521751E1,-1.996518016E0,-1.133124352E0,2.068247080E0,3.089935431E0
2.501024167E1,-2.186539173E0,-8.899898529E-1,1.526766062E0,2.811414253E0
2.501526584E1,-2.264019966E0,-7.280874252E-1,9.576217532E-1,2.563774001E0
2.502029001E1,-2.297024727E0,-6.570110321E-1,3.360377252E-1,2.412655683E0
2.502532141E1,-2.324113846E0,-4.710493088E-1,-3.338400722E-1,2.394752975E0
2.503034594E1,-2.379537344E0,-3.234825134E-1,-9.807214737E-1,2.593964826E0
2.503537048E1,-2.330186367E0,-2.096099854E-1,-1.634069562E0,2.853749846E0
2.504039501E1,-2.243677378E0,-1.820745468E-1,-2.141146898E0,3.106726469E0
2.504542063E1,-1.991407275E0,-2.264738083E-1,-2.578377962E0,3.265735176E0
2.505044522E1,-1.774770498E0,-2.805671692E-1,-2.921092987E0,3.429477001E0
2.505547568E1,-1.612901926E0,-3.491201401E-1,-3.379292011E0,3.760711634E0
2.506050084E1,-1.477273464E0,-4.178047180E-1,-3.603464842E0,3.916868205E0
2.506552600E1,-1.363252044E0,-4.866437912E-1,-3.693770885E0,3.967268792E0
2.507058850E1,-1.313737988E0,-6.177949905E-1,-3.664322376E0,3.941425710E0
2.507561615E1,-1.281144857E0,-7.538242340E-1,-3.466285229E0,3.771566837E0
2.508063501E1,-1.313038468E0,-8.133897781E-1,-3.194785595E0,3.548567027E0
2.508566172E1,-1.366158485E0,-8.730888367E-1,-2.877833366E0,3.303119436E0
2.509069188E1,-1.402137876E0,-9.520444870E-1,-2.538710594E0,3.052446692E0
2.509571897E1,-1.444726229E0,-1.069344521E0,-2.310993671E0,2.927699324E0
2.510074605E1,-1.469409823E0,-1.181819916E0,-2.165862799E0,2.871728609E0
2.510577313E1,-1.562134385E0,-1.246419907E0,-1.978893399E0,2.812444756E0
2.511079688E1,-1.593386292E0,-1.287071228E0,-1.793273568E0,2.722363369E0
2.511582376E1,-1.668250442E0,-1.289438248E0,-1.700513840E0,2.708774234E0
2.512084511E1,-1.762839675E0,-1.272719383E0,-1.600579143E0,2.699865171E0
2.512587141E1,-1.824389935E0,-1.260838509E0,-1.498912573E0,2.676723983E0
2.513089772E1,-1.862656355E0,-1.172521591E0,-1.472578168E0,2.648165788E0
2.513592376E1,-1.896897554E0,-1.146583557E0,-1.421673536E0,2.633254608E0
2.514095006E1,-1.841184497E0,-1.149500847E0,-1.394387841E0,2.579850771E0
2.514597636E1,-1.824598312E0,-1.095147133E0,-1.271679759E0,2.479047328E0
2.515100266E1,-1.803938746E0,-1.127058983E0,-1.130551100E0,2.408859220E0
2.515600949E1,-1.784178376E0,-1.125611305E0,-9.235015512E-1,2.302856575E0
2.516103480E1,-1.726997733E0,-1.138667107E0,-7.272555828E-1,2.192711708E0
2.516606011E1,-1.694386005E0,-1.233125687E0,-4.939383566E-1,2.153025312E0
2.517108225E1,-1.614803314E0,-1.260670662E0,-3.048799932E-1,2.071190979E0
2.517610735E1,-1.569434643E0,-1.297879219E0,-1.314098239E-1,2.040804769E0
2.518113245E1,-1.400541425E0,-1.368674278E0,6.472679973E-2,1.959330274E0
2.518615089E1,-1.237315059E0,-1.434741020E0,2.212901413E-1,1.907458958E0
2.519117553E1,-1.136868834E0,-1.481700420E0,3.956433535E-1,1.909041787E0
2.519620016E1,-1.079974413E0,-1.562172413E0,3.918222189E-1,1.939136929E0
2.520122480E1,-1.023363471E0,-1.604361057E0,3.341478705E-1,1.932071944E0
2.520624943E1,-9.335563183E-1,-1.651368618E0,2.175241560E-1,1.909414169E0
2.521132818E1,-8.443601131E-1,-1.712810993E0,3.211885691E-2,1.909894531E0
2.521635501E1,-8.319985867E-1,-1.669076443E0,-1.746127009E-1,1.873106354E0
2.522138183E1,-7.817189693E-1,-1.639877796E0,-4.027970731E-1,1.860787257E0
2.522635589E1,-7.508677244E-1,-1.625177860E0,-5.473740697E-1,1.872064045E0
2.523137917E1,-7.300828695E-1,-1.620215893E0,-6.183644533E-1,1.881620348E0
2.523640245E1,-7.098973989E-1,-1.668015957E0,-6.060627699E-1,1.911424503E0
2.524144620E1,-6.137573719E-1,-1.754143238E0,-3.814712763E-1,1.897165503E0
2.524647089E1,-5.039161444E-1,-1.859380245E0,-1.593985111E-1,1.933037574E0
2.525149558E1,-3.611938953E-1,-1.931061268E0,1.178884655E-1,1.968084434E0
2.525652027E1,-2.044594288E-1,-1.993062496E0,2.213498354E-1,2.015712658E0
2.526154495E1,-3.841304779E-2,-2.007104397E0,2.425533831E-1,2.022072146E0
2.526658199E1,5.093073845E-2,-1.944535732E0,-3.863181174E-2,1.945586177E0
2.527160714E1,-1.279199123E-2,-1.513716221E0,-6.942803264E-1,1.665390526E0
2.527667969E1,-2.487672567E-1,-5.621147156E-1,-2.075680733E0,2.164788351E0
2.528170928E1,-5.276608467E-1,1.191802979E0,-3.774111748E0,3.992836059E0
2.528673886E1,-5.340864658E-1,3.460136414E0,-4.761237621E0,5.909921830E0
2.529176844E1,-1.894438267E-2,5.553905487E0,-4.849067211E0,7.372901591E0
2.529687959E1,1.140154600E-1,7.124674797E0,-2.716202021E0,7.625729074E0
2.530191324E1,-1.023777127E0,7.575658798E0,1.388485551E0,7.769595740E0
2.530694688E1,-2.690195322E0,7.333644867E0,3.564207792E0,8.586214247E0
2.531198053E1,-3.444969654E0,6.245752335E0,3.717397690E0,8.043400010E0
2.531701417E1,-3.602846622E0,4.695172310E0,2.047819138E0,6.262484333E0
2.532204782E1,-3.889049768E0,2.472034454E0,-9.221148491E-1,4.699570006E0
2.532689011E1,-4.217779160E0,2.229309082E-1,-3.930947781E0,5.769896852E0
2.533191725E1,-3.849523544E0,-1.458630562E0,-5.127143860E0,6.575259599E0
2.533698636E1,-2.835040569E0,-2.654472828E0,-4.549904823E0,5.982082825E0
2.534201803E1,-1.702136278E0,-3.346056938E0,-3.456153393E0,5.102779754E0
2.534704969E1,-5.178325176E-1,-3.538885117E0,-2.546706915E0,4.390623475E0
2.535204308E1,8.278947473E-1,-3.492108345E0,-2.318229437E0,4.272518944E0
2.535707219E1,2.059112549E0,-3.382971764E0,-2.675549507E0,4.779435909E0
2.536210131E1,2.800210476E0,-2.809737206E0,-3.089322090E0,5.027893480E0
2.536707766E1,3.038603783E0,-1.758547306E0,-3.099606991E0,4.683285713E0
2.537210324E1,3.038249016E0,-6.077423096E-1,-2.798195362E0,4.174949710E0
2.537712881E1,2.478020668E0,7.140808105E-1,-2.136831760E0,3.349111495E0
2.538223308E1,1.419612885E0,1.943462372E0,-1.349701166E0,2.759354992E0
2.538726365E1,2.184613943E-1,2.936354637E0,-4.646184742E-1,2.980901586E0
2.539229422E1,-7.118412256E-1,3.534738541E0,1.603501439E-1,3.609266775E0
2.539727761E1,-8.819051981E-1,3.757761955E0,5.157783628E-1,3.894169874E0
2.540230480E1,-6.856487989E-1,3.629717827E0,6.109704971E-1,3.744095448E0
2.540733199E1,-2.623343468E-1,3.256409645E0,5.924305916E-1,3.320240517E0
2.541231886E1,5.030199289E-1,2.681470871E0,3.717849255E-1,2.753459481E0
2.541734334E1,1.267196774E0,2.125555992E0,9.100645781E-2,2.476299278E0
2.542236782E1,1.501134276E0,1.603443146E0,-4.633381963E-2,2.196948079E0
2.542740344E1,1.612769723E0,1.172673225E0,-1.658575833E-1,2.000924139E0
2.543242865E1,1.492666245E0,7.662820816E-1,-3.546096087E-1,1.714931113E0
2.543747995E1,1.179500580E0,3.842706680E-1,-9.240330458E-1,1.546842795E0
2.544250777E1,6.015344858E-1,1.605176926E-1,-1.444872379E0,1.573297766E0
2.544753558E1,4.994697571E-1,-6.790447235E-2,-1.799040318E0,1.868322006E0
2.545256339E1,4.469748735E-1,-2.866420746E-1,-1.677121520E0,1.759172194E0
2.545755199E1,5.019553900E-1,-4.956235886E-1,-1.175602674E0,1.371000949E0
2.546257787E1,5.881585479E-1,-7.043895721E-1,-4.520664811E-1,1.022965909E0
2.546762683E1,1.709591150E-1,-7.406377792E-1,4.322260916E-1,8.744087907E-1
2.547265511E1,-1.177853346E-1,-8.054857254E-1,1.057556033E0,1.334580609E0
2.547769292E1,-3.599610329E-1,-7.220029831E-1,1.764219880E0,1.939930936E0
2.548272214E1,-5.936604738E-1,-5.668544769E-1,2.504878283E0,2.635938536E0
2.548775136E1,-6.133499146E-1,-3.066596985E-1,3.423559904E0,3.491561356E0
2.549278058E1,-6.249482632E-1,-7.546329498E-2,4.353569508E0,4.398843314E0
2.549784209E1,-4.562835693E-1,2.175941467E-1,5.071615219E0,5.096746299E0
2.550287292E1,-3.457452059E-1,3.955211639E-1,5.503654480E0,5.528669765E0
2.550790376E1,-1.830060482E-1,4.105930328E-1,5.708715439E0,5.726387152E0
2.551293459E1,-1.637450457E-1,3.491277695E-1,5.204267025E0,5.218534076E0
2.551790105E1,-4.069533348E-1,5.126123428E-1,4.826857090E0,4.871029850E0
2.552292860E1,-4.015692472E-1,5.277776718E-1,4.233886719E0,4.285510924E0
2.552795308E1,-9.978878498E-2,3.232383728E-1,3.504982948E0,3.521270554E0
2.553298032E1,-1.947048903E-1,1.434545517E-1,2.015867710E0,2.030323084E0
2.553798574E1,-9.210038185E-2,5.565643311E-2,1.969289899E0,1.972227884E0
2.554301074E1,9.297150373E-2,-1.363029480E-1,1.532060862E0,1.540919426E0
2.554803574E1,3.084080219E-1,-3.078994751E-1,1.451973200E0,1.515962984E0
2.555308011E1,2.916311622E-1,-4.448089600E-1,1.443201303E0,1.538094193E0
2.555810641E1,3.015611172E-1,-7.241992950E-1,1.484812856E0,1.679307281E0
2.556313272E1,3.281291723E-1,-9.500417709E-1,1.559723139E0,1.855528062E0
2.556815902E1,2.804571986E-1,-1.113049507E0,1.612472296E0,1.979293397E0
2.557321407E1,3.640484214E-1,-1.275644302E0,1.443211913E0,1.960270457E0
2.557824183E1,4.687140882E-1,-1.418836594E0,1.349482298E0,2.013428084E0
2.558325938E1,5.464143157E-1,-1.499701500E0,1.187832832E0,1.989628114E0
2.558828610E1,5.780204535E-1,-1.470523834E0,9.628778696E-1,1.850319373E0
2.559331282E1,5.538232923E-1,-1.326717377E0,8.037736416E-1,1.647103914E0
2.559833954E1,4.208697379E-1,-1.030215263E0,7.245370150E-1,1.327941532E0
2.560333844E1,1.978402138E-1,-6.338691711E-1,5.813672543E-1,8.825637431E-1
2.560836376E1,-8.738368750E-2,-1.425962448E-1,5.170552731E-1,5.434296213E-1
2.561338907E1,-4.116725922E-1,2.377576828E-1,4.166628122E-1,6.321478767E-1
2.561838751E1,-6.801822186E-1,6.746463776E-1,2.992597818E-1,1.003669269E0
2.562341105E1,-9.034985304E-1,1.077139854E0,1.689760685E-1,1.416012984E0
2.562844042E1,-1.110993147E0,1.402196884E0,-1.725423336E-2,1.789066679E0
2.563346454E1,-1.236153364E0,1.602097511E0,-2.308855057E-1,2.036688413E0
2.563848865E1,-1.365185022E0,1.724867821E0,-4.051219821E-1,2.236743831E0
2.564351277E1,-1.464866877E0,1.784971237E0,-5.257383585E-1,2.368197227E0
2.564855969E1,-1.573251128E0,1.720371246E0,-6.598232985E-1,2.422841952E0
2.565358495E1,-1.656226635E0,1.612547874E0,-8.117317557E-1,2.449960358E0
2.565862954E1,-1.565771341E0,1.375481606E0,-9.526962042E-1,2.291553970E0
2.566365673E1,-1.396666288E0,1.114625931E0,-1.106467366E0,2.101746350E0
2.566868391E1,-1.167340994E0,7.966222763E-1,-1.297041178E0,1.918230399E0
2.567367532E1,-1.005830884E0,4.742889404E-1,-1.419569969E0,1.803281637E0
2.567870011E1,-9.358941317E-1,2.481889725E-1,-1.465329289E0,1.756327281E0
2.568372318E1,-8.946548104E-1,3.695774078E-2,-1.539794803E0,1.781219004E0
2.568874782E1,-7.909726501E-1,-2.216157913E-1,-1.604474068E0,1.802522767E0
2.569377245E1,-7.627484798E-1,-4.749517441E-1,-1.682621241E0,1.907505869E0
2.569880110E1,-9.241809845E-1,-5.891704559E-1,-1.635426044E0,1.968718026E0
2.570382600E1,-1.074133635E0,-6.840591431E-1,-1.649368286E0,2.083774393E0
2.570885089E1,-1.279735804E0,-8.362007141E-1,-1.719519854E0,2.300805052E0
2.571387579E1,-1.454819322E0,-8.302640915E-1,-1.784080505E0,2.447198596E0
2.571890516E1,-1.585543394E0,-8.002519608E-1,-1.910819530E0,2.608751106E0
2.572393027E1,-1.777769446E0,-6.982383728E-1,-1.947560906E0,2.727818637E0
2.572895537E1,-2.094160557E0,-5.481138229E-1,-1.995575547E0,2.944190715E0
2.573401334E1,-2.219533920E0,-4.311475754E-1,-2.026720762E0,3.036415008E0
2.573904068E1,-2.220737219E0,-3.568286896E-1,-2.007668257E0,3.014918297E0
2.574405693E1,-2.260437727E0,-3.394393921E-1,-1.928939342E0,2.990920394E0
2.574908318E1,-2.194976091E0,-4.266824722E-1,-1.666476130E0,2.788748943E0
2.575410943E1,-2.181849003E0,-4.941005707E-1,-1.363839626E0,2.620049422E0
2.575911516E1,-2.182275772E0,-5.179319382E-1,-1.211610913E0,2.549231657E0
2.576414001E1,-2.019459486E0,-5.938730240E-1,-1.037429810E0,2.346734411E0
2.576916813E1,-1.937221408E0,-6.549291611E-1,-9.272515178E-1,2.245340590E0
2.577419329E1,-1.844270945E0,-7.489643097E-1,-7.804793119E-1,2.138090459E0
2.577921844E1,-1.802549958E0,-8.042011261E-1,-5.876417160E-1,2.059429190E0
2.578424298E1,-1.797697783E0,-7.776594162E-1,-4.539153576E-1,2.010599571E0
2.578926808E1,-1.839459538E0,-7.316284180E-1,-2.977772951E-1,2.001889820E0
2.579429620E1,-1.903973222E0,-6.710166931E-1,-1.282548904E-1,2.022826426E0
2.579932162E1,-2.048798084E0,-5.672674179E-1,4.095268250E-2,2.126274450E0
2.580434704E1,-2.188149929E0,-4.492092133E-1,2.151014805E-1,2.244116235E0
2.580937303E1,-2.236405373E0,-3.791351318E-1,2.799998522E-1,2.285531088E0
2.581439850E1,-2.275315762E0,-2.279157639E-1,3.652126789E-1,2.315682990E0
2.581942730E1,-2.281067133E0,-8.654594421E-2,3.751865625E-1,2.313335778E0
2.582445308E1,-2.215523005E0,4.971313477E-2,4.250251055E-1,2.256470678E0
2.582947886E1,-2.059680700E0,1.760787964E-1,4.381581545E-1,2.113118761E0
2.583450464E1,-1.813375592E0,2.590246201E-1,3.287198544E-1,1.861043131E0
2.583952355E1,-1.619781852E0,3.321008682E-1,2.400634289E-1,1.670812582E0
2.584454896E1,-1.401859403E0,3.857221603E-1,1.673386097E-1,1.463555117E0
2.584957438E1,-1.345791221E0,4.772405624E-1,1.010527611E-1,1.431476240E0
2.585459995E1,-1.389119744E0,5.874452591E-1,-1.136922836E-2,1.508268827E0
2.585962537E1,-1.517610550E0,6.829013824E-1,-1.032040119E-1,1.667377326E0
2.586465079E1,-1.640454054E0,7.875671387E-1,-2.128700018E-1,1.832120394E0
2.586967620E1,-1.691252232E0,8.488931656E-1,-2.831090689E-1,1.913401281E0
2.587474626E1,-1.742278099E0,9.866065979E-1,-3.717068434E-1,2.036440898E0
2.587977397E1,-1.788415194E0,1.071453094E0,-4.595021009E-1,2.134849601E0
2.588480167E1,-1.825305462E0,1.132258415E0,-5.705446005E-1,2.222446915E0
2.588978969E1,-1.895779967E0,1.240762711E0,-6.665110588E-1,2.361717760E0
2.589481475E1,-1.909191847E0,1.358724594E0,-7.476561069E-1,2.459702357E0
2.589983980E1,-2.008667707E0,1.500299454E0,-8.373067379E-1,2.643241756E0
2.590490240E1,-2.059986353E0,1.612833023E0,-9.211356640E-1,2.773673565E0
2.590992995E1,-2.249311209E0,1.758392334E0,-1.032217741E0,3.035921273E0
2.591495751E1,-2.418757439E0,1.970376015E0,-1.232524633E0,3.354383126E0
2.591994860E1,-2.788090944E0,2.167392731E0,-1.455098271E0,3.819470296E0
2.592497370E1,-3.314851999E0,2.421352386E0,-1.666747570E0,4.430489659E0
2.593000152E1,-3.861044168E0,2.603180885E0,-1.838908195E0,5.006575291E0
2.593502688E1,-4.389121056E0,2.751376152E0,-1.904928207E0,5.519348317E0
2.594005225E1,-4.737709045E0,2.861373901E0,-1.932008743E0,5.862252586E0
2.594507548E1,-5.060638428E0,2.938046455E0,-1.781317711E0,6.116802356E0
2.595010068E1,-5.248058796E0,3.062646866E0,-1.605544567E0,6.284878703E0
2.595512589E1,-5.380908012E0,3.254059792E0,-1.351455092E0,6.431913170E0
2.596015672E1,-5.420304298E0,3.401919365E0,-1.228585839E0,6.516300884E0
2.596518230E1,-5.355443478E0,3.391235352E0,-1.226679206E0,6.456469153E0
2.597020787E1,-5.319184780E0,3.322537422E0,-1.417470574E0,6.429790391E0
2.597523339E1,-4.995163918E0,3.066807747E0,-1.743833780E0,6.115384581E0
2.598025896E1,-4.626748085E0,2.743991852E0,-2.235472918E0,5.825257787E0
2.598528454E1,-4.194081306E0,2.407005310E0,-2.745458126E0,5.560713344E0
2.599031167E1,-3.844717026E0,2.161272049E0,-2.983508587E0,5.324872709E0
2.599533735E1,-3.630319118E0,2.068875313E0,-3.008229733E0,5.148680228E0
2.600036303E1,-3.597720623E0,2.110312462E0,-2.719410658E0,4.979177311E0
2.600539412E1,-3.736255884E0,2.184584618E0,-2.178612947E0,4.845448623E0
2.601042016E1,-4.097900391E0,2.243419647E0,-1.542553425E0,4.919877071E0
2.601543839E1,-4.386292458E0,2.162063599E0,-8.091282845E-1,4.956689329E0
2.602046365E1,-4.611559868E0,1.901977539E0,-8.596158028E-2,4.989127415E0
2.602548891E1,-4.688453674E0,1.329105377E0,1.423352003E0,5.076814935E0
2.603053527E1,-4.609107494E0,4.813280106E-1,4.038678646E0,6.147070339E0
2.603556193E1,-4.445224762E0,-4.896202087E-1,5.691909313E0,7.238617462E0
2.604058860E1,-4.094175816E0,-1.561096668E0,6.019041538E0,7.445009030E0
2.604561975E1,-3.432802439E0,-2.766586304E0,3.426909924E0,5.584070557E0
2.605064667E1,-2.825650692E0,-3.788484573E0,-1.642277956E0,5.003398253E0
2.605567360E1,-2.418073177E0,-4.442158699E0,-6.612088203E0,8.324635860E0
2.606070568E1,-2.089735508E0,-4.749226093E0,-9.445381165E0,1.077670489E1
2.606573298E1,-1.707791567E0,-4.770901203E0,-9.914476395E0,1.113440131E1
2.607076027E1,-1.173804641E0,-4.564667702E0,-8.947334290E0,1.011280374E1
2.607579037E1,-8.484305143E-1,-4.250498772E0,-7.787899494E0,8.912797130E0
2.608081787E1,-4.748959839E-1,-3.852554321E0,-6.228428841E0,7.339007209E0
2.608584537E1,-2.541917562E-2,-3.232348442E0,-4.878721714E0,5.852405330E0
2.609086272E1,3.028284907E-1,-2.270549297E0,-3.869698524E0,4.496850662E0
2.609588954E1,5.102510452E-1,-1.230508804E0,-3.121608257E0,3.393957301E0
2.610091636E1,6.442076564E-1,3.145503998E-2,-2.067870855E0,2.166121603E0
2.610595120E1,4.747409523E-1,1.305009842E0,-1.185173035E0,1.825668311E0
2.611097855E1,-1.816241741E-1,2.542737961E0,-3.860288858E-1,2.578278879E0
2.611600589E1,-1.393823862E0,3.520240784E0,4.407137036E-1,3.811701549E0
2.612102928E1,-2.658537388E0,4.429252625E0,1.008470893E0,5.263374716E0
2.612605636E1,-3.434978008E0,5.030557632E0,1.207887411E0,6.210038326E0
2.613108344E1,-4.033716202E0,5.668396950E0,2.434957504E0,7.370929957E0
2.613611053E1,-3.820728779E0,6.136579514E0,3.779802799E0,8.157357766E0
2.614114464E1,-3.146529198E0,6.492303848E0,4.204741001E0,8.350479156E0
2.614617204E1,-2.402796507E0,6.630086899E0,4.387451172E0,8.305492829E0
2.615119943E1,-1.903166652E0,6.903774261E0,4.655303001E0,8.541427772E0
2.615619178E1,-1.192107677E0,7.001697540E0,4.851413727E0,8.601226907E0
2.616121688E1,-4.668383598E-1,6.948081970E0,4.525424004E0,8.305013157E0
2.616624199E1,3.027890921E-1,6.742440224E0,4.333559990E0,8.020718396E0
2.617127782E1,8.555158973E-1,6.035432816E0,3.369539976E0,6.965066861E0
2.617630365E1,1.215011477E0,5.262224197E0,2.326740742E0,5.880559401E0
2.618132949E1,1.113338232E0,4.513280869E0,1.822118163E0,4.992929082E0
2.618632516E1,1.036621809E0,3.692124367E0,1.233657360E0,4.028433641E0
2.619134902E1,1.175759315E0,2.789193153E0,9.461275935E-1,3.171303492E0
2.619637287E1,1.098757982E0,1.957057953E0,1.126851082E0,2.511401659E0
2.620139673E1,1.221369982E0,1.157033920E0,1.613212705E0,2.330864079E0
2.620642548E1,1.309259653E0,4.224510193E-1,2.357531071E0,2.729574775E0
2.621144954E1,1.444576025E0,-2.322635651E-1,3.126003981E0,3.451470287E0
2.621647360E1,1.599003077E0,-9.263191223E-1,3.815912247E0,4.239818891E0
2.622154438E1,1.941055417E0,-1.530012608E0,4.385943890E0,5.034395546E0
2.622657162E1,2.269820690E0,-2.105536938E0,4.688586235E0,5.618559659E0
2.623161287E1,2.620555401E0,-2.614256859E0,4.886576176E0,6.130275382E0
2.623664146E1,2.960428715E0,-3.118318558E0,5.099255085E0,6.670116283E0
2.624167006E1,3.261949778E0,-3.359130859E0,5.269173622E0,7.048990505E0
2.624669865E1,3.497216940E0,-3.542372704E0,5.396597862E0,7.341811710E0
2.625166089E1,3.651842356E0,-3.624974251E0,5.506022453E0,7.536091438E0
2.625668610E1,3.737210751E0,-3.592164040E0,5.496801376E0,7.555475634E0
2.626171131E1,3.719036102E0,-3.506434441E0,5.469707966E0,7.486255222E0
2.626674042E1,3.640200377E0,-3.291316032E0,5.291103840E0,7.216619697E0
2.627176589E1,3.543234348E0,-3.009257317E0,4.851295471E0,6.719018306E0
2.627679709E1,3.360429525E0,-2.646233559E0,4.274811745E0,6.047235244E0
2.628182313E1,3.172419310E0,-2.255255699E0,3.465759277E0,5.211708924E0
2.628684917E1,2.940282583E0,-1.898936749E0,2.537971973E0,4.323485189E0
2.629187522E1,2.687443256E0,-1.596842289E0,1.699964046E0,3.558389286E0
2.629689511E1,2.504169464E0,-1.373234272E0,9.163867235E-1,2.999400223E0
2.630192084E1,2.461418867E0,-1.261672497E0,2.729637623E-1,2.779372149E0
2.630694657E1,2.381378651E0,-1.300287724E0,-1.866137981E-1,2.719657543E0
2.631201886E1,2.546540976E0,-1.502912045E0,-2.276655436E-1,2.965711913E0
2.631704777E1,2.783838272E0,-1.720715046E0,-2.676789761E-1,3.283636373E0
2.632207667E1,2.850151062E0,-1.929259777E0,-2.291860580E-1,3.449337706E0
2.632710558E1,2.927875042E0,-2.022967815E0,-6.285178661E-2,3.559325974E0
2.633209834E1,3.074604511E0,-2.221690178E0,1.233514547E-1,3.795301797E0
2.633712542E1,3.185949564E0,-2.376708031E0,2.578457296E-1,3.983152032E0
2.634215251E1,3.290604353E0,-2.397150993E0,2.948234081E-1,4.081829337E0
2.634719949E1,3.202147007E0,-2.326192856E0,1.455053389E-1,3.960566937E0
2.635222787E1,3.134976387E0,-2.169178009E0,-3.827904463E-1,3.831440814E0
2.635725626E1,3.121815920E0,-1.902761936E0,-1.091514587E0,3.815447774E0
2.636226798E1,2.951259613E0,-1.551562786E0,-1.753774285E0,3.767360432E0
2.636729522E1,2.756070614E0,-1.121222973E0,-2.478099585E0,3.872214319E0
2.637231907E1,2.367085934E0,-5.935993195E-1,-3.223801851E0,4.043309826E0
2.637734594E1,2.260986805E0,-6.527996063E-2,-4.098910809E0,4.681601502E0
2.638237282E1,2.359323978E0,3.196887970E-1,-5.608125210E0,6.092592136E0
2.638742808E1,2.307480335E0,4.514808655E-1,-6.919862747E0,7.308406181E0
2.639245683E1,1.953551412E0,4.840431213E-1,-7.972049713E0,8.222179607E0
2.639748657E1,1.337277651E0,3.942480087E-1,-8.654642105E0,8.766217712E0
2.640251542E1,1.928362846E-1,4.699888229E-1,-9.049024582E0,9.063273206E0
2.640754428E1,-1.309843540E0,7.070541382E-1,-9.082597733E0,9.203759950E0
2.641257313E1,-3.140328884E0,1.163009644E0,-8.553819656E0,9.185972330E0
2.641755397E1,-4.966417313E0,1.651322365E0,-7.081609249E0,8.805756982E0
2.642258042E1,-6.485895157E0,2.042691231E0,-4.895937443E0,8.379118503E0
2.642760688E1,-7.632872581E0,2.223432541E0,-1.991578102E0,8.195778148E0
2.643267808E1,-8.638732910E0,2.204313278E0,4.348467886E-1,8.926129903E0
2.643770735E1,-9.312463760E0,1.824666023E0,2.793663502E0,9.892216291E0
2.644273662E1,-9.183635712E0,9.999008179E-1,4.459188461E0,1.025784228E1
2.644775563E1,-9.178230286E0,6.661605835E-2,5.581111908E0,1.074212079E1
2.645278417E1,-8.634194374E0,-1.036342621E0,5.130975723E0,1.009704067E1
2.645781272E1,-7.671510696E0,-2.150766850E0,4.039757729E0,8.932945590E0
2.646284126E1,-6.264358521E0,-2.727354050E0,3.542289495E0,7.696003031E0
2.646786980E1,-4.872623444E0,-2.969219208E0,3.551570415E0,6.721039677E0
2.647285516E1,-3.586432934E0,-3.188988686E0,3.348847389E0,5.852087564E0
2.647788199E1,-2.364035130E0,-3.473264694E0,2.885545015E0,5.096920616E0
2.648290881E1,-1.044775248E0,-3.664873123E0,2.998075962E0,4.848846234E0
2.648788756E1,5.800065994E-1,-3.721442223E0,3.140608311E0,4.903973943E0
2.649291105E1,2.099695444E0,-3.269636154E0,3.351932049E0,5.131733625E0
2.649795011E1,3.217967272E0,-1.879395008E0,3.983237743E0,5.454688064E0
2.650297511E1,3.547957897E0,5.250778198E-1,5.099927425E0,6.234819300E0
2.650802266E1,3.220103979E0,2.972129822E0,6.765457630E0,8.060647757E0
2.651304995E1,2.448806524E0,5.298489571E0,8.088506699E0,9.974697275E0
2.651810146E1,1.778037786E0,7.364695549E0,8.636192322E0,1.148842795E1
2.652313100E1,1.167413235E0,8.959065437E0,8.335855484E0,1.229285133E1
2.652816053E1,1.304795742E0,9.712481499E0,7.246951580E0,1.218823597E1
2.653319006E1,2.548274755E0,9.581686974E0,3.524534941E0,1.052258410E1
2.653821959E1,4.531589508E0,8.203758240E0,1.117175460E0,9.438486835E0
2.654322219E1,5.937705040E0,5.963536263E0,-6.028147936E-1,8.437030969E0
2.654825063E1,6.103686333E0,3.872358322E0,-2.163244009E0,7.545181937E0
2.655327907E1,5.772138596E0,2.594585419E0,-4.246046543E0,7.620916527E0
2.655830751E1,5.085127831E0,2.042087555E0,-4.155113220E0,6.877035154E0
2.656333594E1,4.346772671E0,1.949829102E0,-3.035623550E0,5.649006684E0
2.656829001E1,4.640782833E0,2.062323570E0,-2.616906404E0,5.712988967E0
2.657331548E1,5.295692444E0,2.545894623E0,-2.489639759E0,6.381554984E0
2.657834938E1,5.997986794E0,3.113400459E0,-2.813318253E0,7.320100244E0
2.658337568E1,6.469236851E0,3.622098923E0,-2.461077929E0,7.812011944E0
2.658843568E1,6.306355953E0,3.891283989E0,-1.459224939E0,7.552585909E0
2.659346537E1,5.810240269E0,4.109259605E0,-1.485761106E-1,7.118074272E0
2.659849506E1,5.245672226E0,4.343660355E0,7.340308428E-1,6.850055741E0
2.660352475E1,4.508210182E0,4.417925835E0,1.152818441E0,6.416464610E0
2.660854876E1,4.047755241E0,4.241604805E0,1.130093217E0,5.970983545E0
2.661357818E1,3.868884802E0,3.781781197E0,9.755873680E-1,5.497445711E0
2.661859370E1,3.713773727E0,3.178009033E0,1.022323608E0,4.993696254E0
2.662362173E1,3.640117884E0,2.459476471E0,1.101230264E0,4.529038619E0
2.662864975E1,3.639437675E0,1.727362633E0,1.268880844E0,4.223665097E0
2.663366902E1,3.559619188E0,1.006089211E0,1.511111021E0,3.995817912E0
2.663869647E1,3.396545887E0,3.533248901E-1,1.632195234E0,3.784894150E0
2.664374162E1,2.973435163E0,-1.687288284E-1,1.714260578E0,3.436346231E0
2.664877079E1,2.477725744E0,-6.173439026E-1,1.671428561E0,3.051870212E0
2.665379995E1,1.736308336E0,-9.306650162E-1,1.633342505E0,2.559045085E0
2.665879860E1,1.074507594E0,-1.218776703E0,1.514258265E0,2.221027086E0
2.666382574E1,4.945144653E-1,-1.429595470E0,1.354009032E0,2.030179358E0
2.666885287E1,2.946376801E-2,-1.644295216E0,1.033125639E0,1.942144036E0
2.667387490E1,-2.211282253E-1,-1.843637943E0,2.307777107E-1,1.871137865E0
2.667890167E1,-2.390739918E-1,-2.041863918E0,-7.863259315E-1,2.201061813E0
2.668392860E1,-1.580021381E-1,-2.186059475E0,-1.399667501E0,2.600555675E0
2.668895542E1,-1.251130104E-1,-2.223386288E0,-1.972009182E0,2.974545354E0
2.669398225E1,-3.446965218E-1,-2.187287807E0,-2.396708965E0,3.263013563E0
2.669900907E1,-1.020573139E0,-1.853046894E0,-2.773037195E0,3.487848565E0
2.670401610E1,-2.045785904E0,-1.297818184E0,-4.062116623E0,4.729731859E0
2.670904188E1,-3.028395414E0,-7.283220291E-1,-4.012445927E0,5.079503330E0
2.671407428E1,-3.556427956E0,-2.644500732E-1,-3.968897343E0,5.335752970E0
2.671910074E1,-3.059510708E0,-6.367683411E-2,-3.052199364E0,4.322103824E0
2.672412719E1,-2.468994856E0,1.379556656E-1,-1.706117749E0,3.004297778E0
2.672915365E1,-1.868197203E0,2.312707901E-1,-3.085523248E-1,1.907577391E0
2.673418975E1,-1.561287880E0,3.891782761E-1,1.093713284E0,1.945581744E0
2.673921667E1,-1.694168329E0,5.593662262E-1,2.009317875E0,2.687090476E0
2.674424360E1,-1.974408269E0,6.891660690E-1,2.792141438E0,3.488451188E0
2.674924808E1,-2.277288914E0,7.353706360E-1,3.349841833E0,4.116825850E0
2.675427350E1,-2.608944178E0,6.546773911E-1,3.506482840E0,4.419345439E0
2.675929891E1,-3.018075943E0,4.421501160E-1,3.870889902E0,4.928292580E0
2.676432433E1,-3.147131681E0,1.311454773E-1,4.122315884E0,5.187978913E0
2.676941975E1,-3.075349808E0,-2.353591919E-1,4.269472122E0,5.267025972E0
2.677444865E1,-2.892529011E0,-4.997282028E-1,4.688681126E0,5.531743220E0
2.677946954E1,-2.504803658E0,-9.348983765E-1,5.078619957E0,5.739377754E0
2.678449761E1,-1.979994893E0,-1.406991959E0,5.134506702E0,5.680067361E0
2.678952568E1,-1.642778993E0,-1.753652096E0,5.125555038E0,5.660859735E0
2.679455376E1,-1.588204265E0,-1.984896183E0,5.243921757E0,5.827599938E0
2.679958183E1,-1.519461393E0,-2.220727444E0,5.308682919E0,5.951681076E0
2.680460006E1,-1.465228081E0,-2.404004574E0,5.243769646E0,5.951743561E0
2.680962777E1,-1.454888582E0,-2.534947872E0,5.034924507E0,5.821780337E0
2.681465548E1,-1.665523410E0,-2.585079670E0,4.605818272E0,5.538065283E0
2.681968318E1,-1.867565632E0,-2.549789906E0,3.951445341E0,5.059955557E0
2.682471089E1,-1.980251312E0,-2.486554623E0,3.248120070E0,4.544736861E0
2.682965277E1,-2.079989672E0,-2.376250744E0,2.599917412E0,4.090537273E0
2.683467688E1,-2.143759727E0,-2.271421909E0,1.953022718E0,3.683661358E0
2.683970100E1,-2.190450907E0,-2.133750439E0,1.287256956E0,3.317830101E0
2.684476344E1,-2.311123371E0,-1.896203518E0,5.677978992E-1,3.042905433E0
2.684979006E1,-2.414830446E0,-1.644849300E0,-1.065658927E-1,2.923746158E0
2.685484803E1,-2.497362375E0,-1.436938286E0,-6.225790977E-1,2.947747480E0
2.685987787E1,-2.807857990E0,-1.119228363E0,-1.551078796E0,3.397437866E0
2.686490772E1,-2.978519678E0,-8.256053925E-1,-2.099074602E0,3.736217060E0
2.686993756E1,-3.067865849E0,-6.084842682E-1,-2.440335989E0,3.967025801E0
2.687491428E1,-3.138585329E0,-4.246854782E-1,-2.776151657E0,4.211661625E0
2.687994146E1,-2.990468740E0,-3.314714432E-1,-3.078198910E0,4.304426226E0
2.688493813E1,-2.762373209E0,-2.665376663E-1,-3.394498587E0,4.384560266E0
2.688996230E1,-2.377499104E0,-3.111228943E-1,-3.510262251E0,4.251028171E0
2.689498647E1,-2.174961805E0,-2.212295532E-1,-3.578514099E0,4.193466886E0
2.690001063E1,-2.053495407E0,-9.271430969E-2,-3.522500515E0,4.078412584E0
2.690505350E1,-1.845501900E0,-7.387065887E-2,-3.380418777E0,3.852085831E0
2.691007860E1,-1.924011111E0,-2.025604248E-3,-3.165633440E0,3.704464595E0
2.691512428E1,-2.011511564E0,3.190803528E-2,-3.059575319E0,3.661720638E0
2.692015152E1,-2.045885563E0,3.750896454E-2,-2.903523445E0,3.552112478E0
2.692520855E1,-1.955651999E0,-6.167888641E-2,-2.812127590E0,3.425848889E0
2.693023876E1,-1.779015541E0,-1.699657440E-1,-2.683972359E0,3.224514269E0
2.693526725E1,-1.659357309E0,-2.012681961E-1,-2.509427786E0,3.015162248E0
2.694029725E1,-1.529419780E0,-1.748476028E-1,-2.417401314E0,2.865924922E0
2.694532725E1,-1.417775989E0,-2.247200012E-1,-2.326201200E0,2.733459321E0
2.695035725E1,-1.185558081E0,-2.455873489E-1,-2.307536125E0,2.605874916E0
2.695533709E1,-1.071984649E0,-1.944799423E-1,-2.179291010E0,2.436448818E0
2.696036469E1,-8.140311241E-1,-2.004528046E-1,-2.071693897E0,2.234892302E0
2.696539230E1,-7.030904889E-1,-1.631202698E-1,-1.816764832E0,1.954885907E0
2.697041990E1,-5.953252316E-1,-2.042293549E-2,-1.648660183E0,1.752971656E0
2.697545818E1,-5.390126109E-1,1.032276154E-1,-1.390397787E0,1.494789798E0
2.698048631E1,-3.476710916E-1,2.603950500E-1,-1.280697942E0,1.352356457E0
2.698551495E1,-6.938219070E-3,4.510402679E-1,-9.129757285E-1,1.018336950E0
2.699054313E1,2.921401858E-1,6.367149353E-1,-5.595555305E-1,8.965791592E-1
2.699557131E1,5.597389340E-1,8.698577881E-1,-2.006549835E-1,1.053671044E0
2.700056641E1,6.810923815E-1,1.073728561E0,1.453735828E-1,1.279809882E0
2.700559230E1,8.283224106E-1,1.305804253E0,3.873963356E-1,1.594151399E0
2.701061818E1,8.145233989E-1,1.446419716E0,7.555290461E-1,1.823842784E0
2.701564464E1,8.589096069E-1,1.572174072E0,1.025326133E0,2.064158595E0
2.702067058E1,7.212050557E-1,1.640060425E0,1.402810097E0,2.275480410E0
2.702569652E1,2.569136620E-1,1.889234543E0,1.874018669E0,2.673416870E0
2.703069053E1,-2.053356171E-1,2.070700645E0,2.368025541E0,3.152381456E0
2.703571433E1,-3.563385010E-1,2.170226097E0,2.645969391E0,3.440641286E0
2.704073813E1,-7.087776661E-1,2.302533150E0,2.947954178E0,3.807158851E0
2.704578563E1,-6.510595083E-1,2.300126076E0,2.977915764E0,3.818696210E0
2.705081100E1,-3.890887201E-1,2.253888130E0,2.937510729E0,3.722951923E0
2.705583636E1,-3.949198723E-1,2.173044205E0,2.827836275E0,3.588138908E0
2.706084516E1,-7.099846005E-1,2.277433395E0,2.601490736E0,3.529665006E0
2.706586943E1,-1.481889486E0,2.576316833E0,2.311518431E0,3.765172284E0
2.707089370E1,-2.624208212E0,3.385189056E0,2.125239849E0,4.781487018E0
2.707591798E1,-3.879029512E0,4.493165970E0,1.870240688E0,6.223601098E0
2.708098162E1,-4.898393631E0,5.431386948E0,1.628132105E0,7.492999299E0
2.708600787E1,-5.347415924E0,5.803339005E0,1.216586590E0,7.984590384E0
2.709103422E1,-5.231074810E0,5.686331749E0,6.740968227E-1,7.755831287E0
2.709606048E1,-4.648792267E0,5.076344490E0,1.426351070E-2,6.883367371E0
2.710108673E1,-4.196328163E0,4.409303665E0,-9.650981426E-1,6.162997914E0
2.710611120E1,-3.952991962E0,3.699957848E0,-1.830820441E0,5.715569702E0
2.711113735E1,-3.922399521E0,3.010912895E0,-2.772111654E0,5.668810941E0
2.711616662E1,-4.045889378E0,2.433186531E0,-3.097390175E0,5.646542610E0
2.712119308E1,-4.087745190E0,1.789516449E0,-2.755313873E0,5.244405057E0
2.712621954E1,-4.247517586E0,1.256423950E0,-2.128149509E0,4.914165964E0
2.713124277E1,-4.585833073E0,6.418218613E-1,-1.850106716E0,4.986451156E0
2.713626902E1,-4.729046345E0,-1.310462952E-1,-1.919179440E0,5.105320968E0
2.714129527E1,-4.744226456E0,-1.181675911E0,-1.114526987E0,5.014599987E0
2.714631688E1,-4.663703442E0,-2.223352909E0,1.449747086E-1,5.168601901E0
2.715134282E1,-4.514469624E0,-3.228166580E0,2.089709044E-1,5.553842300E0
2.715636876E1,-3.897344351E0,-4.229881287E0,-8.759081364E-1,5.817938101E0
2.716139469E1,-3.145054102E0,-5.079798222E0,-3.215835094E0,6.785080002E0
2.716638949E1,-2.466946840E0,-5.695650578E0,-5.457844257E0,8.265248100E0
2.717141381E1,-1.675258875E0,-6.033843994E0,-6.598168373E0,9.096680247E0
2.717643813E1,-9.816635847E-1,-6.280350685E0,-6.675721169E0,9.218010699E0
2.718146245E1,-4.685402215E-1,-6.171710014E0,-6.108681202E0,8.696293490E0
2.718649360E1,-1.368029118E-1,-5.841821194E0,-5.289307594E0,7.881774212E0
2.719151829E1,6.449311972E-2,-5.161301136E0,-4.321993828E0,6.732222473E0
2.719655173E1,2.253962159E-1,-4.096658707E0,-3.429699659E0,5.347546705E0
2.720157730E1,3.922887146E-1,-2.686092854E0,-2.777857304E0,3.884002633E0
2.720659959E1,4.831795096E-1,-1.197324753E0,-2.067614555E0,2.437637986E0
2.721162480E1,2.775050104E-1,5.949115753E-1,-1.277925849E0,1.436670905E0
2.721665001E1,-8.231946826E-2,2.585659981E0,-6.561180949E-1,2.668877102E0
2.722167522E1,-1.114887953E0,4.521774292E0,-3.862457722E-2,4.657350078E0
2.722673537E1,-2.807263851E0,6.513755798E0,1.119512081E0,7.180741760E0
2.723176235E1,-4.167848587E0,7.996831894E0,2.183748484E0,9.278417948E0
2.723678610E1,-5.741846561E0,9.257863045E0,3.697763920E0,1.150435953E1
2.724181277E1,-6.209378719E0,1.035809135E1,4.024224281E0,1.272952559E1
2.724683943E1,-5.699707031E0,1.099502563E1,4.258301735E0,1.309619726E1
2.725186610E1,-4.658570290E0,1.121593952E1,4.828146458E0,1.306945197E1
2.725686553E1,-3.142539263E0,1.100612640E1,4.865625858E0,1.243722985E1
2.726189084E1,-1.100023270E0,1.026566887E1,5.112905502E0,1.152110286E1
2.726691615E1,8.502284288E-1,9.157911301E0,5.110432148E0,1.052172726E1
2.727196886E1,2.230024099E0,7.707903862E0,4.721150398E0,9.309889930E0
2.727699605E1,2.922350168E0,6.236600876E0,3.638912201E0,7.789544467E0
2.728202334E1,3.111215353E0,5.246212959E0,3.020946026E0,6.806506173E0
2.728705053E1,3.289439678E0,4.204740524E0,2.084802151E0,5.731200248E0
2.729207772E1,3.499742985E0,3.063709259E0,1.095633745E0,4.778590659E0
2.729710094E1,3.497758389E0,2.114340782E0,2.667784691E-1,4.095841970E0
2.730212787E1,3.244796753E0,1.217328072E0,2.582416534E-1,3.475238460E0
2.730715480E1,2.906931162E0,5.014753342E-1,9.328010082E-1,3.093839687E0
2.731217537E1,2.726608515E0,-2.105817795E-1,1.905056596E0,3.332863530E0
2.731720183E1,2.731845140E0,-8.517475128E-1,2.847584248E0,4.036977551E0
2.732222829E1,2.927191496E0,-1.493645191E0,3.810534477E0,5.031858406E0
2.732724183E1,3.246060610E0,-2.059450626E0,4.379423141E0,5.827314426E0
2.733226745E1,3.584570408E0,-2.591800690E0,4.813916683E0,6.537611923E0
2.733729308E1,4.034494877E0,-3.056989670E0,4.990110397E0,7.107991033E0
2.734233636E1,4.577959538E0,-3.435653687E0,5.027361393E0,7.618122627E0
2.734736318E1,5.034355164E0,-3.722955704E0,4.938776970E0,7.974750720E0
2.735238620E1,5.453030109E0,-3.894845009E0,4.766164780E0,8.223240342E0
2.735741266E1,5.768177032E0,-4.008648872E0,4.422277451E0,8.300462030E0
2.736243647E1,5.836944580E0,-3.978260040E0,3.992597342E0,8.114019257E0
2.736746261E1,5.693083763E0,-3.756107330E0,3.419003963E0,7.629491013E0
2.737248876E1,5.211755276E0,-3.400141716E0,2.638684034E0,6.759142710E0
2.737751490E1,4.616852760E0,-2.939890862E0,1.669311166E0,5.722314869E0
2.738251136E1,4.112010956E0,-2.519912720E0,9.592509270E-1,4.917189904E0
2.738753605E1,3.710381985E0,-2.193164825E0,3.451722860E-1,4.323892960E0
2.739255824E1,3.505169153E0,-1.979243755E0,-2.775454521E-2,4.025467296E0
2.739758266E1,3.446862936E0,-1.911743641E0,-3.776645660E-1,3.959578055E0
2.740260709E1,3.668578625E0,-1.952164173E0,-6.017299891E-1,4.198987147E0
2.740764292E1,3.854651928E0,-2.076052189E0,-6.688389778E-1,4.428959218E0
2.741266813E1,3.914580822E0,-2.211099625E0,-6.520364285E-1,4.542912729E0
2.741769334E1,3.906324863E0,-2.289959908E0,-6.295639873E-1,4.571612531E0
2.742271855E1,3.868284225E0,-2.341304779E0,-5.511927009E-1,4.555122865E0
2.742777772E1,3.829609394E0,-2.422492981E0,-4.402282238E-1,4.552821240E0
2.743280459E1,3.866791964E0,-2.447492599E0,-3.389564157E-1,4.588811564E0
2.743783147E1,3.946770191E0,-2.531128883E0,-1.908841133E-1,4.692552089E0
2.744287100E1,4.050861359E0,-2.611115456E0,-1.641315222E-2,4.819509421E0
2.744789876E1,4.174857616E0,-2.677773476E0,2.453436255E-1,4.965893716E0
2.745292652E1,4.295133591E0,-2.783760071E0,3.867078424E-1,5.132936357E0
2.745793063E1,4.259177208E0,-2.838049889E0,6.072739959E-1,5.154017789E0
2.746295678E1,4.191137314E0,-2.888768196E0,7.097869515E-1,5.139495227E0
2.746798292E1,4.215306282E0,-2.873829842E0,7.127165794E-1,5.151278476E0
2.747304516E1,4.125758648E0,-2.855587006E0,6.106703877E-1,5.054619658E0
2.747807365E1,3.946613312E0,-2.724020958E0,4.368316531E-1,4.815274520E0
2.748310214E1,3.773147583E0,-2.503376007E0,9.042745829E-2,4.528985675E0
2.748810766E1,3.696067572E0,-2.279895782E0,-4.814331532E-1,4.369281194E0
2.749313459E1,3.686206818E0,-1.977149487E0,-1.345517397E0,4.394048004E0
2.749817167E1,3.581026316E0,-1.504224300E0,-2.458220959E0,4.596660799E0
2.750319959E1,3.457156181E0,-9.615817070E-1,-3.100500584E0,4.742327710E0
2.750822751E1,3.448710203E0,-4.921360016E-1,-2.946207523E0,4.562448759E0
2.751325985E1,2.697132587E0,1.645317078E-1,-5.646061897E0,6.259361775E0
2.751828808E1,4.227333069E-1,1.205968857E0,-9.554340363E0,9.639423432E0
2.752331631E1,-2.798584223E0,2.740841866E0,-1.360648727E1,1.415912369E1
2.752834454E1,-6.227254868E0,4.574641228E0,-1.580132675E1,1.758942787E1
2.753337277E1,-8.632156372E0,5.776710510E0,-1.457544422E1,1.789771165E1
2.753834449E1,-9.426550865E0,5.539011955E0,-1.056271267E1,1.520234895E1
2.754337042E1,-9.639302254E0,4.887928963E0,-4.730886936E0,1.179785102E1
2.754839636E1,-9.717799187E0,4.195685387E0,1.223319411E0,1.065532296E1
2.755340584E1,-1.005506611E1,3.791098595E0,6.838283062E0,1.273730341E1
2.755843068E1,-1.004578400E1,3.255489349E0,9.426021576E0,1.415506516E1
2.756344725E1,-9.643867493E0,2.351216316E0,9.701811790E0,1.388011349E1
2.756847126E1,-9.309768677E0,1.686189651E0,7.409235954E0,1.201714632E1
2.757349527E1,-7.279566288E0,4.502983093E-1,4.852595329E0,8.760281693E0
2.757851928E1,-5.222510338E0,-7.557153702E-1,2.540970802E0,5.856812492E0
2.758354329E1,-3.601470709E0,-1.655909061E0,3.364663720E-1,3.978169894E0
2.758865579E1,-2.430824041E0,-2.274790287E0,-1.318177462E0,3.580665886E0
2.759368334E1,-1.608786345E0,-2.628454208E0,-2.152134418E0,3.758809331E0
2.759869870E1,-8.250560760E-1,-2.808495522E0,-2.291658878E0,3.717534807E0
2.760372506E1,1.973676682E-2,-2.901737213E0,-1.676646590E0,3.351359751E0
2.760875141E1,9.052722454E-1,-2.884854317E0,-2.413500547E-1,3.033175253E0
2.761373740E1,1.644260883E0,-2.686576843E0,1.716764927E0,3.587279025E0
2.761876094E1,2.348080873E0,-2.555399895E0,2.680901527E0,4.385291941E0
2.762378449E1,2.963936329E0,-2.075595379E0,2.874271154E0,4.621087470E0
2.762877985E1,3.477499485E0,-8.127818108E-1,3.045796633E0,4.693665313E0
2.763380152E1,3.358289480E0,1.571567535E0,3.356925249E0,5.001687703E0
2.763883641E1,2.749358892E0,4.525594711E0,3.717111111E0,6.469690628E0
2.764385943E1,1.826317549E0,6.799636841E0,3.878947735E0,8.038453364E0
2.764888646E1,5.256297588E-1,8.078081131E0,3.192211866E0,8.701833025E0
2.765390990E1,2.625250816E-2,8.805492401E0,2.479021549E0,9.147837639E0
2.765893334E1,4.641597271E-1,8.685061455E0,2.014662266E0,8.927743319E0
2.766395678E1,2.048620939E0,7.904367447E0,1.071093678E0,8.235478988E0
2.766901615E1,4.393331051E0,6.685494423E0,2.697340846E-1,8.004370673E0
2.767404136E1,5.659846306E0,5.255723953E0,-1.284674168E0,7.829871148E0
2.767906657E1,5.678689957E0,4.084991455E0,-3.342089653E0,7.752692310E0
2.768409178E1,4.875621796E0,3.756299019E0,-4.300121784E0,7.508163395E0
2.768908391E1,3.942429304E0,3.765661240E0,-4.357435703E0,6.979269252E0
2.769410745E1,3.173107624E0,3.848502159E0,-3.593230963E0,6.147429513E0
2.769914584E1,2.637681007E0,4.080403328E0,-3.071163416E0,5.747964609E0
2.770417089E1,2.747375727E0,4.212263107E0,-2.479913950E0,5.607245943E0
2.770919772E1,3.057735920E0,4.368797302E0,-1.757458687E0,5.614694993E0
2.771422292E1,3.369512320E0,4.330742836E0,-9.349079132E-1,5.566237472E0
2.771924813E1,3.679443836E0,4.142129898E0,-1.830124557E-1,5.543378085E0
2.772427897E1,3.883448601E0,3.727272034E0,4.377648532E-1,5.400497006E0
2.772930459E1,3.910914183E0,3.225744247E0,1.001243830E0,5.167510513E0
2.773433022E1,3.757630348E0,2.733624458E0,1.490032554E0,4.879824333E0
2.773935584E1,3.600886345E0,2.231976509E0,1.888096690E0,4.638212017E0
2.774438146E1,3.407157183E0,1.773548126E0,2.246901751E0,4.450029270E0
2.774946204E1,3.271101713E0,1.123713493E0,2.432029724E0,4.228191932E0
2.775448980E1,3.208812714E0,3.026504517E-1,2.327413321E0,3.975541358E0
2.775951756E1,3.243414879E0,-5.891208649E-1,2.158317804E0,3.940195327E0
2.776452084E1,3.452313185E0,-1.254541874E0,2.010298967E0,4.187319378E0
2.776954683E1,3.495900154E0,-1.841973782E0,2.055986404E0,4.454353533E0
2.777457282E1,3.457164764E0,-2.336616039E0,1.864439845E0,4.570328069E0
2.777956199E1,3.155637980E0,-2.824292183E0,1.440290451E0,4.473154812E0
2.778458548E1,2.786010981E0,-3.195481300E0,7.410636544E-1,4.303734804E0
2.778960897E1,2.391524553E0,-3.531595230E0,1.293978393E-1,4.267118273E0
2.779463245E1,1.899865389E0,-3.565039635E0,-3.671791553E-1,4.056330438E0
2.779965594E1,1.406519651E0,-3.396746635E0,-3.581125140E-1,3.693836733E0
2.780469006E1,7.149673700E-1,-3.094158173E0,-2.795088291E-2,3.175810824E0
2.780971396E1,1.210975647E-2,-2.671974182E0,5.387813449E-1,2.725780258E0
2.781473787E1,-5.066703558E-1,-2.097179890E0,1.158403158E0,2.448831602E0
2.781982344E1,-9.578734636E-1,-1.523273945E0,1.902777910E0,2.618864040E0
2.782485131E1,-1.271677136E0,-9.544477463E-1,2.622821331E0,3.067136282E0
2.782987917E1,-1.348742008E0,-5.246610641E-1,3.070909739E0,3.394828546E0
2.783487850E1,-1.350306749E0,-1.376848221E-1,3.439354658E0,3.697491838E0
2.783990428E1,-1.233504891E0,2.066297531E-1,3.638211250E0,3.847182251E0
2.784493006E1,-1.206348538E0,6.473999023E-1,3.643484116E0,3.892220437E0
2.784992772E1,-1.156576157E0,1.136858940E0,3.579128504E0,3.929411852E0
2.785495162E1,-1.270152092E0,1.641328812E0,2.822093487E0,3.503064123E0
2.785997553E1,-1.229241490E0,1.998119354E0,2.451600790E0,3.393208221E0
2.786500798E1,-1.176501632E0,2.255093575E0,2.082275629E0,3.287168221E0
2.787003245E1,-8.426953554E-1,2.163794518E0,2.201917410E0,3.200091007E0
2.787505693E1,-3.279633522E-1,1.715206146E0,2.552264214E0,3.092498133E0
2.788011891E1,3.099213243E-1,1.010391235E0,3.255033493E0,3.422306929E0
2.788514589E1,8.325698376E-1,1.648035049E-1,3.976347446E0,4.065915856E0
2.789017287E1,9.716944098E-1,-5.248641968E-1,4.581658363E0,4.712882962E0
2.789516016E1,1.028621197E0,-1.078043938E0,4.979712009E0,5.197862252E0
2.790018454E1,7.480725050E-1,-1.394788742E0,5.209802628E0,5.444914281E0
2.790520891E1,2.298748046E-1,-1.499567032E0,5.020839214E0,5.245032900E0
2.791023329E1,-2.836800814E-1,-1.440785408E0,5.026586056E0,5.236688300E0
2.791525766E1,-6.317711473E-1,-1.467617989E0,4.725163937E0,4.988006773E0
2.792028204E1,-1.078699470E0,-1.470180511E0,4.169414997E0,4.550719141E0
2.792544032E1,-1.391618967E0,-1.434298515E0,3.472496033E0,4.006500253E0
2.793046917E1,-1.765990376E0,-1.350575447E0,2.764858007E0,3.547846650E0
2.793549803E1,-2.140865564E0,-1.290847778E0,2.058496475E0,3.238363953E0
2.794052688E1,-2.301996946E0,-1.173815727E0,1.333390713E0,2.907742096E0
2.794555574E1,-2.350507498E0,-1.090407372E0,6.459722519E-1,2.670422042E0
2.795050079E1,-2.381441593E0,-8.970794678E-1,3.863039613E-2,2.545094879E0
2.795552626E1,-2.348108053E0,-7.134580612E-1,-4.426244795E-1,2.493702120E0
2.796050152E1,-2.387949228E0,-5.299396515E-1,-1.051473260E0,2.662467571E0
2.796552199E1,-2.578107834E0,-2.794885635E-1,-1.564352751E0,3.028523302E0
2.797058438E1,-2.736837149E0,2.353096008E-2,-1.891227722E0,3.326796294E0
2.797560907E1,-2.959223509E0,3.503704071E-1,-1.989004493E0,3.582722717E0
2.798063751E1,-3.169226885E0,5.145168304E-1,-2.082669497E0,3.827040482E0
2.798566256E1,-3.309704304E0,6.548662186E-1,-2.209899902E0,4.033193514E0
2.799065506E1,-3.299131393E0,6.566810608E-1,-2.313013554E0,4.082343649E0
2.799567688E1,-3.377268314E0,5.967082977E-1,-2.545204163E0,4.270839061E0
2.800069870E1,-3.371237516E0,5.132856369E-1,-2.609519958E0,4.293984042E0
2.800572053E1,-3.376367331E0,4.064483643E-1,-2.683009863E0,4.331696959E0
2.801079120E1,-3.407305241E0,2.523679733E-1,-2.784982681E0,4.407895998E0
2.801581548E1,-3.405245066E0,9.408664703E-2,-3.010774612E0,4.546351287E0
2.802081855E1,-3.389156103E0,-5.879116058E-2,-3.236413956E0,4.686599064E0
2.802584074E1,-3.435662270E0,-2.348794937E-1,-3.448484182E0,4.873498411E0
2.803086292E1,-3.439026833E0,-4.197635651E-1,-3.547224998E0,4.958418316E0
2.803588511E1,-3.485033512E0,-5.846996307E-1,-3.547752142E0,5.007382300E0
2.804094339E1,-3.530726433E0,-7.344245911E-1,-3.465056658E0,5.001202482E0
2.804596740E1,-3.555889606E0,-8.212537766E-1,-3.322602749E0,4.935432877E0
2.805097344E1,-3.593673944E0,-8.931312561E-1,-3.206442356E0,4.898310774E0
2.805599563E1,-3.539070129E0,-1.007437706E0,-2.925358057E0,4.700815661E0
2.806101725E1,-3.491951466E0,-1.106855392E0,-2.631973505E0,4.510669399E0
2.806603938E1,-3.384908676E0,-1.186716080E0,-2.330759048E0,4.277655847E0
2.807106152E1,-3.351382256E0,-1.185027122E0,-1.973214626E0,4.065664554E0
2.807608365E1,-3.252395391E0,-1.231154442E0,-1.568247318E0,3.814867847E0
2.808112522E1,-3.068733215E0,-1.277352333E0,-1.210915208E0,3.537664225E0
2.808614834E1,-2.890854836E0,-1.261676788E0,-8.332749605E-1,3.262394390E0
2.809117147E1,-2.546650171E0,-1.227381706E0,-5.255836844E-1,2.875435820E0
2.809623397E1,-2.145872355E0,-1.222545624E0,-1.625831127E-1,2.475039239E0
2.810125975E1,-1.649570942E0,-1.204438210E0,1.517764330E-1,2.048119083E0
2.810628516E1,-1.162857771E0,-1.197180748E0,4.803407192E-1,1.736723106E0
2.811131089E1,-7.185026407E-1,-1.134078026E0,7.425713539E-1,1.534207036E0
2.811633662E1,-2.347804308E-1,-1.001024246E0,9.198755026E-1,1.379616734E0
2.812132766E1,2.265583277E-1,-7.552518845E-1,1.041632771E0,1.306419885E0
2.812635105E1,6.513980627E-1,-4.591169357E-1,9.692758322E-1,1.254832035E0
2.813137443E1,1.149967194E0,-6.486320496E-2,7.221488953E-1,1.359459749E0
2.813639782E1,1.426240206E0,4.944067001E-1,7.446091175E-1,1.683164237E0
2.814147381E1,1.404185176E0,1.003338814E0,7.876294851E-1,1.897046386E0
2.814649985E1,8.052810431E-1,1.543714523E0,6.495420933E-1,1.858342546E0
2.815152589E1,-1.605882049E-1,2.034540176E0,6.552598476E-1,2.143480294E0
2.815658308E1,-1.299536347E0,2.667662621E0,6.654497385E-1,3.041059343E0
2.816161110E1,-2.376195431E0,3.166213036E0,7.648915052E-1,4.031906339E0
2.816663912E1,-3.503971338E0,3.655117989E0,9.482840300E-1,5.151402261E0
2.817162495E1,-4.059505939E0,3.914793968E0,1.023338556E0,5.731703245E0
2.817664990E1,-4.216799736E0,4.050745010E0,1.052686572E0,5.941219081E0
2.818167485E1,-3.814608335E0,3.910236359E0,9.874563217E-1,5.551239062E0
2.818669808E1,-3.599104881E0,3.880975723E0,1.161698818E0,5.418954941E0
2.819172292E1,-3.339412689E0,3.694922447E0,1.172993660E0,5.116643736E0
2.819676391E1,-3.316840410E0,3.328312874E0,1.198050499E0,4.849167134E0
2.820179032E1,-3.267116308E0,3.116156578E0,1.049205303E0,4.635225190E0
2.820681673E1,-3.328410625E0,2.905159950E0,1.023362875E0,4.534924829E0
2.821181042E1,-3.442376137E0,2.575657845E0,9.725908041E-1,4.407935988E0
2.821683464E1,-3.737493038E0,2.199368477E0,8.030456901E-1,4.410324057E0
2.822185886E1,-4.361082077E0,2.082347870E0,7.116894126E-1,4.884845070E0
2.822688308E1,-5.030990601E0,2.262589455E0,5.843067765E-1,5.547214785E0
2.823194667E1,-5.642473221E0,2.572409630E0,3.644900918E-1,6.211895715E0
2.823697287E1,-6.142427444E0,2.896945953E0,4.200845957E-2,6.791426616E0
2.824197782E1,-6.631492615E0,3.088047981E0,-1.148700118E0,7.404879918E0
2.824700183E1,-7.157948494E0,3.227437019E0,-2.563357353E0,8.259744383E0
2.825202912E1,-7.602084160E0,3.253239632E0,-3.689928770E0,9.054878575E0
2.825705344E1,-7.227174282E0,3.070007324E0,-4.312042236E0,8.958275577E0
2.826207777E1,-6.247167587E0,2.586819649E0,-3.862583876E0,7.787059327E0
2.826710209E1,-5.065675735E0,2.047319412E0,-2.858104944E0,6.166145579E0
2.827209855E1,-4.017834663E0,1.522423744E0,-1.674084902E0,4.611217811E0
2.827712146E1,-3.401800156E0,9.731578827E-1,-5.557032824E-1,3.581631849E0
2.828214438E1,-3.037387371E0,2.171697617E-1,4.999794662E-1,3.085913838E0
2.828718532E1,-3.004036427E0,-7.409582138E-1,2.448229074E0,3.945513848E0
2.829220949E1,-3.084712982E0,-1.815307140E0,5.432386398E0,6.505506604E0
2.829723365E1,-3.072285652E0,-3.001267433E0,7.231660843E0,8.410913380E0
2.830225782E1,-3.224267483E0,-4.112085342E0,5.955648899E0,7.923061307E0
2.830728199E1,-2.393630981E0,-5.185255527E0,2.925381184E0,6.416712494E0
2.831234100E1,-1.031528473E0,-6.248626709E0,-1.844365895E-2,6.333224053E0
2.831736652E1,6.266815662E-1,-6.918942451E0,-1.862370610E0,7.192559956E0
2.832236881E1,1.912059307E0,-7.148597717E0,-2.196777105E0,7.719083480E0
2.832739199E1,2.745271206E0,-6.827861786E0,-1.645607233E0,7.540837734E0
2.833242959E1,3.279854774E0,-5.990237236E0,-9.839003682E-1,6.899887638E0
2.833745423E1,3.696802616E0,-4.778929234E0,-4.547181129E-1,6.058983641E0
2.834247886E1,3.910145044E0,-3.628585815E0,9.258323908E-2,5.335207676E0
2.834750350E1,3.637290239E0,-2.499639034E0,7.411479354E-1,4.475195621E0
2.835258412E1,2.898020744E0,-1.395298958E0,1.015998125E0,3.373075096E0
2.835761157E1,1.594914317E0,-2.041845322E-1,1.155126810E0,1.979838617E0
2.836264277E1,-1.490435451E-1,1.381016731E0,5.057234764E-1,1.478234564E0
2.836767058E1,-2.424726009E0,3.193055153E0,4.871516228E-1,4.038838216E0
2.837269839E1,-5.084532738E0,5.150426865E0,7.238856554E-1,7.273471007E0
2.837772620E1,-7.509858608E0,7.290788651E0,7.609354258E-1,1.049440795E1
2.838271537E1,-8.462022781E0,8.822827339E0,1.882427931E-1,1.222634644E1
2.838774126E1,-8.283620834E0,9.525651932E0,-1.442978382E-1,1.262446992E1
2.839276714E1,-7.454331875E0,9.956363678E0,-1.221460342E0,1.249752803E1
2.839779303E1,-6.378475666E0,1.027926922E1,-1.969646692E0,1.225674653E1
2.840285985E1,-5.087629795E0,1.056377506E1,-1.761709452E0,1.185668338E1
2.840788777E1,-3.809952259E0,1.029514503E1,-1.216469049E0,1.104470663E1
2.841290719E1,-3.260698080E0,9.687373161E0,-1.668353081E-1,1.022277774E1
2.841793428E1,-3.018689632E0,8.538873672E0,2.350471020E0,9.356792437E0
2.842294001E1,-3.252370834E0,7.483083725E0,4.681341648E0,9.406881402E0
2.842796490E1,-3.176504374E0,6.273248672E0,7.507190704E0,1.028599734E1
2.843298980E1,-2.919559479E0,5.126451492E0,1.006697655E1,1.166826248E1
2.843802334E1,-2.440819979E0,3.843226433E0,1.216306210E1,1.298722723E1
2.844304881E1,-1.948812366E0,2.534756660E0,1.217638016E1,1.258916577E1
2.844807428E1,-1.109627962E0,1.106234550E0,1.257993412E1,1.267713578E1
2.845306313E1,-2.350023985E-1,-1.393108368E-1,1.321567726E1,1.321850064E1
2.845808626E1,5.621418953E-1,-1.282227993E0,1.314373970E1,1.321809387E1
2.846310938E1,1.330461025E0,-2.417492867E0,1.274979496E1,1.304498639E1
2.846812350E1,1.902864814E0,-3.358105659E0,1.220803452E1,1.280366646E1
2.847314600E1,2.265659332E0,-4.003576279E0,1.177780056E1,1.264430391E1
2.847816850E1,2.567632675E0,-4.516842365E0,1.119598866E1,1.234280213E1
2.848320042E1,2.675404310E0,-4.788150311E0,1.043356895E1,1.178743113E1
2.848822355E1,2.717756033E0,-4.880285740E0,9.719720840E0,1.121054682E1
2.849324667E1,2.699019194E0,-4.774622440E0,9.216423988E0,1.072493334E1
2.849830376E1,2.643153667E0,-4.596017361E0,8.778998375E0,1.025575201E1
2.850332917E1,2.611615658E0,-4.273363590E0,8.143047333E0,9.559884549E0
2.850835459E1,2.618661404E0,-3.802486420E0,7.469943047E0,8.781590951E0
2.851339172E1,2.630750895E0,-3.246233940E0,6.824960709E0,8.002435488E0
2.851841792E1,2.594747543E0,-2.724817276E0,6.249631882E0,7.294877837E0
2.852344412E1,2.500791073E0,-2.142976284E0,5.642230034E0,6.533074552E0
2.852848084E1,2.343656063E0,-1.568123341E0,4.968437195E0,5.712889174E0
2.853350772E1,2.050787210E0,-1.067735195E0,4.260750771E0,4.847657554E0
2.853853459E1,1.932826996E0,-6.756925583E-1,3.656421661E0,4.190680135E0
2.854356147E1,1.988955259E0,-4.926156998E-1,3.336343765E0,3.915329229E0
2.854860891E1,2.195177317E0,-3.986158371E-1,3.118286133E0,3.834241313E0
2.855363678E1,2.642456770E0,-3.644208908E-1,3.055853367E0,4.056306222E0
2.855866464E1,2.996457338E0,-4.276342392E-1,3.140352249E0,4.361586852E0
2.856369251E1,3.286994934E0,-4.773778915E-1,3.239169598E0,4.639444474E0
2.856872037E1,3.581837654E0,-5.321445465E-1,3.277241945E0,4.883958801E0
2.857366943E1,3.790350437E0,-5.912647247E-1,3.333444595E0,5.082145539E0
2.857869391E1,4.229880333E0,-6.593446732E-1,3.324996948E0,5.420537587E0
2.858371787E1,4.546680927E0,-6.880626678E-1,3.301146507E0,5.660680697E0
2.858874230E1,5.023907661E0,-7.393045425E-1,3.147343636E0,5.974277476E0
2.859376673E1,5.485194683E0,-7.123708725E-1,3.002216101E0,6.293499383E0
2.859880141E1,5.778806686E0,-7.122802734E-1,2.659228325E0,6.401050319E0
2.860382652E1,5.900485516E0,-5.428419113E-1,2.223137140E0,6.328723837E0
2.860885162E1,5.931606293E0,-3.526363373E-1,1.721532583E0,6.186435164E0
2.861387542E1,5.991237164E0,1.597404480E-3,8.138687015E-1,6.046263934E0
2.861890042E1,6.102479935E0,3.948955536E-1,-1.362638831E0,6.265220542E0
2.862392542E1,7.192681313E0,8.649177551E-1,-7.226449966E0,1.023251320E1
2.862898876E1,8.089605331E0,1.918077469E0,-1.728807640E1,1.918328234E1
2.863401636E1,5.943896294E0,4.700718880E0,-2.048500061E1,2.184174698E1
2.863904397E1,2.105015039E0,6.772294044E0,-1.005912685E1,1.230776535E1
2.864407157E1,-1.155741215E-1,6.985996246E0,-7.493208885E0,1.024527600E1
2.864906282E1,-1.342116356E0,6.537739754E0,-5.401912689E0,8.586266832E0
2.865408860E1,-1.665613174E0,5.686058998E0,-4.641535282E0,7.526578502E0
2.865911438E1,-1.839446068E0,4.847804070E0,-3.379061222E0,6.188927280E0
2.866413688E1,-2.367504358E0,3.980354309E0,-2.220509291E0,5.136045057E0
2.866916245E1,-2.841664076E0,3.035794258E0,-1.209352493E0,4.330546727E0
2.867418943E1,-3.003924131E0,1.918084145E0,-4.112644196E-1,3.587721477E0
2.867921511E1,-2.572572231E0,7.467479706E-1,-7.661342621E-2,2.679856346E0
2.868424079E1,-2.375360489E0,-2.483701706E-1,-6.679164171E-1,2.479947083E0
2.868926647E1,-2.444916248E0,-1.047866344E0,-1.397338152E0,3.004695201E0
2.869429657E1,-2.799458981E0,-1.503377438E0,-1.685009480E0,3.596716732E0
2.869932251E1,-3.303577185E0,-1.572069645E0,-1.208158851E0,3.852878533E0
2.870434844E1,-3.659288168E0,-1.727590084E0,-1.272453666E-1,4.048598372E0
2.870936657E1,-3.793010950E0,-1.906983852E0,1.537252903E0,4.515159573E0
2.871439193E1,-3.893342018E0,-2.104363918E0,3.000513554E0,5.346918847E0
2.871941730E1,-3.962524891E0,-2.457243919E0,4.533133507E0,6.502995508E0
2.872446740E1,-4.160716534E0,-2.940429688E0,6.290692329E0,8.095091031E0
2.872949443E1,-4.313303947E0,-3.414060593E0,7.280974865E0,9.125403863E0
2.873452146E1,-4.639207840E0,-3.796247482E0,7.990643978E0,9.989200945E0
2.873956407E1,-4.898883343E0,-4.058209419E0,8.263513565E0,1.042850795E1
2.874459214E1,-5.136281013E0,-4.252766132E0,7.920235634E0,1.035362424E1
2.874962022E1,-5.257387161E0,-4.418620586E0,7.216147423E0,9.961782535E0
2.875463433E1,-5.045067787E0,-4.107133865E0,6.839494705E0,9.439276741E0
2.875966146E1,-4.474776745E0,-3.678889275E0,6.008853912E0,8.346506967E0
2.876468860E1,-3.870889187E0,-3.240497589E0,4.796112061E0,6.963282173E0
2.876974943E1,-3.269507647E0,-2.836057663E0,3.368103504E0,5.484252413E0
2.877477865E1,-2.531066179E0,-2.299741745E0,1.848992825E0,3.887657722E0
2.877980787E1,-1.442647696E0,-1.503530025E0,8.659595847E-1,2.256484193E0
2.878483709E1,-6.562962532E-1,1.217842102E-3,6.249766946E-1,9.062682406E-1
2.878986631E1,-9.415512085E-1,2.352249146E0,1.049622655E0,2.742499305E0
2.879480407E1,-1.690928459E0,4.419310570E0,1.527618885E0,4.972239377E0
2.879982949E1,-2.690460443E0,6.288201332E0,2.023150921E0,7.132544640E0
2.880485490E1,-3.626897097E0,7.915138245E0,2.728796244E0,9.124150641E0
2.880988032E1,-3.722652197E0,9.165929794E0,3.228702545E0,1.040658102E1
2.881494334E1,-2.558434248E0,9.988441467E0,3.082017899E0,1.076166265E1
2.881997068E1,-3.711152077E-1,1.088194847E1,2.053263426E0,1.108018139E1
2.882499803E1,-4.355463982E-1,1.308665085E1,-8.089559555E0,1.539126716E1
2.883001824E1,-4.657988548E-1,1.346376514E1,-4.365878105E0,1.416159709E1
2.883504511E1,1.852392793E0,1.032023048E1,8.509982228E-1,1.051963470E1
2.884007376E1,2.567926407E0,7.228737831E0,5.861526489E0,9.654345625E0
2.884510079E1,3.159140348E0,4.263553619E0,1.010022831E1,1.140932378E1
2.885012782E1,2.644626141E0,2.456419945E0,6.358894348E0,7.311879628E0
2.885514100E1,2.146234751E0,1.323916435E0,-3.850975275E0,4.603160751E0
2.886016714E1,3.384592772E0,6.657667160E-1,-1.230472946E1,1.277908763E1
2.886517370E1,5.642804146E0,3.125219345E-1,-1.641469765E1,1.736033431E1
2.887019782E1,7.640017509E0,-4.483175278E-1,-1.474934387E1,1.661667839E1
2.887522193E1,8.032629013E0,-9.929943085E-1,-7.982823372E0,1.136814125E1
2.888025422E1,7.691916466E0,-1.291874409E0,-1.983278036E0,8.047851277E0
2.888527891E1,6.341390133E0,-1.335713863E0,1.355189085E0,6.620717318E0
2.889030360E1,5.198546886E0,-1.274146557E0,3.014868975E0,6.143107855E0
2.889533683E1,4.714091301E0,-1.290030003E0,3.836950064E0,6.213615694E0
2.890036209E1,4.837618828E0,-1.603650570E0,4.301825047E0,6.669329037E0
2.890541714E1,4.922069073E0,-1.865549564E0,4.488143444E0,6.917403466E0
2.891044537E1,5.202029228E0,-2.176028728E0,4.707361698E0,7.345438263E0
2.891547360E1,1.311425805E0,-2.534840584E0,1.116768837E1,1.152660045E1
2.892049360E1,3.348333836E0,-3.038601875E0,4.060350418E0,6.077078768E0
2.892552131E1,7.972926140E0,-2.687145233E0,1.303096652E0,8.513892272E0
2.893054548E1,7.480647087E0,-2.794182777E0,1.714752614E-1,7.987298792E0
2.893557282E1,7.716962814E0,-2.622961044E0,-6.393361688E-1,8.175585022E0
2.894060016E1,6.705091476E0,-2.102637768E0,7.709064484E-1,7.069203211E0
2.894562751E1,6.115453720E0,-1.927401066E0,-5.512152314E-1,6.435641950E0
2.895067558E1,4.364222527E0,-6.002264023E-1,1.776554108E0,4.750037315E0
2.895570391E1,3.430919170E0,-1.988735199E-1,1.823296547E0,3.890394238E0
2.896073225E1,3.862079144E0,-7.722949982E-2,2.390522957E0,4.542710613E0
2.896573329E1,2.680628538E0,5.922899246E-1,1.847198606E0,3.308884918E0
2.897075964E1,2.511792660E0,7.947101593E-1,2.912711382E0,3.927410622E0
2.897578600E1,2.360353947E0,1.119253159E0,3.940096617E0,4.727405180E0
2.898081235E1,2.255821705E0,1.346193314E0,4.479928970E0,5.193335304E0
2.898582131E1,2.333152771E0,1.304144859E0,4.817379475E0,5.509223236E0
2.899084678E1,2.238776684E0,1.209188461E0,5.171122551E0,5.763225331E0
2.899587225E1,1.825956345E0,1.148120880E0,5.343565464E0,5.762463882E0
2.900093282E1,9.935472012E-1,1.250014305E0,5.414099693E0,5.644656526E0
2.900596063E1,3.449282646E-1,1.318893433E0,5.261545658E0,5.435284547E0
2.901098844E1,7.461082935E-2,1.402502060E0,4.940218449E0,5.135984533E0
2.901601626E1,-2.434844971E-1,1.520051003E0,4.454673767E0,4.713168586E0
2.902102219E1,-3.742946386E-1,1.499536514E0,3.770701885E0,4.075156309E0
2.902604891E1,-2.229372263E-1,1.341146469E0,2.997713327E0,3.291604480E0
2.903107563E1,1.833052635E-1,1.045392036E0,2.062232018E0,2.319320207E0
2.903609089E1,5.256307125E-1,7.322149277E-1,1.277047873E0,1.563098722E0
2.904111678E1,3.940298557E-1,5.355653763E-1,7.060664296E-1,9.698554544E-1
2.904611490E1,1.684445739E-1,3.213739395E-1,5.932939053E-2,3.676612028E-1
2.905113808E1,-1.854045987E-1,2.089195251E-1,-5.027223825E-1,5.751104478E-1
2.905616126E1,-5.805795193E-1,1.405868530E-1,-8.722090721E-1,1.057159357E0
2.906118313E1,-1.036259174E0,7.317829132E-2,-1.208116055E0,1.593340058E0
2.906620620E1,-1.705521107E0,1.143550873E-2,-2.046658516E0,2.664159173E0
2.907124589E1,-2.957098484E0,1.369552612E-1,-3.040432930E0,4.243515122E0
2.907627063E1,-4.437265396E0,4.015531540E-1,-4.480599403E0,6.318729314E0
2.908129537E1,-4.813917160E0,2.694520950E-1,-4.654278755E0,6.701396391E0
2.908631969E1,-4.423532963E0,-1.482725143E-1,-3.855448008E0,5.869762172E0
2.909134438E1,-3.466582060E0,-5.777759552E-1,-2.573873997E0,4.356127131E0
2.909636907E1,-2.357531309E0,-9.895639420E-1,-1.243565798E0,2.843175436E0
2.910142745E1,-1.639904261E0,-1.225426674E0,1.983844936E-1,2.056772453E0
2.910645443E1,-1.203803062E0,-1.314352036E0,1.280690312E0,2.194727947E0
2.911148141E1,-1.163139582E0,-1.400358200E0,1.963797212E0,2.677759560E0
2.911649824E1,-1.196316957E0,-1.507887840E0,2.226773739E0,2.943369037E0
2.912152454E1,-1.284389734E0,-1.551335335E0,2.377020121E0,3.115529323E0
2.912656131E1,-1.422727346E0,-1.631724834E0,2.353342295E0,3.197639597E0
2.913158865E1,-1.362754107E0,-1.735159397E0,2.228258610E0,3.135763594E0
2.913661600E1,-1.177099109E0,-1.828494549E0,2.154688120E0,3.061312712E0
2.914164334E1,-1.000153422E0,-1.936018467E0,2.084820747E0,3.015783799E0
2.914663209E1,-9.416811466E-1,-1.895600796E0,2.029242992E0,2.932216377E0
2.915165745E1,-1.040945888E0,-1.846301556E0,2.064116001E0,2.958542317E0
2.915668282E1,-1.173449755E0,-1.812522411E0,2.233886719E0,3.106842721E0
2.916174433E1,-1.368590713E0,-1.761068821E0,2.271385193E0,3.183330744E0
2.916677209E1,-1.626081228E0,-1.706782818E0,2.168718815E0,3.203215423E0
2.917179985E1,-1.860258579E0,-1.578052998E0,1.782450080E0,3.021248340E0
2.917682761E1,-2.066686630E0,-1.432400703E0,1.270342588E0,2.817221272E0
2.918185537E1,-2.154741764E0,-1.312734604E0,5.115642548E-1,2.574467362E0
2.918691673E1,-2.239772081E0,-1.170916557E0,-2.992328405E-1,2.545027476E0
2.919194579E1,-2.254402876E0,-1.164533615E0,-1.149801493E0,2.785769973E0
2.919697485E1,-2.323201656E0,-1.015640259E0,-1.894403100E0,3.165052002E0
2.920200391E1,-2.427345514E0,-8.101253510E-1,-2.654971123E0,3.687435558E0
2.920703298E1,-2.533601284E0,-6.242733002E-1,-3.471708298E0,4.342995639E0
2.921197167E1,-2.532113075E0,-3.477401733E-1,-4.595624447E0,5.258543896E0
2.921699699E1,-2.342144489E0,-1.334514618E-1,-4.951790810E0,5.479387039E0
2.922204745E1,-2.269504786E0,3.790664673E-2,-4.724590778E0,5.241550048E0
2.922707532E1,-2.003156662E0,1.089363098E-1,-4.263682365E0,4.712058048E0
2.923210318E1,-1.724767089E0,2.039318085E-1,-3.630660295E0,4.024686805E0
2.923715412E1,-1.405359387E0,2.701101303E-1,-3.059299231E0,3.377470395E0
2.924218350E1,-1.312646151E0,3.360614777E-1,-2.510280609E0,2.852627906E0
2.924721287E1,-1.403589249E0,3.730430603E-1,-1.987602592E0,2.461663658E0
2.925217839E1,-1.721880198E0,4.767770767E-1,-1.237015009E0,2.173106976E0
2.925720344E1,-1.947736979E0,6.758804321E-1,-7.216273546E-1,2.184316766E0
2.926222850E1,-2.182998657E0,8.651418686E-1,-3.259326220E-1,2.370693077E0
2.926727204E1,-2.323420763E0,1.145089149E0,-2.073967457E-2,2.590355832E0
2.927229834E1,-2.412974358E0,1.477450371E0,1.988488436E-1,2.836343722E0
2.927732464E1,-2.452317953E0,1.747480392E0,5.670320988E-1,3.064159994E0
2.928235094E1,-2.236396313E0,1.936253548E0,8.104803562E-1,3.067152536E0
2.928734657E1,-1.942243814E0,2.187417030E0,1.114959478E0,3.130533331E0
2.929237131E1,-1.880453348E0,2.501011848E0,1.632053018E0,3.529130504E0
2.929741386E1,-1.707152128E0,2.834188461E0,2.283553362E0,4.020150318E0
2.930244037E1,-1.633397579E0,3.167939186E0,2.982643366E0,4.647578701E0
2.930746688E1,-1.673260927E0,3.435279846E0,3.743918657E0,5.349567895E0
2.931254058E1,-1.506079793E0,3.507009506E0,4.401354790E0,5.825745961E0
2.931757022E1,-1.475598812E0,3.416461945E0,4.694442749E0,5.990609051E0
2.932259985E1,-1.427647352E0,3.115596771E0,4.922497749E0,5.998008361E0
2.932769219E1,-1.495063305E0,2.738101959E0,4.628981590E0,5.582104190E0
2.933272610E1,-1.723987937E0,2.274032593E0,3.926370621E0,4.853838161E0
2.933776001E1,-1.970589995E0,1.728249550E0,2.905923367E0,3.913369654E0
2.934279391E1,-2.378610611E0,1.387978554E0,1.930424333E0,3.363154919E0
2.934782782E1,-2.934305191E0,1.243740082E0,1.127284884E0,3.380504039E0
2.935286172E1,-3.552572250E0,1.434333801E0,4.614983797E-1,3.858894116E0
2.935772443E1,-4.434625626E0,2.150937080E0,-5.900989175E-1,4.963935082E0
2.936275261E1,-5.219521523E0,3.039522171E0,-5.547922254E-1,6.065467366E0
2.936777048E1,-5.878656387E0,3.808226585E0,-5.343326926E-1,7.024720783E0
2.937279766E1,-6.158596039E0,4.160572052E0,-3.650689125E-1,7.441232444E0
2.937782485E1,-6.307518482E0,4.225947380E0,-1.703538299E-1,7.594237361E0
2.938285204E1,-6.271763325E0,3.913551331E0,-1.451510787E-1,7.394049503E0
2.938788537E1,-6.031285286E0,3.419719696E0,-3.030073643E-1,6.939935047E0
2.939291287E1,-6.034111023E0,2.863967896E0,-6.196702719E-1,6.707965354E0
2.939795824E1,-6.259636879E0,2.313145638E0,-8.892539144E-1,6.732344994E0
2.940298756E1,-6.429202080E0,1.657098770E0,-5.475478172E-1,6.661863428E0
2.940805370E1,-6.350503922E0,8.046493530E-1,6.416167617E-1,6.433353146E0
2.941308636E1,-6.102001190E0,-1.779499054E-1,1.328150392E0,6.247404914E0
2.941811902E1,-5.656948090E0,-1.425349236E0,1.078083038E0,5.932532779E0
2.942315167E1,-4.667577744E0,-2.909043312E0,-1.209877014E0,5.631395686E0
2.942818433E1,-3.937877178E0,-4.184100151E0,-3.770891905E0,6.872641159E0
2.943321699E1,-3.479259729E0,-5.006274700E0,-6.251773357E0,8.732279470E0
2.943824964E1,-3.062185764E0,-5.609369755E0,-7.813378334E0,1.009410183E1
2.944322969E1,-2.445750713E0,-5.987593651E0,-8.115394592E0,1.037750469E1
2.944826079E1,-1.893845558E0,-6.265155792E0,-7.375902653E0,9.861174780E0
2.945325011E1,-1.376771450E0,-6.288300514E0,-6.014357567E0,8.809694656E0
2.945827699E1,-1.201040149E0,-5.966223240E0,-4.659543514E0,7.664832872E0
2.946330386E1,-9.478325248E-1,-5.542638302E0,-3.491567612E0,6.618932711E0
2.946833152E1,-5.275316238E-1,-4.950236797E0,-2.388690710E0,5.521682468E0
2.947335844E1,-6.974250078E-2,-4.002264977E0,-1.324969769E0,4.216459871E0
2.947838537E1,3.015611172E-1,-2.823016644E0,-2.220492661E-1,2.847747874E0
2.948337678E1,5.377578139E-1,-1.345220566E0,6.912053823E-1,1.605168751E0
2.948840126E1,5.649705529E-1,5.078811646E-1,1.359334230E0,1.557216925E0
2.949344011E1,5.260394216E-1,2.377883911E0,2.556811810E0,3.531053100E0
2.949846605E1,-2.218818665E-1,4.112402916E0,3.646619797E0,5.500811326E0
2.950349199E1,-2.034192801E0,5.807846069E0,4.261054993E0,7.485025449E0
2.950853803E1,-3.867141485E0,7.272990227E0,4.996432781E0,9.634080685E0
2.951356532E1,-4.939864159E0,8.363714218E0,5.418920517E0,1.112288960E1
2.951855495E1,-5.497875214E0,9.662534714E0,5.717642307E0,1.250130563E1
2.952357850E1,-5.532105446E0,1.079051685E1,5.897453308E0,1.348404243E1
2.952860204E1,-4.730486870E0,1.149771595E1,6.191459656E0,1.388917387E1
2.953362558E1,-3.394406557E0,1.180751801E1,6.397160530E0,1.385146708E1
2.953864912E1,-1.373505116E0,1.136101818E1,6.063042641E0,1.295066548E1
2.954373995E1,6.003353596E-1,1.054187012E1,5.418016911E0,1.186786987E1
2.954876615E1,2.326703787E0,9.335191727E0,5.109473705E0,1.089339601E1
2.955379235E1,3.595443726E0,8.033755302E0,5.050723076E0,1.014781964E1
2.955876100E1,4.537094593E0,6.747611046E0,4.882619858E0,9.484485165E0
2.956378318E1,4.830390930E0,5.611785889E0,4.435194969E0,8.631093315E0
2.956884954E1,4.848608017E0,4.606987000E0,2.542424679E0,7.155225514E0
2.957387615E1,4.630907059E0,3.497730255E0,4.836531878E-1,5.823515908E0
2.957890277E1,4.113609791E0,2.675896645E0,-7.165139914E-1,4.959395191E0
2.958398376E1,3.620598078E0,1.848975182E0,-7.232795954E-1,4.129233953E0
2.958901397E1,3.219020844E0,9.537839890E-1,5.397546291E-2,3.357783858E0
2.959401423E1,2.960942745E0,2.871303558E-1,1.388548732E0,3.282939744E0
2.959904126E1,2.751453876E0,-3.325624466E-1,2.584105015E0,3.789286865E0
2.960406829E1,2.853545189E0,-9.436979294E-1,3.484165192E0,4.601379468E0
2.960909532E1,3.186408043E0,-1.474413395E0,4.037023067E0,5.350200587E0
2.961405756E1,3.573219299E0,-1.948667049E0,4.459142685E0,6.037313386E0
2.961908131E1,3.993423700E0,-2.370321274E0,4.726118088E0,6.625862055E0
2.962410506E1,4.347480774E0,-2.777582169E0,4.646039486E0,6.942710903E0
2.962912891E1,4.555821419E0,-3.103324890E0,3.906084538E0,6.756007000E0
2.963415266E1,4.701207638E0,-3.395648956E0,3.411597252E0,6.728356478E0
2.963917105E1,4.669549942E0,-3.535360336E0,2.799766064E0,6.491699268E0
2.964419428E1,4.413948059E0,-3.518100739E0,1.832458496E0,5.934464964E0
2.964923068E1,4.412659645E0,-3.416269302E0,2.438644648E0,6.090110738E0
2.965425532E1,4.338824272E0,-3.172417641E0,2.558441162E0,5.952751543E0
2.965928193E1,4.048276901E0,-2.834169388E0,2.291757822E0,5.447312723E0
2.966430678E1,3.841359854E0,-2.554872513E0,2.032593489E0,5.041314846E0
2.966933162E1,3.640336752E0,-2.277246475E0,1.758586645E0,4.640100232E0
2.967435647E1,3.635425329E0,-2.192665100E0,1.511095524E0,4.506385164E0
2.967941922E1,3.577467203E0,-2.118986130E0,9.966599345E-1,4.275711032E0
2.968444594E1,3.494660378E0,-2.094559669E0,4.099670053E-1,4.094863161E0
2.968947506E1,3.496971369E0,-2.124254227E0,-1.381778717E-2,4.091632401E0
2.969450204E1,3.560326815E0,-2.203346252E0,-3.358703256E-1,4.200413148E0
2.969952902E1,3.627529860E0,-2.240891457E0,-5.023772717E-1,4.293361192E0
2.970454881E1,3.698798895E0,-2.227385521E0,-5.168001652E-1,4.348498814E0
2.970957527E1,3.846345186E0,-2.220209122E0,-4.265426099E-1,4.461573538E0
2.971460172E1,3.903179407E0,-2.185799599E0,-2.985745668E-1,4.483489282E0
2.971962818E1,4.013132095E0,-2.138563156E0,-1.813008189E-1,4.550994570E0
2.972465464E1,4.119389057E0,-2.083111763E0,-6.139034033E-2,4.616545201E0
2.972964740E1,4.179508686E0,-2.062313080E0,7.406643033E-2,4.661213783E0
2.973467251E1,4.222469807E0,-2.100002289E0,1.514560580E-1,4.718283567E0
2.973969761E1,4.401618958E0,-2.157753944E0,1.886951327E-1,4.905686230E0
2.974472272E1,4.597442627E0,-2.216343880E0,2.942795157E-1,5.112265577E0
2.974979803E1,4.747913837E0,-2.232671738E0,3.521672487E-1,5.258472275E0
2.975482568E1,4.935091496E0,-2.244729042E0,4.001678228E-1,5.436365590E0
2.975985334E1,5.139680862E0,-2.128225327E0,2.609586418E-1,5.569000074E0
2.976486318E1,5.304471970E0,-1.892790318E0,2.987013757E-2,5.632137275E0
2.976988964E1,5.577569485E0,-1.519523144E0,-3.796647787E-1,5.793304522E0
2.977491334E1,5.992197037E0,-9.895005226E-1,-8.820384145E-1,6.137061868E0
2.977993949E1,6.548302650E0,-1.928424835E-1,-1.649529576E0,6.755620153E0
2.978496589E1,6.848563194E0,1.400939941E0,-2.512799501E0,7.428298047E0
2.978999209E1,6.977407455E0,3.072805405E0,-2.564711809E0,8.043885536E0
2.979502818E1,7.248744488E0,3.258219719E0,-2.941625357E0,8.474281806E0
2.980005527E1,6.255829334E0,3.194806099E0,-4.171560287E0,8.169706353E0
2.980508235E1,3.708064318E0,3.683390617E0,-6.865145206E0,8.628286396E0
2.981010943E1,8.879342079E-1,4.325929642E0,-9.219775200E0,1.022283469E1
2.981513652E1,-1.710186720E0,5.096785545E0,-1.126657009E1,1.248349162E1
2.982011339E1,-3.806907892E0,5.673883438E0,-1.175079250E1,1.359288878E1
2.982513839E1,-4.931892395E0,5.635253906E0,-1.052178383E1,1.291462675E1
2.983016339E1,-5.434258938E0,5.063265800E0,-8.166062355E0,1.103867769E1
2.983518839E1,-5.575037003E0,4.232343674E0,-5.093583107E0,8.656694486E0
2.984021339E1,-5.971573830E0,3.106451035E0,-1.063770533E0,6.814788315E0
2.984532219E1,-6.508723259E0,2.022472382E0,3.835884809E0,7.820990044E0
2.985035058E1,-6.960143089E0,8.536434174E-1,8.241483688E0,1.082101438E1
2.985537897E1,-7.442821503E0,-1.357221603E-1,9.697596550E0,1.222527674E1
2.986040735E1,-8.104545593E0,-8.977327347E-1,8.444620132E0,1.173887527E1
2.986534803E1,-8.225366592E0,-1.859171391E0,6.243402481E0,1.049253298E1
2.987037204E1,-6.693394184E0,-3.417391777E0,3.714035749E0,8.382968079E0
2.987539605E1,-4.619944572E0,-4.557630062E0,1.528747797E0,6.667304512E0
2.988044027E1,-3.860437870E0,-4.524329662E0,6.596458554E-1,5.983951211E0
2.988546558E1,-3.804690838E0,-3.798242569E0,9.517852664E-1,5.459689934E0
2.989051105E1,-3.519263744E0,-3.381319046E0,7.787196040E-1,4.942159449E0
2.989553850E1,-3.017846584E0,-3.092800140E0,5.341546535E-1,4.354093695E0
2.990056594E1,-2.426347733E0,-2.856481552E0,2.368661910E-1,3.755363600E0
2.990555818E1,-1.985316753E0,-2.620203018E0,-1.332130730E-1,3.290089997E0
2.991058329E1,-1.541578531E0,-2.192663193E0,-3.144895136E-1,2.698729312E0
2.991562272E1,-1.111255884E0,-1.790064335E0,-3.929675221E-1,2.143278665E0
2.992064928E1,-4.468712807E-1,-1.441702366E0,-2.761612833E-1,1.534426508E0
2.992566662E1,5.034074783E-1,-9.661755562E-1,-3.389188647E-2,1.089983007E0
2.993069230E1,1.509664536E0,-1.199207306E-1,-4.304838479E-1,1.574415553E0
2.993571798E1,2.419012070E0,1.737429619E0,-9.682565331E-1,3.131741015E0
2.994076704E1,2.132778168E0,5.030653000E0,-4.991780818E-1,5.486837985E0
2.994579428E1,4.894483089E-1,8.351361275E0,5.016695857E-1,8.380719967E0
2.995082152E1,-1.164057732E0,9.789326668E0,1.157972217E0,9.926069044E0
2.995584876E1,-1.966374397E0,1.060232639E1,1.291270971E0,1.086017191E1
2.996090584E1,-2.303367138E0,1.086161327E1,1.487209797E0,1.120231833E1
2.996593459E1,-2.147150517E0,1.042419338E1,1.116322994E0,1.070141299E1
2.997095782E1,-1.344557762E0,9.363137245E0,3.861826658E-1,9.467064577E0
2.997598600E1,1.532335281E-1,7.460544586E0,-7.139403820E-1,7.496193494E0
2.998101417E1,2.118865490E0,5.245625496E0,-2.063512802E0,6.021981642E0
2.998602256E1,2.944670916E0,3.544115067E0,-5.080125332E0,6.858535689E0
2.999104943E1,1.333868980E0,2.911948204E0,-1.027778339E1,1.076529053E1
2.999608506E1,-1.157247066E0,3.037056923E0,-9.869674683E0,1.039102564E1
3.000111282E1,-1.400153637E0,2.746807098E0,-3.306133747E0,4.520608344E0
3.000614058E1,4.175782204E-2,1.369092941E0,4.121439457E0,4.343089038E0
3.001116834E1,2.927218914E0,-4.802799225E-1,9.709937096E0,1.015293838E1
3.001616209E1,5.292223930E0,-1.355638981E0,9.651533127E0,1.109042303E1
3.002118818E1,6.066113472E0,-1.728447437E0,7.906114101E0,1.011394598E1
3.002621428E1,5.609264374E0,-1.969243526E0,4.481661797E0,7.444935147E0
3.003124037E1,4.332855701E0,-1.500693798E0,3.487694263E-1,4.598625938E0
3.003630193E1,3.893872023E0,-8.603706360E-1,-2.065391541E0,4.490915182E0
3.004132969E1,4.279150486E0,-3.360900879E-1,-2.978608608E0,5.224576028E0
3.004635745E1,4.382699966E0,3.546018600E-1,-3.428813934E0,5.575891540E0
3.005138522E1,4.663313866E0,6.805286407E-1,-2.815653801E0,5.489765183E0
3.005633225E1,4.967140198E0,7.328586578E-1,-1.772472978E0,5.324586746E0
3.006135579E1,5.164381981E0,5.356054306E-1,-8.066262007E-1,5.254365828E0
3.006637933E1,5.412815094E0,8.427810669E-2,-1.000164747E-1,5.414395011E0
3.007144402E1,5.382215023E0,-1.473236084E-1,4.474459887E-1,5.402791011E0
3.007647032E1,5.469730377E0,-5.275611877E-1,5.756664276E-1,5.525184435E0
3.008150219E1,5.359379768E0,-9.748573303E-1,6.326554418E-1,5.483935742E0
3.008652907E1,5.285596848E0,-1.460332394E0,4.685636759E-1,5.503603969E0
3.009155594E1,5.219098091E0,-1.874061108E0,3.554555774E-1,5.556747123E0
3.009657735E1,5.269384384E0,-2.106219769E0,-1.854336262E-2,5.674761436E0
3.010160386E1,5.072452545E0,-2.204915524E0,-3.191636801E-1,5.540152773E0
3.010663037E1,4.699919224E0,-1.735208035E0,-3.460434675E-1,5.021945212E0
3.011165688E1,4.452444077E0,-1.138045788E0,2.114182115E-1,4.600446079E0
3.011671006E1,4.219055176E0,-5.621414185E-1,9.471067190E-1,4.360440424E0
3.012173787E1,3.990703106E0,-1.214599609E-2,1.633243680E0,4.311999968E0
3.012675688E1,3.671894312E0,4.928064346E-1,2.415608644E0,4.422762840E0
3.013178381E1,3.396540880E0,8.570451736E-1,3.099750519E0,4.677549536E0
3.013681074E1,2.930229187E0,1.114217758E0,3.538819790E0,4.727681229E0
3.014184251E1,2.502517462E0,1.307500839E0,3.676250935E0,4.635404300E0
3.014686975E1,2.146411657E0,1.360445023E0,3.670564890E0,4.464408166E0
3.015189699E1,2.033768892E0,1.235119820E0,3.320304632E0,4.084869610E0
3.015687714E1,2.055618763E0,1.128472328E0,2.944772243E0,3.764399270E0
3.016190126E1,1.967359781E0,1.021387100E0,2.567445755E0,3.391977863E0
3.016694146E1,1.932922840E0,9.096155167E-1,2.144042492E0,3.026633328E0
3.017196714E1,1.723906755E0,8.845310211E-1,1.716122508E0,2.588305641E0
3.017699282E1,1.450947404E0,9.080085754E-1,1.291821599E0,2.144418566E0
3.018201850E1,1.343989253E0,9.179973602E-1,9.654220343E-1,1.892370463E0
3.018704417E1,1.226279378E0,8.525009155E-1,7.166450024E-1,1.656532216E0
3.019206985E1,1.050563931E0,8.170166016E-1,5.439220667E-1,1.437724562E0
3.019709214E1,1.080509067E0,5.678071976E-1,2.153543234E-1,1.239468572E0
3.020211772E1,1.034158707E0,3.539476395E-1,-1.187190413E-2,1.093116693E0
3.020714975E1,9.028520584E-1,1.707134247E-1,-6.581526995E-2,9.212038659E-1
3.021217594E1,4.626768231E-1,9.461593628E-2,6.415885687E-2,4.765903660E-1
3.021720214E1,-1.140547991E-1,1.493120193E-1,3.980706334E-1,4.401849674E-1
3.022224672E1,-7.181187868E-1,2.292165756E-1,7.313522696E-1,1.050290899E0
3.022727407E1,-1.373397589E0,3.294219971E-1,9.605905414E-1,1.708061468E0
3.023230141E1,-1.822557807E0,4.018573761E-1,1.145061493E0,2.189605474E0
3.023733074E1,-2.214439631E0,4.273147583E-1,1.152346611E0,2.532635681E0
3.024235824E1,-2.472423315E0,3.005971909E-1,1.117538214E0,2.729858491E0
3.024738574E1,-2.706368923E0,1.845111847E-1,8.734195828E-1,2.849796290E0
3.025241324E1,-3.241467953E0,1.317043304E-1,5.629299879E-1,3.292620642E0
3.025740548E1,-3.646746159E0,-1.556587219E-2,2.895619273E-1,3.658257229E0
3.026243115E1,-4.283440113E0,-5.614089966E-2,-1.824884415E0,4.656309067E0
3.026746084E1,-4.549654007E0,-6.607532501E-2,-1.852721453E0,4.912870272E0
3.027248693E1,-4.518266678E0,-1.932344437E-1,-2.462333202E0,5.149287147E0
3.027751303E1,-3.912276983E0,-2.840976715E-1,-2.280212402E0,4.537178780E0
3.028258928E1,-2.908791780E0,-4.724016190E-1,-1.640206099E0,3.372611593E0
3.028761870E1,-1.828380466E0,-6.866235733E-1,-9.145765305E-1,2.156589272E0
3.029264813E1,-9.652159214E-1,-8.602228165E-1,-2.717124224E-1,1.321155823E0
3.029767756E1,-6.315838099E-1,-9.174251556E-1,1.774893999E-1,1.127860591E0
3.030263188E1,-6.373817921E-1,-9.310436249E-1,4.177918434E-1,1.203182366E0
3.030765761E1,-1.084866762E0,-8.678379059E-1,3.813631535E-1,1.440665255E0
3.031265975E1,-1.742605090E0,-7.620916367E-1,2.378157377E-1,1.916771371E0
3.031768303E1,-2.464297533E0,-6.665325165E-1,5.319118500E-3,2.552852565E0
3.032270631E1,-3.232341766E0,-6.385564804E-1,-3.599520922E-1,3.314415964E0
3.032772959E1,-3.704846144E0,-6.731195450E-1,-6.151366234E-1,3.815411896E0
3.033279068E1,-3.759939909E0,-8.320932388E-1,-7.136049271E-1,3.916472810E0
3.033781579E1,-3.292566061E0,-1.053352356E0,-7.362768650E-1,3.534493751E0
3.034284089E1,-2.857971907E0,-1.198184967E0,-6.738241911E-1,3.171386081E0
3.034787725E1,-2.598814964E0,-1.281295776E0,-5.830757618E-1,2.955593922E0
3.035290313E1,-2.623829365E0,-1.260078430E0,-4.727448225E-1,2.948858398E0
3.035792902E1,-2.751000881E0,-1.163554192E0,-3.471300602E-1,3.007052291E0
3.036295548E1,-2.937444210E0,-1.102012634E0,-3.681935072E-1,3.158888537E0
3.036798141E1,-3.025516033E0,-1.022860527E0,-4.926688671E-1,3.231518766E0
3.037300407E1,-3.053926468E0,-9.452791214E-1,-6.677654982E-1,3.265873581E0
3.037802964E1,-3.018148661E0,-8.165397644E-1,-9.227514267E-1,3.259973730E0
3.038305803E1,-2.994684696E0,-7.657279968E-1,-1.262929678E0,3.339081785E0
3.038808391E1,-2.878103495E0,-7.112569809E-1,-1.540969849E0,3.341250409E0
3.039310980E1,-2.778272629E0,-7.056055069E-1,-1.762507915E0,3.364983222E0
3.039813782E1,-2.637457848E0,-6.529197693E-1,-1.875904918E0,3.301743083E0
3.040316381E1,-2.383597374E0,-6.823015213E-1,-1.939341187E0,3.147716005E0
3.040818896E1,-2.164700508E0,-6.884260178E-1,-2.077524662E0,3.078305929E0
3.041321490E1,-1.951676369E0,-6.760473251E-1,-2.176120996E0,3.000263859E0
3.041824084E1,-1.748866081E0,-6.546764374E-1,-2.192836523E0,2.880219753E0
3.042326678E1,-1.546621561E0,-6.864509583E-1,-2.223738670E0,2.794327620E0
3.042826891E1,-1.387729287E0,-5.847396851E-1,-2.269278526E0,2.723479044E0
3.043329365E1,-1.114304781E0,-5.935964584E-1,-2.200403690E0,2.536889493E0
3.043831839E1,-8.889040947E-1,-4.641447067E-1,-2.122865915E0,2.347794815E0
3.044334313E1,-6.874527335E-1,-3.782615662E-1,-2.046411991E0,2.191683168E0
3.044836787E1,-4.715939760E-1,-1.541357040E-1,-1.889827847E0,1.953870002E0
3.045345949E1,-3.844242096E-1,6.931495667E-2,-1.743896842E0,1.787110162E0
3.045848693E1,-4.310877323E-1,3.257474899E-1,-1.479944468E0,1.575494744E0
3.046352042E1,-6.211124063E-1,6.342573166E-1,-1.222198248E0,1.510573243E0
3.046854844E1,-9.745647907E-1,9.853754044E-1,-8.988886476E-1,1.651890438E0
3.047357646E1,-1.397175550E0,1.321865082E0,-5.053321123E-1,1.988664717E0
3.047860449E1,-1.952982426E0,1.605701447E0,-1.420664787E-1,2.532311271E0
3.048363251E1,-2.208596706E0,1.966233253E0,3.393517733E-1,2.976429446E0
3.048878292E1,-2.509399652E0,2.360396385E0,6.372117996E-1,3.503512036E0
3.049381584E1,-3.074424982E0,2.846083641E0,1.204525232E0,4.359261646E0
3.049884876E1,-3.674983025E0,3.284509659E0,1.749275923E0,5.230054511E0
3.050388167E1,-3.733990669E0,3.355139732E0,2.196434975E0,5.479413795E0
3.050891459E1,-3.424558163E0,3.321209908E0,1.992783666E0,5.170031005E0
3.051394751E1,-2.947368860E0,3.077515602E0,2.076802254E0,4.740379002E0
3.051872688E1,-2.401181459E0,2.714982986E0,1.874618053E0,4.080563425E0
3.052375136E1,-2.033811092E0,2.233462334E0,1.679842472E0,3.456387173E0
3.052881146E1,-2.076836348E0,1.967589378E0,1.483573794E0,3.222677207E0
3.053383954E1,-2.097838879E0,1.806883812E0,1.334386706E0,3.073490679E0
3.053885412E1,-2.234544277E0,1.827551842E0,1.008263350E0,3.057732631E0
3.054388079E1,-2.576819420E0,1.952777863E0,4.434188604E-1,3.263427644E0
3.054893522E1,-3.033517361E0,2.019937515E0,-2.359657288E-1,3.652130196E0
3.055396454E1,-3.283965111E0,1.995867729E0,-8.972842693E-1,3.946268351E0
3.055899386E1,-3.409789324E0,1.885647774E0,-1.512877584E0,4.179848005E0
3.056396131E1,-3.549252987E0,1.665677071E0,-2.333209753E0,4.562405574E0
3.056898631E1,-4.219209194E0,1.575396538E0,-3.779945612E0,5.879760990E0
3.057401131E1,-5.094349861E0,1.744352341E0,-6.841532707E0,8.706419205E0
3.057904011E1,-5.531000614E0,1.982073784E0,-7.778789043E0,9.748340539E0
3.058406537E1,-5.358291626E0,2.207786560E0,-7.440755844E0,9.431355055E0
3.058910579E1,-4.642446518E0,2.225164413E0,-6.053008556E0,7.946230485E0
3.059413261E1,-4.088354111E0,2.186638832E0,-4.009628773E0,6.129694251E0
3.059917574E1,-3.654927731E0,2.019608498E0,-2.458587170E0,4.845819443E0
3.060420417E1,-3.612423420E0,1.737709045E0,-1.179269552E0,4.178505997E0
3.060923261E1,-3.343038082E0,1.201871872E0,8.941769600E-3,3.552531431E0
3.061425672E1,-3.067330360E0,3.975315094E-1,3.190170527E0,4.443392266E0
3.061928485E1,-2.533825874E0,-6.234140396E-1,1.017791653E1,1.050708825E1
3.062431298E1,-1.814392567E0,-1.892449856E0,1.321093464E1,1.346856269E1
3.062932652E1,-1.796933055E0,-2.843006134E0,9.874634743E0,1.043168556E1
3.063435365E1,-1.862050295E0,-3.646486282E0,3.962114334E0,5.697582251E0
3.063938464E1,-1.385586858E0,-4.318966866E0,-2.884942532E0,5.375520360E0
3.064441214E1,-6.073291302E-1,-4.512913704E0,-8.368964195E0,9.527581040E0
3.064943527E1,2.425040603E-1,-4.317658424E0,-1.065975761E1,1.150353923E1
3.065446230E1,1.225231171E0,-4.010257721E0,-1.019312096E1,1.102193600E1
3.065948933E1,1.923339725E0,-3.480720520E0,-8.602551460E0,9.477264514E0
3.066451417E1,2.393386841E0,-2.848810673E0,-6.722580910E0,7.683561473E0
3.066954105E1,2.825948000E0,-2.248347759E0,-4.720610619E0,5.943501860E0
3.067456792E1,3.320848703E0,-1.654958248E0,-3.069783449E0,4.815650874E0
3.067958954E1,3.470558882E0,-1.072754860E0,-1.932585001E0,4.114664838E0
3.068461605E1,3.069062471E0,-2.904329300E-1,-1.142619848E0,3.287715903E0
3.068964256E1,1.817785978E0,8.935508728E-1,-4.014425874E-1,2.064929824E0
3.069467058E1,-1.390060186E-1,2.412421227E0,1.527436674E-1,2.421245439E0
3.069969719E1,-2.210283279E0,3.926248550E0,7.388876677E-1,4.565822471E0
3.070472381E1,-3.800312042E0,5.324403763E0,1.656030297E0,6.747894738E0
3.070975042E1,-4.824276924E0,6.548496246E0,3.312947989E0,8.782486852E0
3.071473902E1,-5.168087006E0,7.587533951E0,3.964948177E0,1.000003044E1
3.071976370E1,-4.979721069E0,8.235207558E0,4.042713165E0,1.043838087E1
3.072478839E1,-4.232101440E0,8.490506172E0,3.054334879E0,9.966360380E0
3.072981308E1,-2.795202971E0,8.467610359E0,3.068050385E0,9.430085790E0
3.073487511E1,-1.187305927E0,8.109189034E0,3.440805912E0,8.888632486E0
3.073990173E1,4.741488695E-1,7.510756493E0,4.141346931E0,8.589937989E0
3.074492928E1,1.768362761E0,6.759011269E0,4.647056103E0,8.390856369E0
3.074995594E1,2.450805664E0,5.830190659E0,4.601210594E0,7.821042798E0
3.075498261E1,2.566982269E0,4.824765205E0,3.591921806E0,6.539851644E0
3.075997516E1,2.407527447E0,3.847458839E0,1.751027703E0,4.864691763E0
3.076499949E1,1.970677853E0,2.931429863E0,3.651207685E-1,3.551079472E0
3.077002381E1,1.458900928E0,1.951337814E0,-5.833499432E-1,2.505276101E0
3.077505178E1,1.061151624E0,9.734811783E-1,-6.151103973E-1,1.565908418E0
3.078007631E1,8.575539589E-1,-5.980110168E-2,4.584288597E-2,8.608580222E-1
3.078510084E1,8.192546368E-1,-9.521169662E-1,1.511386275E0,1.965195499E0
3.079012855E1,9.329571724E-1,-1.688721180E0,3.275735378E0,3.801661555E0
3.079515329E1,1.152838349E0,-2.460236549E0,4.589472771E0,5.333391084E0
3.080018001E1,1.518975735E0,-3.155909538E0,5.372860432E0,6.413632474E0
3.080520495E1,1.913573503E0,-3.679591179E0,5.770097733E0,7.105996245E0
3.081022990E1,2.257046461E0,-4.078853607E0,6.010767937E0,7.606617952E0
3.081526350E1,2.464744329E0,-4.367880344E0,6.075274467E0,7.877963136E0
3.082028902E1,2.542449951E0,-4.484496593E0,6.120918274E0,8.002524725E0
3.082531454E1,2.705796003E0,-4.510128498E0,6.023427486E0,7.996516102E0
3.083034006E1,2.854487181E0,-4.416043758E0,5.778664589E0,7.812970240E0
3.083539574E1,2.921846151E0,-4.140075684E0,5.363256454E0,7.378477580E0
3.084042277E1,2.860294104E0,-3.653763771E0,4.920545578E0,6.763360174E0
3.084546548E1,2.559836864E0,-3.067481041E0,4.631887913E0,6.116910196E0
3.085049397E1,2.192287445E0,-2.439125061E0,4.295148849E0,5.404050235E0
3.085552245E1,1.819254160E0,-1.850500584E0,3.904141903E0,4.687895275E0
3.086054490E1,1.521686316E0,-1.354568958E0,3.557722092E0,4.099728380E0
3.086557292E1,1.294417024E0,-9.610548019E-1,3.345663548E0,3.713839837E0
3.087060094E1,1.180463195E0,-7.131052017E-1,3.132458925E0,3.422617610E0
3.087562615E1,1.079356790E0,-5.866794586E-1,2.879303455E0,3.130430043E0
3.088065402E1,1.033886075E0,-6.198883057E-1,2.619982481E0,2.884005917E0
3.088568469E1,1.058407426E0,-6.786317825E-1,2.765372515E0,3.037770979E0
3.089071282E1,1.191481709E0,-8.390808105E-1,3.134099245E0,3.456336695E0
3.089574094E1,1.241920829E0,-1.009778023E0,3.560523748E0,3.903760797E0
3.090076907E1,1.243407369E0,-1.171249866E0,3.802261353E0,4.168342540E0
3.090579719E1,9.809936285E-1,-1.151001453E0,4.062019348E0,4.334415074E0
3.091082532E1,8.319739103E-1,-1.107040405E0,4.059428692E0,4.289135152E0
3.091585344E1,6.568927765E-1,-1.044091225E0,4.026233673E0,4.210960959E0
3.092086256E1,4.888019562E-1,-8.951511383E-1,4.078777313E0,4.204360508E0
3.092589016E1,4.179539680E-1,-8.134574890E-1,3.873296738E0,3.979802285E0
3.093088006E1,3.249616623E-1,-6.888456345E-1,3.391069889E0,3.475552241E0
3.093590370E1,6.255893707E-1,-5.454511642E-1,3.043109655E0,3.154266223E0
3.094092735E1,9.137607813E-1,-3.067140579E-1,2.708163261E0,2.874574843E0
3.094593011E1,1.124073029E0,-1.562404633E-2,2.326860905E0,2.584195417E0
3.095095235E1,1.113858700E0,3.659248352E-1,1.088884115E0,1.600078374E0
3.095597459E1,8.794585466E-1,8.423013687E-1,3.877357841E-1,1.277989816E0
3.096105740E1,3.347330093E-1,1.436832428E0,-7.798523903E-1,1.668743049E0
3.096608365E1,3.494524956E-2,1.886195183E0,-1.955956697E0,2.717484138E0
3.097110990E1,-2.651352882E-1,2.237935066E0,-3.539988041E0,4.196446760E0
3.097609115E1,-8.861794472E-1,2.726560593E0,-4.278942108E0,5.150610861E0
3.098111438E1,-1.461388350E0,3.035971642E0,-5.614173889E0,6.547650584E0
3.098613761E1,-2.254637718E0,3.348295212E0,-7.530237675E0,8.543942386E0
3.099116881E1,-3.452819347E0,3.429266930E0,-1.093663597E1,1.197045695E1
3.099619261E1,-4.089263916E0,2.653254509E0,-1.043563461E1,1.151799933E1
3.100121641E1,-1.581384540E0,1.019421577E0,-2.552070618E0,3.170656376E0
3.100624022E1,-1.443049908E-1,2.973127365E-1,1.059235096E0,1.109593521E0
3.101126402E1,1.608453989E-1,2.277555466E-1,2.696613312E0,2.710990075E0
3.101629928E1,-3.240585327E-2,-5.256366730E-2,3.581903934E0,3.582436165E0
3.102132350E1,-5.940804482E-1,-3.104743958E-1,3.859295130E0,3.917076056E0
3.102635548E1,-1.025639892E0,-4.754171371E-1,4.055186749E0,4.209809759E0
3.103138048E1,-1.096143246E0,-7.348766327E-1,4.112808704E0,4.319348229E0
3.103643917E1,-6.737825871E-1,-1.084415436E0,4.363829136E0,4.546750987E0
3.104146761E1,2.023007870E-1,-1.380620003E0,5.149436951E0,5.335141808E0
3.104649136E1,1.546729207E0,-1.661597729E0,6.297007084E0,6.693696771E0
3.105151933E1,2.963468075E0,-1.802522182E0,7.626655579E0,8.378371236E0
3.105655079E1,4.425348282E0,-1.908159733E0,8.653292656E0,9.904759198E0
3.106157912E1,5.843265533E0,-1.987434864E0,8.881920815E0,1.081582945E1
3.106660745E1,6.689018250E0,-1.977405071E0,8.433094978E0,1.094395664E1
3.107164433E1,7.070293427E0,-1.638515949E0,7.607025623E0,1.051383006E1
3.107667324E1,7.064232349E0,-1.315466881E0,6.797661304E0,9.891513080E0
3.108170214E1,6.436396599E0,-8.171415329E-1,5.900761604E0,8.770057524E0
3.108673105E1,5.152029991E0,-2.498998642E-1,5.302521229E0,7.397472160E0
3.109181256E1,3.390824795E0,3.463954926E-1,4.512393951E0,5.655031547E0
3.109684412E1,1.610245109E0,1.059704781E0,3.666877270E0,4.142686621E0
3.110187568E1,3.493528366E-1,2.102922440E0,2.578263283E0,3.345410550E0
3.110690725E1,-2.693543434E-1,2.914063454E0,1.002905369E0,3.093563763E0
3.111185725E1,3.947687149E-1,3.836298943E0,-3.791677952E-1,3.875151627E0
3.111688469E1,1.919724941E0,4.510887146E0,-9.167338610E-1,4.987368812E0
3.112191214E1,4.053639412E0,4.862746239E0,-5.746637583E-1,6.356770556E0
3.112693959E1,5.534419060E0,5.277359009E0,-1.762572527E-1,7.649273106E0
3.113193126E1,6.339247704E0,5.900300026E0,2.260993719E-1,8.663182023E0
3.113695688E1,6.212610722E0,6.478775978E0,7.068794966E-1,9.003929630E0
3.114198251E1,5.777885437E0,6.956171036E0,1.189378023E0,9.120685045E0
3.114701443E1,5.206890106E0,7.237198830E0,1.629893780E0,9.063404725E0
3.115204048E1,4.083273411E0,7.274373055E0,1.830196261E0,8.540447496E0
3.115706277E1,3.075237036E0,6.924097061E0,1.868388057E0,7.803273471E0
3.116208844E1,2.352509022E0,6.095406532E0,1.768331766E0,6.768698304E0
3.116708272E1,2.291777372E0,5.022985458E0,1.610008478E0,5.751065444E0
3.117210522E1,2.437947989E0,3.697483063E0,1.443531394E0,4.658192169E0
3.117712772E1,2.176022053E0,2.440010071E0,1.318688869E0,3.525288847E0
3.118219412E1,1.712597847E0,1.188281059E0,1.151442885E0,2.381349193E0
3.118721959E1,1.101586461E0,4.762935638E-2,1.279185414E0,1.688809229E0
3.119224506E1,4.910099506E-1,-9.821929932E-1,1.183588147E0,1.614519975E0
3.119723402E1,-6.101524830E-2,-1.824717999E0,1.197932839E0,2.183657877E0
3.120225704E1,-2.925359011E-1,-2.642906666E0,1.139518142E0,2.892928359E0
3.120728006E1,-6.904691458E-1,-3.283375740E0,9.749585986E-1,3.493973120E0
3.121231511E1,-1.072535634E0,-3.741398811E0,5.366284251E-1,3.928914331E0
3.121733891E1,-1.548018098E0,-3.959629059E0,1.971482635E-1,4.256041559E0
3.122236272E1,-1.790997505E0,-4.186941147E0,2.897493243E-1,4.563124248E0
3.122738652E1,-2.092343807E0,-4.236560822E0,-1.145454049E-1,4.726464942E0
3.123248469E1,-2.916596413E0,-4.094429970E0,-8.116136193E-1,5.092112340E0
3.123751209E1,-3.547178268E0,-3.784171104E0,-6.249511838E-1,5.224269193E0
3.124253949E1,-3.804193258E0,-3.463781357E0,-3.308309913E-1,5.155493844E0
3.124752803E1,-3.787314415E0,-3.142336845E0,2.691091001E-1,4.928534370E0
3.125255261E1,-3.793842793E0,-2.743062496E0,9.414455891E-1,4.775348656E0
3.125756490E1,-3.874413252E0,-2.256066799E0,1.613041997E0,4.764747625E0
3.126258824E1,-4.071464539E0,-1.657420635E0,2.257064104E0,4.941478020E0
3.126761157E1,-4.211871624E0,-1.095477104E0,2.938222885E0,5.251008130E0
3.127263490E1,-4.328898430E0,-4.316034317E-1,3.486054182E0,5.574784023E0
3.127765193E1,-4.259292603E0,5.652046204E-2,4.050412655E0,5.877976753E0
3.128267495E1,-4.203823566E0,5.314693451E-1,4.532179356E0,6.204453397E0
3.128769798E1,-3.851237535E0,9.212017059E-1,5.000210285E0,6.378302755E0
3.129272100E1,-3.392422915E0,1.172824860E0,5.499408245E0,6.567156343E0
3.129774402E1,-2.534467936E0,1.176010132E0,5.793244362E0,6.431812169E0
3.130282870E1,-1.133442163E0,7.870674133E-1,5.630387783E0,5.797019306E0
3.130785423E1,5.462453365E-1,-2.524700165E-1,4.694021225E0,4.732437040E0
3.131287975E1,1.721722841E0,-1.315640450E0,3.672303438E0,4.263924469E0
3.131787772E1,1.849401951E0,-1.976935863E0,2.859672785E0,3.937802867E0
3.132290136E1,1.388091683E0,-2.322854519E0,2.363356113E0,3.592757125E0
3.132791063E1,7.518370152E-1,-2.434968472E0,2.014569283E0,3.248510389E0
3.133293287E1,3.351394236E-1,-2.389917850E0,1.663982630E0,2.931358722E0
3.133796865E1,1.108214259E-2,-2.139876842E0,1.310560703E0,2.509335584E0
3.134299225E1,-3.465366066E-1,-1.665778637E0,9.723480344E-1,1.959685380E0
3.134801693E1,-5.432804823E-1,-1.230758667E0,6.004688144E-1,1.473256046E0
3.135304063E1,-8.292064667E-1,-7.198524475E-1,2.322896123E-1,1.122376663E0
3.135805969E1,-1.257710814E0,-1.760520935E-1,-6.660014391E-2,1.271717898E0
3.136308292E1,-1.676839113E0,3.098382950E-1,-2.304104567E-1,1.720720244E0
3.136810615E1,-2.523292542E0,9.197006226E-1,-2.508379519E-1,2.697364299E0
3.137312938E1,-3.339463711E0,1.438188553E0,-1.047692299E-1,3.637496499E0
3.137815261E1,-3.611081839E0,1.688423157E0,-2.276236117E-1,3.992805694E0
3.138317584E1,-3.717442989E0,1.866797447E0,-4.667075574E-1,4.185944461E0
3.138830428E1,-3.385974169E0,1.777289391E0,-7.408566475E-1,3.895182566E0
3.139333105E1,-2.659873724E0,1.511137962E0,-9.032827020E-1,3.189731307E0
3.139835782E1,-1.776278138E0,1.145076752E0,-1.045198560E0,2.357711776E0
3.140332980E1,-7.183781862E-1,7.509813309E-1,-1.138385534E0,1.541415519E0
3.140835287E1,-1.821669489E-1,4.436702728E-1,-1.164026022E0,1.258961750E0
3.141337594E1,-9.822446108E-2,2.325849533E-1,-1.055104017E0,1.084890913E0
3.141839902E1,-3.268770576E-1,7.456016541E-2,-7.926846147E-1,8.606722531E-1
3.142345339E1,-5.237407088E-1,-2.456865311E-1,-5.919573903E-1,8.276954474E-1
3.142847803E1,-6.703372598E-1,-4.792737961E-1,-2.947053313E-1,8.751609256E-1
3.143346240E1,-8.295202255E-1,-7.076139450E-1,-3.458967805E-2,1.090879345E0
3.143848308E1,-9.012890458E-1,-8.924646378E-1,3.085062206E-1,1.305370124E0
3.144350376E1,-9.385501742E-1,-1.057815552E0,6.157106161E-1,1.542384431E0
3.144852443E1,-9.940528274E-1,-1.108066559E0,8.734667301E-1,1.725948044E0
3.145363943E1,-8.763249516E-1,-1.177276611E0,1.177866459E0,1.881832893E0
3.145866469E1,-7.534496188E-1,-1.179400444E0,1.405695677E0,1.983595743E0
3.146368995E1,-6.155123115E-1,-1.214961052E0,1.609835029E0,2.108685511E0
3.146872022E1,-5.817729831E-1,-1.121318817E0,1.823991776E0,2.218729747E0
3.147374584E1,-6.184633970E-1,-9.751777649E-1,2.000740051E0,2.310071297E0
3.147877146E1,-5.871208310E-1,-8.914051056E-1,2.059133530E0,2.319341464E0
3.148374839E1,-6.077965498E-1,-7.264633179E-1,2.147611141E0,2.347210943E0
3.148877068E1,-5.464749336E-1,-5.378150940E-1,2.227437496E0,2.355707479E0
3.149379298E1,-4.849936664E-1,-3.780803680E-1,2.331684589E0,2.411413827E0
3.149885506E1,-3.324645162E-1,-2.519941330E-1,2.331058025E0,2.368093160E0
3.150388001E1,-2.281864285E-1,-1.116914749E-1,2.402459145E0,2.415854709E0
3.150892204E1,1.936179399E-2,-4.967689514E-3,2.463886738E0,2.463967819E0
3.151394870E1,1.323849857E-1,1.734533310E-1,2.529341459E0,2.538735918E0
3.151897537E1,2.642451823E-1,3.326349258E-1,2.584308386E0,2.618992429E0
3.152395980E1,4.336329103E-1,5.204401016E-1,2.709783554E0,2.793174236E0
3.152898365E1,6.405719519E-1,6.269006729E-1,2.885843515E0,3.021825553E0
3.153400652E1,7.269393206E-1,7.860136032E-1,3.112553596E0,3.291541896E0
3.153903027E1,8.171520233E-1,8.924875259E-1,3.323126793E0,3.536586362E0
3.154405402E1,8.537095785E-1,9.941625595E-1,3.484673500E0,3.722919371E0
3.154907594E1,9.318857193E-1,1.076610565E0,3.588508606E0,3.860685861E0
3.155409954E1,9.130127430E-1,1.106287956E0,3.573456764E0,3.850591975E0
3.155912313E1,1.055426598E0,1.054462433E0,3.478903770E0,3.785312110E0
3.156413068E1,1.076709628E0,1.007227898E0,3.315232754E0,3.628302616E0
3.156915318E1,1.096895933E0,9.167137146E-1,3.035069466E0,3.354875763E0
3.157417568E1,9.436140060E-1,8.068265915E-1,2.710632801E0,2.981426961E0
3.157919818E1,8.844836950E-1,6.536693573E-1,2.279573679E0,2.531017818E0
3.158424365E1,6.799684763E-1,5.529813766E-1,1.870567799E0,2.065712812E0
3.158926730E1,4.922924936E-1,5.047225952E-1,1.463923573E0,1.624859694E0
3.159429094E1,4.212644100E-1,4.084281921E-1,1.068623781E0,1.219112003E0
3.159934579E1,3.280459940E-1,3.550786972E-1,6.841585636E-1,8.377159397E-1
3.160437157E1,4.138408899E-1,3.111753464E-1,3.917089701E-1,6.492536450E-1
3.160940037E1,3.441729248E-1,3.436784744E-1,1.721268892E-1,5.159433708E-1
3.161442641E1,1.816932410E-1,3.281650543E-1,-6.548166275E-2,3.807789186E-1
3.161945245E1,1.036929786E-1,4.034004211E-1,-3.258575797E-1,5.288357929E-1
3.162444287E1,-1.096603274E-1,4.497652054E-1,-5.088855028E-1,6.879524565E-1
3.162946657E1,-3.627605736E-1,5.151453018E-1,-6.579331160E-1,9.109587811E-1
3.163449027E1,-7.557850480E-1,5.803985596E-1,-8.543028831E-1,1.279807385E0
3.163951397E1,-1.087829828E0,6.264028549E-1,-9.831712842E-1,1.594484257E0
3.164455558E1,-1.383106232E0,6.292533875E-1,-9.248445034E-1,1.778842328E0
3.164958016E1,-1.694047451E0,5.984964371E-1,-8.364719748E-1,1.981837560E0
3.165458928E1,-1.953676939E0,5.197114944E-1,-6.928988695E-1,2.137068661E0
3.165961230E1,-2.099840164E0,3.976373672E-1,-6.268287897E-1,2.227186234E0
3.166463532E1,-2.261282682E0,1.940183640E-1,-5.702910423E-1,2.340144091E0
3.166965834E1,-2.351688385E0,6.196784973E-2,-5.990856886E-1,2.427587679E0
3.167473829E1,-2.447569132E0,-7.988166809E-2,-6.697740555E-1,2.538813310E0
3.167976417E1,-2.504964113E0,-1.309270859E-1,-7.642189264E-1,2.622216177E0
3.168478719E1,-2.547839165E0,-2.585821152E-1,-9.019153118E-1,2.715105955E0
3.168981277E1,-2.700485468E0,-3.095865250E-1,-1.064585209E0,2.919213464E0
3.169483834E1,-2.919790983E0,-3.125944138E-1,-1.205598354E0,3.174328598E0
3.169986777E1,-3.167688608E0,-3.057966232E-1,-1.321577072E0,3.445914777E0
3.170489360E1,-3.472847700E0,-2.699794769E-1,-1.351654291E0,3.736379182E0
3.170991855E1,-3.701710224E0,-2.242574692E-1,-1.421150684E0,3.971475704E0
3.171494428E1,-3.969205141E0,-1.446819305E-1,-1.358933687E0,4.197883166E0
3.171997459E1,-4.203972340E0,-1.029911041E-1,-1.180677176E0,4.367835756E0
3.172500079E1,-4.391636848E0,-1.182842255E-1,-9.921155572E-1,4.503860416E0
3.173002407E1,-4.575078011E0,-1.570272446E-1,-8.559675217E-1,4.657110344E0
3.173504995E1,-4.658546925E0,-2.144279480E-1,-5.669615269E-1,4.697816958E0
3.174007584E1,-4.747038364E0,-2.905015945E-1,-1.636476964E-1,4.758733548E0
3.174510172E1,-4.883031845E0,-4.044141769E-1,2.107120454E-1,4.904278784E0
3.175011438E1,-4.908553123E0,-6.470394135E-1,5.950697660E-1,4.986648353E0
3.175513959E1,-5.000468731E0,-9.274082184E-1,8.995150328E-1,5.164678192E0
3.176016480E1,-5.058074474E0,-1.130746841E0,1.225412488E0,5.325818395E0
3.176520407E1,-5.167485237E0,-1.271549225E0,1.506904602E0,5.530868159E0
3.177023022E1,-5.381011963E0,-1.287785530E0,1.855320215E0,5.835742833E0
3.177525537E1,-5.555331707E0,-1.146178246E0,2.090225220E0,6.045202760E0
3.178028141E1,-5.637988567E0,-8.326101303E-1,2.193703651E0,6.106757767E0
3.178530923E1,-5.609497547E0,-2.708292007E-1,2.291097879E0,6.065388749E0
3.179033542E1,-5.464478016E0,4.957542419E-1,2.330530167E0,5.961347424E0
3.179536162E1,-5.369759560E0,1.337715149E0,2.369874954E0,6.019975652E0
3.180038782E1,-5.362815857E0,2.326663017E0,2.409247637E0,6.322786481E0
3.180541214E1,-5.376199722E0,3.228067398E0,2.506134748E0,6.753121794E0
3.181043824E1,-5.366563320E0,3.951188087E0,2.512123108E0,7.121983690E0
3.181546485E1,-5.242633343E0,4.491481781E0,2.446169853E0,7.324094477E0
3.182049100E1,-5.118618488E0,4.686578751E0,2.336891413E0,7.322932274E0
3.182551714E1,-4.831821918E0,4.360013962E0,1.935604453E0,6.789903490E0
3.183054329E1,-4.425416470E0,3.440773964E0,1.438399553E0,5.787247159E0
3.183556647E1,-4.047852516E0,2.283578873E0,8.783367872E-1,4.729832764E0
3.184059245E1,-3.431910992E0,9.844875336E-1,2.070171684E-1,3.576322814E0
3.184561844E1,-2.759849548E0,-4.496479034E-2,-5.241925120E-1,2.809549635E0
3.185065772E1,-2.002584219E0,-8.768415451E-1,-1.225252986E0,2.506080511E0
3.185568459E1,-1.465683937E0,-1.430114746E0,-1.749348402E0,2.693265197E0
3.186071146E1,-1.043009043E0,-1.796030521E0,-2.231469631E0,3.048450461E0
3.186572693E1,-8.823632002E-1,-1.927027225E0,-2.409712315E0,3.209160667E0
3.187075303E1,-8.304945230E-1,-1.847262859E0,-2.241113663E0,3.020710458E0
3.187577803E1,-1.069309115E0,-1.595184326E0,-1.854885340E0,2.669950307E0
3.188080402E1,-1.565498829E0,-1.137385368E0,-1.355334401E0,2.362490931E0
3.188583001E1,-2.037879705E0,-6.461143494E-1,-8.994444013E-1,2.319357169E0
3.189085600E1,-2.416541338E0,-1.308040619E-1,-4.766661525E-1,2.466575027E0
3.189584699E1,-2.574280739E0,3.272829056E-1,-2.482849360E-2,2.595120783E0
3.190087120E1,-2.588165522E0,8.478746414E-1,5.716511011E-1,2.782854139E0
3.190589542E1,-2.473734379E0,1.320880890E0,1.149539232E0,3.030763691E0
3.191091964E1,-2.183584452E0,1.751144409E0,1.699348211E0,3.274497235E0
3.191595193E1,-1.899635196E0,2.100438118E0,2.302246332E0,3.649766066E0
3.192097657E1,-1.540375590E0,2.368798256E0,2.708877802E0,3.914330221E0
3.192600209E1,-1.253748178E0,2.723698616E0,3.148911715E0,4.348110352E0
3.193102683E1,-1.006295800E0,2.988020897E0,3.569286823E0,4.762426750E0
3.193605157E1,-8.125207424E-1,3.209579468E0,3.878378868E0,5.099354171E0
3.194107631E1,-5.672928691E-1,3.412204742E0,4.128224850E0,5.385833530E0
3.194614172E1,-2.134374380E-1,3.442745209E0,4.366117477E0,5.564263827E0
3.195116850E1,1.713658571E-1,3.334527016E0,4.576043606E0,5.664681082E0
3.195619032E1,4.583126903E-1,3.058935165E0,4.528341293E0,5.483886372E0
3.196121662E1,8.527673483E-1,2.572976112E0,4.342606544E0,5.119145419E0
3.196624756E1,1.235134244E0,1.914987564E0,4.185723782E0,4.765817616E0
3.197127433E1,1.620157719E0,1.352919579E0,4.267955303E0,4.761380565E0
3.197629928E1,1.831519008E0,7.671318054E-1,4.417170048E0,4.842968543E0
3.198132584E1,1.917772532E0,2.725534439E-1,4.538418770E0,4.934509276E0
3.198635131E1,2.147222519E0,-1.164112091E-1,4.785821438E0,5.246732598E0
3.199137777E1,2.310144424E0,-4.619379044E-1,4.901309013E0,5.438104811E0
3.199640423E1,2.517592430E0,-6.875238419E-1,4.851203918E0,5.508642313E0
3.200143068E1,2.675087929E0,-8.411254883E-1,4.639703751E0,5.421294901E0
3.200645313E1,2.688252926E0,-9.275121689E-1,4.462671757E0,5.291731458E0
3.201147938E1,2.514871597E0,-9.467229843E-1,4.396024704E0,5.152271029E0
3.201650532E1,2.360929966E0,-8.843717575E-1,4.104971886E0,4.817353827E0
3.202153152E1,2.407887459E0,-8.743829727E-1,3.867294550E0,4.638796690E0
3.202655772E1,2.588449478E0,-8.592262268E-1,3.639760017E0,4.548207712E0
3.203158391E1,2.806987286E0,-8.004646301E-1,3.523015022E0,4.575101758E0
3.203660693E1,2.867729664E0,-7.552909851E-1,3.149021149E0,4.325583439E0
3.204163298E1,2.727867603E0,-7.043600082E-1,2.374850273E0,3.684738593E0
3.204665902E1,2.587849855E0,-6.715345383E-1,1.444952250E0,3.039047962E0
3.205168506E1,2.398716211E0,-5.516328812E-1,6.273534298E-1,2.540021776E0
3.205667725E1,2.086870670E0,-4.979772568E-1,6.589484215E-2,2.146474475E0
3.206170157E1,1.886450291E0,-4.578294754E-1,-2.442154884E-1,1.956513157E0
3.206672589E1,1.737686872E0,-4.744176865E-1,-3.113009930E-1,1.827986903E0
3.207175506E1,1.725773335E0,-5.667400360E-1,-3.203084469E-1,1.844474281E0
3.207677969E1,1.682450533E0,-7.108306885E-1,-2.747226954E-1,1.846995567E0
3.208180433E1,1.449818134E0,-7.440443039E-1,-5.908811092E-2,1.630664268E0
3.208686917E1,1.387069225E0,-7.525491714E-1,3.522825241E-2,1.578458844E0
3.209189652E1,1.396553755E0,-7.895011902E-1,8.889317513E-3,1.604292224E0
3.209692386E1,1.579695940E0,-8.405513763E-1,-8.685553074E-2,1.791510470E0
3.210191501E1,1.773687840E0,-8.485612869E-1,-1.814779043E-1,1.974578193E0
3.210693990E1,1.932324767E0,-8.373165131E-1,-2.431964874E-1,2.119934546E0
3.211196480E1,1.893079042E0,-8.165502548E-1,-2.299287319E-1,2.074456507E0
3.211701183E1,1.785709381E0,-7.670812607E-1,-2.281030416E-1,1.956834856E0
3.212203824E1,1.628814220E0,-7.273807526E-1,-2.087012529E-1,1.796016352E0
3.212705646E1,1.427078605E0,-7.070674896E-1,-7.597506046E-2,1.594449745E0
3.213208204E1,1.252207160E0,-6.153078079E-1,5.520176888E-2,1.396307167E0
3.213710761E1,1.065355062E0,-5.958967209E-1,2.278315425E-1,1.241765486E0
3.214213318E1,9.955291748E-1,-5.771360397E-1,5.036728382E-1,1.256125262E0
3.214718313E1,9.996407032E-1,-5.350961685E-1,8.014765978E-1,1.388515100E0
3.215220990E1,9.910969734E-1,-5.703716278E-1,1.102609158E0,1.588503686E0
3.215723667E1,9.748902321E-1,-6.062974930E-1,1.349930763E0,1.772094998E0
3.216228032E1,9.463529587E-1,-7.241230011E-1,1.520099521E0,1.931486628E0
3.216730824E1,8.477480412E-1,-8.043165207E-1,1.628136158E0,2.004103080E0
3.217235272E1,7.509527206E-1,-8.995523453E-1,1.712513566E0,2.075048704E0
3.217738230E1,7.604596615E-1,-1.019646168E0,1.697555065E0,2.121242655E0
3.218241188E1,8.186767101E-1,-1.174226284E0,1.669440031E0,2.199106396E0
3.218744146E1,8.157019615E-1,-1.301086903E0,1.752474070E0,2.330099179E0
3.219247105E1,9.046230316E-1,-1.333361149E0,1.788824439E0,2.407506523E0
3.219741886E1,1.027386665E0,-1.520081997E0,1.807931304E0,2.575808269E0
3.220244516E1,1.275767803E0,-1.592951298E0,1.651286840E0,2.625228667E0
3.220747147E1,1.348468304E0,-1.681180477E0,1.510845304E0,2.631993179E0
3.221247818E1,1.456240654E0,-1.746480465E0,1.290938973E0,2.614833511E0
3.221750318E1,1.527527571E0,-1.803185940E0,1.058257818E0,2.589349266E0
3.222253876E1,1.538646698E0,-1.832117558E0,7.602724433E-1,2.510398891E0
3.222756485E1,1.642695665E0,-1.823765278E0,2.823516130E-1,2.470686397E0
3.223259094E1,1.715319395E0,-1.787722111E0,-2.320079803E-1,2.488392790E0
3.223766803E1,1.756790638E0,-1.728730679E0,-6.873471141E-1,2.558763209E0
3.224269751E1,1.791296005E0,-1.613231182E0,-1.006898642E0,2.612489445E0
3.224772699E1,1.833714962E0,-1.469772816E0,-1.214776039E0,2.645453367E0
3.225272605E1,1.808060884E0,-1.255078793E0,-1.324593425E0,2.568823598E0
3.225775344E1,1.595366716E0,-9.642062187E-1,-1.464787602E0,2.370757540E0
3.226278084E1,1.311294794E0,-6.303768158E-1,-1.576294661E0,2.145127927E0
3.226777386E1,8.462750912E-1,-1.768875122E-1,-2.259715557E0,2.419459675E0
3.227279896E1,1.815555096E-1,3.244705200E-1,-3.045289278E0,3.067903243E0
3.227782407E1,-4.289386272E-1,7.588977814E-1,-3.905611992E0,4.001714535E0
3.228285016E1,-1.085510254E0,1.207838058E0,-4.530763149E0,4.813005298E0
3.228787532E1,-1.926102161E0,1.618943214E0,-4.945767403E0,5.549005485E0
3.229290074E1,-2.940293550E0,2.073773384E0,-4.937049389E0,6.109035839E0
3.229792594E1,-3.964582443E0,2.424236298E0,-4.492243290E0,6.463364863E0
3.230295115E1,-5.060403347E0,2.790240288E0,-3.775946856E0,6.902962955E0
3.230798131E1,-5.849254131E0,3.004583359E0,-2.961503983E0,7.211920749E0
3.231300683E1,-6.450520992E0,3.019860268E0,-2.226264954E0,7.462240465E0
3.231803110E1,-6.706462860E0,2.779047966E0,-1.440766811E0,7.401051324E0
3.232305646E1,-6.508024693E0,2.263237000E0,-8.623380661E-1,6.944080505E0
3.232808183E1,-5.713488579E0,1.568064690E0,-5.850968361E-1,5.953580177E0
3.233310719E1,-4.478320122E0,7.935199738E-1,-7.948074937E-1,4.617005958E0
3.233813214E1,-3.263091564E0,1.162290573E-1,-1.233072042E0,3.490235295E0
3.234315751E1,-2.393465281E0,-4.355316162E-1,-1.694943190E0,2.964995152E0
3.234818287E1,-1.644911289E0,-8.288140297E-1,-1.922768474E0,2.662649892E0
3.235322376E1,-9.606466293E-1,-1.183817387E0,-1.874490976E0,2.416191626E0
3.235825016E1,-3.079934120E-1,-1.438980579E0,-1.656769395E0,2.215944466E0
3.236327657E1,2.170813084E-1,-1.747788906E0,-1.361655951E0,2.226206927E0
3.236829105E1,6.762435436E-1,-2.000630379E0,-1.166903853E0,2.412776792E0
3.237331662E1,1.212817669E0,-2.250371933E0,-8.908821940E-1,2.707170408E0
3.237834386E1,1.797449350E0,-2.344356537E0,-1.803178191E-1,2.959619275E0
3.238336959E1,2.463807583E0,-2.148920059E0,5.708578825E-1,3.318747346E0
3.238839532E1,3.150249004E0,-1.382004261E0,3.244494796E-1,3.455325170E0
3.239342048E1,3.541889668E0,3.626222610E-1,-6.930649281E-1,3.627232597E0
3.239844620E1,3.667854548E0,2.973987579E0,-1.775938630E0,5.044969487E0
3.240347193E1,4.073283195E0,6.125860214E0,-2.553681135E0,7.787110292E0
3.240849766E1,4.849672318E0,9.249030113E0,-2.145942926E0,1.066156418E1
3.241355964E1,5.325181484E0,1.148884869E1,-7.510796785E-1,1.268524035E1
3.241858719E1,4.733985901E0,1.231251621E1,1.503904104E0,1.327668654E1
3.242361292E1,2.749674320E0,1.167966557E1,4.596113205E0,1.284910710E1
3.242864027E1,1.066110611E0,9.424211502E0,6.981541634E0,1.177685348E1
3.243366761E1,4.595978260E-1,6.101738930E0,7.646607399E0,9.793520962E0
3.243869495E1,5.624077320E-1,2.960917473E0,7.100140095E0,7.713321211E0
3.244372230E1,9.933156967E-1,4.216794968E-1,5.523352146E0,5.627780078E0
3.244875938E1,1.678122997E0,-1.503210545E0,3.214623213E0,3.925498839E0
3.245378709E1,2.686889172E0,-3.092693329E0,1.768188924E-1,4.100657309E0
3.245881480E1,3.827863455E0,-4.270945072E0,-3.030851603E0,6.486876897E0
3.246382094E1,4.632638931E0,-4.990619183E0,-5.883367538E0,8.998979769E0
3.246884714E1,4.900590420E0,-5.056424618E0,-7.382720470E0,1.020234179E1
3.247387334E1,4.817689419E0,-4.560730457E0,-7.354680061E0,9.904630859E0
3.247889954E1,4.679274082E0,-3.442919731E0,-5.529904842E0,8.020545479E0
3.248388709E1,4.513510704E0,-2.034057617E0,-2.639039993E0,5.610142721E0
3.248891136E1,4.506629467E0,-4.876441956E-1,-3.151491880E-1,4.543877752E0
3.249393563E1,4.525360107E0,9.288949966E-1,1.424366951E0,4.834309798E0
3.249900120E1,4.402653217E0,2.029551506E0,2.691329956E0,5.544879764E0
3.250402818E1,4.154395580E0,3.006822586E0,3.573120356E0,6.250373891E0
3.250905475E1,3.938254118E0,3.879979134E0,4.266239166E0,6.983185534E0
3.251408167E1,3.701694965E0,4.644563675E0,4.612582207E0,7.520002125E0
3.251910219E1,3.449729204E0,5.267470360E0,4.463349819E0,7.718054624E0
3.252412850E1,3.177463531E0,5.758526802E0,3.918203354E0,7.655666068E0
3.252915855E1,2.818316460E0,5.936462402E0,3.320419788E0,7.362722397E0
3.253418522E1,2.296291828E0,5.696787834E0,2.520832539E0,6.639348197E0
3.253920985E1,2.013126373E0,4.977961540E0,1.835542440E0,5.674680162E0
3.254423631E1,1.920635343E0,3.929015160E0,1.011438608E0,4.488764674E0
3.254926277E1,2.062411785E0,2.852168083E0,-4.602633417E-2,3.520017552E0
3.255428923E1,2.061404705E0,1.824550629E0,-1.153648138E0,2.984841433E0
3.255931100E1,1.976263046E0,8.753213882E-1,-2.243512869E0,3.115309480E0
3.256433719E1,1.754948616E0,1.146154404E-1,-3.292047501E0,3.732366286E0
3.256936339E1,1.364649177E0,-5.437011719E-1,-3.827465296E0,4.099679125E0
3.257435949E1,8.691847324E-1,-1.003726959E0,-3.308503389E0,3.564988722E0
3.257938370E1,1.101481915E-1,-1.371235371E0,-2.471640348E0,2.828679034E0
3.258440969E1,-8.587303162E-1,-1.622272015E0,-1.975386858E0,2.696541764E0
3.258943407E1,-1.721493959E0,-1.828774929E0,-9.479457140E-1,2.684503729E0
3.259446282E1,-2.243915319E0,-1.895102978E0,1.288729161E-1,2.939928483E0
3.259948761E1,-2.248396158E0,-1.997921467E0,1.048656821E0,3.185381704E0
3.260451240E1,-2.131068945E0,-2.002663136E0,2.123330355E0,3.613951615E0
3.260955277E1,-1.565429688E0,-2.014067173E0,3.274039507E0,4.150466405E0
3.261457860E1,-1.219041348E0,-1.887978077E0,4.467487335E0,5.000896531E0
3.261960443E1,-8.995836973E-1,-1.643625736E0,5.383233547E0,5.699996475E0
3.262462079E1,-8.452559710E-1,-1.458223343E0,6.184009552E0,6.409590245E0
3.262964600E1,-9.602372646E-1,-1.217372894E0,6.768136024E0,6.943465821E0
3.263467120E1,-1.215490818E0,-9.742975235E-1,6.991425514E0,7.162869838E0
3.263969641E1,-1.707379699E0,-6.914863586E-1,6.957356930E0,7.197090681E0
3.264476740E1,-2.049657822E0,-4.318532944E-1,6.662167549E0,6.983700373E0
3.264979490E1,-2.314277172E0,-2.770881653E-1,6.144923687E0,6.572118669E0
3.265482240E1,-2.426816225E0,-2.274379730E-1,5.326958656E0,5.858127137E0
3.265984990E1,-2.412769318E0,-2.447080612E-1,4.292695045E0,4.930372052E0
3.266482251E1,-1.818323493E0,-5.392618179E-1,3.217705488E0,3.735067903E0
3.266984719E1,-8.317455053E-1,-9.959268570E-1,2.166414976E0,2.525277161E0
3.267487188E1,5.060184002E-2,-1.327330589E0,1.343536854E0,1.889301013E0
3.267989657E1,7.106111050E-1,-1.490428925E0,6.620736122E-1,1.778956995E0
3.268493193E1,1.067935467E0,-1.571461201E0,1.979434490E-1,1.910276963E0
3.268995714E1,1.214255929E0,-1.560961246E0,-5.886518955E-2,1.978505139E0
3.269498079E1,1.273873806E0,-1.449556351E0,-2.713170052E-1,1.948738311E0
3.270000584E1,1.193835735E0,-1.328338623E0,-3.485404253E-1,1.819672412E0
3.270503313E1,1.227102160E0,-1.149570465E0,-4.391755462E-1,1.737862804E0
3.271005839E1,1.109999895E0,-8.703746796E-1,-3.613413572E-1,1.456097327E0
3.271508365E1,1.095626712E0,-6.105260849E-1,-1.629330516E-1,1.264787402E0
3.272010152E1,9.440641403E-1,-3.175067902E-1,4.143905640E-2,9.968875856E-1
3.272512631E1,7.407132983E-1,-8.235073090E-2,5.121076107E-2,7.470343869E-1
3.273015110E1,4.324566424E-1,5.188560486E-2,-1.044461727E-1,4.479060912E-1
3.273517589E1,-6.752306223E-2,2.191905975E-1,-1.577781439E-1,2.783843111E-1
3.274020068E1,-5.591664314E-1,4.051523209E-1,-2.337283492E-1,7.290023610E-1
3.274523511E1,-9.337780476E-1,4.614267349E-1,-3.611779213E-1,1.102408982E0
3.275026027E1,-1.221127272E0,4.694595337E-1,-5.594450831E-1,1.422857290E0
3.275528542E1,-1.488860846E0,4.867324829E-1,-8.527017832E-1,1.783456043E0
3.276032844E1,-1.613250852E0,4.510927200E-1,-1.169317603E0,2.042881937E0
3.276535485E1,-1.689775705E0,3.865900040E-1,-1.585731506E0,2.349327175E0
3.277037126E1,-1.598666668E0,2.837657928E-1,-1.967885017E0,2.551240793E0
3.277539667E1,-1.526206613E0,2.001409531E-1,-2.224927425E0,2.705487955E0
3.278042209E1,-1.318381310E0,-3.159236908E-2,-2.428690434E0,2.763632497E0
3.278548376E1,-1.089352846E0,-2.820482254E-1,-2.550460577E0,2.787667480E0
3.279051157E1,-8.611687422E-1,-5.272073746E-1,-2.623598337E0,2.811196801E0
3.279553938E1,-7.481073141E-1,-7.527246475E-1,-2.762785912E0,2.959602159E0
3.280052386E1,-6.532045007E-1,-9.298381805E-1,-2.920565128E0,3.133843619E0
3.280554881E1,-6.629354954E-1,-1.044260979E0,-2.819740772E0,3.079107417E0
3.281058006E1,-8.004174829E-1,-1.096047401E0,-2.781253576E0,3.094730927E0
3.281560563E1,-9.362547398E-1,-1.123532295E0,-2.647391796E0,3.024496831E0
3.282063120E1,-1.128243685E0,-1.021553993E0,-2.403963566E0,2.845267509E0
3.282568600E1,-1.247644544E0,-9.433574677E-1,-2.146542549E0,2.655971599E0
3.283071355E1,-1.409106374E0,-8.028650284E-1,-1.874951482E0,2.479035314E0
3.283573881E1,-1.565218568E0,-6.479949951E-1,-1.646545768E0,2.362397012E0
3.284076615E1,-1.692672968E0,-4.595823288E-1,-1.432944059E0,2.264881094E0
3.284579350E1,-1.873066068E0,-2.998228073E-1,-1.358559608E0,2.333228326E0
3.285082084E1,-1.996417522E0,-7.775402069E-2,-1.237079620E0,2.349913743E0
3.285585537E1,-2.005701542E0,1.492452621E-1,-1.155176520E0,2.319384750E0
3.286088308E1,-2.015471458E0,3.238420486E-1,-1.094110489E0,2.316047632E0
3.286591079E1,-2.030507803E0,4.318294525E-1,-1.006511092E0,2.307055091E0
3.287091605E1,-2.064709187E0,4.972925186E-1,-8.548465967E-1,2.289341953E0
3.287594225E1,-2.099416018E0,5.060300827E-1,-7.113320231E-1,2.273677045E0
3.288097667E1,-1.976721525E0,4.916324615E-1,-4.900382757E-1,2.095057989E0
3.288600365E1,-1.897178411E0,4.923849106E-1,-2.771387100E-1,1.979528906E0
3.289103063E1,-1.726493597E0,4.317598343E-1,-9.181225300E-2,1.782028671E0
3.289605761E1,-1.578983665E0,4.245491028E-1,9.022367001E-2,1.637550507E0
3.290104370E1,-1.257662535E0,3.175077438E-1,3.125909567E-1,1.334256094E0
3.290606865E1,-1.131052375E0,2.685813904E-1,6.087522507E-1,1.312247972E0
3.291109553E1,-1.059495687E0,2.153015137E-1,9.126989841E-1,1.414887023E0
3.291612063E1,-1.047320247E0,1.479101181E-1,1.230110526E0,1.622322104E0
3.292114574E1,-1.037019968E0,9.490394592E-2,1.466398597E0,1.798538856E0
3.292617084E1,-1.152657032E0,1.038694382E-1,1.646463513E0,2.012523092E0
3.293119594E1,-1.255440712E0,1.601352692E-1,1.862378716E0,2.251716938E0
3.293621922E1,-1.479440928E0,2.347421646E-1,1.952410102E0,2.460844275E0
3.294124428E1,-1.671600580E0,2.222757339E-1,1.998722196E0,2.615061264E0
3.294628506E1,-1.918489218E0,3.093442917E-1,1.891407490E0,2.711773785E0
3.295131167E1,-2.139281988E0,4.240980148E-1,1.841090441E0,2.854119928E0
3.295633829E1,-2.301001072E0,5.952644348E-1,1.727870822E0,2.938449125E0
3.296136120E1,-2.509409904E0,8.036804199E-1,1.580481648E0,3.072614933E0
3.296638756E1,-2.635548115E0,9.919853210E-1,1.302968740E0,3.102881932E0
3.297141037E1,-2.851845741E0,1.155563354E0,9.952219725E-1,3.234009520E0
3.297643636E1,-3.053611755E0,1.318593979E0,4.651246071E-1,3.358507962E0
3.298146235E1,-3.145863533E0,1.371376991E0,1.308917999E-2,3.431807621E0
3.298648834E1,-3.387622833E0,1.319097519E0,-3.762805462E-1,3.654804205E0
3.299151433E1,-3.597070932E0,1.315052032E0,-5.553809404E-1,3.869977924E0
3.299657303E1,-3.664855480E0,1.445379257E0,-5.294178724E-1,3.974993103E0
3.300160032E1,-3.973155975E0,1.857995987E0,-2.932952642E-1,4.395923066E0
3.300662761E1,-4.540766716E0,2.432785034E0,-2.311646938E-2,5.151459964E0
3.301163943E1,-4.965561390E0,2.930222511E0,3.823053837E-2,5.765801372E0
3.301666568E1,-5.152215958E0,3.178128242E0,-1.321340799E-1,6.055021702E0
3.302171584E1,-5.052595139E0,3.286705971E0,-4.333083630E-1,6.043087779E0
3.302674428E1,-4.890261650E0,3.222571373E0,-1.104919195E0,5.959905342E0
3.303177272E1,-4.669089317E0,3.148614883E0,-2.104632378E0,6.011958764E0
3.303680115E1,-4.436188698E0,2.983901978E0,-3.305534124E0,6.285697815E0
3.304180824E1,-4.138356686E0,2.571149826E0,-4.246473312E0,6.462920631E0
3.304683553E1,-3.698352337E0,1.944417000E0,-4.686240196E0,6.278488246E0
3.305186282E1,-3.243900299E0,1.347740173E0,-4.257946491E0,5.519909514E0
3.305690022E1,-2.878805637E0,6.514635086E-1,-3.463340282E0,4.550456297E0
3.306192818E1,-2.539590597E0,-4.447937012E-2,-2.702121735E0,3.708498441E0
3.306696256E1,-2.283168316E0,-6.640939713E-1,-2.000293970E0,3.107258330E0
3.307199115E1,-2.167441368E0,-1.260360718E0,-1.016048193E0,2.705303154E0
3.307701975E1,-2.262012005E0,-1.761883259E0,4.826351166E0,5.613786289E0
3.308204834E1,-2.231155634E0,-2.367159367E0,1.061529350E1,1.110252021E1
3.308703834E1,-1.877232075E0,-3.080043793E0,9.322054863E0,9.995567863E0
3.309206501E1,-1.455362678E0,-3.853493690E0,2.645920277E0,4.895752062E0
3.309709240E1,-1.412459850E0,-4.378005028E0,-5.268254280E0,6.994031313E0
3.310211912E1,-1.543856740E0,-4.496646881E0,-1.129843903E1,1.225797908E1
3.310714766E1,-1.242747664E0,-4.556086540E0,-1.224869251E1,1.312755935E1
3.311217459E1,-5.549906492E-1,-4.550605774E0,-1.134384155E1,1.223514482E1
3.311720152E1,5.284154415E-2,-4.303201675E0,-1.015807533E1,1.103208191E1
3.312222844E1,5.314107537E-1,-3.742316246E0,-8.765954971E0,9.546166499E0
3.312725131E1,8.793867230E-1,-2.949457169E0,-7.050221443E0,7.692739499E0
3.313227803E1,1.330334425E0,-1.963034153E0,-5.222542763E0,5.735699232E0
3.313729782E1,1.763338566E0,-8.309068680E-1,-3.685172558E0,4.168964608E0
3.314232381E1,1.996839285E0,5.570583344E-1,-2.725600243E0,3.424409117E0
3.314734980E1,2.073676109E0,2.048074722E0,-1.589994431E0,3.320064000E0
3.315237579E1,1.610094786E0,3.346070290E0,-2.567754686E-1,3.722166740E0
3.315740391E1,7.622029781E-1,4.466136932E0,7.313949466E-1,4.589364994E0
3.316243001E1,-1.009326935E0,5.843994141E0,1.879055023E0,6.221081591E0
3.316745777E1,-2.326725483E0,7.163606644E0,2.675072670E0,7.992929714E0
3.317248402E1,-3.019263506E0,8.242834091E0,3.533805370E0,9.462982953E0
3.317751027E1,-3.473790169E0,9.296500206E0,3.953764200E0,1.068290155E1
3.318253652E1,-3.377092361E0,1.007506561E1,4.113741398E0,1.139449728E1
3.318756277E1,-2.807483912E0,1.045831203E1,4.234307289E0,1.162702089E1
3.319258902E1,-1.975580454E0,1.048404408E1,4.267222404E0,1.149031267E1
3.319761527E1,-1.095378160E0,1.019979095E1,4.616001129E0,1.124913576E1
3.320263027E1,2.940101624E-1,9.557469368E0,4.143447876E0,1.042112388E1
3.320765620E1,1.875205636E0,8.390092850E0,3.588885307E0,9.316123226E0
3.321265495E1,3.104648590E0,7.018556595E0,2.038874388E0,7.940780082E0
3.321767813E1,4.181953907E0,5.754583359E0,1.171439409E0,7.209454792E0
3.322270131E1,4.290258408E0,4.817864418E0,-2.732560635E-1,6.456996487E0
3.322776657E1,4.364249706E0,3.767918587E0,-1.981012344E0,6.096580671E0
3.323279256E1,3.883815765E0,2.866558075E0,-2.229236364E0,5.317017478E0
3.323781855E1,3.709060669E0,1.941038132E0,-1.517769814E0,4.452907509E0
3.324285172E1,3.421974659E0,1.115315437E0,6.120043993E-2,3.599664510E0
3.324787818E1,3.509320974E0,2.501907349E-1,1.730937123E0,3.920978504E0
3.325287896E1,3.884264231E0,-5.827779770E-1,2.771214008E0,4.806949746E0
3.325790292E1,4.390661716E0,-1.282606602E0,3.460732460E0,5.735822449E0
3.326294761E1,4.891062737E0,-1.896914959E0,3.661003828E0,6.397165785E0
3.326797370E1,5.586990356E0,-2.626563072E0,3.678355694E0,7.186347850E0
3.327299980E1,6.107310295E0,-3.269815445E0,3.478462696E0,7.751814937E0
3.327805464E1,6.329725266E0,-3.802270889E0,3.116652489E0,8.014749440E0
3.328308261E1,6.479290009E0,-4.166845798E0,2.643419027E0,8.144413243E0
3.328811058E1,6.461114407E0,-4.392219067E0,2.228835344E0,8.124364264E0
3.329313855E1,6.189181805E0,-4.512063503E0,1.522302628E0,7.809103262E0
3.329816652E1,5.773140907E0,-4.493300915E0,1.181483984E0,7.410452986E0
3.330319449E1,5.226346493E0,-4.326891422E0,1.089870095E0,6.872008721E0
3.330821980E1,4.886655331E0,-4.085281849E0,1.062472343E0,6.457381481E0
3.331324766E1,4.618734837E0,-3.673161507E0,9.007641077E-1,5.969606597E0
3.331824855E1,4.306428432E0,-3.258530617E0,6.401497722E-1,5.438119101E0
3.332327376E1,3.949109316E0,-2.803285599E0,3.618723154E-1,4.856421122E0
3.332829896E1,3.832842112E0,-2.503878593E0,2.266284674E-1,4.583824509E0
3.333331454E1,3.798931360E0,-2.293531418E0,-2.195563167E-1,4.443013709E0
3.333833907E1,3.652086258E0,-2.162403107E0,-7.473707795E-1,4.309557322E0
3.334336360E1,3.541217804E0,-2.029332161E0,-1.462326765E0,4.335529048E0
3.334839235E1,3.395384312E0,-1.980586052E0,-2.121587038E0,4.466820714E0
3.335341714E1,3.411652565E0,-2.006658554E0,-2.708106279E0,4.795820201E0
3.335842417E1,3.485706329E0,-1.964059830E0,-3.214713335E0,5.132451798E0
3.336344725E1,3.699781418E0,-1.929258347E0,-3.502695322E0,5.447870669E0
3.336849495E1,3.863476515E0,-1.849216461E0,-3.415772915E0,5.478463006E0
3.337352048E1,3.991503000E0,-1.776362419E0,-3.090560675E0,5.351553506E0
3.337854714E1,4.131709099E0,-1.743917942E0,-2.659492493E0,5.213939987E0
3.338357282E1,4.217189312E0,-1.732450962E0,-2.177443981E0,5.052458245E0
3.338859850E1,4.262386799E0,-1.679589748E0,-1.679252386E0,4.879431475E0
3.339362417E1,4.367646217E0,-1.633074284E0,-1.305199862E0,4.842190803E0
3.339864985E1,4.508844376E0,-1.492328167E0,-9.466881156E-1,4.842823489E0
3.340367761E1,4.728948116E0,-1.338582516E0,-5.621799231E-1,4.946796914E0
3.340870334E1,4.913221836E0,-1.133342266E0,-3.349339664E-1,5.053354753E0
3.341372907E1,5.076273441E0,-9.481348991E-1,-3.475179672E-1,5.175739616E0
3.341871527E1,5.137135983E0,-8.113255501E-1,-5.294047594E-1,5.227684444E0
3.342373839E1,5.167358398E0,-6.559519768E-1,-8.479181528E-1,5.277388654E0
3.342876152E1,5.066914082E0,-5.678291321E-1,-1.313740969E0,5.265165103E0
3.343378464E1,4.836296082E0,-2.549047470E-1,-1.774722219E0,5.157942921E0
3.343889214E1,4.293470383E0,4.736099243E-1,-2.268878222E0,4.879139542E0
3.344391954E1,3.363522291E0,1.364242554E0,-2.857816219E0,4.619691926E0
3.344894032E1,2.213213921E0,2.224978447E0,-3.560138464E0,4.745885674E0
3.345396704E1,1.095680952E0,2.983911514E0,-4.022126198E0,5.126572327E0
3.345899376E1,-1.371326447E-1,3.416687012E0,-4.121514797E0,5.355318825E0
3.346399303E1,-1.656607866E0,4.059780121E0,-3.640069246E0,5.698795344E0
3.346901792E1,-3.099975586E0,4.314826965E0,-3.105318546E0,6.153907998E0
3.347404282E1,-4.142573357E0,4.191720963E0,-2.492405891E0,6.398712821E0
3.347909631E1,-4.689618111E0,4.059133530E0,-1.686263442E0,6.427485312E0
3.348412308E1,-4.926033020E0,3.631087303E0,1.409060359E-1,6.121311202E0
3.348914985E1,-5.375741005E0,2.899503708E0,3.375132084E0,6.978340038E0
3.349416230E1,-6.084205151E0,2.075751305E0,5.875012398E0,8.708735067E0
3.349918813E1,-6.600614548E0,1.264792442E0,6.566525459E0,9.396119887E0
3.350421397E1,-7.081507683E0,5.284814835E-1,5.892670155E0,9.227708561E0
3.350922318E1,-7.305840015E0,-2.575674057E-1,4.836328030E0,8.765369822E0
3.351424787E1,-7.378888130E0,-9.402909279E-1,3.588640690E0,8.258963559E0
3.351929344E1,-7.501260757E0,-1.610377789E0,2.224249363E0,7.988085803E0
3.352432022E1,-6.783843040E0,-2.243693352E0,1.198992848E0,7.245154940E0
3.352934699E1,-6.117373466E0,-2.524288177E0,4.617003202E-1,6.633811583E0
3.353435037E1,-5.570319176E0,-2.409670830E0,4.156119823E-1,6.083395643E0
3.353937558E1,-5.419020176E0,-2.107013226E0,2.542908192E-1,5.819789362E0
3.354440079E1,-5.111484051E0,-1.823479176E0,-2.459946871E-1,5.432573873E0
3.354941251E1,-4.496293068E0,-1.684148312E0,-1.016209006E0,4.907717151E0
3.355443678E1,-3.502136469E0,-1.626850605E0,-1.892320633E0,4.300288376E0
3.355946105E1,-2.515668869E0,-1.627360821E0,-2.724554539E0,4.049702524E0
3.356448532E1,-1.640722275E0,-1.532329082E0,-3.215013504E0,3.921264315E0
3.356954511E1,-9.237980843E-1,-9.639315605E-1,-3.458259821E0,3.707037624E0
3.357457115E1,-4.983193874E-1,4.069309235E-1,-3.600988388E0,3.658009344E0
3.357959719E1,-1.063792706E-1,2.990422249E0,-3.548687696E0,4.641888209E0
3.358458068E1,1.132192612E-1,5.125565529E0,-3.149222851E0,6.016796918E0
3.358960391E1,-3.372004032E-1,6.453828812E0,-3.640743732E0,7.417588919E0
3.359463480E1,-8.315386772E-1,7.989071846E0,-3.742703915E0,8.861408360E0
3.359965881E1,-1.064715624E0,9.538969994E0,-3.276995420E0,1.014220227E1
3.360468282E1,-8.085317612E-1,1.059098434E1,-2.887990475E0,1.100741395E1
3.360974089E1,8.012056351E-3,1.103066063E1,-2.952061415E0,1.141885304E1
3.361476719E1,1.615396142E0,1.046255016E1,-3.794105291E0,1.124587460E1
3.361979553E1,3.590568066E0,8.488052368E0,-5.228886604E0,1.059624779E1
3.362482204E1,4.239860535E0,6.192288399E0,-6.054603577E0,9.642565916E0
3.362984870E1,3.590501547E0,4.394803047E0,-5.773690224E0,8.095770129E0
3.363487522E1,2.751297712E0,3.022770882E0,-4.863086700E0,6.352668350E0
3.363990172E1,2.518459320E0,1.797332764E0,-3.821219444E0,4.916783547E0
3.364490683E1,2.856528282E0,7.035217285E-1,-2.844468117E0,4.092150476E0
3.364993193E1,3.267357111E0,-2.491703033E-1,-1.967013597E0,3.821891001E0
3.365495704E1,3.324833870E0,-1.022407055E0,-2.028146267E0,4.026563514E0
3.366000230E1,3.405508757E0,-1.735665798E0,-1.224753261E0,4.013732204E0
3.366502876E1,4.052504539E0,-2.346083641E0,1.704096794E-2,4.682647957E0
3.367005522E1,5.356006622E0,-2.523809433E0,1.448169470E0,6.095376593E0
3.367508167E1,6.546992302E0,-2.383975029E0,2.889913559E0,7.543079313E0
3.368007896E1,7.226294994E0,-2.089540005E0,4.319081783E0,8.674098468E0
3.368510396E1,7.137761593E0,-1.607415676E0,4.778955460E0,8.738983980E0
3.369012495E1,6.387223721E0,-1.134494305E0,4.990691662E0,8.184785119E0
3.369514954E1,5.508979797E0,-8.151283264E-1,4.897658825E0,7.416222392E0
3.370017412E1,4.667884827E0,-5.975399017E-1,4.681962967E0,6.638296462E0
3.370520214E1,4.105853081E0,-3.436260223E-1,4.310071945E0,5.962619268E0
3.371022693E1,3.959814548E0,-1.353178024E-1,4.002309322E0,5.631777879E0
3.371525172E1,4.113936901E0,-1.068220139E-1,3.491416454E0,5.396839503E0
3.372028329E1,4.510978222E0,-3.009443283E-1,2.615846634E0,5.223231339E0
3.372530855E1,5.018003464E0,-4.539613724E-1,1.677587748E0,5.310436926E0
3.373033798E1,5.531452179E0,-5.317401886E-1,8.247317076E-1,5.617819259E0
3.373536365E1,5.880759716E0,-4.381780624E-1,1.907598972E-2,5.897092398E0
3.374038933E1,6.143892288E0,-1.586818695E-1,-3.282445669E-1,6.154700389E0
3.374540146E1,6.134898186E0,1.920604706E-1,-4.959658384E-1,6.157909149E0
3.375042620E1,5.868183613E0,4.561901093E-1,-7.002605200E-1,5.927398512E0
3.375545094E1,5.635111809E0,7.964067459E-1,-8.034651279E-1,5.747547739E0
3.376048969E1,5.626100063E0,1.169497490E0,-6.871174574E-1,5.787301332E0
3.376551542E1,5.601969719E0,1.427302361E0,-8.389389515E-2,5.781547798E0
3.377054115E1,5.520186424E0,1.603399277E0,1.049609423E0,5.843374653E0
3.377556813E1,5.236813545E0,1.788441658E0,2.010308743E0,5.887620989E0
3.378059391E1,4.884539604E0,1.958014488E0,2.855803490E0,5.987333418E0
3.378561969E1,4.371616364E0,1.992181778E0,3.347522974E0,5.855401603E0
3.379064204E1,3.859962702E0,1.943314552E0,3.453031778E0,5.531655446E0
3.379566761E1,3.616375685E0,1.758647919E0,3.349653006E0,5.233659413E0
3.380069318E1,3.573365450E0,1.467093468E0,3.180919409E0,5.003953654E0
3.380571876E1,3.553914070E0,1.188624382E0,2.855426550E0,4.711326132E0
3.381074433E1,3.587412596E0,9.093570709E-1,2.587849617E0,4.515907999E0
3.381577678E1,3.511921644E0,7.444200516E-1,2.263133049E0,4.243763194E0
3.382080261E1,3.471942186E0,6.079187393E-1,1.852657795E0,3.981995561E0
3.382582844E1,3.295928955E0,5.240488052E-1,1.609686852E0,3.705248519E0
3.383087938E1,3.113306284E0,4.067964554E-1,1.299428940E0,3.398039868E0
3.383590688E1,2.876776218E0,2.422275543E-1,9.689667225E-1,3.045227760E0
3.384094100E1,2.638611555E0,6.885433197E-2,4.402143955E-1,2.675967222E0
3.384596917E1,2.384794474E0,6.469726562E-3,-1.918554306E-2,2.384880421E0
3.385099339E1,2.163465500E0,-2.137756348E-2,-9.886884689E-2,2.165828945E0
3.385602115E1,1.940979958E0,-1.008253098E-1,-1.387867928E-1,1.948545794E0
3.386104891E1,1.583889961E0,-1.601009369E-1,-6.171870232E-2,1.593156903E0
3.386607667E1,1.211712003E0,-1.277904510E-1,1.429393291E-1,1.226787687E0
3.387109485E1,6.571966410E-1,2.917575836E-2,8.016827106E-1,1.037040895E0
3.387612214E1,9.219861031E-2,1.427259445E-1,1.284484386E0,1.295674117E0
3.388114943E1,-8.228868246E-1,2.696466446E-1,1.599083424E0,1.818493837E0
3.388615412E1,-1.551274419E0,3.567161560E-1,2.026137114E0,2.576612183E0
3.389117990E1,-1.753710032E0,3.412151337E-1,2.175756693E0,2.815287521E0
3.389620568E1,-1.721596360E0,2.663478851E-1,1.905559063E0,2.581857968E0
3.390126829E1,-1.689180851E0,2.664775848E-1,1.377588511E0,2.195926309E0
3.390629647E1,-1.707224131E0,2.324848175E-1,7.761154175E-1,1.889713884E0
3.391132464E1,-1.627590656E0,2.079801559E-1,1.515510082E-1,1.647809090E0
3.391635282E1,-1.746545076E0,2.080335617E-1,-4.177185297E-1,1.807812611E0
3.392142131E1,-1.954406738E0,2.618036270E-1,-8.340539932E-1,2.141002779E0
3.392645146E1,-2.336426258E0,3.173484802E-1,-1.019518971E0,2.568855124E0
3.393148162E1,-2.730809689E0,3.509006500E-1,-1.272702456E0,3.033187162E0
3.393651178E1,-3.181162834E0,3.770112991E-1,-1.241207600E0,3.435481160E0
3.394154193E1,-3.764058113E0,4.818973541E-1,-1.352065563E0,4.028453776E0
3.394657209E1,-4.537507534E0,6.176958084E-1,-1.481732368E0,4.813112667E0
3.395155672E1,-5.062275887E0,6.841154099E-1,-2.009412289E0,5.489297659E0
3.395658527E1,-5.513617516E0,6.815099716E-1,-1.961312652E0,5.891619579E0
3.396161381E1,-5.796527863E0,6.293792725E-1,-1.946362853E0,6.146883917E0
3.396664235E1,-5.772860527E0,5.038633347E-1,-1.915689468E0,6.103250205E0
3.397161422E1,-5.528170109E0,3.719568253E-1,-1.747910500E0,5.809837153E0
3.397663995E1,-5.173722744E0,2.481021881E-1,-1.547752142E0,5.405968777E0
3.398163136E1,-4.654156208E0,1.796655655E-1,-1.206044316E0,4.811236080E0
3.398665365E1,-4.031720161E0,1.041955948E-1,-8.742413521E-1,4.126732621E0
3.399171772E1,-3.161855221E0,2.203941345E-3,-4.256753922E-1,3.190381299E0
3.399674422E1,-2.156429768E0,-1.270675659E-1,-1.055305004E-1,2.162746447E0
3.400176995E1,-1.363091707E0,-2.219171524E-1,2.027637959E-1,1.395843609E0
3.400679636E1,-7.225149870E-1,-2.446355820E-1,5.387315750E-1,9.338662561E-1
3.401182501E1,-3.051784039E-1,-2.964849472E-1,8.897268772E-1,9.862307530E-1
3.401685162E1,-2.969097495E-1,-2.824935913E-1,1.128017664E0,1.200159106E0
3.402187824E1,-3.963080943E-1,-2.558746338E-1,1.359700680E0,1.439207376E0
3.402690032E1,-9.342040420E-1,-4.978847504E-2,1.475638866E0,1.747205239E0
3.403192662E1,-1.352020502E0,4.836940765E-2,1.509490013E0,2.027032101E0
3.403694922E1,-1.527056456E0,2.902984619E-2,1.485222816E0,2.130406291E0
3.404197516E1,-1.594768286E0,1.668548584E-2,1.445641518E0,2.152543539E0
3.404700511E1,-1.603783250E0,-6.520652771E-2,1.294964075E0,2.062354130E0
3.405203146E1,-1.630875826E0,-8.251953125E-2,1.123656511E0,1.982213255E0
3.405705922E1,-1.633149147E0,-1.499156952E-1,9.693591595E-1,1.905074285E0
3.406208568E1,-1.682583570E0,-1.044731140E-1,7.595512867E-1,1.849032250E0
3.406711214E1,-1.779480696E0,-1.085634232E-1,4.597797394E-1,1.841123291E0
3.407213261E1,-1.871162415E0,-9.483814240E-2,2.222495079E-1,1.886700267E0
3.407715865E1,-2.129918337E0,-5.573272705E-3,-3.064751625E-2,2.130146111E0
3.408218855E1,-2.460326433E0,1.069049835E-1,-3.477392197E-1,2.487078084E0
3.408721501E1,-2.647676945E0,1.232652664E-1,-5.574314594E-1,2.708526788E0
3.409224146E1,-2.792897224E0,2.447175980E-1,-7.417535782E-1,2.900062065E0
3.409726183E1,-2.814917803E0,3.134908676E-1,-9.920779467E-1,3.001042721E0
3.410228787E1,-2.938845158E0,4.350709915E-1,-1.294549704E0,3.240672239E0
3.410731391E1,-3.016138792E0,4.661083221E-1,-1.496679544E0,3.399176347E0
3.411234256E1,-3.104035854E0,5.454835892E-1,-1.694516063E0,3.578264330E0
3.411736876E1,-3.245222330E0,6.540718079E-1,-1.807059884E0,3.771570406E0
3.412239495E1,-3.339074612E0,7.057380676E-1,-2.092654467E0,4.003334635E0
3.412742115E1,-3.203568459E0,6.861591339E-1,-2.302350283E0,4.004307936E0
3.413244532E1,-3.063071251E0,6.479778290E-1,-2.584533453E0,4.059814519E0
3.413747141E1,-3.112845898E0,7.345619202E-1,-2.862452507E0,4.292205162E0
3.414249751E1,-3.012849092E0,7.783565521E-1,-3.188828468E0,4.455527531E0
3.414749475E1,-3.011433840E0,8.319768906E-1,-3.702405453E0,4.844453060E0
3.415251891E1,-3.314324141E0,1.058084488E0,-4.006307602E0,5.306108545E0
3.415754308E1,-3.529526234E0,1.184095383E0,-4.531973839E0,5.865016981E0
3.416260292E1,-3.825673103E0,1.416110992E0,-4.978747845E0,6.436542172E0
3.416762949E1,-4.117170811E0,1.687376976E0,-5.280879974E0,6.905507211E0
3.417265350E1,-4.156081676E0,1.864062309E0,-5.319226742E0,7.002993383E0
3.417767980E1,-4.085799217E0,2.013142586E0,-5.046110153E0,6.797773606E0
3.418270636E1,-3.938710213E0,2.153367043E0,-4.671317101E0,6.478551629E0
3.418773266E1,-3.880706310E0,2.317711830E0,-4.456797600E0,6.347811784E0
3.419275777E1,-3.939243078E0,2.582319260E0,-4.387284279E0,6.436945870E0
3.419778396E1,-3.821810246E0,2.722218513E0,-4.563175201E0,6.545171893E0
3.420281016E1,-3.690938950E0,2.842872620E0,-4.673916817E0,6.599276738E0
3.420783636E1,-3.512902260E0,2.753129959E0,-4.753760338E0,6.520616858E0
3.421282969E1,-3.163494349E0,2.568168640E0,-4.444621563E0,6.029746885E0
3.421785422E1,-2.805618286E0,2.173271179E0,-3.584125280E0,5.043863163E0
3.422287876E1,-2.496279716E0,1.587235451E0,-1.936532974E0,3.535659593E0
3.422793855E1,-2.197422743E0,7.758197784E-1,1.543731213E0,2.795294098E0
3.423296548E1,-1.480701804E0,-5.833978653E-1,1.014004612E1,1.026417879E1
3.423799240E1,-1.577131748E0,-2.079109669E0,1.389141846E1,1.413441008E1
3.424301933E1,-2.650074005E0,-3.165832520E0,9.251740456E0,1.013114452E1
3.424806094E1,-3.555418730E0,-3.817485809E0,4.868738651E-1,5.239393706E0
3.425308860E1,-3.991815090E0,-3.979685783E0,-8.626789093E0,1.030504618E1
3.425809787E1,-4.069136620E0,-3.637503624E0,-1.445366383E1,1.544984477E1
3.426312365E1,-3.325026751E0,-3.463073730E0,-1.496371746E1,1.571500947E1
3.426814548E1,-2.094125509E0,-3.250010490E0,-1.395330238E1,1.447903924E1
3.427317089E1,-6.713005304E-1,-2.735857010E0,-1.233407021E1,1.265167364E1
3.427819631E1,6.451876760E-1,-1.912058353E0,-1.032623100E1,1.052156267E1
3.428322672E1,2.304997683E0,-9.852972031E-1,-8.191719055E0,8.566684655E0
3.428825245E1,4.169576645E0,2.015838623E-1,-5.990711212E0,7.301686537E0
3.429327818E1,5.308461189E0,1.150690079E0,-3.568752050E0,6.499218342E0
3.429830391E1,5.322127342E0,1.762214661E0,-1.308247805E0,5.756904748E0
3.430329542E1,4.079616547E0,2.410248756E0,1.590973139E-1,4.741084495E0
3.430831943E1,2.144578218E0,3.301275253E0,4.925452471E-1,3.967396483E0
3.431334344E1,1.308844686E-1,4.498023987E0,5.858823061E-1,4.537907955E0
3.431837329E1,-2.456119776E0,5.928699493E0,5.655969381E-1,6.442196980E0
3.432339766E1,-3.911788940E0,7.066313744E0,7.587757111E-1,8.112374697E0
3.432842730E1,-4.476919651E0,7.790584564E0,9.664980769E-1,9.037153089E0
3.433345219E1,-4.122753143E0,8.134082794E0,1.999716997E0,9.335912620E0
3.433847709E1,-3.366963863E0,8.101019859E0,2.703495026E0,9.179970249E0
3.434350199E1,-2.864125729E0,7.939850807E0,2.205775261E0,8.724098322E0
3.434854495E1,-1.784843683E0,7.640729904E0,1.768820167E0,8.043329238E0
3.435357074E1,-4.015047550E-1,7.098131180E0,1.680864215E0,7.305475811E0
3.435859272E1,6.433532238E-1,6.518157959E0,1.428246617E0,6.703743353E0
3.436361813E1,1.396301985E0,5.661988258E0,1.028892994E0,5.921688194E0
3.436864355E1,2.093753338E0,4.697337151E0,5.678868294E-1,5.174096520E0
3.437366256E1,2.622486115E0,3.806067467E0,-2.034170479E-1,4.626549630E0
3.437868751E1,2.668442249E0,3.045544624E0,-1.379211307E0,4.277633683E0
3.438371105E1,2.600093603E0,2.247807503E0,-3.111874819E0,4.636473898E0
3.438873589E1,2.440811634E0,1.469789505E0,-4.524680138E0,5.347015333E0
3.439376516E1,2.175183535E0,7.729740143E-1,-5.712393761E0,6.161197506E0
3.439879042E1,1.930630803E0,1.707067490E-1,-5.960445881E0,6.267646384E0
3.440381568E1,1.763612390E0,-2.946195602E-1,-4.578301907E0,4.915076570E0
3.440884282E1,1.950685143E0,-8.770799637E-1,-2.435833216E0,3.241562161E0
3.441386818E1,2.180904865E0,-1.313529491E0,-6.284934282E-1,2.622348136E0
3.441889355E1,2.550962448E0,-1.685188770E0,6.330569983E-1,3.122183814E0
3.442391891E1,2.855767727E0,-1.934586048E0,1.511712551E0,3.766073197E0
3.442897912E1,3.301934719E0,-2.257706642E0,2.150792122E0,4.541576700E0
3.443400626E1,3.703687191E0,-2.582492828E0,2.644761086E0,5.232717193E0
3.443903339E1,4.033834934E0,-2.855828285E0,2.950221062E0,5.755986778E0
3.444407964E1,4.260135651E0,-3.187416077E0,3.114121437E0,6.164911137E0
3.444910803E1,4.106480598E0,-3.404710770E0,3.101334572E0,6.170373932E0
3.445413641E1,3.463662386E0,-3.493543625E0,3.058789253E0,5.792926366E0
3.445913522E1,2.608970165E0,-3.440291405E0,2.663263083E0,5.072997193E0
3.446416162E1,1.943738103E0,-3.303173065E0,2.656990528E0,4.663546802E0
3.446918699E1,1.677515745E0,-3.183117867E0,2.808682919E0,4.564537015E0
3.447421329E1,1.804957867E0,-3.232995987E0,2.775663853E0,4.627574502E0
3.447923959E1,1.982092500E0,-3.298976898E0,2.598341465E0,4.643631943E0
3.448426490E1,2.166835785E0,-3.418607712E0,2.336538792E0,4.673485801E0
3.448929115E1,2.230950356E0,-3.509908676E0,2.030749083E0,4.628232950E0
3.449431740E1,2.223423481E0,-3.524496078E0,1.615516424E0,4.469404647E0
3.449934339E1,2.135538101E0,-3.600758553E0,1.473652840E0,4.438202094E0
3.450436959E1,2.058495998E0,-3.704938889E0,1.528875947E0,4.505711887E0
3.450939626E1,2.078493118E0,-3.731567383E0,1.602193952E0,4.561990162E0
3.451442251E1,2.071175098E0,-3.704504013E0,1.462718368E0,4.489171560E0
3.451944876E1,2.017217636E0,-3.614376068E0,1.231535554E0,4.318513769E0
3.452447501E1,2.016645432E0,-3.442393303E0,9.519355893E-1,4.101598690E0
3.452949563E1,2.126067638E0,-3.289455414E0,6.529214978E-1,3.970766551E0
3.453452157E1,2.335451841E0,-3.079221725E0,2.292373925E-1,3.871497323E0
3.453954751E1,2.471932411E0,-2.874236107E0,-3.284765780E-1,3.805204319E0
3.454458172E1,2.563530922E0,-2.670080185E0,-9.155495763E-1,3.813036849E0
3.454960824E1,2.686108589E0,-2.357089996E0,-1.384148479E0,3.832351708E0
3.455463251E1,2.633262634E0,-2.069627285E0,-1.744843483E0,3.776494139E0
3.455965876E1,2.495351791E0,-1.755364895E0,-2.017057657E0,3.657404554E0
3.456468501E1,2.376830578E0,-1.448172092E0,-2.239117622E0,3.572138538E0
3.456970813E1,2.295945168E0,-1.177077770E0,-2.382178068E0,3.511644720E0
3.457473417E1,2.204191446E0,-8.896622658E-1,-2.450694084E0,3.414068009E0
3.457976022E1,2.120060444E0,-5.096569061E-1,-2.544366360E0,3.350851626E0
3.458478334E1,2.157609701E0,8.214473724E-2,-2.757309198E0,3.502110991E0
3.458980917E1,2.234422207E0,8.803787231E-1,-2.656549931E0,3.581196285E0
3.459483501E1,2.273687124E0,1.549998283E0,-3.629561901E0,4.554763156E0
3.459986084E1,1.817754149E0,1.996238708E0,-5.557047367E0,6.178185378E0
3.460485709E1,5.595316887E-1,2.426536560E0,-7.675254822E0,8.069119653E0
3.460988146E1,-1.517582417E0,3.166975975E0,-9.277318001E0,9.919749115E0
3.461490584E1,-3.713511229E0,3.772862434E0,-9.511124611E0,1.088513426E1
3.461995115E1,-5.415605545E0,3.900115013E0,-8.504400253E0,1.081038872E1
3.462497693E1,-6.215363503E0,3.626575470E0,-7.004501343E0,1.004220256E1
3.462998824E1,-6.010356903E0,3.063568115E0,-3.784114599E0,7.734944279E0
3.463501256E1,-5.830189705E0,2.274937630E0,-5.460810065E-1,6.282090232E0
3.464003938E1,-6.190651894E0,1.664229393E0,2.178390503E0,6.770466418E0
3.464506397E1,-7.259500504E0,1.284812927E0,3.319536209E0,8.085197120E0
3.465009126E1,-8.528448105E0,9.594545364E-1,2.639346838E0,8.978927097E0
3.465511610E1,-9.549569130E0,6.635608673E-1,1.223057270E0,9.650412047E0
3.466014094E1,-9.632064819E0,-8.181381226E-2,-6.375700235E-1,9.653489614E0
3.466516579E1,-8.616533279E0,-1.099668503E0,-2.216909647E0,8.964853872E0
3.467022605E1,-6.833314419E0,-2.161152363E0,-3.439760685E0,7.949636410E0
3.467525266E1,-5.482263088E0,-2.817605972E0,-4.622262478E0,7.704506629E0
3.468027928E1,-4.381700993E0,-3.280069351E0,-5.334057808E0,7.642665192E0
3.468530480E1,-3.446219206E0,-3.568164825E0,-5.576028347E0,7.463264645E0
3.469033136E1,-2.738684654E0,-3.605838776E0,-5.225521564E0,6.914372172E0
3.469535792E1,-2.183568001E0,-3.465540886E0,-4.513029099E0,6.094700525E0
3.470038209E1,-1.672392130E0,-3.281989098E0,-3.701288223E0,5.221865795E0
3.470540844E1,-1.077719927E0,-3.103714943E0,-2.746233702E0,4.282093674E0
3.471043480E1,-1.570751667E-1,-2.902555466E0,-1.469608188E0,3.257184223E0
3.471545943E1,1.002279043E0,-2.597596169E0,-1.140308678E-1,2.786587909E0
3.472048568E1,2.323875189E0,-1.878047466E0,6.415088773E-1,3.055976410E0
3.472551266E1,3.344951153E0,-1.318311691E-1,9.006179571E-1,3.466581944E0
3.473053896E1,3.230029583E0,2.568403244E0,1.144918561E0,4.282595573E0
3.473556157E1,2.314723253E0,4.896480560E0,2.150014400E0,5.827180067E0
3.474058751E1,9.324994087E-1,5.833293915E0,3.617853403E0,6.927173759E0
3.474561344E1,1.246452332E-2,6.488452911E0,4.399479389E0,7.839361928E0
3.475063964E1,-2.530019283E-1,6.956660271E0,4.693273067E0,8.395590758E0
3.475566558E1,1.582796574E-1,7.032145500E0,4.522738457E0,8.362492806E0
3.476069152E1,1.265056610E0,6.486065865E0,3.937977314E0,7.692664295E0
3.476571745E1,3.312533140E0,5.291398048E0,2.877655506E0,6.874057777E0
3.477074766E1,5.615286350E0,3.718522072E0,1.677415848E0,6.940646304E0
3.477577381E1,6.935211182E0,2.109546661E0,-2.464572489E-1,7.253142934E0
3.478079995E1,6.273314476E0,9.916267395E-1,-3.171242714E0,7.098913893E0
3.478579438E1,4.254334927E0,7.413024902E-1,-1.432910442E0,4.549959053E0
3.479081839E1,2.043268204E0,9.113883972E-1,4.788214266E-1,2.287978086E0
3.479583548E1,4.539139271E-1,1.108284950E0,2.340255499E0,2.628902658E0
3.480085881E1,7.099556923E-2,1.044601440E0,3.328675270E0,3.489457206E0
3.480588214E1,1.227290392E0,7.735328674E-1,3.601692677E0,3.882883586E0
3.481090548E1,2.416656971E0,6.215753555E-1,3.355893373E0,4.181938208E0
3.481596256E1,2.819075584E0,9.004144669E-1,2.515534163E0,3.884050139E0
3.482098756E1,2.718959808E0,1.327773094E0,1.759860039E0,3.500404432E0
3.482601256E1,2.570146561E0,1.807344437E0,9.686593413E-1,3.287924600E0
3.483105719E1,2.261428595E0,2.319421768E0,3.245394528E-1,3.255626281E0
3.483608350E1,2.079328060E0,2.844560623E0,-3.581247330E-1,3.541663966E0
3.484110954E1,2.098822355E0,3.253094673E0,-5.915472507E-1,3.916325878E0
3.484613579E1,2.295744658E0,3.459079742E0,-9.353771210E-1,4.255655831E0
3.485116204E1,2.574690104E0,3.391192436E0,-1.302783012E0,4.452691191E0
3.485616943E1,2.893397093E0,2.987880707E0,-1.616323948E0,4.462250661E0
3.486119449E1,3.243060589E0,2.369389534E0,-1.512483954E0,4.291742823E0
3.486621954E1,3.668021441E0,1.617688179E0,-1.062742591E0,4.147374850E0
3.487123120E1,3.715237379E0,8.002834320E-1,-6.780177355E-1,3.860459870E0
3.487625532E1,3.509430408E0,-1.108837128E-2,-3.006394804E-1,3.522301640E0
3.488127943E1,3.136749506E0,-7.161102295E-1,-2.174906135E-1,3.224796659E0
3.488630355E1,2.845149755E0,-1.343887806E0,-2.658408880E-1,3.157781332E0
3.489133449E1,2.542622805E0,-1.746519566E0,-2.737891972E-1,3.096808332E0
3.489635897E1,2.458214045E0,-2.120431423E0,-5.144697428E-1,3.286902010E0
3.490138798E1,2.500516176E0,-2.298233509E0,-6.488242149E-1,3.457662689E0
3.490641287E1,2.507348061E0,-2.337267399E0,-7.736967802E-1,3.514003400E0
3.491143777E1,2.345290661E0,-2.337896824E0,-8.330827951E-1,3.414700102E0
3.491646699E1,1.967050314E0,-2.194773197E0,-6.038535237E-1,3.008480580E0
3.492149219E1,1.305887699E0,-1.888889790E0,-2.268356979E-1,2.307531528E0
3.492651740E1,5.528825521E-1,-1.458814144E0,2.294737399E-1,1.576856373E0
3.493154261E1,-1.061868668E-1,-1.010089874E0,8.166908622E-1,1.303280925E0
3.493660068E1,-7.160117626E-1,-5.430526733E-1,1.132167935E0,1.445469918E0
3.494162756E1,-1.319301605E0,3.808021545E-2,1.045605421E0,1.683834174E0
3.494665443E1,-1.730438113E0,4.652318954E-1,-3.487334028E-2,1.792225692E0
3.495168344E1,-1.274638891E0,7.579631805E-1,3.334928155E-1,1.520009850E0
3.495671042E1,-3.808896542E-1,9.026861191E-1,4.303536117E-1,1.070104382E0
3.496173657E1,3.458478451E-1,1.029371262E0,9.798002243E-1,1.462608767E0
3.496676350E1,9.895561934E-1,9.950666428E-1,1.770244837E0,2.259014357E0
3.497178730E1,1.202994704E0,9.580297470E-1,2.434471846E0,2.879526076E0
3.497681391E1,1.078160286E0,8.273000717E-1,2.982974529E0,3.277955468E0
3.498184053E1,7.491321564E-1,6.122598648E-1,3.319426775E0,3.457550469E0
3.498686714E1,4.305523038E-1,3.078432083E-1,3.336492062E0,3.378212842E0
3.499189100E1,1.835612059E-1,-1.339883804E-1,3.527131796E0,3.534445686E0
3.499691745E1,-4.105639458E-2,-5.555372238E-1,3.321488142E0,3.367876291E0
3.500194350E1,-1.964157820E-1,-8.948688507E-1,3.006766796E0,3.143249272E0
3.500696990E1,-2.974921465E-1,-1.223924637E0,2.701846123E0,2.981017539E0
3.501199193E1,-3.545478582E-1,-1.389766693E0,2.224143505E0,2.646501460E0
3.501701787E1,-3.296903372E-1,-1.421316147E0,1.902945280E0,2.397923278E0
3.502204381E1,-3.426490426E-1,-1.495692253E0,1.804573417E0,2.368752604E0
3.502707287E1,-2.690975070E-1,-1.488513947E0,1.799445391E0,2.350763908E0
3.503209902E1,-2.045337558E-1,-1.466809273E0,1.772363901E0,2.309683376E0
3.503712037E1,-2.444083691E-1,-1.287113190E0,1.747145891E0,2.183784463E0
3.504214605E1,-3.120542169E-1,-1.035721779E0,1.513384342E0,1.860222999E0
3.504717173E1,-3.453405499E-1,-7.892684937E-1,1.296196342E0,1.556383567E0
3.505219740E1,-4.398798943E-1,-5.285968781E-1,1.291172743E0,1.462886200E0
3.505722308E1,-4.759839773E-1,-3.111057281E-1,1.354267836E0,1.468805260E0
3.506225272E1,-4.871823192E-1,-2.036914825E-1,1.332092047E0,1.432936165E0
3.506727855E1,-6.169680357E-1,-1.010036469E-2,1.152183175E0,1.307010958E0
3.507230490E1,-7.792494893E-1,6.395626068E-2,8.662248254E-1,1.166904288E0
3.507733079E1,-9.646844864E-1,9.520339966E-2,6.115162969E-1,1.146137874E0
3.508235667E1,-1.264405251E0,1.745872498E-1,3.775920868E-1,1.331081188E0
3.508734808E1,-1.492025614E0,2.064065933E-1,2.836053371E-1,1.532702222E0
3.509237162E1,-1.725279212E0,1.763563156E-1,3.002851009E-1,1.760074161E0
3.509739516E1,-1.911849737E0,1.371250153E-1,1.933491826E-1,1.926488150E0
3.510244928E1,-1.894509792E0,-2.149581909E-3,9.250330925E-2,1.896767997E0
3.510747485E1,-1.797359228E0,-1.839828491E-1,-3.430992365E-2,1.807076937E0
3.511251199E1,-1.706368327E0,-3.844604492E-1,-2.000247240E-1,1.760543267E0
3.511753876E1,-1.630345225E0,-5.988254547E-1,-3.650331199E-1,1.774786370E0
3.512256553E1,-1.611957431E0,-7.696762085E-1,-5.100006461E-1,1.857662209E0
3.512759230E1,-1.416490555E0,-9.640274048E-1,-7.639760375E-1,1.876020713E0
3.513261756E1,-1.196749568E0,-1.124468803E0,-1.055004239E0,1.951838508E0
3.513764422E1,-1.047698379E0,-1.298835754E0,-1.316654921E0,2.125612003E0
3.514267089E1,-9.402012229E-1,-1.305369377E0,-1.558893085E0,2.240114997E0
3.514769756E1,-1.022369027E0,-1.268618584E0,-1.739019990E0,2.383027919E0
3.515272172E1,-1.184051275E0,-1.174277306E0,-1.828821182E0,2.474973036E0
3.515774829E1,-1.368089676E0,-1.079783440E0,-2.144463301E0,2.763390035E0
3.516278897E1,-1.560912490E0,-9.707069397E-1,-2.184444427E0,2.854911071E0
3.516781683E1,-1.848948598E0,-8.183364868E-1,-2.341498375E0,3.093687147E0
3.517284469E1,-2.117924690E0,-5.987672806E-1,-2.414823055E0,3.267338005E0
3.517787256E1,-2.282370329E0,-4.506950378E-1,-2.438390970E0,3.370176681E0
3.518287709E1,-2.313818932E0,-2.687797546E-1,-2.369175434E0,3.322497982E0
3.518790365E1,-2.246225834E0,-1.008281708E-1,-2.259975195E0,3.187975015E0
3.519292975E1,-2.170015574E0,1.009702682E-1,-1.995480299E0,2.949763416E0
3.519795626E1,-2.070365906E0,2.169628143E-1,-1.603905201E0,2.627926890E0
3.520298277E1,-1.999422312E0,2.758550644E-1,-1.471892357E0,2.498049781E0
3.520802209E1,-1.875271201E0,2.871780396E-1,-1.349689603E0,2.328255855E0
3.521304949E1,-1.788022041E0,2.365398407E-1,-1.155539989E0,2.142019277E0
3.521807688E1,-1.742147207E0,1.573934555E-1,-1.003819704E0,2.016805293E0
3.522310428E1,-1.689528108E0,3.538322449E-2,-8.753304482E-1,1.903144922E0
3.522811120E1,-1.735255599E0,-5.299472809E-2,-7.650066614E-1,1.897144071E0
3.523313756E1,-1.726199746E0,-6.955146790E-2,-6.919824481E-1,1.861032691E0
3.523816391E1,-1.719730139E0,-1.148815155E-1,-5.842283964E-1,1.819888000E0
3.524318917E1,-1.605662107E0,-1.364164352E-1,-5.181344748E-1,1.692697132E0
3.524821542E1,-1.383816481E0,-2.012109756E-1,-4.218333364E-1,1.460608528E0
3.525324167E1,-1.106587052E0,-2.231740952E-1,-3.863358498E-1,1.193145829E0
3.525826792E1,-7.497309446E-1,-2.359113693E-1,-3.732427359E-1,8.700924108E-1
3.526326141E1,-4.419362843E-1,-2.394952774E-1,-3.252592087E-1,5.987146400E-1
3.526828600E1,-1.732533574E-1,-1.334505081E-1,-2.383258343E-1,3.234578292E-1
3.527331058E1,-1.920978427E-1,7.251644135E-2,-1.318246126E-1,2.440039834E-1
3.527835141E1,-3.025408685E-1,3.496236801E-1,8.533954620E-3,4.624289385E-1
3.528337709E1,-5.915265679E-1,6.739387512E-1,2.257893085E-1,9.247042407E-1
3.528840277E1,-8.401141763E-1,9.833364487E-1,5.389703512E-1,1.401153610E0
3.529345501E1,-1.198105931E0,1.292271614E0,9.816145897E-1,2.017174001E0
3.529848245E1,-1.671550035E0,1.605502129E0,1.296075463E0,2.655471373E0
3.530350990E1,-1.989142895E0,1.860872269E0,1.870347500E0,3.304199574E0
3.530853735E1,-2.137673855E0,2.034372330E0,2.203205585E0,3.682721159E0
3.531352870E1,-2.074560165E0,2.058940887E0,2.487382889E0,3.837982685E0
3.531855438E1,-2.019934177E0,1.963352203E0,2.737702131E0,3.928091001E0
3.532357636E1,-1.887240648E0,1.833618164E0,2.806893587E0,3.847399699E0
3.532860162E1,-1.767182350E0,1.707969666E0,2.666747808E0,3.626518676E0
3.533361464E1,-1.697208881E0,1.725070953E0,2.245594025E0,3.301375517E0
3.533863870E1,-1.796307564E0,2.076126099E0,1.701039553E0,3.229637131E0
3.534366277E1,-2.159551382E0,2.598249435E0,1.137692809E0,3.564955431E0
3.534868772E1,-2.791470766E0,3.234034538E0,6.168949604E-1,4.316462420E0
3.535371183E1,-3.237777710E0,3.730139732E0,-1.199960709E-3,4.939346957E0
3.535873594E1,-3.489400387E0,3.924275398E0,-5.830303431E-1,5.283538288E0
3.536376006E1,-3.431416750E0,3.721285820E0,-1.043248415E0,5.168264343E0
3.536878417E1,-3.302145481E0,3.289041519E0,-1.817708611E0,5.002601672E0
3.537388949E1,-3.192040920E0,2.857506752E0,-2.744376183E0,5.087835562E0
3.537891688E1,-3.286143303E0,2.460525513E0,-3.677959919E0,5.511833885E0
3.538391969E1,-3.426286221E0,2.031281471E0,-4.289875031E0,5.853936236E0
3.538894459E1,-3.339602709E0,1.670354843E0,-4.313817024E0,5.705440287E0
3.539396949E1,-3.235733986E0,1.372696877E0,-3.755195141E0,5.143516471E0
3.539896261E1,-3.075014114E0,1.104192734E0,-3.076367378E0,4.487648565E0
3.540398537E1,-3.057230949E0,9.264516830E-1,-2.562100410E0,4.095037523E0
3.540901131E1,-3.143320084E0,6.333827972E-1,-2.583627701E0,4.117859518E0
3.541403438E1,-3.376618385E0,2.012224197E-1,-2.422652721E0,4.160683645E0
3.541906798E1,-3.548008442E0,-4.654951096E-1,7.857358456E-2,3.579276939E0
3.542409214E1,-3.223281622E0,-1.248032570E0,4.016505241E0,5.299004063E0
3.542911631E1,-2.500761509E0,-2.244374752E0,5.951344490E0,6.834436874E0
3.543414048E1,-1.738677740E0,-3.111677170E0,3.016919136E0,4.669832563E0
3.543920605E1,-1.552397966E0,-3.667737007E0,-2.200645447E0,4.550282912E0
3.544423230E1,-1.623579025E0,-3.890655518E0,-7.347246170E0,8.470846209E0
3.544927402E1,-1.598253846E0,-3.897824287E0,-9.825277328E0,1.069034724E1
3.545430178E1,-1.250252962E0,-3.831210136E0,-9.987030983E0,1.076949820E1
3.545932954E1,-6.969851255E-1,-3.599465370E0,-9.171994209E0,9.877622031E0
3.546435730E1,-3.473400176E-1,-3.226467133E0,-7.907014370E0,8.547023546E0
3.546938506E1,-1.692597419E-1,-2.635712147E0,-6.616923332E0,7.124556250E0
3.547435126E1,-1.304967701E-2,-1.817657948E0,-5.296379566E0,5.599614917E0
3.547937652E1,1.759244204E-1,-7.965393066E-1,-3.840143442E0,3.925828056E0
3.548440178E1,3.995358646E-1,4.229116440E-1,-2.548381329E0,2.613949227E0
3.548946188E1,6.532279253E-1,1.592030525E0,-1.169262886E0,2.080491195E0
3.549448949E1,8.287185431E-1,2.495921135E0,-7.976520807E-2,2.631113685E0
3.549951709E1,5.821986198E-1,3.293078423E0,9.378357530E-1,3.473162338E0
3.550454219E1,-2.600619793E-1,4.223006248E0,2.219556332E0,4.777849340E0
3.550956964E1,-1.289311051E0,5.151655197E0,3.774975300E0,6.515543935E0
3.551459709E1,-1.920741081E0,6.002222061E0,4.412079811E0,7.693007489E0
3.551958844E1,-2.158616543E0,6.783598900E0,5.079878807E0,8.745399254E0
3.552461344E1,-2.117133141E0,7.371282578E0,5.308523178E0,9.327297460E0
3.552963980E1,-2.137415409E0,7.860288620E0,5.735289574E0,9.962240125E0
3.553466495E1,-1.741336107E0,8.120746613E0,5.974081516E0,1.023075886E1
3.553969672E1,-9.478138685E-1,8.066143990E0,5.836348057E0,1.000119936E1
3.554472251E1,-1.892566681E-2,7.720209122E0,5.009544849E0,9.203125918E0
3.554974829E1,1.171697617E0,6.891605377E0,3.912981033E0,8.011149764E0
3.555477407E1,2.587624550E0,5.963269234E0,3.516013384E0,7.390448625E0
3.555979115E1,3.560747147E0,4.834807396E0,2.176928997E0,6.386963493E0
3.556481652E1,3.553065777E0,3.956025124E0,1.301420927E-1,5.318961192E0
3.556984188E1,3.338564634E0,3.230127335E0,-1.571885943E0,4.904137216E0
3.557488917E1,2.852350712E0,2.498243332E0,-2.325640678E0,4.448115207E0
3.557991600E1,2.420753479E0,1.730463982E0,-2.154826641E0,3.673939419E0
3.558494282E1,2.209065914E0,9.407520294E-1,-1.243984222E0,2.704160376E0
3.558995402E1,2.474352121E0,1.100149155E-1,4.144960642E-1,2.511240468E0
3.559497975E1,2.734594345E0,-6.795434952E-1,2.082194805E0,3.503615390E0
3.560000548E1,3.057950974E0,-1.331593037E0,3.379991055E0,4.748530689E0
3.560503120E1,3.340868711E0,-1.955627918E0,4.262183189E0,5.757785151E0
3.561011048E1,3.681064129E0,-2.493578911E0,4.754153252E0,6.509235135E0
3.561513886E1,3.916210175E0,-2.911955833E0,4.914384365E0,6.925847428E0
3.562016725E1,4.024015903E0,-3.301358223E0,4.829110146E0,7.100139077E0
3.562514636E1,4.081463814E0,-3.618840218E0,4.583884716E0,7.125050910E0
3.563017152E1,4.094849110E0,-3.921727180E0,4.128704071E0,7.013838508E0
3.563521272E1,3.935514688E0,-4.066856384E0,3.785997391E0,6.808918633E0
3.564023954E1,3.914839029E0,-4.093113422E0,3.207380295E0,6.508980755E0
3.564526730E1,3.966497898E0,-3.996035576E0,2.829451799E0,6.301365200E0
3.565029417E1,4.066890717E0,-3.718328476E0,2.918333769E0,6.235562424E0
3.565532105E1,4.115243912E0,-3.412877083E0,3.050379753E0,6.155304954E0
3.566036568E1,4.020411491E0,-3.045891762E0,2.874289751E0,5.805403238E0
3.566539376E1,3.710004330E0,-2.650872231E0,2.536182165E0,5.217612067E0
3.567042183E1,3.432048321E0,-2.323681831E0,1.865118980E0,4.545010643E0
3.567544990E1,3.041922569E0,-1.997640133E0,1.335404873E0,3.876488771E0
3.568047798E1,2.816178322E0,-1.749611378E0,8.226853013E-1,3.415964200E0
3.568544204E1,2.791824818E0,-1.613243580E0,3.764022887E-1,3.246308572E0
3.569046756E1,2.849404335E0,-1.612224102E0,1.202546954E-1,3.276100244E0
3.569549308E1,2.979172230E0,-1.607546329E0,-1.826226711E-1,3.390136194E0
3.570055324E1,3.157562256E0,-1.584703922E0,-4.360653162E-1,3.559724551E0
3.570558105E1,3.212583065E0,-1.624906063E0,-5.337827802E-1,3.639496355E0
3.571060292E1,3.321906805E0,-1.622683048E0,-5.667614341E-1,3.740238444E0
3.571563016E1,3.418848038E0,-1.630593777E0,-5.202935934E-1,3.823357607E0
3.572065740E1,3.565666437E0,-1.672560215E0,-5.090667009E-1,3.971219425E0
3.572571527E1,3.633733273E0,-1.719685078E0,-4.474554956E-1,4.044941370E0
3.573074454E1,3.604253054E0,-1.743200779E0,-4.880410433E-1,4.033307959E0
3.573577381E1,3.668395281E0,-1.748079777E0,-6.883582473E-1,4.121497776E0
3.574076683E1,3.787641764E0,-1.815743923E0,-7.371652126E-1,4.264571335E0
3.574579365E1,4.014556408E0,-1.817025661E0,-8.699775934E-1,4.491670783E0
3.575082048E1,4.239182472E0,-1.780654430E0,-1.000660419E0,4.705605116E0
3.575583652E1,4.399591923E0,-1.644423008E0,-1.177449346E0,4.842202296E0
3.576086261E1,4.452695370E0,-1.365475178E0,-1.367236018E0,4.853900787E0
3.576588870E1,4.570202827E0,-1.015971661E0,-1.756436706E0,5.000402204E0
3.577092693E1,4.670159340E0,-5.436201096E-1,-2.287477255E0,5.228619634E0
3.577595381E1,4.613210201E0,1.181068420E-1,-3.017099142E0,5.513487537E0
3.578099235E1,4.618147850E0,1.174042702E0,-3.550828457E0,5.942562457E0
3.578602037E1,4.678661823E0,1.962968826E0,-3.826057434E0,6.354670610E0
3.579104839E1,4.498867989E0,1.997447968E0,-5.378954411E0,7.291279868E0
3.579607641E1,3.202822685E0,2.222264290E0,-6.548109531E0,7.620647621E0
3.580106152E1,1.128348589E0,2.829519272E0,-7.666074276E0,8.249123872E0
3.580608730E1,-5.930864811E-1,3.397014618E0,-9.152328491E0,9.780418023E0
3.581111308E1,-1.838784456E0,3.838364601E0,-1.004816818E1,1.091237164E1
3.581613886E1,-2.909458399E0,4.287984848E0,-1.029906845E1,1.152920523E1
3.582115292E1,-3.722185135E0,4.598096848E0,-9.383537292E0,1.109269710E1
3.582617813E1,-4.562180996E0,4.205135345E0,-7.499181271E0,9.733158708E0
3.583119574E1,-5.823212147E0,3.727910995E0,-4.191370010E0,8.085462427E0
3.583622016E1,-6.804185867E0,2.932934761E0,3.280513734E-2,7.409462046E0
3.584124459E1,-7.503142357E0,1.792679787E0,4.936054707E0,9.158355863E0
3.584626902E1,-7.903594971E0,7.484025955E-1,8.059559822E0,1.131297593E1
3.585129344E1,-7.736635208E0,-3.047819138E-1,8.769637108E0,1.169850210E1
3.585641626E1,-7.696244240E0,-1.347739697E0,7.641121864E0,1.092864681E1
3.586144464E1,-6.845726013E0,-2.624702454E0,5.653635502E0,9.258327171E0
3.586647303E1,-5.846224785E0,-3.771941185E0,3.992290258E0,8.021487770E0
3.587145594E1,-4.712961674E0,-4.459757328E0,2.707238913E0,7.030688849E0
3.587648136E1,-4.140883446E0,-4.569462299E0,2.116831303E0,6.519806453E0
3.588149324E1,-3.903446913E0,-4.533323765E0,1.612984896E0,6.195937575E0
3.588651725E1,-3.495964289E0,-4.404961109E0,1.047242999E0,5.720329237E0
3.589154126E1,-3.102534294E0,-4.223448277E0,4.574931860E-1,5.260469029E0
3.589656527E1,-2.614432096E0,-3.955808640E0,-2.380162776E-1,4.747665629E0
3.590158928E1,-2.089899302E0,-3.750670433E0,-9.868841171E-1,4.405581465E0
3.590658855E1,-1.668450594E0,-3.474344254E0,-1.612321854E0,4.177843599E0
3.591161157E1,-1.154239893E0,-3.050544739E0,-1.923669577E0,3.786634069E0
3.591664193E1,-3.618161678E-1,-2.532485008E0,-2.140523672E0,3.335600823E0
3.592166568E1,4.309613705E-1,-1.423030376E0,-2.501588345E0,2.910100926E0
3.592670902E1,8.756082058E-1,9.564800262E-1,-2.798066378E0,3.083945399E0
3.593173464E1,9.344799519E-1,4.709793091E0,-2.179868221E0,5.273256034E0
3.593676027E1,1.067628384E0,7.927086830E0,-1.894230127E0,8.219893172E0
3.594178589E1,7.634918690E-1,9.370211601E0,-2.280856133E0,9.673990386E0
3.594680704E1,1.839823723E-1,1.092964840E1,-2.871593952E0,1.130208456E1
3.595183245E1,-1.463716030E-1,1.206392479E1,-2.364734888E0,1.229437583E1
3.595688219E1,-4.680950642E-1,1.231853485E1,-1.629792452E0,1.243469490E1
3.596191001E1,-6.430826187E-1,1.154578781E1,-1.108655691E0,1.161670732E1
3.596693782E1,-1.984207630E-1,9.392828941E0,-1.694547176E0,9.546522741E0
3.597192495E1,4.307978153E-1,6.340243340E0,-2.226975679E0,6.733772571E0
3.597695001E1,4.093415737E-1,3.796413422E0,-2.500978947E0,4.564560338E0
3.598197891E1,-3.801341057E-1,1.938716888E0,-2.471151352E0,3.163813224E0
3.598700433E1,-9.849531651E-1,6.709594727E-1,-1.238969564E0,1.719117487E0
3.599202975E1,-8.788232803E-1,-4.186916351E-1,1.609790921E0,1.881238914E0
3.599705516E1,-1.133217812E-1,-1.435131550E0,4.804781437E0,5.015811903E0
3.600208058E1,1.461288929E0,-2.219908237E0,6.268545151E0,6.808672134E0
3.600710105E1,3.286013842E0,-2.940204620E0,5.383369446E0,6.958689299E0
3.601212626E1,4.500210285E0,-3.529053688E0,3.176939964E0,6.542099058E0
3.601715683E1,5.033266068E0,-3.756970406E0,2.778701782E-1,6.286955207E0
3.602218261E1,4.766036034E0,-3.256196976E0,-2.459229946E0,6.274211516E0
3.602720839E1,4.228431702E0,-2.310265541E0,-3.604566097E0,6.017462777E0
3.603226896E1,4.173435211E0,-1.279428005E0,-3.502101183E0,5.596356867E0
3.603729704E1,4.431438923E0,-7.366180420E-2,-2.333421230E0,5.008785444E0
3.604231251E1,4.423195362E0,1.048323631E0,-9.960905313E-1,4.653583135E0
3.604733933E1,4.186868668E0,1.962008476E0,-7.175278664E-2,4.624337246E0
3.605237428E1,4.171501637E0,2.600317955E0,4.176000357E-1,4.933302054E0
3.605740188E1,4.400659084E0,2.915672302E0,7.225487232E-1,5.328134946E0
3.606242949E1,4.778949738E0,2.999488831E0,1.093296766E0,5.747224692E0
3.606745709E1,5.053516388E0,2.718407631E0,1.066842318E0,5.836601791E0
3.607247808E1,5.215601921E0,2.164056778E0,6.385605931E-1,5.682728638E0
3.607750537E1,5.437484741E0,1.547338486E0,2.090874910E-1,5.657226730E0
3.608252761E1,5.714503288E0,9.451150894E-1,-4.215133190E-2,5.792285136E0
3.608755438E1,6.075612068E0,5.919876099E-1,1.361320019E-1,6.105902329E0
3.609258100E1,6.330282211E0,2.919359207E-1,2.645520568E-1,6.342530035E0
3.609760777E1,6.283539772E0,1.025962830E-1,3.148959279E-1,6.292261717E0
3.610263183E1,5.783496380E0,-1.194667816E-1,4.893206358E-1,5.805388650E0
3.610765829E1,4.849396706E0,-2.118825912E-1,6.361913681E-1,4.895536957E0
3.611268475E1,3.824410439E0,-4.097833633E-1,7.085565329E-1,3.911021602E0
3.611771079E1,3.088986635E0,-5.942087173E-1,7.305795550E-1,3.229344967E0
3.612273725E1,2.535711527E0,-5.313749313E-1,1.051425695E0,2.796012922E0
3.612776422E1,2.163139820E0,-6.092510223E-1,1.350211978E0,2.621723303E0
3.613279074E1,2.095366955E0,-6.314725876E-1,1.636620760E0,2.732736324E0
3.613781725E1,2.193599224E0,-7.078619003E-1,2.015602350E0,3.061959970E0
3.614284376E1,2.314947844E0,-7.710037231E-1,2.214223623E0,3.294877314E0
3.614786396E1,2.322059631E0,-8.012580872E-1,2.270953894E0,3.345326149E0
3.615289011E1,2.359201193E0,-7.696456909E-1,2.180532932E0,3.303469181E0
3.615791943E1,2.235840797E0,-6.328287125E-1,2.152284384E0,3.167299215E0
3.616294589E1,2.091628313E0,-3.475675583E-1,2.017369270E0,2.926686006E0
3.616797235E1,1.668929696E0,4.314422607E-2,1.803473115E0,2.457580727E0
3.617299881E1,1.202343941E0,4.052953720E-1,1.481274962E0,1.950402729E0
3.617799615E1,8.743109703E-1,7.152042389E-1,1.193614244E0,1.643365979E0
3.618302115E1,5.545905828E-1,1.001444817E0,9.830948114E-1,1.508952565E0
3.618804084E1,2.775448561E-1,1.249926567E0,7.776409388E-1,1.498023030E0
3.619306532E1,-1.863042116E-1,1.489430428E0,6.775994301E-1,1.646891996E0
3.619808980E1,-4.159591198E-1,1.533486366E0,3.903661072E-1,1.636150397E0
3.620311428E1,-5.649027824E-1,1.521106720E0,-6.019315720E-1,1.730665313E0
3.620815167E1,-6.713362932E-1,1.400004387E0,-4.175818264E-1,1.607818175E0
3.621317678E1,-6.869210005E-1,1.242283821E0,-5.413510799E-1,1.519273032E0
3.621820188E1,-5.397186279E-1,9.812192917E-1,-2.172650397E-1,1.140741686E0
3.622322699E1,-1.478689909E-1,6.841115952E-1,3.207051158E-1,7.698867997E-1
3.622825209E1,2.066195011E-2,4.993686676E-1,9.985519648E-1,1.116647665E0
3.623333798E1,3.009465337E-1,2.402372360E-1,1.871426344E0,1.910633221E0
3.623836548E1,3.895692825E-1,-4.542541504E-2,2.575961113E0,2.605648355E0
3.624338803E1,2.100267410E-1,-1.427469254E-1,2.603059769E0,2.615417381E0
3.624841501E1,-6.044423580E-2,-3.679647446E-1,2.658434629E0,2.684460139E0
3.625344199E1,-4.837728143E-1,-6.207952499E-1,3.240556240E0,3.334760505E0
3.625846896E1,-1.021917105E0,-6.242303848E-1,3.518087864E0,3.716304665E0
3.626348730E1,-1.374895453E0,-7.806615829E-1,3.649523258E0,3.977284253E0
3.626851386E1,-1.721116304E0,-9.609308243E-1,3.572091579E0,4.079885738E0
3.627354042E1,-1.913090110E0,-1.160276413E0,3.332974434E0,4.014333531E0
3.627854006E1,-1.970549822E0,-1.244763374E0,2.965000629E0,3.771436224E0
3.628356480E1,-1.837206841E0,-1.310079575E0,2.366347075E0,3.269745547E0
3.628858954E1,-1.469721913E0,-1.332151413E0,1.751232982E0,2.646039842E0
3.629361891E1,-1.168960094E0,-1.315734863E0,1.224466085E0,2.144048303E0
3.629864391E1,-1.144139767E0,-1.208302498E0,6.476378441E-1,1.785633084E0
3.630370141E1,-1.232069612E0,-1.086524963E0,1.786321402E-1,1.652404752E0
3.630872975E1,-1.417621374E0,-9.504423141E-1,-3.118203878E-1,1.734999397E0
3.631375808E1,-1.634106278E0,-8.049125671E-1,-7.902540565E-1,1.985620569E0
3.631878641E1,-1.891283035E0,-6.404132843E-1,-1.151585221E0,2.305044298E0
3.632377433E1,-2.117644310E0,-5.669412613E-1,-1.554201126E0,2.687262726E0
3.632880053E1,-2.175602674E0,-5.412454605E-1,-1.927237749E0,2.956423344E0
3.633382672E1,-2.222932816E0,-5.344944000E-1,-2.223457813E0,3.189181590E0
3.633885292E1,-2.240782976E0,-5.752716064E-1,-2.500996590E0,3.406909114E0
3.634395152E1,-2.239501715E0,-5.008020401E-1,-2.693712711E0,3.538680373E0
3.634898126E1,-2.337693453E0,-4.499301910E-1,-2.777696133E0,3.658256916E0
3.635401100E1,-2.387578011E0,-3.317346573E-1,-2.834563971E0,3.720931274E0
3.635904074E1,-2.451462507E0,-1.845874786E-1,-2.821098328E0,3.741969633E0
3.636398162E1,-2.490391493E0,-1.339340210E-2,-2.770362139E0,3.725202753E0
3.636900678E1,-2.553396940E0,1.245326996E-1,-2.754681587E0,3.758139829E0
3.637400402E1,-2.644417048E0,3.008193970E-1,-2.624905586E0,3.738122947E0
3.637902641E1,-2.711329222E0,4.676046371E-1,-2.438557386E0,3.676482337E0
3.638404881E1,-2.758571148E0,5.196132660E-1,-2.300522089E0,3.629340795E0
3.638907120E1,-2.733431101E0,5.142621994E-1,-2.061852455E0,3.462274793E0
3.639418464E1,-2.727411509E0,3.942718506E-1,-1.875865340E0,3.333630844E0
3.639921162E1,-2.629202843E0,2.456636429E-1,-1.732051373E0,3.158015226E0
3.640423860E1,-2.458617210E0,-3.668498993E-2,-1.601963520E0,2.934694447E0
3.640921803E1,-2.171986103E0,-3.187551498E-1,-1.557234049E0,2.691487760E0
3.641424178E1,-1.860466123E0,-5.860757828E-1,-1.560231209E0,2.497827144E0
3.641926553E1,-1.552212715E0,-7.334489822E-1,-1.568089962E0,2.325127491E0
3.642428928E1,-1.165370345E0,-8.949537277E-1,-1.533092380E0,2.123535368E0
3.642931303E1,-7.568522096E-1,-9.271211624E-1,-1.503263116E0,1.921504336E0
3.643433678E1,-4.599780142E-1,-9.927406311E-1,-1.406997561E0,1.782345610E0
3.643940365E1,-2.264264524E-1,-1.053553581E0,-1.239578009E0,1.642497405E0
3.644442886E1,2.584964037E-2,-9.710664749E-1,-9.621579647E-1,1.367255006E0
3.644942100E1,1.346263885E-1,-8.125486374E-1,-6.748012304E-1,1.064761125E0
3.645444282E1,3.292500973E-2,-5.877180099E-1,-4.250680208E-1,7.260711658E-1
3.645948537E1,-1.073639393E-1,-2.393169403E-1,-1.790781021E-1,3.175981424E-1
3.646450928E1,-3.586784601E-1,1.081295013E-1,8.264303207E-2,3.836301573E-1
3.646957110E1,-6.786884069E-1,4.020195007E-1,3.746417761E-1,8.732663357E-1
3.647459876E1,-1.092456818E0,6.997957230E-1,6.638109684E-1,1.457333508E0
3.647962641E1,-1.496232748E0,9.536848068E-1,9.789738655E-1,2.026478960E0
3.648457251E1,-1.705102921E0,1.178082466E0,1.119652867E0,2.355605402E0
3.648959475E1,-1.562168956E0,1.196197510E0,1.410803556E0,2.421079719E0
3.649461699E1,-1.446114421E0,1.175710678E0,1.498210907E0,2.391271302E0
3.649967860E1,-1.280234098E0,1.083168030E0,1.549569249E0,2.283290867E0
3.650470344E1,-1.289358616E0,9.713268280E-1,1.550266743E0,2.238135032E0
3.650970813E1,-1.411207676E0,9.981155396E-1,1.480873108E0,2.276121020E0
3.651473084E1,-1.444908857E0,1.134678841E0,1.413196683E0,2.317840060E0
3.651975782E1,-1.218124866E0,1.500413895E0,1.175166368E0,2.261876663E0
3.652478094E1,-9.692900181E-1,2.075854301E0,8.100663424E-1,2.430000350E0
3.652980407E1,-7.833441496E-1,2.755563736E0,4.610632658E-1,2.901609708E0
3.653484818E1,-7.497957945E-1,3.391197205E0,1.324104071E-1,3.475621488E0
3.653987277E1,-7.813152075E-1,3.939748764E0,-3.147988319E-1,4.028792881E0
3.654489735E1,-6.474983692E-1,4.348641396E0,-7.272214890E-1,4.456319919E0
3.654992193E1,-4.664616883E-1,4.555761337E0,-1.243473053E0,4.745394936E0
3.655494652E1,-3.326111436E-1,4.652204514E0,-1.715417147E0,4.969536497E0
3.656003725E1,-3.070091009E-1,4.528136253E0,-2.267798185E0,5.073576759E0
3.656506443E1,-5.141393542E-1,4.279736519E0,-2.877712488E0,5.182828679E0
3.657005199E1,-7.728185654E-1,3.907381058E0,-3.335404634E0,5.195170771E0
3.657507522E1,-7.684962749E-1,3.334905624E0,-4.684206009E0,5.801204011E0
3.658009844E1,-5.750743151E-1,2.697251320E0,-5.515743256E0,6.166789993E0
3.658517459E1,-3.704766035E-1,2.014289856E0,-5.877002716E0,6.223646637E0
3.659020136E1,-2.563630044E-1,1.463370323E0,-5.267910957E0,5.473395705E0
3.659519615E1,-2.038217336E-1,1.039322853E0,-4.281330109E0,4.410388054E0
3.660021969E1,-1.598918885E-1,6.554279327E-1,-3.010591269E0,3.085257036E0
3.660524324E1,-1.196830720E-1,1.961784363E-1,-2.016582012E0,2.029633718E0
3.661026678E1,-1.503912508E-1,-2.049703598E-1,-1.554247022E0,1.574901324E0
3.661531334E1,-2.285913378E-1,-4.956340790E-1,-1.096023798E0,1.224408145E0
3.662033803E1,-4.423404634E-1,-6.809339523E-1,1.066512704E0,1.340442271E0
3.662536272E1,-4.930962622E-1,-7.906818390E-1,5.265939713E0,5.347751186E0
3.663038740E1,-3.155510724E-1,-1.076786995E0,1.043813324E1,1.049826977E1
3.663536313E1,1.506884694E-1,-1.830279827E0,1.030830479E1,1.047061502E1
3.664038532E1,3.021253049E-1,-2.664862156E0,4.745088577E0,5.450562871E0
3.664540751E1,6.606823951E-2,-3.055119514E0,-4.416788101E0,5.370860023E0
3.665045469E1,-2.090026736E-1,-2.665593624E0,-1.258183479E1,1.286280056E1
3.665547860E1,-1.408288479E-1,-1.875292301E0,-1.647376633E1,1.658075785E1
3.666050251E1,5.937812328E-1,-1.410331726E0,-1.599224091E1,1.606528496E1
3.666555214E1,1.619472742E0,-1.084147453E0,-1.426069927E1,1.439324881E1
3.667057772E1,2.416944742E0,-7.249231339E-1,-1.185253429E1,1.211815599E1
3.667559324E1,2.951844931E0,-3.763113022E-1,-9.247293472E0,9.714290260E0
3.668061777E1,3.509916306E0,-9.131908417E-2,-6.813770294E0,7.665201711E0
3.668564938E1,4.065899849E0,3.164081573E-1,-4.944543839E0,6.409381364E0
3.669067459E1,4.422458649E0,8.036594391E-1,-3.344681978E0,5.602758832E0
3.669569980E1,4.230399132E0,1.370514870E0,-1.993014574E0,4.873058066E0
3.670072501E1,3.641486168E0,2.036057472E0,-6.537209153E-1,4.222949511E0
3.670575022E1,3.045504093E0,2.733098984E0,6.637395620E-1,4.145536810E0
3.671077542E1,2.253208399E0,3.389617920E0,2.728818417E0,4.900296693E0
3.671585193E1,1.669813991E0,3.976720810E0,3.804559231E0,5.751283170E0
3.672087886E1,9.493467808E-1,4.502833366E0,4.366843224E0,6.343980405E0
3.672590579E1,6.605609655E-1,4.843173027E0,5.060518742E0,7.035731355E0
3.673093272E1,4.763785601E-1,5.088059425E0,5.606148720E0,7.585788602E0
3.673588803E1,2.269577980E-1,5.183858871E0,6.164656639E0,8.057722639E0
3.674091136E1,7.477713823E-1,5.035345078E0,6.202777386E0,8.024232635E0
3.674593469E1,1.597327948E0,4.661334038E0,5.733082771E0,7.559611739E0
3.675095803E1,2.365991116E0,4.052643776E0,4.898336887E0,6.783475495E0
3.675598272E1,2.898073435E0,3.291080475E0,4.104797363E0,6.006613165E0
3.676100610E1,3.205051899E0,2.472681046E0,3.261575222E0,5.198498067E0
3.676606120E1,3.183525085E0,1.679080009E0,2.206136227E0,4.221513792E0
3.677108782E1,3.129775047E0,9.241790771E-1,1.047506809E0,3.427370614E0
3.677611454E1,2.866856098E0,2.986249924E-1,-4.243065119E-1,2.913430416E0
3.678114115E1,2.694790363E0,-4.327259064E-1,-2.614716291E0,3.779667723E0
3.678616777E1,2.984694958E0,-1.107879639E0,-4.034255505E0,5.139165181E0
3.679120881E1,3.439057827E0,-1.770212650E0,-5.294468403E0,6.556841254E0
3.679623631E1,3.861845255E0,-2.343206882E0,-5.867550850E0,7.404905147E0
3.680126381E1,4.072813511E0,-2.659113884E0,-5.843664646E0,7.603098910E0
3.680628527E1,4.087254047E0,-2.794555664E0,-4.677154064E0,6.811090746E0
3.681131235E1,4.101837158E0,-2.864408493E0,-2.984981537E0,5.825806284E0
3.681635209E1,4.184226036E0,-2.887623787E0,-1.637260318E0,5.341042970E0
3.682138048E1,4.076732635E0,-2.773169518E0,-6.379808784E-1,4.971643366E0
3.682640886E1,3.727267027E0,-2.545052528E0,1.375412941E-1,4.515388075E0
3.683143725E1,3.399017334E0,-2.394813538E0,8.229582906E-1,4.238597771E0
3.683647568E1,3.057961702E0,-2.183900356E0,1.064217567E0,3.905522957E0
3.684150454E1,2.627274036E0,-1.931709766E0,1.238760114E0,3.488351775E0
3.684653339E1,2.207085133E0,-1.662442684E0,1.283277631E0,3.046595139E0
3.685156225E1,1.687168241E0,-1.309332371E0,1.230145216E0,2.464578094E0
3.685659110E1,1.229858398E0,-9.635882378E-1,1.278795362E0,2.019002612E0
3.686172610E1,1.030958176E0,-7.879390717E-1,1.360952854E0,1.880402992E0
3.686675938E1,9.378659725E-1,-6.814022064E-1,1.453164816E0,1.858921604E0
3.687179266E1,8.125188351E-1,-6.339616776E-1,1.388829470E0,1.729433885E0
3.687682594E1,7.416894436E-1,-7.265434265E-1,1.283315182E0,1.650716946E0
3.688185922E1,6.497182846E-1,-8.198976517E-1,1.256022930E0,1.634612985E0
3.688686110E1,5.327680111E-1,-1.042759418E0,1.292621374E0,1.744149929E0
3.689189313E1,3.387317657E-1,-1.279956341E0,1.336244345E0,1.881110415E0
3.689692516E1,2.789111137E-1,-1.665041447E0,1.492695451E0,2.253507075E0
3.690195719E1,1.050417423E-1,-1.929766178E0,1.628217459E0,2.527078029E0
3.690683303E1,8.114504814E-2,-2.222169399E0,1.830471277E0,2.880146950E0
3.691185740E1,-1.873683929E-2,-2.518704414E0,2.074668884E0,3.263199959E0
3.691684365E1,-6.940793991E-2,-2.809478760E0,2.204600573E0,3.571869545E0
3.692186391E1,1.201524734E-1,-3.118498802E0,2.144108772E0,3.786380042E0
3.692691423E1,3.773872852E-1,-3.316662788E0,1.903276920E0,3.842542941E0
3.693193751E1,7.790207863E-1,-3.499661446E0,1.444590330E0,3.865403581E0
3.693694370E1,1.042837143E0,-3.638797760E0,7.967002392E-1,3.868215314E0
3.694196527E1,1.274122953E0,-3.648104668E0,2.985010743E-1,3.875714109E0
3.694697516E1,1.343562841E0,-3.575671196E0,-3.047675192E-1,3.831901467E0
3.695199558E1,1.317922354E0,-3.426532745E0,-8.229133487E-1,3.762343999E0
3.695701600E1,1.397380471E0,-3.186716080E0,-1.041628838E0,3.632192477E0
3.696204266E1,1.561991811E0,-2.942643166E0,-1.335332990E0,3.589161658E0
3.696706350E1,1.672452331E0,-2.680114746E0,-1.742995262E0,3.608066565E0
3.697208433E1,1.542013288E0,-2.207918644E0,-2.091653347E0,3.409944786E0
3.697711303E1,1.447812438E0,-1.674720287E0,-2.543520212E0,3.371994064E0
3.698213438E1,1.264948606E0,-1.056817532E0,-3.083575249E0,3.496483174E0
3.698715574E1,9.697215557E-1,-5.503168106E-1,-3.582362413E0,3.751870060E0
3.699223855E1,3.899478912E-1,7.520675659E-3,-4.063860893E0,4.082533684E0
3.699726402E1,-2.771379948E-1,6.455936432E-1,-4.272609711E0,4.329987339E0
3.700224980E1,-1.274312019E0,1.392847061E0,-4.127370358E0,4.538620950E0
3.700727126E1,-2.418766022E0,2.349803925E0,-3.977691412E0,5.214790170E0
3.701229272E1,-3.508095026E0,3.229701042E0,-3.756553411E0,6.070370093E0
3.701732818E1,-4.684480667E0,4.018793106E0,-3.054276943E0,6.886484212E0
3.702235058E1,-5.750474930E0,4.540640831E0,-2.411572218E0,7.713693126E0
3.702737298E1,-6.547683716E0,4.451422691E0,-1.411361933E0,8.042342229E0
3.703243917E1,-6.836654663E0,3.900324821E0,-1.921362877E-1,7.873328207E0
3.703746454E1,-6.745853901E0,2.859481812E0,9.755986929E-1,7.391547463E0
3.704250537E1,-6.446908951E0,1.568851471E0,1.719883442E0,6.854336511E0
3.704753225E1,-6.350814342E0,4.209718704E-1,1.812867403E0,6.617896067E0
3.705254381E1,-6.338864326E0,-3.887281418E-1,1.223015547E0,6.467462991E0
3.705756917E1,-6.007241249E0,-1.009885788E0,5.182033777E-2,6.091756896E0
3.706258219E1,-5.420824051E0,-1.572599888E0,-1.270255804E0,5.785495105E0
3.706760631E1,-4.881713390E0,-2.081785679E0,-2.624983549E0,5.920768183E0
3.707263042E1,-4.361448288E0,-2.547113419E0,-3.860105038E0,6.356919760E0
3.707764120E1,-3.817198038E0,-2.877793312E0,-4.847376347E0,6.808065265E0
3.708266443E1,-3.258508444E0,-3.078706741E0,-5.449014187E0,7.056066049E0
3.708768766E1,-2.762295246E0,-3.073594093E0,-5.728062630E0,7.063140744E0
3.709271089E1,-2.281136751E0,-3.078054428E0,-5.666235447E0,6.839899713E0
3.709774245E1,-1.667522192E0,-2.896263123E0,-5.311984062E0,6.275838192E0
3.710276610E1,-7.930929661E-1,-2.523957253E0,-4.617254257E0,5.321502940E0
3.710778975E1,6.461358070E-2,-1.698415279E0,-4.116827488E0,4.453881222E0
3.711281339E1,5.665121078E-1,3.906917572E-2,-3.882307768E0,3.923617715E0
3.711784745E1,1.091207027E0,2.611154556E0,-3.772050858E0,4.715636602E0
3.712287162E1,2.413669825E0,4.859686852E0,-2.792795420E0,6.102627678E0
3.712789579E1,3.630661488E0,5.891194344E0,-1.622666359E0,7.107806957E0
3.713295907E1,3.801804781E0,7.008331299E0,-1.166971564E0,8.058054965E0
3.713798589E1,3.500834703E0,8.277430534E0,-1.061696172E0,9.049801027E0
3.714303053E1,3.037180901E0,9.334335327E0,-9.937444925E-1,9.866195414E0
3.714805902E1,2.451630831E0,9.810337067E0,-1.037681460E0,1.016513600E1
3.715308751E1,2.435638189E0,9.404142380E0,-1.716402292E0,9.864900614E0
3.715808912E1,3.284228325E0,7.279620171E0,-2.455614805E0,8.355182200E0
3.716311579E1,3.984309912E0,4.601642609E0,-2.483900070E0,6.574161523E0
3.716814422E1,3.830230713E0,2.648366928E0,-1.287927866E0,4.831487647E0
3.717317105E1,3.176558495E0,1.327578545E0,5.410528183E-1,3.485071995E0
3.717819402E1,2.323468924E0,3.505678177E-1,1.991739273E0,3.080329685E0
3.718322048E1,1.996452689E0,-4.369688034E-1,2.574180603E0,3.286817739E0
3.718824704E1,1.979039311E0,-1.016314983E0,2.614518881E0,3.432958159E0
3.719327350E1,1.989038348E0,-1.377747059E0,2.397995710E0,3.406588313E0
3.719829542E1,1.916817546E0,-1.669264317E0,2.055181980E0,3.268700940E0
3.720332141E1,2.054204941E0,-2.019750118E0,1.606526852E0,3.298496173E0
3.720835219E1,2.162430286E0,-2.179968357E0,1.015846729E0,3.234240461E0
3.721337865E1,1.921591640E0,-1.929848194E0,4.778226614E-1,2.764985168E0
3.721840511E1,1.800100923E0,-1.289193630E0,1.489989758E-1,2.219140429E0
3.722343157E1,1.969419003E0,-6.842412949E-1,3.632913232E-1,2.116312345E0
3.722841886E1,2.482460976E0,-1.242513657E-1,2.171964645E-1,2.495040120E0
3.723344334E1,2.875640154E0,4.102354050E-1,7.133758068E-2,2.905630471E0
3.723846782E1,3.098502874E0,9.677686691E-1,-3.451645374E-2,3.246303690E0
3.724349230E1,3.185957670E0,1.414763451E0,-1.272172332E-1,3.488275523E0
3.724855756E1,3.243651628E0,1.851810455E0,-6.660944223E-2,3.735627747E0
3.725358407E1,3.397367477E0,2.006717682E0,-1.721453667E-1,3.949513345E0
3.725861058E1,3.479840994E0,1.951629639E0,-5.008918047E-1,4.021075004E0
3.726361782E1,3.482692242E0,1.763664246E0,-9.477633238E-1,4.017202029E0
3.726864303E1,3.262619019E0,1.533843994E0,-1.311947584E0,3.836478427E0
3.727365251E1,2.873157024E0,1.357984543E0,-1.062278509E0,3.350759457E0
3.727867615E1,2.571948290E0,1.077868462E0,-8.061944842E-1,2.902872366E0
3.728369980E1,2.219966412E0,8.369712830E-1,-3.615146875E-1,2.399888470E0
3.728873167E1,1.635252476E0,5.968370438E-1,2.004467249E-1,1.752268246E0
3.729375584E1,9.418166876E-1,4.050912857E-1,6.789059639E-1,1.229646669E0
3.729878001E1,4.062728882E-1,1.561002731E-1,1.198493242E0,1.275072942E0
3.730382964E1,-1.068477631E-1,-7.386207581E-2,1.687372446E0,1.692364565E0
3.730885548E1,-4.494552612E-1,-2.895431519E-1,2.336147547E0,2.396545562E0
3.731389511E1,-5.799880028E-1,-5.294294357E-1,2.909540176E0,3.013653206E0
3.731892235E1,-4.749140739E-1,-7.503232956E-1,3.257941484E0,3.376790065E0
3.732394959E1,-3.111023903E-1,-8.850727081E-1,3.418661594E0,3.545050845E0
3.732897282E1,-3.041434288E-2,-9.717426300E-1,3.347666025E0,3.485982872E0
3.733399980E1,-3.871333599E-2,-8.235969543E-1,2.919354439E0,3.033552539E0
3.733902678E1,-1.445078850E-2,-6.605558395E-1,1.063497305E0,1.252026102E0
3.734405376E1,5.251860619E-2,-4.677991867E-1,8.011381030E-1,9.292021003E-1
3.734909990E1,3.495205641E-1,-2.688751221E-1,8.894643188E-2,4.498554476E-1
3.735412782E1,1.117366314E0,-2.593259811E-1,2.992948294E-1,1.185468194E0
3.735915574E1,1.859883189E0,-3.524217606E-1,1.194387078E0,2.238286637E0
3.736415235E1,2.383608818E0,-5.526170731E-1,2.288191795E0,3.350044525E0
3.736917813E1,2.278299809E0,-5.922222137E-1,3.252366781E0,4.014880677E0
3.737420360E1,1.784298301E0,-6.441164017E-1,3.935740471E0,4.369057040E0
3.737922933E1,1.058780432E0,-6.946744919E-1,4.103692055E0,4.294633527E0
3.738425506E1,2.578407526E-1,-7.781133652E-1,4.232335567E0,4.310986734E0
3.738926938E1,-2.143656015E-1,-9.094619751E-1,3.897406816E0,4.007848998E0
3.739429433E1,-3.316977024E-1,-1.046008110E0,3.471486568E0,3.640793228E0
3.739931928E1,-2.916860580E-1,-1.187873840E0,2.910372734E0,3.156959687E0
3.740434422E1,-2.716053724E-1,-1.105420113E0,2.341853142E0,2.603843168E0
3.740936917E1,-2.668312788E-1,-9.088115692E-1,1.816963553E0,2.049022683E0
3.741446178E1,-1.203441620E-1,-6.698379517E-1,1.386461258E0,1.544487105E0
3.741948943E1,4.450690746E-2,-4.935979843E-1,1.059607387E0,1.169781026E0
3.742451709E1,1.752337813E-1,-3.560142517E-1,9.121661186E-1,9.947361728E-1
3.742954475E1,1.240357757E-1,-2.187204361E-1,8.098804951E-1,8.480152824E-1
3.743451688E1,6.425142288E-3,-5.175590515E-3,7.720162868E-1,7.720603709E-1
3.743954173E1,-1.160078049E-1,6.442451477E-2,7.412616014E-1,7.530452116E-1
3.744456657E1,-3.050829172E-1,1.671724319E-1,6.894130707E-1,7.722127883E-1
3.744960355E1,-5.514157414E-1,2.934131622E-1,5.639781952E-1,8.415592720E-1
3.745462917E1,-8.122323155E-1,4.143743515E-1,3.651045561E-1,9.822060754E-1
3.745964495E1,-1.107075095E0,4.918031693E-1,9.738409519E-2,1.215306252E0
3.746466959E1,-1.264433384E0,4.922399521E-1,-1.770941019E-1,1.368376510E0
3.746969949E1,-1.323060155E0,4.540624619E-1,-6.259478927E-1,1.532472400E0
3.747472464E1,-1.349746585E0,3.487377167E-1,-9.385559559E-1,1.680571665E0
3.747974980E1,-1.229464412E0,2.147655487E-1,-1.264163852E0,1.776461996E0
3.748474761E1,-1.219698310E0,1.002254486E-1,-1.651524425E0,2.055539353E0
3.748977094E1,-1.229618073E0,9.609508514E-2,-1.757327914E0,2.146950458E0
3.749479725E1,-1.158672810E0,5.887508392E-2,-1.778764963E0,2.123674586E0
3.749982084E1,-1.107389450E0,-4.008293152E-2,-2.151178360E0,2.419811227E0
3.750484443E1,-1.127698660E0,-1.050758362E-1,-2.395367622E0,2.649628511E0
3.750987469E1,-1.189966798E0,-1.887207031E-1,-2.587909460E0,2.854629898E0
3.751489876E1,-1.245877504E0,-2.718315125E-1,-2.714712143E0,2.999294108E0
3.751992282E1,-1.328834295E0,-3.304929733E-1,-2.594275475E0,2.933477702E0
3.752494688E1,-1.443480730E0,-3.647823334E-1,-2.614013195E0,3.008283190E0
3.752997917E1,-1.628352642E0,-4.225931168E-1,-2.630224943E0,3.122210839E0
3.753500365E1,-1.773464203E0,-5.278377533E-1,-2.628484964E0,3.214455036E0
3.754002985E1,-1.855032444E0,-6.135082245E-1,-2.656703949E0,3.297819519E0
3.754505449E1,-1.945275664E0,-6.556892395E-1,-2.509576321E0,3.242221322E0
3.755007912E1,-2.087333202E0,-6.496648788E-1,-2.421642542E0,3.262418881E0
3.755510756E1,-2.219374657E0,-6.480760574E-1,-2.364421368E0,3.306979717E0
3.756013245E1,-2.284428596E0,-6.652545929E-1,-2.242367268E0,3.269463052E0
3.756515735E1,-2.277990341E0,-6.103038788E-1,-2.084250689E0,3.147349957E0
3.757018850E1,-2.243362427E0,-6.315622330E-1,-1.760986805E0,2.921064936E0
3.757521381E1,-2.218694448E0,-5.376577377E-1,-1.482914686E0,2.722263188E0
3.758023912E1,-2.108179092E0,-5.009641647E-1,-1.182462931E0,2.468522384E0
3.758526355E1,-1.988028646E0,-3.971815109E-1,-8.587518930E-1,2.201696133E0
3.759028881E1,-1.838616610E0,-2.934570312E-1,-4.775305986E-1,1.922150759E0
3.759531407E1,-1.755278826E0,-2.473573685E-1,-4.248321056E-2,1.773131198E0
3.760033933E1,-1.646734118E0,-2.733287811E-1,3.708146811E-1,1.709954797E0
3.760536459E1,-1.517708421E0,-2.853593826E-1,6.724333763E-1,1.684350163E0
3.761047381E1,-1.344267130E0,-3.935403824E-1,9.345968962E-1,1.683864456E0
3.761550240E1,-1.135228634E0,-5.165719986E-1,1.038415194E0,1.622928463E0
3.762050917E1,-8.955309391E-1,-6.209611893E-1,1.065249562E0,1.523917679E0
3.762553563E1,-6.824599504E-1,-7.067041397E-1,1.139243960E0,1.504346744E0
3.763056209E1,-6.152488589E-1,-7.116041183E-1,1.130833387E0,1.470950621E0
3.763555772E1,-6.986477375E-1,-6.022071838E-1,1.149569392E0,1.473862932E0
3.764058204E1,-8.182908297E-1,-4.598798752E-1,1.281046510E0,1.588133981E0
3.764560636E1,-9.125282764E-1,-3.658971786E-1,1.381268740E0,1.695432668E0
3.765063068E1,-7.428143024E-1,-2.244892120E-1,1.411688566E0,1.610910644E0
3.765561709E1,-6.012376547E-1,-1.121177673E-1,1.452965379E0,1.576440771E0
3.766063959E1,-4.972386360E-1,9.481430054E-3,1.529253602E0,1.608089779E0
3.766566209E1,-5.169071555E-1,1.308059692E-1,1.625685930E0,1.710893905E0
3.767068459E1,-5.693200827E-1,2.758169174E-1,1.612821817E0,1.732453331E0
3.767570709E1,-7.883656621E-1,4.923610687E-1,1.662618995E0,1.904794414E0
3.768078881E1,-9.592102766E-1,7.182512283E-1,1.645400167E0,2.035512439E0
3.768581370E1,-1.149331331E0,8.436555862E-1,1.349552393E0,1.963162988E0
3.769083860E1,-1.392799973E0,8.783483505E-1,1.358241200E0,2.134527289E0
3.769589407E1,-1.431945205E0,8.416118622E-1,1.235604882E0,2.070144203E0
3.770092094E1,-1.315030694E0,9.057588577E-1,1.115221024E0,1.947671113E0
3.770594782E1,-9.986755848E-1,1.017979622E0,1.035816908E0,1.762541376E0
3.771097469E1,-5.062483549E-1,1.335950851E0,9.548137188E-1,1.718348426E0
3.771600157E1,1.042801142E-2,1.538934708E0,9.250228405E-1,1.795576797E0
3.772107772E1,4.240168035E-1,1.842201233E0,8.414605856E-1,2.069191037E0
3.772610657E1,8.222224116E-1,2.102121353E0,7.519274950E-1,2.379150864E0
3.773113542E1,1.162774205E0,2.385671616E0,6.373729706E-1,2.729417010E0
3.773616428E1,1.427790165E0,2.697566032E0,4.214224815E-1,3.081078409E0
3.774109126E1,1.598495007E0,2.961308479E0,1.707310677E-1,3.369522710E0
3.774611464E1,1.810160279E0,3.086041451E0,-3.768360615E-2,3.577953623E0
3.775113803E1,1.795201898E0,3.000156403E0,-3.417962790E-1,3.512906630E0
3.775616141E1,1.558793783E0,2.632220268E0,-7.412234545E-1,3.147671172E0
3.776118240E1,1.133620262E0,2.087948799E0,-1.135821223E0,2.633384692E0
3.776620568E1,7.290270329E-1,1.544672012E0,-1.573930144E0,2.322659712E0
3.777124204E1,3.770719171E-1,1.102999687E0,-2.046718359E0,2.355386928E0
3.777626662E1,1.903828084E-1,6.433706284E-1,-2.473438740E0,2.562824726E0
3.778129120E1,-5.273713171E-2,4.529228210E-1,-2.793256760E0,2.830230311E0
3.778631579E1,-2.304369211E-2,2.731647491E-1,-2.657968283E0,2.672067623E0
3.779134037E1,-1.663565040E-1,2.570724487E-1,-2.723008156E0,2.740170459E0
3.779636553E1,-3.106299341E-1,1.987142563E-1,-2.824905396E0,2.848871497E0
3.780139016E1,-1.168980002E-1,7.293701172E-3,-3.915645123E0,3.917396465E0
3.780644381E1,-6.048287749E-1,1.761388779E-1,-5.123558044E0,5.162140039E0
3.781147136E1,-8.674013615E-1,4.470939636E-1,-4.612076283E0,4.714183468E0
3.781654266E1,-1.063513517E0,8.201227188E-1,-4.196074963E0,4.405758433E0
3.782157428E1,-1.103612423E0,1.294550896E0,-1.408081055E0,2.208283192E0
3.782660589E1,-3.082259297E-1,1.553016663E0,2.168029070E0,2.684625491E0
3.783163751E1,6.474834681E-1,1.491419792E0,5.639654636E0,5.869350241E0
3.783666912E1,9.643752575E-1,1.034168243E0,3.397539616E0,3.680054216E0
3.784182553E1,5.349255800E-1,6.466073990E-1,-7.446550727E-1,1.121943707E0
3.784686230E1,1.366343498E-1,3.762531281E-1,-5.363441944E0,5.378358937E0
3.785189907E1,3.230690360E-1,2.457485199E-1,-8.377178192E0,8.387006641E0
3.785693584E1,7.817550898E-1,2.907772064E-1,-9.893136024E0,9.928234123E0
3.786197261E1,1.277318478E0,3.829526901E-1,-9.428405762E0,9.522238732E0
3.786700938E1,1.803676248E0,3.501071930E-1,-8.131479263E0,8.336472759E0
3.787204615E1,2.254271030E0,2.494554520E-1,-6.534013271E0,6.916451065E0
3.787680678E1,2.578999996E0,2.332029343E-1,-4.984685421E0,5.617180194E0
3.788183563E1,2.860638380E0,2.922916412E-1,-3.585278511E0,4.595966530E0
3.788686449E1,3.101855278E0,4.116420746E-1,-2.406904221E0,3.947675682E0
3.789192615E1,3.278493881E0,6.962881088E-1,-1.423953772E0,3.641563346E0
3.789695709E1,3.282927513E0,1.021254539E0,-4.796693325E-1,3.471405560E0
3.790198803E1,3.157722950E0,1.462773323E0,3.491352499E-1,3.497544202E0
3.790701896E1,3.073809624E0,1.852890968E0,1.071033716E0,3.745480445E0
3.791200063E1,2.603228092E0,2.262684822E0,1.861259937E0,3.919289178E0
3.791702891E1,1.866438866E0,2.749323845E0,2.605253696E0,4.222525603E0
3.792203740E1,9.791505337E-1,3.182267189E0,3.291931152E0,4.682133161E0
3.792706370E1,5.516380072E-1,3.359780312E0,3.777036667E0,5.085118899E0
3.793209001E1,8.252855539E-1,3.204675674E0,3.810466528E0,5.046850264E0
3.793711495E1,1.947660685E0,2.630894661E0,3.616959810E0,4.878256566E0
3.794214115E1,2.901650429E0,2.017172813E0,3.130423069E0,4.721028486E0
3.794716735E1,3.766791344E0,1.364203453E0,2.491708994E0,4.717878951E0
3.795222928E1,4.349817276E0,7.732162476E-1,1.937725663E0,4.824267244E0
3.795725782E1,4.810009003E0,2.492704391E-1,1.365599632E0,5.006314484E0
3.796228636E1,4.637561321E0,-1.449918747E-1,8.918862343E-1,4.724770757E0
3.796722745E1,4.186801434E0,-4.193668365E-1,5.226346850E-1,4.240085117E0
3.797225011E1,3.826691151E0,-6.838788986E-1,8.607216179E-2,3.888272615E0
3.797736245E1,3.556569576E0,-9.434900284E-1,-7.569340467E-1,3.756635428E0
3.798239329E1,3.326691389E0,-1.275293827E0,-1.565368533E0,3.891481542E0
3.798742412E1,2.941202164E0,-1.593086720E0,-2.435766220E0,4.137819781E0
3.799236714E1,2.260594368E0,-1.820735455E0,-2.966917276E0,4.150658094E0
3.799739162E1,1.634402990E0,-1.939247608E0,-2.825145960E0,3.796498929E0
3.800242277E1,1.300528169E0,-2.011305332E0,-2.311128855E0,3.328368856E0
3.800744792E1,1.291852832E0,-2.046604633E0,-1.829438210E0,3.033861966E0
3.801247308E1,1.498497128E0,-2.092847347E0,-1.420600891E0,2.940001795E0
3.801749824E1,1.734579802E0,-2.116256237E0,-1.130169392E0,2.960505092E0
3.802256183E1,1.915024281E0,-2.087830067E0,-1.095790029E0,3.037615540E0
3.802758891E1,1.834710598E0,-2.012268543E0,-1.063552141E0,2.923445027E0
3.803257933E1,1.541751981E0,-1.770083904E0,-1.292846680E0,2.679859835E0
3.803760266E1,1.160476208E0,-1.581563473E0,-1.497890234E0,2.468141649E0
3.804262600E1,8.051528931E-1,-1.327296734E0,-1.642607808E0,2.260121283E0
3.804767516E1,3.653969765E-1,-1.093579292E0,-1.747920990E0,2.093957594E0
3.805270022E1,1.306581497E-2,-8.662090302E-1,-1.643762112E0,1.858074993E0
3.805777751E1,2.040863037E-2,-7.744112015E-1,-1.379599929E0,1.582221598E0
3.806280792E1,1.727495193E-1,-8.225078583E-1,-9.616240263E-1,1.277138341E0
3.806783834E1,1.597037315E-1,-8.475036621E-1,-3.946921825E-1,9.484459173E-1
3.807279282E1,1.978430748E-1,-9.255743027E-1,1.774390489E-1,9.629715926E-1
3.807781813E1,2.394008636E-1,-1.051836967E0,7.545686960E-1,1.316452694E0
3.808283922E1,2.472445965E-1,-1.216303349E0,1.269806147E0,1.775649565E0
3.808786412E1,1.549735069E-1,-1.289622784E0,1.800274611E0,2.219939726E0
3.809289277E1,7.299399376E-2,-1.472664356E0,2.265133142E0,2.702757219E0
3.809791803E1,-7.495832443E-2,-1.626503468E0,2.545479059E0,3.021687595E0
3.810294329E1,-2.838575840E-1,-1.803714275E0,2.656644821E0,3.223619398E0
3.810796855E1,-2.667198181E-1,-1.946877956E0,2.532462120E0,3.205438757E0
3.811303636E1,-4.257745743E-1,-2.013047695E0,2.236096382E0,3.038712234E0
3.811806370E1,-4.973580837E-1,-2.116982937E0,1.853901863E0,2.857609829E0
3.812309105E1,-4.962205887E-1,-2.220481396E0,1.471577287E0,2.709670130E0
3.812811839E1,-2.405855656E-1,-2.409607410E0,1.136145353E0,2.674867389E0
3.813314574E1,-1.175563335E-1,-2.521507263E0,8.078335524E-1,2.650360998E0
3.813817204E1,4.518353939E-1,-2.551468849E0,7.675635219E-1,2.702462261E0
3.814319933E1,9.986234903E-1,-2.475597858E0,7.844240665E-1,2.782293074E0
3.814817704E1,1.245749712E0,-2.470863819E0,6.473381519E-1,2.841849229E0
3.815319907E1,1.265214920E0,-2.379343510E0,5.854688883E-1,2.757683475E0
3.815822110E1,1.271726131E0,-2.239555836E0,4.997344613E-1,2.623477125E0
3.816326610E1,1.302735329E0,-2.094774723E0,3.524343669E-1,2.491868869E0
3.816828969E1,1.376899719E0,-1.868554592E0,1.729276776E-1,2.327499320E0
3.817330344E1,1.604059696E0,-1.666179180E0,-1.439030170E-1,2.317297704E0
3.817832605E1,1.830906510E0,-1.415863514E0,-5.397508740E-1,2.376598230E0
3.818336074E1,1.823317647E0,-1.241915226E0,-9.421598911E-1,2.398855129E0
3.818838454E1,1.720425248E0,-1.096343994E0,-1.312562943E0,2.425830717E0
3.819340772E1,1.469732285E0,-9.503707886E-1,-1.527092338E0,2.322784672E0
3.819843147E1,1.056999564E0,-7.513418198E-1,-1.696414471E0,2.135318399E0
3.820345522E1,4.773983955E-1,-5.279960632E-1,-1.768508673E0,1.906387158E0
3.820847897E1,-1.068961620E-1,-2.852268219E-1,-1.786872745E0,1.812648707E0
3.821354693E1,-7.587819099E-1,-4.221916199E-2,-1.795723438E0,1.949911565E0
3.821857292E1,-1.440246344E0,1.865806580E-1,-1.511280775E0,2.095970289E0
3.822360298E1,-2.199597120E0,4.107065201E-1,-1.187414765E0,2.533152416E0
3.822862938E1,-2.759921551E0,5.487127304E-1,-6.797431707E-1,2.894875370E0
3.823365100E1,-3.241112471E0,6.006469727E-1,-1.260993481E-1,3.298710033E0
3.823867688E1,-3.638530016E0,5.474004745E-1,4.267143011E-1,3.704137288E0
3.824370277E1,-4.057467461E0,4.510889053E-1,9.469330311E-1,4.190847833E0
3.824872865E1,-4.497595787E0,2.829294205E-1,1.469520807E0,4.740032523E0
3.825374287E1,-4.949083328E0,2.843379974E-2,1.914783239E0,5.306658942E0
3.825876818E1,-5.479022026E0,-2.024917603E-1,2.225773573E0,5.917326531E0
3.826379350E1,-5.656894684E0,-6.014022827E-1,2.460832357E0,6.198212489E0
3.826884990E1,-5.526082993E0,-1.024735451E0,2.366803169E0,6.098313966E0
3.827387719E1,-5.420145035E0,-1.357585430E0,2.227404118E0,6.015175766E0
3.827890449E1,-5.338671684E0,-1.590417385E0,1.798159003E0,5.853564607E0
3.828391318E1,-5.142629147E0,-1.704285145E0,1.304373026E0,5.572487002E0
3.828893917E1,-5.133637428E0,-1.469858646E0,8.079556227E-1,5.400695323E0
3.829395933E1,-5.230738163E0,-1.055101395E0,2.129142284E-1,5.340336427E0
3.829898475E1,-5.215783119E0,-4.748020172E-1,-6.973975897E-1,5.283577756E0
3.830401016E1,-5.081320763E0,5.722246170E-1,-1.772378445E0,5.411893112E0
3.830905688E1,-4.704767227E0,2.387104034E0,-3.398044109E0,6.275332987E0
3.831408365E1,-3.698843002E0,5.103795052E0,-5.630494595E0,8.451782822E0
3.831911042E1,-1.612956524E0,7.254487991E0,-6.369330406E0,9.787624563E0
3.832413719E1,-7.091522217E-3,8.879314423E0,-7.925619125E0,1.190200460E1
3.832917365E1,8.894198537E-1,1.031912804E1,-6.705001831E0,1.233825436E1
3.833420089E1,4.291267395E-1,1.050194550E1,-5.105357170E0,1.168501950E1
3.833922813E1,-9.235465527E-1,9.398375511E0,-4.286219120E0,1.037082807E1
3.834425537E1,-1.395483255E0,7.295426369E0,-4.540473461E0,8.705545283E0
3.834925058E1,-7.669893503E-1,4.371115685E0,-5.761356354E0,7.272424082E0
3.835427615E1,-3.068114519E-1,1.914036751E0,-6.675999641E0,6.951736557E0
3.835930172E1,2.853209972E-1,1.557636261E-2,-6.592225552E0,6.598415599E0
3.836432730E1,1.045587063E0,-1.396134853E0,-5.342802048E0,5.620318368E0
3.836938183E1,1.703768134E0,-2.412541866E0,-2.935506344E0,4.164178383E0
3.837440881E1,2.265867472E0,-2.867343903E0,-8.593392372E-1,3.754234993E0
3.837943579E1,2.958478928E0,-2.824318886E0,-3.061604500E-2,4.090270416E0
3.838444943E1,3.329758167E0,-2.681525230E0,-6.960499287E-2,4.275828793E0
3.838947548E1,3.322347641E0,-2.496450424E0,-1.913067102E-1,4.160151058E0
3.839450152E1,2.940875769E0,-2.087295055E0,1.532504559E-1,3.609575687E0
3.839952756E1,2.687108994E0,-1.593196392E0,6.142524481E-1,3.183729818E0
3.840464074E1,2.536566973E0,-1.005090714E0,1.025554180E0,2.914814012E0
3.840967105E1,2.420099020E0,-2.995500565E-1,1.243191957E0,2.737176601E0
3.841470136E1,2.174977779E0,4.418678284E-1,1.401666880E0,2.624965821E0
3.841973167E1,1.968207359E0,9.845867157E-1,1.377000451E0,2.596031867E0
3.842476199E1,1.464441419E0,1.477054596E0,1.303015113E0,2.454409773E0
3.842965006E1,1.361292839E0,1.694622040E0,8.913283348E-1,2.349325063E0
3.843467454E1,1.558696628E0,1.804797173E0,1.685982943E-1,2.390659615E0
3.843970146E1,2.109434605E0,1.722287178E0,-9.294821620E-1,2.877485806E0
3.844472620E1,2.359824657E0,1.567632675E0,-2.035553932E0,3.488513212E0
3.844975094E1,2.718232393E0,1.327288628E0,-2.936395645E0,4.215791958E0
3.845482980E1,3.033015251E0,1.087948799E0,-3.585415363E0,4.820582686E0
3.845985813E1,3.276689529E0,9.124174118E-1,-4.014120579E0,5.261403218E0
3.846488646E1,3.416265488E0,8.056144714E-1,-3.932348728E0,5.270981984E0
3.846989740E1,3.380277157E0,6.958150864E-1,-3.336931229E0,4.800577290E0
3.847492454E1,3.149620771E0,6.784849167E-1,-2.405032396E0,4.020526534E0
3.847995167E1,2.752522945E0,7.818918228E-1,-1.217765450E0,3.109773316E0
3.848497881E1,2.699615479E0,8.044290543E-1,2.310723066E-1,2.826380060E0
3.848994803E1,2.559232473E0,8.221940994E-1,1.885923624E0,3.283653743E0
3.849497225E1,2.545814991E0,7.438116074E-1,3.394711018E0,4.307956890E0
3.849999277E1,2.400327682E0,6.598663330E-1,4.376772881E0,5.035189908E0
3.850501662E1,2.557423353E0,4.122276306E-1,5.053845882E0,5.679058375E0
3.851007860E1,2.729745626E0,1.923294067E-1,5.412480831E0,6.064936152E0
3.851510615E1,2.798504591E0,-9.232521057E-3,5.596625805E0,6.257310411E0
3.852013370E1,2.515190125E0,-2.500724792E-2,5.744810104E0,6.271335572E0
3.852512376E1,2.190697670E0,-7.507419586E-2,5.597362995E0,6.011261508E0
3.853014870E1,2.034259796E0,-1.880693436E-1,5.028409004E0,5.427566684E0
3.853517365E1,1.988473177E0,-2.058916092E-1,4.310184479E0,4.751221650E0
3.854019860E1,1.929912567E0,-1.092748642E-1,3.576879978E0,4.065780846E0
3.854522355E1,1.711072445E0,-3.204059601E-2,2.679966450E0,3.179782333E0
3.855024850E1,1.409431696E0,7.867240906E-2,1.796226382E0,2.284538524E0
3.855527344E1,1.197773695E0,2.038841248E-1,1.135541439E0,1.663034852E0
3.856031230E1,9.470655322E-1,3.532495499E-1,5.585211515E-1,1.154843818E0
3.856533761E1,7.964267731E-1,4.551200867E-1,9.828364849E-2,9.225451608E-1
3.857035798E1,7.649946213E-1,5.240030289E-1,-8.323168755E-2,9.309798379E-1
3.857538282E1,6.470415592E-1,5.695657730E-1,-1.205391884E-1,8.704008531E-1
3.858044464E1,4.613143206E-1,6.013565063E-1,-6.185817719E-2,7.604386788E-1
3.858547318E1,3.133010864E-1,5.763301849E-1,1.677918434E-2,6.561978313E-1
3.859050172E1,1.306315660E-1,5.613679886E-1,1.588991880E-1,5.978691969E-1
3.859548522E1,-4.827976227E-4,5.420398712E-1,2.887851000E-1,6.141695931E-1
3.860051074E1,-1.481258869E-1,5.133886337E-1,5.454297066E-1,7.635461561E-1
3.860553626E1,-2.593594790E-1,5.040340424E-1,7.769020796E-1,9.617143528E-1
3.861056178E1,-4.967265129E-1,5.281724930E-1,8.648618460E-1,1.128578497E0
3.861559954E1,-7.505011559E-1,5.377721786E-1,9.299132824E-1,1.310415817E0
3.862062568E1,-9.869260788E-1,4.753665924E-1,8.965839148E-1,1.415577337E0
3.862564303E1,-1.105259299E0,4.462623596E-1,7.510330677E-1,1.408828904E0
3.863066824E1,-1.258531690E0,4.025774002E-1,5.749986172E-1,1.441039204E0
3.863572610E1,-1.398772717E0,3.730764389E-1,1.914079189E-1,1.460269884E0
3.864075469E1,-1.520158529E0,3.005914688E-1,-1.083806753E-1,1.553378111E0
3.864576303E1,-1.694565296E0,2.666635513E-1,-4.500287771E-1,1.773467477E0
3.865078964E1,-1.822274685E0,1.996459961E-1,-8.251887560E-1,2.010343263E0
3.865580589E1,-2.022608519E0,9.510707855E-2,-1.192310810E0,2.349807576E0
3.866083146E1,-2.214500904E0,4.413795471E-2,-1.442475557E0,2.643236302E0
3.866585704E1,-2.316674232E0,-3.451251984E-2,-1.561927795E0,2.794242125E0
3.867088261E1,-2.300413609E0,-9.772491455E-2,-1.526842356E0,2.762734245E0
3.867595792E1,-2.256427288E0,-1.598482132E-1,-1.466222525E0,2.695704741E0
3.868098594E1,-2.134979963E0,-2.688331604E-1,-1.268495917E0,2.497897637E0
3.868601396E1,-2.098498106E0,-3.626308441E-1,-1.090611219E0,2.392619540E0
3.869101381E1,-2.141002655E0,-4.701395035E-1,-8.979096413E-1,2.368789827E0
3.869603980E1,-2.157418489E0,-5.054254532E-1,-7.567919493E-1,2.341504534E0
3.870106579E1,-2.409984350E0,-5.261249542E-1,-7.764939070E-1,2.586073244E0
3.870609178E1,-2.712102413E0,-5.036649704E-1,-8.371050954E-1,2.882693678E0
3.871115355E1,-2.949586153E0,-4.955186844E-1,-9.627530575E-1,3.142051987E0
3.871618131E1,-3.112580538E0,-5.207824707E-1,-1.144079447E0,3.356827336E0
3.872120907E1,-3.321452379E0,-4.549789429E-1,-1.343518019E0,3.611660617E0
3.872623683E1,-3.495178461E0,-3.651084900E-1,-1.499381900E0,3.820696634E0
3.873121969E1,-3.686508179E0,-3.228645325E-1,-1.650466084E0,4.051989925E0
3.873624522E1,-3.681276560E0,-3.041276932E-1,-1.735414505E0,4.081170698E0
3.874127074E1,-3.527224541E0,-3.040647507E-1,-1.735275030E0,3.942708176E0
3.874625641E1,-3.353088617E0,-2.940216064E-1,-1.750307560E0,3.793840868E0
3.875127933E1,-3.173545361E0,-2.835197449E-1,-1.665997624E0,3.595458481E0
3.875630225E1,-2.868238449E0,-3.540306091E-1,-1.558269024E0,3.283341564E0
3.876132516E1,-2.694910049E0,-3.621377945E-1,-1.412213802E0,3.063989520E0
3.876642339E1,-2.639305353E0,-3.749723434E-1,-1.299267411E0,2.965574617E0
3.877145006E1,-2.523172140E0,-3.976373672E-1,-1.112960219E0,2.786250810E0
3.877643693E1,-2.480304718E0,-3.777017593E-1,-1.029723763E0,2.711992098E0
3.878145959E1,-2.477164984E0,-3.536119461E-1,-9.151282310E-1,2.664366237E0
3.878647745E1,-2.551738977E0,-3.829135895E-1,-8.931121826E-1,2.730502517E0
3.879149959E1,-2.560843945E0,-4.081935883E-1,-9.252214432E-1,2.753285026E0
3.879652917E1,-2.485691071E0,-4.820461273E-1,-1.011551619E0,2.726584905E0
3.880155204E1,-2.383964539E0,-5.278005600E-1,-1.075979590E0,2.668256440E0
3.880657490E1,-2.260904789E0,-6.410264969E-1,-1.162054539E0,2.621636166E0
3.881163162E1,-1.959034443E0,-7.832498550E-1,-1.222481132E0,2.438392175E0
3.881665678E1,-1.549789906E0,-9.065771103E-1,-1.233644843E0,2.178442197E0
3.882168193E1,-1.200567007E0,-9.631738663E-1,-1.195813775E0,1.949111495E0
3.882670709E1,-1.006493807E0,-9.674491882E-1,-1.094890714E0,1.774196548E0
3.883173225E1,-9.433503151E-1,-9.769077301E-1,-9.977159500E-1,1.685139652E0
3.883672183E1,-9.583966732E-1,-9.437789917E-1,-8.513898849E-1,1.591888094E0
3.884174558E1,-1.056785345E0,-8.967781067E-1,-7.038276196E-1,1.554470828E0
3.884676933E1,-1.114699841E0,-8.311576843E-1,-5.260876417E-1,1.486656328E0
3.885181568E1,-1.156454086E0,-7.852611542E-1,-3.369446993E-1,1.437898767E0
3.885684100E1,-1.158592343E0,-7.733688354E-1,-2.273241282E-1,1.411421919E0
3.886189558E1,-1.240914106E0,-7.428531647E-1,-1.012858152E-1,1.449812905E0
3.886692386E1,-1.298635006E0,-7.414541245E-1,-6.439340115E-2,1.496781082E0
3.887193350E1,-1.341831923E0,-6.925430298E-1,-3.064692020E-2,1.510320493E0
3.887695995E1,-1.456855178E0,-7.300720215E-1,-1.914846897E-2,1.629662183E0
3.888198641E1,-1.509830713E0,-6.817102432E-1,5.124545097E-2,1.657390640E0
3.888699699E1,-1.582445502E0,-7.292699814E-1,2.138942480E-1,1.755482618E0
3.889202235E1,-1.713247895E0,-7.817668915E-1,2.440102100E-1,1.898925698E0
3.889704683E1,-1.821035385E0,-8.391427994E-1,1.702632904E-1,2.012292250E0
3.890207214E1,-1.900914669E0,-8.248901367E-1,1.076788902E-1,2.074973508E0
3.890709745E1,-1.976256132E0,-7.295942307E-1,-2.477729321E-2,2.106777149E0
3.891212277E1,-1.874306083E0,-6.251516342E-1,-2.171213627E-1,1.987707107E0
3.891718641E1,-1.747190833E0,-4.828920364E-1,-5.887954235E-1,1.905922500E0
3.892221365E1,-1.373941779E0,-2.835292816E-1,-7.532703280E-1,1.592331954E0
3.892724089E1,-1.074025631E0,7.335472107E-2,-1.026787519E0,1.487684302E0
3.893223183E1,-8.081412315E-1,6.116781235E-1,-1.324227214E0,1.667579111E0
3.893725662E1,-5.614979267E-1,1.240485191E0,-1.660569310E0,2.147457535E0
3.894228141E1,-2.812880576E-1,1.955226898E0,-1.832042933E0,2.694144855E0
3.894734141E1,-3.894309700E-2,2.598139763E0,-2.121915579E0,3.354753719E0
3.895236860E1,2.606858313E-1,3.188737869E0,-2.330832005E0,3.958381504E0
3.895739386E1,5.746256709E-1,3.775052071E0,-2.349665642E0,4.483541170E0
3.896242084E1,8.362035155E-1,4.242368698E0,-2.360533476E0,4.926362429E0
3.896744693E1,9.690199494E-1,4.662590027E0,-2.190999269E0,5.242062878E0
3.897247381E1,9.971475601E-1,4.983149529E0,-1.955415606E0,5.445156809E0
3.897750068E1,8.914696574E-1,5.256677628E0,-1.733935833E0,5.606595340E0
3.898251917E1,6.225320697E-1,5.392305374E0,-1.334336519E0,5.589718899E0
3.898754548E1,2.320848405E-1,5.447441101E0,-9.612838626E-1,5.536474021E0
3.899257178E1,-1.624669135E-1,5.407623291E0,-5.706058741E-1,5.440071343E0
3.899759808E1,-6.015012264E-1,5.181856155E0,-1.901376247E-1,5.220113912E0
3.900260459E1,-6.230210066E-1,4.774842262E0,4.715287685E-2,4.815547445E0
3.900762990E1,-4.095978141E-1,4.110111237E0,1.418665648E-1,4.132905863E0
3.901265522E1,5.047321320E-3,3.345689774E0,2.234779596E-1,3.353148958E0
3.901770563E1,3.772313893E-1,2.596456528E0,3.349130154E-1,2.645006002E0
3.902273261E1,5.826042295E-1,1.857556343E0,3.755557537E-1,1.982671274E0
3.902775699E1,4.544506967E-1,1.124245644E0,-1.092784405E-1,1.217536644E0
3.903278370E1,-4.711921215E-1,5.544338226E-1,-8.188103437E-1,1.095385438E0
3.903781042E1,-1.338886261E0,1.289300919E-1,-3.153723478E-1,1.381556769E0
3.904283714E1,-1.714855790E0,-2.726202011E-1,1.330211759E0,2.187353533E0
3.904786089E1,-1.558563590E0,-9.385652542E-1,2.791782379E0,3.332277607E0
3.905288745E1,-1.585755229E0,-1.549664021E0,1.553138018E0,2.707086243E0
3.905790006E1,-2.491612911E0,-1.723369122E0,-3.815302849E0,4.871824284E0
3.906292522E1,-3.392535686E0,-1.433917999E0,-9.874114990E0,1.053867003E1
3.906794975E1,-3.539226770E0,-1.114488602E0,-1.345598507E1,1.395821425E1
3.907297480E1,-2.738730431E0,-8.499326706E-1,-1.340525246E1,1.370853104E1
3.907799985E1,-1.242667198E0,-7.116289139E-1,-1.263704109E1,1.271791827E1
3.908303318E1,2.642487288E-1,-5.750055313E-1,-1.140081310E1,1.141836232E1
3.908805881E1,1.347088695E0,-2.534637451E-1,-9.648661613E0,9.745540660E0
3.909308443E1,1.929593086E0,2.240133286E-1,-7.948677540E0,8.182602647E0
3.909809120E1,2.211442232E0,6.800136566E-1,-6.256320477E0,6.670415371E0
3.910311558E1,2.622094631E0,1.099934578E0,-4.564349174E0,5.377594231E0
3.910813995E1,3.211629868E0,1.593396187E0,-3.120036125E0,4.752694313E0
3.911316522E1,3.830466032E0,2.031054497E0,-1.898833394E0,4.733204057E0
3.911818964E1,4.271698475E0,2.599372864E0,-6.671099663E-1,5.044718312E0
3.912321407E1,4.352365017E0,3.121068001E0,4.097116590E-1,5.371406738E0
3.912824105E1,4.137910366E0,3.457063675E0,1.759056091E0,5.671672574E0
3.913326563E1,3.483196497E0,3.688201904E0,3.010006428E0,5.898782062E0
3.913829022E1,3.065480947E0,3.713198662E0,4.042024612E0,6.286730526E0
3.914331480E1,2.796549797E0,3.464432716E0,4.873482704E0,6.601046772E0
3.914833938E1,2.885761976E0,2.994156837E0,5.274689198E0,6.716765850E0
3.915336969E1,2.888159275E0,2.340574265E0,4.916694641E0,6.163897962E0
3.915839449E1,2.996021748E0,1.585156441E0,4.609580994E0,5.721634748E0
3.916342490E1,3.081361771E0,8.046913147E-1,4.058480740E0,5.158835565E0
3.916845027E1,3.336810827E0,-2.448177338E-2,3.117696762E0,4.566720810E0
3.917347501E1,3.539015293E0,-6.436347961E-1,2.554440022E0,4.411809019E0
3.917850032E1,3.603299618E0,-1.263082027E0,1.934105635E0,4.280176276E0
3.918352667E1,3.564210892E0,-1.743883610E0,1.339480877E0,4.187951569E0
3.918855209E1,3.460530758E0,-2.076556683E0,9.150765538E-1,4.138203219E0
3.919358162E1,3.359196663E0,-2.352223396E0,4.659534097E-1,4.127259346E0
3.919860745E1,3.260184050E0,-2.556634903E0,-4.053545743E-2,4.143286761E0
3.920362995E1,3.153893709E0,-2.656413078E0,-6.084149480E-1,4.168182424E0
3.920865542E1,3.035125732E0,-2.747479439E0,-1.271004081E0,4.286733354E0
3.921368089E1,2.793269634E0,-2.638760567E0,-2.171349764E0,4.413634826E0
3.921870636E1,2.451710701E0,-2.450284958E0,-3.347349644E0,4.818664895E0
3.922376938E1,2.076743126E0,-2.163267612E0,-4.329839706E0,5.266887189E0
3.922879672E1,1.638476849E0,-1.830865383E0,-5.072250843E0,5.635991754E0
3.923381693E1,1.274919271E0,-1.372055531E0,-5.306903362E0,5.627715240E0
3.923884355E1,9.993679523E-1,-1.050343037E0,-5.068916321E0,5.272178816E0
3.924387016E1,6.345915794E-1,-6.695308685E-1,-4.681382179E0,4.771406204E0
3.924889678E1,-4.983642101E-1,-2.345323563E-1,-3.865181446E0,3.904228467E0
3.925392214E1,-2.547432423E0,3.736057281E-1,-4.132893562E0,4.869271238E0
3.925894870E1,-3.183044195E0,4.936695099E-1,-2.759452343E0,4.241468751E0
3.926397527E1,-2.793246508E0,1.883916855E-1,-4.072201252E-1,2.829053854E0
3.926896751E1,-2.685786724E0,-6.171035767E-2,1.468317986E0,3.061570872E0
3.927399178E1,-2.609438658E0,-4.038457870E-1,3.502275467E0,4.386136680E0
3.927902074E1,-2.480052233E0,-8.939590454E-1,5.257175922E0,5.881132589E0
3.928404548E1,-2.032240391E0,-1.482800961E0,6.508302689E0,6.977585799E0
3.928907022E1,-1.752164602E0,-2.044840336E0,7.161847591E0,7.651373322E0
3.929410334E1,-1.581220388E0,-2.613043785E0,7.009532452E0,7.646031711E0
3.929912865E1,-1.657083988E0,-3.005373001E0,6.243121147E0,7.124237214E0
3.930415397E1,-2.065399408E0,-3.303441048E0,4.893977642E0,6.255366866E0
3.930917928E1,-2.342319727E0,-3.502920151E0,2.938332558E0,5.137188872E0
3.931423548E1,-2.378751278E0,-3.561320305E0,9.718823433E-1,4.391584594E0
3.931926235E1,-2.170312881E0,-3.536373138E0,-8.409993052E-1,4.233612265E0
3.932428922E1,-1.885123968E0,-3.404506683E0,-2.230755806E0,4.485602479E0
3.932931683E1,-1.409494638E0,-3.147099495E0,-3.051525116E0,4.604640692E0
3.933434376E1,-1.151673555E0,-2.850898743E0,-3.572721243E0,4.713630522E0
3.933937068E1,-9.838211536E-1,-2.588186264E0,-3.899829865E0,4.782811430E0
3.934439131E1,-7.112154961E-1,-2.335459232E0,-4.122930050E0,4.791528932E0
3.934941777E1,-6.507463455E-1,-2.160015583E0,-4.117397785E0,4.694901772E0
3.935444422E1,-3.106145859E-1,-1.995139599E0,-4.050348282E0,4.525746860E0
3.935943636E1,2.189874649E-3,-1.931860447E0,-3.763730288E0,4.230573869E0
3.936446058E1,2.440371513E-1,-1.788522243E0,-3.563997030E0,3.995052037E0
3.936948740E1,4.671390057E-1,-1.441014767E0,-3.335243702E0,3.663139768E0
3.937451188E1,8.003983498E-1,-1.229204655E0,-3.196342707E0,3.516843514E0
3.937953636E1,1.152937293E0,-1.047644615E0,-3.122976303E0,3.489957683E0
3.938456084E1,1.620844126E0,-9.248218536E-1,-2.794752121E0,3.360516412E0
3.938960782E1,2.009024382E0,-8.267984390E-1,-2.369809628E0,3.214929594E0
3.939463339E1,2.170497894E0,-7.770624161E-1,-1.967535973E0,3.030855475E0
3.939965896E1,2.110178471E0,-5.364656448E-1,-1.553396106E0,2.674637925E0
3.940468454E1,1.798949957E0,-3.254327774E-1,-1.230975628E0,2.203957449E0
3.940971011E1,1.566492081E0,-1.679983139E-1,-1.175140142E0,1.965470739E0
3.941474667E1,1.145164847E0,1.321115494E-1,-1.743790030E0,2.090373091E0
3.941977272E1,3.833770752E-1,6.372852325E-1,-2.756032944E0,2.854615217E0
3.942479876E1,-5.264911652E-1,1.352249146E0,-3.808042765E0,4.075163849E0
3.942982480E1,-1.540648460E0,1.970808029E0,-4.530239105E0,5.175011915E0
3.943485084E1,-2.557798862E0,2.498014450E0,-4.754114151E0,5.948446232E0
3.943987079E1,-3.179910898E0,2.814655304E0,-4.243245125E0,6.003269692E0
3.944489657E1,-3.616461992E0,2.749176979E0,-3.209410667E0,5.562111850E0
3.944997261E1,-3.755754948E0,2.254731178E0,-1.953580260E0,4.796455331E0
3.945500355E1,-3.815723181E0,1.523782730E0,-6.374180317E-1,4.157879141E0
3.946002574E1,-4.115672112E0,7.769298553E-1,1.614643931E-1,4.191473211E0
3.946505584E1,-4.626276016E0,1.673297882E-1,2.355086803E-1,4.635287842E0
3.947008594E1,-5.189778328E0,-3.435173035E-1,-2.070826665E-2,5.201176027E0
3.947506574E1,-5.457902908E0,-9.233341217E-1,-7.731995583E-1,5.589193825E0
3.948009230E1,-4.934468746E0,-1.696563244E0,-1.576924086E0,5.451054780E0
3.948512219E1,-4.085100174E0,-2.347475529E0,-2.297704458E0,5.241958657E0
3.949014912E1,-3.465615749E0,-2.804613113E0,-2.868819952E0,5.301554032E0
3.949517605E1,-3.066998243E0,-3.101873398E0,-3.328401566E0,5.486925713E0
3.950019563E1,-2.708278418E0,-3.321000099E0,-3.604876280E0,5.599905949E0
3.950522204E1,-2.390365839E0,-3.438412666E0,-3.693729639E0,5.583920590E0
3.951025308E1,-2.066467285E0,-3.425825119E0,-3.514324665E0,5.325133110E0
3.951527995E1,-1.799714327E0,-3.250190735E0,-3.258376598E0,4.941632274E0
3.952030683E1,-1.562422037E0,-2.998117447E0,-2.945466280E0,4.483931584E0
3.952531355E1,-1.207819700E0,-2.560193062E0,-2.595014095E0,3.840249353E0
3.953033907E1,-6.461513042E-1,-1.917852879E0,-2.173964500E0,2.970150303E0
3.953536459E1,9.269189835E-2,-9.330234528E-1,-1.829928637E0,2.056152564E0
3.954039011E1,7.076411247E-1,7.048063278E-1,-1.734236598E0,2.001270721E0
3.954541563E1,9.558086395E-1,3.167230606E0,-1.700273395E0,3.719657173E0
3.955044115E1,7.473692894E-1,5.635584831E0,-1.641817331E0,5.917257929E0
3.955545219E1,6.949267387E-1,6.746794701E0,-1.089259624E0,6.869399423E0
3.956047719E1,3.578455448E-1,7.162296295E0,-4.380102158E-1,7.184594255E0
3.956550219E1,-4.126238823E-1,7.509088516E0,-4.008027911E-2,7.520523602E0
3.957057730E1,-1.215960503E0,7.643151283E0,1.195218116E-1,7.740194245E0
3.957560563E1,-1.628480434E0,7.315375328E0,2.792114913E-1,7.499641576E0
3.958059037E1,-1.737434626E0,6.301368713E0,4.179472327E-1,6.549855466E0
3.958561433E1,-1.514042616E0,4.621343613E0,3.704479933E-1,4.877127592E0
3.959063396E1,-1.215429306E0,2.917584419E0,4.449005723E-1,3.191786923E0
3.959565751E1,-1.212846994E0,1.535161018E0,7.579944730E-1,2.098159385E0
3.960068834E1,-1.313083172E0,4.838371277E-1,1.827823997E0,2.302004853E0
3.960571261E1,-7.635924816E-1,-5.709867477E-1,3.685860157E0,3.807185895E0
3.961073688E1,1.449015141E-1,-1.595265865E0,5.139839172E0,5.383661983E0
3.961576115E1,1.092761755E0,-2.474004745E0,5.159401894E0,5.825311634E0
3.962078907E1,2.013268709E0,-3.250463486E0,3.625633955E0,5.269154139E0
3.962581350E1,2.916398048E0,-3.800299644E0,9.883404970E-1,4.891264857E0
3.963086157E1,3.324267864E0,-3.769659996E0,-1.594053388E0,5.272769625E0
3.963588829E1,3.271078825E0,-3.068240166E0,-3.112283230E0,5.458970718E0
3.964091501E1,3.153174877E0,-2.113275051E0,-3.540328503E0,5.190603930E0
3.964595683E1,3.251114130E0,-1.264353275E0,-3.331640482E0,4.823708179E0
3.965098459E1,3.224797249E0,-3.780479431E-1,-2.656016350E0,4.194837350E0
3.965601235E1,2.968498468E0,6.361675262E-1,-1.990073800E0,3.630025621E0
3.966106813E1,2.797003031E0,1.581626892E0,-1.212883234E0,3.434509473E0
3.966609777E1,2.819170713E0,2.438880920E0,-6.243577600E-1,3.779641024E0
3.967112740E1,3.091845036E0,3.102661133E0,1.125755906E-2,4.380198461E0
3.967615704E1,3.356981516E0,3.506335258E0,7.433475852E-1,4.910832666E0
3.968118667E1,3.423992157E0,3.750792503E0,1.415681124E0,5.272221518E0
3.968621969E1,3.211789846E0,3.893584251E0,1.809031963E0,5.361733767E0
3.969124943E1,2.968642235E0,3.872497559E0,1.822567821E0,5.208726094E0
3.969627917E1,2.755698442E0,3.587104797E0,1.627437830E0,4.807259991E0
3.970130891E1,2.749097586E0,2.941996574E0,1.136272907E0,4.183777898E0
3.970633865E1,2.804901600E0,2.047700882E0,5.823532343E-1,3.521318954E0
3.971145673E1,2.961012840E0,1.181959152E0,3.634488583E-2,3.188407977E0
3.971649022E1,3.032558918E0,3.836793900E-1,-7.150194645E-1,3.139247728E0
3.972152370E1,2.861762762E0,-1.558866501E-1,-1.413726211E0,3.195717220E0
3.972655719E1,2.678670883E0,-4.656572342E-1,-1.687231064E0,3.199822342E0
3.973159475E1,2.378013611E0,-7.515554428E-1,-1.660079241E0,2.995938484E0
3.973662839E1,1.988659382E0,-9.179239273E-1,-1.427939177E0,2.614643525E0
3.974163225E1,1.658817887E0,-1.103602409E0,-9.907688498E-1,2.225137743E0
3.974666277E1,1.387824535E0,-1.193884850E0,-3.822454810E-1,1.870168330E0
3.975169329E1,1.108677864E0,-1.179248810E0,3.394268751E-1,1.653785042E0
3.975672381E1,9.410235882E-1,-1.083656311E0,1.279212594E0,1.922555917E0
3.976175433E1,7.797234058E-1,-9.979591370E-1,2.370423794E0,2.687526742E0
3.976678485E1,5.437167883E-1,-8.741979599E-1,3.235557556E0,3.395391394E0
3.977157199E1,3.181470633E-1,-6.972160339E-1,3.907176495E0,3.981627294E0
3.977659443E1,8.595669270E-2,-5.738248825E-1,4.340231419E0,4.378843719E0
3.978165100E1,-3.030931950E-2,-4.362545013E-1,4.519335270E0,4.540443583E0
3.978667693E1,-2.482318878E-2,-3.989906311E-1,4.515699863E0,4.533360230E0
3.979168110E1,9.816813469E-2,-3.660783768E-1,4.396035194E0,4.412343571E0
3.979670490E1,1.667643785E-1,-2.895812988E-1,4.202830315E0,4.216094204E0
3.980175912E1,2.392922640E-1,-1.215753555E-1,4.021247387E0,4.030195020E0
3.980678605E1,2.122892141E-1,4.720211029E-2,3.630373716E0,3.636881641E0
3.981181147E1,1.960752010E-1,1.736888885E-1,3.001796484E0,3.013203519E0
3.981683824E1,-2.106840611E-1,4.348735809E-1,1.111398578E0,1.211903298E0
3.982186501E1,-5.625995398E-1,6.439352036E-1,5.461941659E-2,8.568279111E-1
3.982689089E1,-8.021107912E-1,7.434625626E-1,-8.438771963E-1,1.381393147E0
3.983191761E1,-6.661313176E-1,6.427593231E-1,-1.202897310E0,1.517838074E0
3.983693678E1,-3.073353767E-1,4.713973999E-1,-7.552584410E-1,9.418523531E-1
3.984196272E1,1.314463019E-1,1.962566376E-1,2.143180072E-1,3.189467139E-1
3.984700287E1,3.448104560E-1,-6.755733490E-2,1.137046695E0,1.190098076E0
3.985203011E1,3.722432852E-1,-3.439254761E-1,1.889917850E0,1.956690900E0
3.985705735E1,1.947350204E-1,-4.560613632E-1,2.376960039E0,2.428137707E0
3.986208459E1,-1.157317758E-1,-6.005086899E-1,2.577691555E0,2.649244852E0
3.986709214E1,-5.354630947E-1,-5.814514160E-1,2.561301470E0,2.680498404E0
3.987211834E1,-9.606255293E-1,-6.719970703E-1,2.361732960E0,2.636695668E0
3.987714454E1,-1.406536222E0,-7.191791534E-1,2.103190660E0,2.630394220E0
3.988217074E1,-1.711715460E0,-7.423019409E-1,1.683980584E0,2.513319040E0
3.988718428E1,-1.872600198E0,-7.462053299E-1,1.126226187E0,2.309077590E0
3.989220985E1,-1.794372439E0,-7.595624924E-1,6.575487852E-1,2.056472231E0
3.989721714E1,-1.558573127E0,-7.727355957E-1,3.099588156E-1,1.767015835E0
3.990224089E1,-1.442649364E0,-7.425994873E-1,1.106263399E-1,1.626323884E0
3.990726464E1,-1.493901849E0,-5.639734268E-1,1.618134975E-2,1.596894047E0
3.991228881E1,-1.674057722E0,-4.331436157E-1,-1.629656553E-2,1.729262336E0
3.991731256E1,-1.882858157E0,-3.357429504E-1,-4.375886917E-2,1.913058548E0
3.992233631E1,-2.067857981E0,-1.904764175E-1,-6.561565399E-2,2.077648504E0
3.992736006E1,-2.243702888E0,-9.309005737E-2,-7.188582420E-2,2.246783475E0
3.993243214E1,-2.324954510E0,-1.152896881E-1,-6.704568863E-2,2.328776569E0
3.993745834E1,-2.325223207E0,-1.039371490E-1,-2.322185040E-1,2.339100538E0
3.994250298E1,-2.302226305E0,-8.774852753E-2,-3.379686475E-1,2.328555039E0
3.994753100E1,-2.260332584E0,-1.145687103E-1,-4.990641177E-1,2.317605310E0
3.995255902E1,-2.184939861E0,-1.604213715E-1,-6.678501368E-1,2.290353907E0
3.995755079E1,-2.214130640E0,-1.822443008E-1,-8.254188895E-1,2.370000806E0
3.996257636E1,-2.195147991E0,-2.469892502E-1,-9.913171530E-1,2.421236893E0
3.996760193E1,-2.170583963E0,-2.780923843E-1,-1.117860913E0,2.457312178E0
3.997265881E1,-2.174080133E0,-3.520879745E-1,-1.267663240E0,2.541173048E0
3.997768636E1,-1.831869483E0,-6.315546036E-1,-1.282891870E0,2.323880068E0
3.998271391E1,-1.703446984E0,-7.145233154E-1,-7.957038879E-1,2.011322916E0
3.998774146E1,-1.893284559E0,-6.634988785E-1,-7.626835704E-1,2.146262662E0
3.999276902E1,-2.085761547E0,-6.174097061E-1,7.991665602E-2,2.176690756E0
3.999779657E1,-2.377084255E0,-5.476350784E-1,2.685422301E-1,2.454088153E0
4.000282412E1,-2.629206419E0,-4.494733810E-1,-6.496033669E-1,2.745311867E0
4.000785167E1,-2.464929581E0,-4.470996857E-1,-1.489021063E0,2.914268294E0
4.001284803E1,-2.309798717E0,-3.823909760E-1,-2.175505638E0,3.195968985E0
4.001787391E1,-2.331161022E0,-2.792167664E-1,-2.394902706E0,3.353778867E0
4.002289980E1,-1.964069009E0,-3.671751022E-1,-1.205960035E0,2.333821809E0
4.002791798E1,-1.094072223E0,-5.841102600E-1,4.275816917E0,4.452054485E0
4.003294334E1,-9.886907339E-1,-6.102943420E-1,3.890616894E0,4.060402488E0
4.003796870E1,-1.699177980E0,-3.361597061E-1,1.635678530E0,2.382362989E0
4.004299407E1,-2.082626343E0,-2.445335388E-1,5.642907023E-1,2.171532439E0
4.004803256E1,-2.250442028E0,-1.722717285E-1,1.991130710E-1,2.265791889E0
4.005305860E1,-2.451817751E0,-1.527385712E-1,-4.896096587E-1,2.504886619E0
4.005808464E1,-2.720289469E0,-9.007549286E-2,-1.560211539E0,3.137251733E0
4.006311068E1,-2.553851128E0,-1.610918045E-1,-2.655396223E0,3.687714096E0
4.006817136E1,-2.062726736E0,-2.220096588E-1,-3.776923180E0,4.309208579E0
4.007319912E1,-1.374891281E0,-3.445177078E-1,-4.572986603E0,4.787611613E0
4.007820678E1,-7.280164957E-1,-4.711761475E-1,-4.868500710E0,4.945130346E0
4.008323251E1,-2.737070322E-1,-5.542497635E-1,-5.094900608E0,5.132262712E0
4.008823636E1,-5.845761299E-2,-5.556221008E-1,-5.041883469E0,5.072743057E0
4.009325985E1,2.836805582E-2,-4.802141190E-1,-4.666432858E0,4.691162538E0
4.009828334E1,2.514433861E-2,-3.425416946E-1,-3.809851646E0,3.825302160E0
4.010330683E1,-9.713977575E-2,-6.627082825E-2,-2.633299351E0,2.635923639E0
4.010833032E1,-6.191420555E-2,1.354312897E-2,-1.526922107E0,1.528236862E0
4.011335308E1,-1.236647367E-1,1.744403839E-1,-7.662289143E-1,7.955056026E-1
4.011837652E1,-2.019166350E-1,2.679939270E-1,-4.545461535E-1,5.649807768E-1
4.012339995E1,-3.118350506E-1,3.803453445E-1,-3.275238276E-1,5.909107695E-1
4.012844339E1,-3.826170266E-1,4.159049988E-1,-4.855384231E-1,7.450639686E-1
4.013346824E1,-4.006366432E-1,6.091156006E-1,-2.680743933E-1,7.767853082E-1
4.013850089E1,-6.725143790E-1,8.497791290E-1,1.045550108E-1,1.088729493E0
4.014352652E1,-7.353767157E-1,1.003897667E0,2.886067629E-1,1.277451879E0
4.014855214E1,-9.010720849E-1,1.038059235E0,4.138721228E-1,1.435544500E0
4.015354141E1,-9.931946993E-1,1.038443565E0,5.860800743E-1,1.551866812E0
4.015856459E1,-9.497749805E-1,1.000278473E0,5.804227591E-1,1.496502628E0
4.016358777E1,-7.135887742E-1,9.283542633E-1,5.550227165E-1,1.295801217E0
4.016862386E1,-7.390297651E-1,9.279289246E-1,4.618270397E-1,1.272989119E0
4.017364787E1,-8.435491920E-1,9.653663635E-1,4.398049116E-1,1.355336053E0
4.017867188E1,-1.117738247E0,1.007117271E0,4.984902143E-1,1.584965766E0
4.018369626E1,-1.313112736E0,1.057957649E0,4.754155874E-1,1.752015818E0
4.018872032E1,-1.420484781E0,1.304426193E0,4.184640646E-1,1.973427698E0
4.019374438E1,-1.444447994E0,1.779793739E0,4.182814360E-1,2.330033288E0
4.019878308E1,-1.857706308E0,2.536314964E0,4.272181988E-1,3.172771929E0
4.020380813E1,-2.855461121E0,3.344120979E0,2.824177742E-1,4.406422941E0
4.020883011E1,-3.682568073E0,3.983309746E0,1.512027979E-1,5.426870777E0
4.021385485E1,-4.000728130E0,4.186460495E0,-1.199666262E-1,5.791948639E0
4.021887959E1,-3.772066116E0,3.992502213E0,-3.738478422E-1,5.505299166E0
4.022390433E1,-3.345005035E0,3.679383278E0,-9.654360414E-1,5.065470042E0
4.022893183E1,-3.024190426E0,3.252148628E0,-1.212256312E0,4.603451292E0
4.023395667E1,-2.980076313E0,2.859235764E0,-1.589720488E0,4.425301709E0
4.023898152E1,-3.106315136E0,2.591479301E0,-1.596480250E0,4.348989294E0
4.024400636E1,-3.354396343E0,2.290876389E0,-1.357881069E0,4.282981491E0
4.024908006E1,-3.557075024E0,1.943041801E0,-9.118975401E-1,4.154485683E0
4.025410735E1,-3.938782692E0,1.648324966E0,-4.398083687E-1,4.292367143E0
4.025910464E1,-4.356191158E0,1.406535149E0,4.056471586E-2,4.577814766E0
4.026412870E1,-4.743062973E0,1.174484253E0,1.767416000E-1,4.889508894E0
4.026913928E1,-4.956158161E0,1.009532928E0,2.947081327E-1,5.066508989E0
4.027416199E1,-4.933630466E0,7.489614487E-1,5.050187707E-1,5.015645202E0
4.027918469E1,-4.699080467E0,4.980030060E-1,9.229345322E-1,4.814682999E0
4.028420740E1,-4.332658291E0,1.703252792E-1,1.487440109E0,4.584039337E0
4.028923011E1,-4.177144527E0,-2.342662811E-1,2.563762426E0,4.906760120E0
4.029425282E1,-4.034724712E0,-6.011886597E-1,3.728412390E0,5.526435583E0
4.029928605E1,-3.353081226E0,-1.303879738E0,5.281561375E0,6.390473115E0
4.030430912E1,-2.870482445E0,-2.050592899E0,5.764094830E0,6.757913133E0
4.030936339E1,-2.616375208E0,-2.836513996E0,4.429658890E0,5.874785848E0
4.031438975E1,-2.617832422E0,-3.469451904E0,1.640241504E0,4.645485475E0
4.031941610E1,-2.410554647E0,-3.876756668E0,-1.360422492E0,4.763482479E0
4.032450725E1,-1.966261864E0,-4.158184052E0,-3.803494692E0,5.968521776E0
4.032953792E1,-1.169031024E0,-4.341691971E0,-5.450089455E0,7.065436842E0
4.033456860E1,-4.351449013E-1,-4.293240547E0,-6.303719521E0,7.639250308E0
4.033954730E1,2.093054652E-1,-4.022436142E0,-6.181994438E0,7.378404741E0
4.034457449E1,9.379343987E-1,-3.610653877E0,-5.068593979E0,6.293424130E0
4.034957709E1,1.508802772E0,-3.009862900E0,-3.713795662E0,5.012787518E0
4.035460183E1,1.898838997E0,-2.238867283E0,-2.390575886E0,3.785890821E0
4.035960917E1,2.129721880E0,-1.445542336E0,-9.332380295E-1,2.737926432E0
4.036463214E1,1.933572769E0,-4.569749832E-1,6.334221959E-1,2.085366507E0
4.036966193E1,2.379996061E0,1.186443329E0,1.194922256E1,1.224156644E1
4.037468558E1,1.105144858E0,1.572318077E0,8.201211929E0,8.423384498E0
4.037970922E1,-7.289949656E-1,3.113235474E0,1.825770378E0,3.681997589E0
4.038473287E1,-1.999927044E0,4.720637321E0,1.635460854E0,5.381343429E0
4.038979938E1,-2.883589506E0,6.254876137E0,3.602442503E0,7.772783022E0
4.039482522E1,-3.907394886E0,7.570854187E0,4.804723263E0,9.781151954E0
4.039985105E1,-4.388463497E0,8.442852974E0,3.677998543E0,1.020137498E1
4.040486834E1,-4.305675983E0,8.844986916E0,1.131586909E0,9.902177950E0
4.040989360E1,-3.727884769E0,9.043067932E0,-9.210488796E-1,9.824588211E0
4.041492756E1,-2.991938829E0,8.728603363E0,-7.540612221E-1,9.257905970E0
4.041995370E1,-1.288677216E0,7.475084305E0,5.917594910E0,9.620577106E0
4.042497985E1,-3.215553761E-1,6.045016289E0,-2.073122501E0,6.398707424E0
4.042999272E1,6.354391575E-1,4.614823341E0,1.975167632E0,5.059808748E0
4.043501798E1,1.229388118E0,3.267219543E0,2.861402988E0,4.513728586E0
4.044004324E1,1.300510526E0,2.185309410E0,4.755247116E0,5.392520745E0
4.044508391E1,1.277021766E0,1.336104393E0,6.347028255E0,6.610652556E0
4.045011016E1,1.146164060E0,8.346147537E-1,7.566281796E0,7.697979868E0
4.045513641E1,1.450381279E0,1.884965897E-1,8.390351295E0,8.516873351E0
4.046017636E1,3.191055298E0,-1.600807667E0,6.558025837E0,7.466801322E0
4.046520350E1,4.251432419E0,-2.838347435E0,-4.266722679E0,6.658514564E0
4.047023063E1,3.296747684E0,-3.139523506E0,-2.501971006E0,5.194710007E0
4.047525777E1,2.600312471E0,-3.170930862E0,-9.583288431E-1,4.211273163E0
4.048028490E1,1.688767195E0,-3.018054962E0,7.073427439E-1,3.530003421E0
4.048529652E1,1.044771194E0,-2.747550964E0,2.234826088E0,3.692564257E0
4.049032298E1,5.094728470E-1,-2.359137535E0,3.813564539E0,4.513132724E0
4.049534225E1,-5.692052841E-2,-1.828714848E0,5.575592041E0,5.868105704E0
4.050036792E1,-6.637454033E-2,-1.366590023E0,6.747796059E0,6.885108969E0
4.050539360E1,-2.683091164E-2,-1.077743053E0,7.313217163E0,7.392252381E0
4.051041928E1,1.574270725E-1,-9.186973572E-1,7.441188812E0,7.499338575E0
4.051548818E1,7.160470486E-1,-7.505445480E-1,7.151529312E0,7.226369213E0
4.052051605E1,1.300483346E0,-6.064062119E-1,6.990359306E0,7.136112994E0
4.052555100E1,1.830757618E0,-4.428176880E-1,6.909635067E0,7.161760797E0
4.053057954E1,2.035737753E0,-2.354946136E-1,6.583887100E0,6.895451781E0
4.053560808E1,2.399244785E0,-2.475261688E-1,5.711546421E0,6.199952199E0
4.054063662E1,2.587113380E0,-1.965951920E-1,4.630578041E0,5.307924105E0
4.054566516E1,2.671705008E0,-2.694950104E-1,3.463465452E0,4.382491089E0
4.055061949E1,2.485341549E0,-2.368049622E-1,2.625324249E0,3.622889264E0
4.055564511E1,2.247869968E0,-8.945655823E-2,2.004224539E0,3.012945050E0
4.056067074E1,2.130572557E0,9.562397003E-2,1.599962831E0,2.666151613E0
4.056570589E1,1.989238024E0,3.565168381E-1,1.288092971E0,2.396529923E0
4.057073219E1,1.971490145E0,5.495176315E-1,1.197927117E0,2.371449429E0
4.057575850E1,2.239386559E0,6.746807098E-1,1.061788440E0,2.568548405E0
4.058078480E1,2.357487679E0,6.748723984E-1,9.761193991E-1,2.639319986E0
4.058581074E1,2.374023438E0,7.225837708E-1,8.170027137E-1,2.612586462E0
4.059083699E1,2.436970234E0,6.360292435E-1,3.894856572E-1,2.548540013E0
4.059586256E1,2.402667999E0,4.345245361E-1,-1.867014170E-2,2.441715311E0
4.060088876E1,2.744390726E0,1.515426636E-1,-4.031592011E-1,2.777981817E0
4.060591495E1,3.141529560E0,-4.231414795E-1,-9.266816378E-1,3.302574079E0
4.061093860E1,3.278967619E0,-8.394451141E-1,-1.570394993E0,3.731278223E0
4.061596459E1,3.319798231E0,-1.193149090E0,-2.099905014E0,4.105394757E0
4.062099058E1,3.187072277E0,-1.556205273E0,-2.634580135E0,4.418168969E0
4.062598709E1,3.052337646E0,-1.919229984E0,-3.336087704E0,4.912198083E0
4.063101115E1,3.105562210E0,-2.182147503E0,-3.490429640E0,5.156489449E0
4.063603522E1,3.158638000E0,-2.369250774E0,-3.664269447E0,5.386762834E0
4.064108574E1,3.129072666E0,-2.313499928E0,-3.610731125E0,5.308555069E0
4.064611157E1,3.054388523E0,-2.063145161E0,-3.336236238E0,4.971552016E0
4.065112214E1,2.828147650E0,-1.618683338E0,-2.579498768E0,4.156003943E0
4.065614646E1,3.046510220E0,-1.463624477E0,-1.838087082E0,3.847334824E0
4.066117001E1,3.360199451E0,-1.434524059E0,-1.587236285E0,3.983480721E0
4.066619428E1,3.403833151E0,-1.348462582E0,-1.160436511E0,3.840708834E0
4.067121855E1,3.056064844E0,-1.195108414E0,-7.301420569E-1,3.361684678E0
4.067624282E1,2.486298323E0,-9.022979736E-1,-3.426969051E-1,2.667069956E0
4.068126709E1,1.642999172E0,-5.465335846E-1,-3.980672359E-2,1.731972810E0
4.068630115E1,5.747003555E-1,2.983283997E-2,-1.196652651E-2,5.755985535E-1
4.069132579E1,-2.303409576E-1,4.627704620E-1,-1.243303418E-1,5.316685915E-1
4.069635042E1,-6.435451508E-1,7.521171570E-1,-5.274866223E-1,1.121638407E0
4.070138230E1,-1.038032770E0,1.242275238E0,-1.681476593E0,2.334121533E0
4.070640740E1,-7.913744450E-1,1.344672203E0,-3.295029640E0,3.645769764E0
4.071143251E1,-8.726782799E-1,1.356369972E0,-3.505492926E0,3.858728746E0
4.071645761E1,-1.411307096E0,1.416592598E0,-3.134358883E0,3.717892940E0
4.072152422E1,-2.117608786E0,1.248041153E0,-2.536342144E0,3.531983177E0
4.072655146E1,-2.509687901E0,7.412319183E-1,-1.847171426E0,3.203123537E0
4.073156495E1,-2.815580368E0,-1.715660095E-2,-6.842093468E-1,2.897573051E0
4.073659084E1,-3.377442360E0,-6.915664673E-1,4.844332337E-1,3.481387171E0
4.074162120E1,-4.001997948E0,-1.267277718E0,1.674332261E0,4.519443429E0
4.074664751E1,-4.704384327E0,-1.873223782E0,2.591890574E0,5.688417704E0
4.075167381E1,-4.836523533E0,-2.494888783E0,3.508662701E0,6.475117286E0
4.075670011E1,-4.808378696E0,-2.964944839E0,4.364738464E0,7.138791596E0
4.076168568E1,-4.514417648E0,-3.121417046E0,4.703466415E0,7.228126133E0
4.076670995E1,-4.149089813E0,-3.242440224E0,4.531504154E0,6.947150119E0
4.077174381E1,-4.006984234E0,-2.979379654E0,4.022933483E0,6.412224231E0
4.077676907E1,-3.588017225E0,-2.797089577E0,3.485042810E0,5.730890079E0
4.078179433E1,-2.826796770E0,-2.700622559E0,2.836349487E0,4.830012484E0
4.078681959E1,-2.087513447E0,-2.632690430E0,2.234165668E0,4.034881352E0
4.079184048E1,-1.518379688E0,-2.435567379E0,1.715955973E0,3.343945310E0
4.079686548E1,-1.052408934E0,-2.291282177E0,1.290810227E0,2.832618863E0
4.080189048E1,-6.754722595E-1,-2.008619785E0,1.006445646E0,2.346007045E0
4.080691548E1,-2.828428745E-1,-1.736211300E0,7.289910913E-1,1.904168527E0
4.081194048E1,2.348823547E-1,-1.316416264E0,4.684196115E-1,1.416876294E0
4.081697485E1,6.814630032E-1,-6.107406616E-1,1.010692120E-1,9.206578985E-1
4.082200022E1,9.806176424E-1,2.609510422E-1,-3.863427639E-1,1.085802532E0
4.082702558E1,5.543811321E-1,1.121671677E0,-7.058621645E-1,1.436567849E0
4.083205433E1,9.703922272E-2,2.162758827E0,-8.949258924E-1,2.342612795E0
4.083707995E1,-6.594681740E-1,3.570410728E0,-7.477367520E-1,3.706998960E0
4.084214370E1,-2.188487291E0,5.454127312E0,3.528621495E-1,5.887401214E0
4.084717318E1,-3.955358267E0,7.339291573E0,2.157443523E0,8.611888432E0
4.085220266E1,-6.297040939E0,9.081604004E0,4.530627251E0,1.194382012E1
4.085723173E1,-8.044461250E0,1.051258945E1,6.106243134E0,1.457786332E1
4.086226115E1,-8.138498306E0,1.077062225E1,7.203979492E0,1.530159400E1
4.086729058E1,-6.497944355E0,9.780488968E0,7.242240906E0,1.379606098E1
4.087229225E1,-2.871336699E0,7.870312691E0,6.535825729E0,1.062560183E1
4.087731964E1,5.036761761E-1,5.765830040E0,5.501647472E0,7.985399843E0
4.088234704E1,2.478444815E0,3.991195679E0,4.575988293E0,6.558353490E0
4.088737443E1,3.024400711E0,2.465859413E0,3.737020731E0,5.403034911E0
4.089238792E1,2.820062637E0,1.117365837E0,2.265460968E0,3.785970561E0
4.089741464E1,2.483409882E0,-1.847143173E-1,7.428461313E-2,2.491377575E0
4.090241443E1,2.267910957E0,-1.154712677E0,-2.191772223E0,3.358667437E0
4.090743844E1,2.816025019E0,-1.669594288E0,-3.920247316E0,5.107433897E0
4.091246782E1,3.862898350E0,-1.830648899E0,-4.959131241E0,6.547231607E0
4.091749240E1,5.160372734E0,-1.542336941E0,-5.539198875E0,7.725993410E0
4.092251699E1,5.634112358E0,-1.024490356E0,-5.764574051E0,8.125461005E0
4.092754157E1,5.816865921E0,-3.821935654E-1,-5.493956566E0,8.010340805E0
4.093260542E1,5.465184212E0,9.278202057E-2,-4.926303864E0,7.358350136E0
4.093763193E1,4.827525139E0,5.151805878E-1,-4.117529869E0,6.365882675E0
4.094265844E1,4.271280289E0,7.985897064E-1,-3.158051968E0,5.371673208E0
4.094771985E1,4.125452518E0,9.094181061E-1,-2.157417774E0,4.743506217E0
4.095274876E1,3.810188770E0,1.019816399E0,-1.268673420E0,4.143319466E0
4.095775636E1,3.310475588E0,8.329124451E-1,-5.175949335E-1,3.452665097E0
4.096278313E1,2.792180061E0,6.640977859E-1,8.302565813E-1,2.987745196E0
4.096780990E1,2.377984285E0,4.936618805E-1,2.007463455E0,3.150939675E0
4.097282256E1,1.851460457E0,4.265089035E-1,3.209932804E0,3.730078320E0
4.097784839E1,1.312049747E0,4.814767838E-1,4.621794224E0,4.828485920E0
4.098287422E1,1.074672103E0,5.006141663E-1,6.211983681E0,6.324102776E0
4.098790006E1,1.253701329E0,1.972551346E-1,7.718638420E0,7.822279442E0
4.099291641E1,1.548364639E0,-1.693735123E-1,8.530509949E0,8.671546600E0
4.099794178E1,2.179632425E0,-6.511640549E-1,8.419631004E0,8.721525003E0
4.100296714E1,2.809482813E0,-1.008103371E0,7.256537437E0,7.846451533E0
4.100799251E1,3.927662611E0,-1.445465565E0,5.684288502E0,7.058827102E0
4.101298022E1,4.675885201E0,-1.823917866E0,4.142431259E0,6.507712004E0
4.101800365E1,4.926975250E0,-1.875766277E0,3.013505220E0,6.072462265E0
4.102302709E1,4.678786278E0,-1.759382725E0,2.291770458E0,5.498970853E0
4.102805053E1,3.625972509E0,-1.575916767E0,1.462109923E0,4.215323917E0
4.103308860E1,2.781775475E0,-1.440951824E0,8.535615802E-1,3.247026997E0
4.103811277E1,1.876989961E0,-1.431488514E0,4.932109714E-1,2.411536386E0
4.104313693E1,1.106211066E0,-1.351731300E0,5.094724894E-1,1.819462187E0
4.104823204E1,5.056601763E-1,-1.144746780E0,5.524872541E-1,1.367983761E0
4.105326100E1,1.958171129E-1,-9.392471313E-1,5.716037750E-1,1.116808126E0
4.105828995E1,1.035158634E-1,-5.676412582E-1,7.078629732E-1,9.132371657E-1
4.106324553E1,1.725226641E-1,-2.015209198E-1,6.536786556E-1,7.054576781E-1
4.106826959E1,4.395325184E-1,1.447792053E-1,5.008625984E-1,6.819187602E-1
4.107330022E1,6.477213502E-1,3.333091736E-1,3.531504273E-1,8.095388669E-1
4.107832495E1,7.505408525E-1,4.603376389E-1,2.076525986E-1,9.046225261E-1
4.108335079E1,6.053955555E-1,5.931253433E-1,1.421367824E-1,8.593627386E-1
4.108837563E1,5.907331705E-1,5.213336945E-1,-1.152119935E-1,7.962589423E-1
4.109342485E1,8.979046345E-1,1.686849594E-1,-5.837780833E-1,1.084197491E0
4.109845214E1,1.121540785E0,-3.303842545E-1,-9.140758514E-1,1.484096409E0
4.110347943E1,1.439809084E0,-7.556304932E-1,-9.057804346E-1,1.861307561E0
4.110851454E1,1.365749359E0,-1.040142059E0,-6.071875691E-1,1.820945787E0
4.111354235E1,7.951171398E-1,-1.040625572E0,-3.230832517E-2,1.310021632E0
4.111857016E1,-3.012324572E-1,-8.771753311E-1,3.838083148E-1,1.003736209E0
4.112362193E1,-1.059457064E0,-8.085393906E-1,8.952333331E-1,1.605499280E0
4.112865131E1,-1.491246343E0,-4.235067368E-1,1.560377717E0,2.199534549E0
4.113368068E1,-1.564769983E0,-2.008571625E-1,2.082817078E0,2.612848193E0
4.113869751E1,-1.476613402E0,6.045055389E-2,2.367089272E0,2.790547084E0
4.114372600E1,-1.312883854E0,3.125953674E-1,2.627110004E0,2.953487236E0
4.114875449E1,-1.278756380E0,5.748033524E-1,2.474855185E0,2.844384812E0
4.115378298E1,-1.326183558E0,7.275600433E-1,2.158838272E0,2.636036633E0
4.115881146E1,-1.507688284E0,8.953876495E-1,2.018605471E0,2.673875661E0
4.116376740E1,-1.650591373E0,6.669034958E-1,2.070230961E0,2.730397111E0
4.116879327E1,-1.527130246E0,1.094646454E-1,2.150801659E0,2.640086565E0
4.117381884E1,-1.327559948E0,-4.897699356E-1,2.139188290E0,2.564842401E0
4.117891040E1,-1.037294030E0,-9.874544144E-1,1.792858720E0,2.294643222E0
4.118394040E1,-7.018850446E-1,-1.235774994E0,1.124683619E0,1.812372945E0
4.118897040E1,-6.747694016E-1,-1.239891052E0,5.262161493E-1,1.506501577E0
4.119400040E1,-7.636931539E-1,-1.191493034E0,-4.618000984E-2,1.415985691E0
4.119894931E1,-9.441708922E-1,-1.105067253E0,-6.599709988E-1,1.596306370E0
4.120397524E1,-1.093399048E0,-8.035421371E-1,-9.495871663E-1,1.656175483E0
4.120903134E1,-1.245371819E0,-3.685064316E-1,-1.212365389E0,1.776676052E0
4.121406030E1,-1.323726058E0,3.721332550E-2,-1.276100278E0,1.839039811E0
4.121908691E1,-1.305346608E0,3.467016220E-1,-1.241851449E0,1.834755244E0
4.122411566E1,-1.348546147E0,5.934619904E-1,-9.131813049E-1,1.733399533E0
4.122913686E1,-1.300562263E0,7.056875229E-1,-5.573655963E-1,1.581174717E0
4.123416483E1,-1.334136724E0,6.977481842E-1,-3.696227074E-1,1.550288449E0
4.123919280E1,-1.282121420E0,5.457935333E-1,-4.592553377E-1,1.467188257E0
4.124419702E1,-1.082577825E0,3.839750290E-1,-4.582442045E-1,1.236688853E0
4.124922342E1,-8.123635054E-1,2.505874634E-1,-4.051550627E-1,9.417426222E-1
4.125424983E1,-4.617303014E-1,8.343315125E-2,-6.779374480E-1,8.244726468E-1
4.125929551E1,-1.691693515E-1,1.696329117E-1,-1.066738009E0,1.093308545E0
4.126432321E1,-1.503549516E-2,4.229717255E-1,-1.281118155E0,1.349220098E0
4.126934285E1,-1.425252259E-1,6.759881973E-1,-1.417966127E0,1.577308284E0
4.127436972E1,-3.513632715E-2,9.909791946E-1,-1.770012021E0,2.028846194E0
4.127939660E1,-6.162831783E-1,1.420636177E0,-2.189920187E0,2.682119037E0
4.128442295E1,-4.658182859E-1,1.745076180E0,-2.688825846E0,3.239145254E0
4.128944978E1,-6.323047876E-1,2.108116150E0,-2.832888126E0,3.587369257E0
4.129447660E1,-5.844303370E-1,2.433345795E0,-2.939284563E0,3.860326970E0
4.129950342E1,-6.285150647E-1,2.740091324E0,-2.846386909E0,4.000631211E0
4.130452858E1,-5.824946761E-1,2.865878105E0,-2.569340706E0,3.892822758E0
4.130955530E1,-4.795006216E-1,2.839667320E0,-2.242341518E0,3.649894084E0
4.131458202E1,-2.810537517E-1,2.675970078E0,-1.640121698E0,3.151159509E0
4.131960874E1,7.580804825E-2,2.484910965E0,-1.264731407E0,2.789278562E0
4.132459540E1,7.310016751E-1,2.228106499E0,-9.667065144E-1,2.536403655E0
4.132962014E1,1.072882414E0,2.221326828E0,-5.023552179E-1,2.517484919E0
4.133464488E1,1.299189925E0,2.000104904E0,-8.565068245E-2,2.386556123E0
4.133970603E1,8.602513671E-1,2.052394867E0,2.179622650E-3,2.225390270E0
4.134473321E1,1.582151651E-1,2.176795006E0,1.645314693E-2,2.182599194E0
4.134974821E1,-4.351594746E-1,2.138975143E0,1.200594902E-1,2.186090738E0
4.135477420E1,-6.681017876E-1,2.254817963E0,4.186249971E-1,2.388683933E0
4.135980019E1,-6.853520870E-1,2.390020370E0,7.411853075E-1,2.594467289E0
4.136483582E1,-6.691471934E-1,2.458282471E0,8.352388144E-1,2.681144261E0
4.136986248E1,-7.389729023E-1,2.507225037E0,1.194824219E0,2.873997782E0
4.137488748E1,-8.238182664E-1,2.378906250E0,1.786887646E0,3.087205685E0
4.137991400E1,-8.673278689E-1,2.685444832E0,2.186774254E0,3.570133501E0
4.138494050E1,-5.409585238E-1,3.182152748E0,2.372068882E0,4.005676350E0
4.138996900E1,-2.756102085E-1,3.830185890E0,2.382461786E0,4.519115965E0
4.139499561E1,-1.135157347E-1,4.404252052E0,2.343312263E0,4.990133698E0
4.140002222E1,-5.365309119E-1,5.329635620E0,2.188852787E0,5.786532449E0
4.140504884E1,-1.457156658E0,5.687401772E0,1.078104973E0,5.969267524E0
4.141007103E1,-1.564316511E0,5.526339531E0,1.492242813E-1,5.745414053E0
4.141509743E1,-1.407176495E0,5.201261520E0,-3.416565657E-1,5.399073652E0
4.142012483E1,-1.428651929E0,5.061729431E0,-3.492089510E-1,5.271062327E0
4.142515134E1,-1.139364004E0,4.758508682E0,-6.068619490E-1,4.930500648E0
4.143017821E1,-7.872759104E-1,4.478645325E0,-8.244912624E-1,4.621455739E0
4.143520472E1,-3.608261347E-1,4.318008423E0,-8.033297062E-1,4.406895830E0
4.144023123E1,7.546160221E-1,3.224205017E0,1.585934162E-1,3.315131250E0
4.144525774E1,1.367653608E-1,2.991355896E0,5.923876762E-1,3.052513394E0
4.145027972E1,-4.565961361E-1,2.800625801E0,3.169822693E-1,2.855251770E0
4.145530603E1,-1.380920410E0,2.580827713E0,7.428164482E-1,3.019832634E0
4.146033472E1,-2.446692944E0,2.294052124E0,1.481962204E0,3.666768807E0
4.146536123E1,-3.164256573E0,1.820817947E0,2.349494934E0,4.341431112E0
4.147038775E1,-3.853217125E0,1.892659187E0,3.124059200E0,5.309349009E0
4.147541426E1,-3.431647778E0,1.829195023E0,2.843785763E0,4.817600893E0
4.148043910E1,-3.335762978E0,3.122117043E0,1.747079849E0,4.891545509E0
4.148546556E1,-3.046297789E0,2.431192398E0,-2.876940966E-1,3.908119060E0
4.149048915E1,-2.865943670E0,1.375661850E0,-2.457054615E0,4.017859633E0
4.149551530E1,-2.489961147E0,5.447874069E-1,-4.006810665E0,4.748813698E0
4.150054275E1,-1.633975863E0,2.067985535E-1,-3.126678944E0,3.533944536E0
4.150556900E1,-5.467507243E-1,2.416925430E-1,-2.783021212E0,2.846499377E0
4.151059525E1,4.133241475E-1,7.497310638E-1,-3.346292019E0,3.454070612E0
4.151562150E1,8.693211079E-1,9.660902023E-1,-4.653450012E0,4.831526310E0
4.152060915E1,3.710282147E-1,1.404194832E0,-5.166360378E0,5.366628795E0
4.152563347E1,-8.514322042E-1,2.193718910E0,-5.273324013E0,5.774537696E0
4.153065780E1,-1.564128637E0,3.263339996E0,-5.206577778E0,6.340689117E0
4.153571832E1,-2.353407383E0,3.642395973E0,-5.579590321E0,7.066640141E0
4.154074509E1,-1.995054483E0,4.150141716E0,-5.575345993E0,7.231071954E0
4.154577186E1,-2.001168489E0,3.830351830E0,-4.343134880E0,6.126915296E0
4.155076842E1,-2.620403767E0,3.487675667E0,-4.453847408E0,6.234352749E0
4.155579321E1,-1.900202274E0,2.567325592E0,-4.503767014E0,5.521398980E0
4.156081800E1,-1.046451688E0,1.309170723E0,-3.986646414E0,4.324620069E0
4.156584165E1,1.910150051E-2,-6.594543457E-1,-4.128153801E0,4.180538088E0
4.157086634E1,-4.382523298E-1,-3.878196716E0,-4.406665325E0,5.886524795E0
4.157589103E1,1.537433505E0,-3.773973465E0,-2.893198490E0,4.997716979E0
4.158092186E1,4.620553017E0,-1.698902607E0,2.645617723E-2,4.923055979E0
4.158594696E1,5.715995312E0,5.469146729E0,1.949378967E0,8.147652834E0
4.159097650E1,7.524375916E-1,1.123477077E1,-2.517113984E-1,1.126275256E1
4.159600202E1,-2.679198742E0,8.737109184E0,-2.864207745E0,9.576996857E0
4.160102504E1,-2.617344618E0,5.684604645E0,-4.081899643E0,7.471755317E0
4.160605030E1,-8.916571140E-1,2.611267090E0,-2.841073751E0,3.960488390E0
4.161107748E1,9.792556763E-1,2.875900269E-1,5.649745464E-1,1.166553017E0
4.161610295E1,2.119980097E0,-8.416728973E-1,3.335612774E0,4.040920867E0
4.162112879E1,2.012936115E0,-1.169541836E0,5.120500565E0,5.624879194E0
4.162615431E1,1.769917250E0,-5.200424194E-1,6.654409885E0,6.905376319E0
4.163118165E1,1.348262310E0,5.028524399E-1,6.041188240E0,6.210203474E0
4.163620733E1,9.754395485E-2,2.280997276E0,6.401650906E0,6.796587211E0
4.164123301E1,-3.077138662E0,2.378703117E0,6.111320496E0,7.243980195E0
4.164625868E1,-4.934556007E0,1.494275093E0,4.675911903E0,6.960377373E0
4.165128655E1,-4.690144539E0,9.185390472E-1,3.739094496E0,6.068113168E0
4.165631233E1,-3.759938717E0,2.931432724E-1,3.684163570E0,5.272203842E0
4.166133811E1,-3.944314957E0,2.843303680E-1,3.961450338E0,5.597459515E0
4.166639467E1,-5.235912800E0,1.771792412E0,3.482244253E0,6.532997492E0
4.167142254E1,-5.370149612E0,1.217837334E0,3.701921463E0,6.635198350E0
4.167645040E1,-5.144682884E0,5.850067139E-1,2.364162683E0,5.692034788E0
4.168147415E1,-4.114659786E0,-5.180635452E-1,2.001847267E0,4.605019813E0
4.168650170E1,-3.657505989E0,-1.032982826E0,2.436036110E0,4.514274638E0
4.169152900E1,-2.790670156E0,-1.538008213E0,2.645598888E0,4.141558000E0
4.169655655E1,-2.522842407E0,-2.271329403E0,2.278075933E0,4.088190434E0
4.170158410E1,-2.802757502E0,-3.235877991E0,2.536716223E0,4.976071259E0
4.170660259E1,-3.317815781E0,-4.024024963E0,2.118102074E0,5.629123809E0
4.171162952E1,-3.254743814E0,-4.410789013E0,2.351248026E0,5.964627758E0
4.171665644E1,-2.756393433E0,-4.295314789E0,2.043404579E0,5.497539101E0
4.172168337E1,-2.476433277E0,-3.892326355E0,1.630452394E0,4.892984901E0
4.172667504E1,-2.296961069E0,-3.550086975E0,9.027879834E-1,4.323675962E0
4.173170019E1,-2.142833710E0,-3.096468925E0,-1.672171503E-1,3.769325893E0
4.173672535E1,-1.815876484E0,-2.583347797E0,-1.037725210E0,3.323848200E0
4.174175051E1,-1.368003130E0,-1.962508678E0,-1.545752287E0,2.848196448E0
4.174681238E1,-1.535852432E0,-1.501681328E0,-1.552222848E0,2.650148161E0
4.175183941E1,-1.622560382E0,-1.596958160E0,-1.079179287E0,2.519445473E0
4.175686535E1,-1.715610385E0,-1.941794872E0,-5.123831630E-1,2.641291886E0
4.176189228E1,-1.900667548E0,-2.210579395E0,-3.380291164E-1,2.934870027E0
4.176691722E1,-1.914398670E0,-2.441627026E0,-7.369350195E-1,3.188971311E0
4.177194394E1,-2.058080196E0,-2.357549191E0,-1.263985395E0,3.375113533E0
4.177697066E1,-1.953555465E0,-2.130840778E0,-1.757251740E0,3.383015674E0
4.178199457E1,-9.167655110E-1,-1.665981293E0,-2.953120232E0,3.512388329E0
4.178702108E1,-8.362825513E-1,-1.135396957E0,-3.525129795E0,3.796713688E0
4.179204420E1,-4.378843307E0,-1.189777374E0,-1.477912784E0,4.772218049E0
4.179707035E1,-4.232825756E0,-1.948156834E0,-4.601076126E0,6.548437252E0
4.180209650E1,-2.453493834E0,-2.944960117E0,-4.615346909E0,5.999487409E0
4.180712676E1,-4.330979586E-1,-3.906797409E0,-3.280872345E0,5.120035467E0
4.181215316E1,5.816620588E-1,-3.404213905E0,-2.973857880E0,4.557503017E0
4.181717795E1,-1.877131701E0,-2.487217426E0,6.528989077E-1,3.183732233E0
4.182220420E1,-4.064647675E0,-2.204398632E0,1.982000113E0,5.030810918E0
4.182723045E1,-4.284407616E0,-2.593457699E0,3.741350174E0,6.251389652E0
4.183225670E1,-2.779106617E0,-3.591417313E0,4.246734619E0,6.217432495E0
4.183727748E1,-1.814794064E0,-4.537813187E0,5.147727966E0,7.098191969E0
4.184230347E1,-1.624055386E0,-5.131670475E0,5.343135834E0,7.584240127E0
4.184732946E1,-1.479392290E0,-5.024458408E0,4.417634964E0,6.851954650E0
4.185232436E1,-1.481316328E0,-4.374989510E0,3.491282940E0,5.789981679E0
4.185734827E1,-1.478376150E0,-3.570877075E0,2.069819927E0,4.384166244E0
4.186237217E1,-1.760880232E0,-2.712991714E0,5.502791405E-1,3.280827695E0
4.186740202E1,-2.203849554E0,-1.619562626E0,-4.802634716E-1,2.776794727E0
4.187242634E1,-2.983125210E0,-8.123769760E-1,-3.194987774E-1,3.108226478E0
4.187745066E1,-2.974506855E0,-4.731092453E-1,5.446412563E-1,3.060744597E0
4.188248051E1,-1.924834967E0,-6.114540100E-1,1.668749809E0,2.619845717E0
4.188750519E1,-9.901273251E-1,-8.313474655E-1,2.897492647E0,3.172846414E0
4.189253457E1,-1.143848777E0,-7.227306366E-1,3.591909647E0,3.838299690E0
4.189755972E1,-1.577065468E0,-6.980056763E-1,3.472316027E0,3.877025407E0
4.190258629E1,-1.717061520E0,-1.105993748E0,3.438241720E0,3.999128475E0
4.190761155E1,-1.775146246E0,-1.678304195E0,3.063325167E0,3.918138620E0
4.191263780E1,-8.763241768E-1,-2.529336929E0,2.499809027E0,3.662585772E0
4.191766316E1,2.045011520E-1,-3.567756653E0,1.722298622E0,3.966991404E0
4.192268853E1,1.972012520E-1,-4.525411129E0,1.015681744E0,4.642180913E0
4.192771389E1,-3.893201351E-1,-4.918725491E0,4.208126068E-1,4.952021190E0
4.193277373E1,-3.158268929E-1,-4.919456959E0,-1.221215725E-1,4.931096944E0
4.193780087E1,-1.799411774E-1,-4.662244320E0,-1.447319984E-2,4.665737927E0
4.194282800E1,-3.666175604E-1,-4.238622189E0,3.798031807E-1,4.271367105E0
4.194785514E1,-7.594630718E-1,-3.725935936E0,6.846883297E-1,3.863700411E0
4.195284754E1,-9.006928205E-1,-3.244200706E0,1.185651779E0,3.569573633E0
4.195787290E1,-7.289152145E-1,-2.649610519E0,1.739842176E0,3.252507355E0
4.196289826E1,-7.881708145E-1,-1.952162743E0,2.336310863E0,3.144916701E0
4.196795186E1,-1.215063214E0,-1.065692425E0,2.694513321E0,3.142050444E0
4.197297915E1,-1.398715258E0,-2.915382385E-1,2.329540253E0,2.732792840E0
4.197800826E1,-1.232953548E0,2.375221252E-1,2.197717190E0,2.531116761E0
4.198303571E1,-1.424650550E0,4.843750000E-1,2.053748608E0,2.546003078E0
4.198806316E1,-1.847879291E0,4.883995056E-1,1.657345295E0,2.529819238E0
4.199308326E1,-1.884545803E0,2.509851456E-1,9.111976624E-1,2.108266493E0
4.199811024E1,-1.756610513E0,-7.795906067E-2,2.334318161E-1,1.773766761E0
4.200313722E1,-1.631769419E0,-4.400305748E-1,-6.127777100E-1,1.797719351E0
4.200816384E1,-1.322293758E0,-7.627806664E-1,-1.093531609E0,1.877792988E0
4.201319077E1,-8.398289680E-1,-9.983525276E-1,-1.305775166E0,1.845824815E0
4.201821769E1,-2.478555441E-1,-1.357662678E0,-1.378810406E0,1.950845574E0
4.202321113E1,3.230511546E-1,-1.717421532E0,-1.052817822E0,2.040177475E0
4.202823587E1,6.426070929E-1,-1.939291000E0,-6.387343407E-1,2.140508121E0
4.203326061E1,6.884747744E-1,-1.981604576E0,6.629848480E-2,2.098844849E0
4.203831420E1,8.342864513E-1,-1.883448601E0,2.070240974E-1,2.070331252E0
4.204334087E1,1.130841017E0,-1.842217445E0,1.734375954E-1,2.168558766E0
4.204836754E1,1.247942567E0,-1.881627560E0,2.859978676E-1,2.275890530E0
4.205339676E1,1.347935081E0,-1.772324085E0,4.206137657E-1,2.266048893E0
4.205842358E1,1.210015535E0,-1.371526718E0,3.435597420E-1,1.860982652E0
4.206345139E1,9.580131173E-1,-9.095010757E-1,1.606369019E-1,1.330708666E0
4.206847832E1,7.489957809E-1,-3.961524963E-1,2.355799675E-1,8.794483506E-1
4.207350524E1,4.668126702E-1,-4.707193375E-2,2.573332787E-1,5.351170455E-1
4.207853217E1,1.715309769E-1,4.230308533E-2,2.494564056E-1,3.056810844E-1
4.208355561E1,-2.015043199E-1,-3.660869598E-2,3.450913429E-1,4.012882038E-1
4.208858238E1,-4.011272192E-1,-1.587662697E-1,5.094738007E-1,6.675876931E-1
4.209360915E1,-3.961471319E-1,-2.999863625E-1,6.747336388E-1,8.379676909E-1
4.209862811E1,-2.116878629E-1,-5.224733353E-1,9.456934929E-1,1.100966085E0
4.210365431E1,2.101780176E-1,-8.214464188E-1,1.341256142E0,1.586794585E0
4.210868050E1,6.506089568E-1,-1.035052776E0,1.302599430E0,1.786446624E0
4.211367795E1,1.050129890E0,-1.369806767E0,1.185109615E0,2.093711576E0
4.211870228E1,1.407154560E0,-1.638685226E0,9.600062370E-1,2.363680436E0
4.212372660E1,1.594811797E0,-1.885155678E0,7.235722542E-1,2.573090244E0
4.212875748E1,1.734988213E0,-2.152040482E0,3.322305679E-1,2.784212543E0
4.213378222E1,1.800546169E0,-2.314778805E0,-8.002042770E-2,2.933695739E0
4.213882066E1,2.170345068E0,-2.554517746E0,-5.425138474E-1,3.395626585E0
4.214384681E1,2.457540035E0,-2.741558075E0,-1.026875496E0,3.822318274E0
4.214887295E1,2.528972864E0,-2.822379112E0,-1.270901680E0,3.997088776E0
4.215388202E1,2.327269793E0,-2.634352684E0,-1.456751823E0,3.805013091E0
4.215890702E1,1.957188964E0,-2.206097126E0,-1.494059563E0,3.306004711E0
4.216393202E1,1.585177898E0,-1.634116173E0,-1.516483784E0,2.735479428E0
4.216895915E1,1.191019535E0,-9.959125519E-1,-1.308211327E0,2.030218269E0
4.217398431E1,6.825578213E-1,-4.168734550E-1,-1.031469822E0,1.305219771E0
4.217900946E1,9.601366520E-2,3.034210205E-2,-7.241134644E-1,7.310811011E-1
4.218403462E1,-2.318642139E-1,1.968536377E-1,-4.195518494E-1,5.182047112E-1
4.218909577E1,-4.190787077E-1,9.250164032E-2,-1.183643341E-1,4.451894342E-1
4.219412269E1,-5.983369350E-1,-4.873323441E-2,6.453084946E-2,6.037766528E-1
4.219915025E1,-8.048965931E-1,-1.358098984E-1,5.219554901E-2,8.179408471E-1
4.220417722E1,-1.030293703E0,-2.071228027E-1,-1.665496826E-2,1.051038704E0
4.220920504E1,-6.196812391E-1,-3.535795212E-1,-4.193696976E-1,8.275833850E-1
4.221423212E1,1.225640416E0,-7.564525604E-1,1.871661186E0,2.361679593E0
4.221925920E1,2.720981836E0,1.281695366E-1,8.565174103E0,8.987901701E0
4.222428629E1,2.805594802E-1,2.164940834E-1,-2.398316383E0,2.424356571E0
4.222930571E1,9.822092056E-1,6.422948837E-2,-7.127950668E0,7.195591781E0
4.223433238E1,1.869266748E0,4.733982086E-1,-1.203282642E1,1.218635203E1
4.223934978E1,4.641841054E-1,1.223263741E-1,-5.951789379E0,5.971116097E0
4.224437550E1,1.715155602E0,-1.649513245E0,-1.851664066E0,3.015180342E0
4.224940123E1,1.539752126E0,-2.493470907E0,7.405743599E-1,3.022694850E0
4.225442696E1,7.519092560E-1,-3.145115376E0,7.898063660E-1,3.328800437E0
4.225946165E1,2.039316893E-1,-3.877454519E0,1.306482315E0,4.096722803E0
4.226448785E1,-2.310037613E-2,-4.183875084E0,2.370115280E0,4.808616307E0
4.226951405E1,5.409826338E-2,-4.335544586E0,2.646978378E0,5.079996852E0
4.227453894E1,7.663934678E-2,-4.438652992E0,2.836049080E0,5.267892212E0
4.227956504E1,-5.780880451E-1,-4.186667442E0,2.515602112E0,4.918396491E0
4.228459113E1,-1.432869911E0,-3.612391710E0,2.765892982E0,4.769974218E0
4.228961941E1,-1.838839650E0,-3.020660877E0,2.891414642E0,4.567931920E0
4.229464566E1,-1.969604850E0,-2.856112957E0,2.714996338E0,4.405443179E0
4.229967170E1,-1.680278778E0,-2.804327965E0,3.012445450E0,4.445494314E0
4.230469790E1,-9.254003763E-1,-2.680207253E0,2.937208176E0,4.082532136E0
4.230972410E1,-8.503234982E-1,-2.345735073E0,2.551943779E0,3.569025096E0
4.231474775E1,-7.325884104E-1,-1.757940769E0,2.301462173E0,2.987267926E0
4.231977379E1,-9.939911366E-1,-1.294704676E0,2.376577377E0,2.883123065E0
4.232479983E1,-1.076104879E0,-1.089514494E0,1.638409615E0,2.242638983E0
4.232982587E1,-1.787649393E0,-1.322119474E0,3.596649170E-1,2.252343027E0
4.233485202E1,-2.232299089E0,-1.731094837E0,-2.217540741E-1,2.833553146E0
4.233987806E1,-2.175368547E0,-2.224343777E0,-7.577638626E-1,3.202208554E0
4.234490410E1,-1.571330309E0,-2.595079422E0,-4.886217117E-1,3.072827252E0
4.234989540E1,-9.227770567E-1,-2.709015131E0,-6.601238251E-2,2.862627833E0
4.235491915E1,-4.003097117E-1,-2.632883549E0,2.801313400E-1,2.677834426E0
4.235994290E1,9.684291482E-2,-2.638754368E0,1.070913315E0,2.849431258E0
4.236496665E1,4.581175745E-1,-2.745227098E0,1.349149704E0,3.092951415E0
4.237000337E1,9.044969678E-1,-3.023623705E0,1.325778008E0,3.423171395E0
4.237502775E1,1.391911864E0,-3.405693054E0,8.667230606E-1,3.779864109E0
4.238005394E1,1.950489640E0,-3.827314377E0,3.064060211E-1,4.306579829E0
4.238507847E1,2.577588081E0,-4.301012993E0,6.018543243E-2,5.014608197E0
4.239010300E1,3.054190159E0,-4.662731171E0,1.939964294E-1,5.577344719E0
4.239513327E1,3.288893461E0,-4.759456158E0,2.291336060E-1,5.789796657E0
4.240015821E1,3.347576857E0,-4.615812302E0,2.520685196E-1,5.707497924E0
4.240518316E1,3.315443039E0,-4.337606430E0,3.204402924E-1,5.468973767E0
4.241020806E1,3.091323137E0,-3.978262424E0,4.680805206E-1,5.059836957E0
4.241523301E1,2.818838358E0,-3.553263664E0,6.046037674E-1,4.575705199E0
4.242025795E1,2.532031536E0,-3.278994799E0,6.062641144E-1,4.186949578E0
4.242528905E1,2.209454775E0,-2.965079308E0,6.554946899E-1,3.755403972E0
4.243031436E1,1.872744679E0,-2.574905157E0,6.142196655E-1,3.242618541E0
4.243533967E1,1.509550929E0,-2.138174057E0,6.693925858E-1,2.701595591E0
4.244038597E1,1.034613609E0,-1.722615838E0,6.824293137E-1,2.122154663E0
4.244541275E1,6.587084532E-1,-1.429617405E0,8.545732498E-1,1.791088549E0
4.245044691E1,3.859210312E-1,-1.192500591E0,1.094874382E0,1.664254372E0
4.245547441E1,1.721144915E-1,-1.021561384E0,1.422655106E0,1.759874600E0
4.246050191E1,-1.081658155E-1,-8.648684025E-1,1.575029373E0,1.800115197E0
4.246552941E1,-2.877725363E-1,-7.181003094E-1,1.633644104E0,1.807560274E0
4.247055556E1,-3.186705410E-1,-6.535995007E-1,1.708770752E0,1.857051616E0
4.247558301E1,-2.905799150E-1,-5.808401108E-1,1.829136848E0,1.941018684E0
4.248060478E1,-2.213777006E-1,-5.291531086E-1,1.961330414E0,2.043484302E0
4.248563165E1,-1.103994846E-1,-5.947914124E-1,2.115059853E0,2.199873417E0
4.249065681E1,1.365464926E-2,-6.776554585E-1,2.252185822E0,2.351966059E0
4.249568347E1,1.213613749E-1,-7.685286999E-1,2.329854012E0,2.456335617E0
4.250071144E1,2.123062015E-1,-9.107124805E-1,2.310026169E0,2.492126009E0
4.250573821E1,3.002762794E-1,-1.089946032E0,2.231221199E0,2.501298910E0
4.251076498E1,4.182066023E-1,-1.281987429E0,2.093512535E0,2.490217513E0
4.251579176E1,4.992192090E-1,-1.414746284E0,1.877816200E0,2.403522530E0
4.252081337E1,6.289740205E-1,-1.501610518E0,1.588758469E0,2.274773821E0
4.252583988E1,7.305325270E-1,-1.589716673E0,1.197585106E0,2.120162012E0
4.253086514E1,8.089798689E-1,-1.586957693E0,6.753492355E-1,1.904988120E0
4.253589155E1,8.982931376E-1,-1.511136055E0,1.221485138E-1,1.762209692E0
4.254091795E1,9.559432268E-1,-1.475644112E0,-4.577445984E-1,1.816833265E0
4.254594337E1,1.068707705E0,-1.392801046E0,-1.050580025E0,2.045910384E0
4.255096967E1,1.212998152E0,-1.299379587E0,-1.561360359E0,2.365924343E0
4.255599566E1,1.250118136E0,-1.227816582E0,-1.966758728E0,2.634097342E0
4.256102196E1,1.280410409E0,-1.105146646E0,-2.253135204E0,2.817342396E0
4.256604738E1,1.241325736E0,-9.593336582E-1,-2.454530239E0,2.913061851E0
4.257107358E1,1.151845813E0,-8.090612888E-1,-2.537865162E0,2.902083480E0
4.257609978E1,9.926601648E-1,-6.301505566E-1,-2.546532154E0,2.804868970E0
4.258112597E1,8.688178062E-1,-4.797682762E-1,-2.461687565E0,2.654228258E0
4.258615264E1,7.228875756E-1,-3.292074203E-1,-2.374376774E0,2.503719041E0
4.259117884E1,5.978095531E-1,-2.599635124E-1,-2.251087666E0,2.343576960E0
4.259620150E1,4.644825459E-1,-1.906361580E-1,-2.029736996E0,2.090913306E0
4.260122733E1,3.276818991E-1,-1.215572357E-1,-1.772495270E0,1.806624219E0
4.260625550E1,2.107501030E-1,-6.271314621E-2,-1.445746422E0,1.462371793E0
4.261128160E1,-5.434420705E-2,8.100652695E-2,-6.810779572E-1,6.880280038E-1
4.261630769E1,-2.735565007E-1,1.366195679E-1,-3.204193115E-1,4.429069886E-1
4.262133233E1,-4.767148197E-1,1.659836769E-1,-3.104953766E-1,5.926339335E-1
4.262635832E1,-7.196777463E-1,2.645354271E-1,-1.486120224E-1,7.810253414E-1
4.263138431E1,-9.778503776E-1,3.891372681E-1,1.124248505E-1,1.058422657E0
4.263640853E1,-1.084568381E0,4.917802811E-1,2.573318481E-1,1.218341536E0
4.264143436E1,-1.207751155E0,5.867791176E-1,3.101692200E-1,1.378106502E0
4.264646019E1,-1.270638227E0,6.739926338E-1,3.906736374E-1,1.490440695E0
4.265148603E1,-1.268727422E0,6.671948433E-1,5.849533081E-1,1.548221109E0
4.265648176E1,-1.341363430E0,6.955881119E-1,8.354663849E-1,1.726587024E0
4.266150613E1,-1.407495022E0,7.161936760E-1,1.132497787E0,1.943328808E0
4.266653051E1,-1.458087921E0,6.811208725E-1,1.447303772E0,2.164401589E0
4.267159181E1,-1.546403527E0,5.665740967E-1,1.889804840E0,2.506737403E0
4.267661863E1,-1.501010895E0,4.870686531E-1,2.316524506E0,2.802954756E0
4.268164545E1,-1.375582814E0,4.806394577E-1,3.038405418E0,3.369740324E0
4.268663806E1,-1.286196351E0,4.364991188E-1,4.284964561E0,4.495081070E0
4.269166259E1,-1.144300222E0,4.107928276E-1,4.578389168E0,4.737068832E0
4.269668712E1,-1.049946189E0,2.397871017E-1,3.839199066E0,3.987396936E0
4.270171816E1,-9.853944182E-1,1.109032631E-1,2.871936798E0,3.038309179E0
4.270674311E1,-1.076792955E0,1.256098747E-1,2.589909554E0,2.807648911E0
4.271176806E1,-5.825114250E-1,2.172064781E-1,2.231683731E0,2.316659338E0
4.271682879E1,-3.117907047E-1,2.947363853E-1,1.830868721E0,1.880468892E0
4.272185613E1,-2.670853734E-1,2.098288536E-1,1.378074646E0,1.419314086E0
4.272688347E1,-4.231145680E-1,3.069958687E-1,1.112512589E0,1.229209771E0
4.273190431E1,-3.729313985E-2,3.034567833E-1,1.110645294E0,1.151959100E0
4.273693123E1,6.135699153E-1,2.037205696E-1,6.932010651E-1,9.478912533E-1
4.274195816E1,1.173189640E0,1.030440331E-1,2.912855148E-1,1.213193824E0
4.274695024E1,1.405324101E0,5.406284332E-2,1.438589096E-1,1.413702234E0
4.275197488E1,1.253355622E0,-2.437639236E-2,3.519725800E-2,1.254086668E0
4.275699952E1,8.280301690E-1,-2.710056305E-2,2.738475800E-2,8.289260077E-1
4.276206123E1,4.018341303E-1,-6.719589233E-3,4.023847580E-1,5.687084619E-1
4.276708832E1,1.687802821E-1,-3.459234238E-1,1.308041573E0,1.363496445E0
4.277211540E1,-1.433187574E-1,-4.320249557E-1,1.160769463E0,1.246824596E0
4.277710811E1,-4.684566259E-1,-4.229946136E-1,1.004397392E0,1.186250469E0
4.278213290E1,-4.179582298E-1,-5.051269531E-1,1.159169197E0,1.331734038E0
4.278715769E1,-1.317078918E-1,-7.068932056E-1,1.289895058E0,1.476778329E0
4.279218347E1,2.076034397E-1,-9.898083210E-1,1.296155930E0,1.644031598E0
4.279720832E1,5.276187062E-1,-1.291523218E0,1.197214127E0,1.838405664E0
4.280223316E1,7.228990793E-1,-1.621498585E0,1.060121536E0,2.067776199E0
4.280729441E1,7.463939786E-1,-1.764472485E0,1.157504082E0,2.238366105E0
4.281232170E1,6.796641946E-1,-1.759493828E0,1.651934624E0,2.507319275E0
4.281734900E1,7.428365946E-1,-1.765892029E0,1.687491417E0,2.552999833E0
4.282237629E1,6.406407356E-1,-1.703699589E0,2.188371658E0,2.846398313E0
4.282736316E1,4.211449027E-1,-1.588691235E0,2.977688789E0,3.401166476E0
4.283238842E1,2.742808461E-1,-1.398278475E0,3.534431458E0,3.810855338E0
4.283741368E1,2.704502046E-1,-1.410389185E0,2.850055695E0,3.191419501E0
4.284243894E1,8.667741716E-2,-1.404160261E0,1.977971077E0,2.427251243E0
4.284747623E1,-6.360107660E-2,-1.263582945E0,1.530011177E0,1.985351646E0
4.285250212E1,-1.812596321E-1,-1.150116682E0,8.116455078E-1,1.419292735E0
4.285755394E1,-1.145454794E-1,-1.048216105E0,1.000900269E-1,1.059195771E0
4.286258238E1,-1.617970020E-1,-1.046738386E0,-2.421426773E-1,1.086495557E0
4.286761082E1,-3.624990582E-1,-9.629266262E-1,-4.742212296E-1,1.132924988E0
4.287263113E1,-4.885953069E-1,-7.529792786E-1,-5.680599213E-1,1.062259498E0
4.287765905E1,-4.117809534E-1,-5.409607887E-1,-7.967033386E-1,1.047348241E0
4.288268181E1,-2.904428840E-1,-4.265618324E-1,-1.002602577E0,1.127618727E0
4.288770920E1,-3.254009485E-1,-3.421697617E-1,-1.119164467E0,1.214699562E0
4.289273660E1,-3.157380819E-1,-2.060651779E-1,-1.060668945E0,1.125687348E0
4.289776400E1,-4.148498774E-1,-6.596326828E-2,-9.470415115E-1,1.036020848E0
4.290275514E1,-4.751501083E-1,1.490592957E-3,-7.926902771E-1,9.241903066E-1
4.290778071E1,-4.011809826E-1,-2.314186096E-2,-6.883544922E-1,7.970656394E-1
4.291280900E1,-2.502052486E-1,-3.942584991E-2,-7.821741104E-1,8.221638541E-1
4.291783483E1,-4.055547714E-2,-1.240053177E-1,-9.590425491E-1,9.678763746E-1
4.292286066E1,4.714536667E-2,-1.954331398E-1,-1.027556419E0,1.047038200E0
4.292791738E1,8.566245437E-2,-4.116168022E-1,-9.782190323E-1,1.064743595E0
4.293294530E1,6.620971859E-2,-5.386729240E-1,-7.964687347E-1,9.638022055E-1
4.293797321E1,7.990970463E-2,-7.159905434E-1,-4.295396805E-1,8.387683567E-1
4.294300113E1,2.034990191E-1,-9.204132557E-1,-1.832962036E-1,9.602967824E-1
4.294802170E1,3.229331970E-1,-1.138537645E0,-7.619190216E-2,1.185900091E0
4.295304926E1,4.010645449E-1,-1.299066305E0,-1.556272507E-1,1.368446519E0
4.295807681E1,4.006660581E-1,-1.406972647E0,-2.539148331E-1,1.484782159E0
4.296309998E1,4.180374742E-1,-1.495964289E0,-2.752981186E-1,1.577483292E0
4.296812722E1,3.909384608E-1,-1.546970129E0,-2.007322311E-1,1.608179993E0
4.297314884E1,3.427129984E-1,-1.593597651E0,-1.068220139E-1,1.633528884E0
4.297817550E1,2.725917697E-1,-1.612016916E0,-8.921241760E-2,1.637334317E0
4.298320217E1,2.280757129E-1,-1.659813404E0,-2.290334702E-1,1.690992430E0
4.298822967E1,1.517449170E-1,-1.636249542E0,-2.679719925E-1,1.664976899E0
4.299325639E1,1.009803340E-1,-1.651517391E0,-2.108821869E-1,1.667986216E0
4.299828342E1,5.147268623E-2,-1.600177526E0,-1.966657639E-1,1.613039050E0
4.300331019E1,-2.416551113E-3,-1.544816732E0,-1.581668854E-1,1.552894504E0
4.300833696E1,-2.750487626E-2,-1.504715681E0,-1.766557693E-1,1.515299660E0
4.301336373E1,-1.147888601E-1,-1.412857771E0,-2.042627335E-1,1.432154610E0
4.301838462E1,-1.067335010E-1,-1.369708776E0,-1.883993149E-1,1.386718600E0
4.302341108E1,-9.889459610E-2,-1.332288980E0,-3.060064316E-1,1.370552445E0
4.302843754E1,-7.169860601E-2,-1.334123373E0,-3.894968033E-1,1.391665773E0
4.303346358E1,-1.031926274E-2,-1.221898794E0,-1.281538010E-1,1.228644191E0
4.303848998E1,9.388336539E-2,-1.249594927E0,1.286268234E-1,1.259700928E0
4.304351639E1,1.971782297E-1,-1.202284575E0,7.497215271E-2,1.220650759E0
4.304854280E1,3.189582825E-1,-1.232945681E0,-2.218475342E-1,1.292712561E0
4.305353842E1,2.735732496E-1,-1.192576647E0,-8.096342087E-1,1.467170383E0
4.305856332E1,1.389382333E-1,-1.142279387E0,-2.783710003E0,3.012166564E0
4.306359269E1,-2.075149715E-1,-9.018552303E-1,-3.164387226E0,3.296930669E0
4.306861801E1,-4.275579154E-1,-7.470290661E-1,-1.610274315E0,1.825881038E0
4.307363504E1,-4.498627782E-1,-7.656123638E-1,-3.277959824E-1,9.465669638E-1
4.307865952E1,-3.582971692E-1,-8.544080257E-1,6.078281403E-1,1.108081668E0
4.308368400E1,-1.101557910E-1,-9.240062237E-1,1.255133629E0,1.562460312E0
4.308870847E1,2.756515145E-2,-9.564478397E-1,1.342458725E0,1.648559291E0
4.309374519E1,5.750977993E-2,-1.019118071E0,1.047742844E0,1.462762483E0
4.309877030E1,3.453668952E-2,-1.020941973E0,8.784065247E-1,1.347261414E0
4.310379540E1,1.706954837E-2,-9.663026333E-1,7.528057098E-1,1.225050442E0
4.310881884E1,6.282094121E-2,-9.414217472E-1,5.131101608E-1,1.074012762E0
4.311384384E1,1.908917278E-1,-1.037048101E0,3.124580383E-1,1.099790181E0
4.311886993E1,2.388578057E-1,-1.138031721E0,-7.113456726E-3,1.162849883E0
4.312389504E1,3.217568696E-1,-1.081306219E0,-2.734937668E-1,1.160839982E0
4.312892275E1,2.720770240E-1,-1.014772654E0,-4.200515747E-1,1.131473716E0
